user_id,product_id,action,timestamp,device,category,session_duration,price
U226,P040,click,2026-04-01 00:00:00,mobile,clothing,530,240.96
U035,P072,view,2026-04-01 00:00:00,tablet,home,406,434.38
U157,P077,view,2026-04-01 00:00:00,mobile,beauty,167,113.73
U331,P014,view,2026-04-01 00:01:00,mobile,beauty,243,158.82
U109,P087,view,2026-04-01 00:03:00,mobile,beauty,42,250.55
U131,P099,view,2026-04-01 00:08:00,mobile,clothing,385,258.74
U154,P040,view,2026-04-01 00:10:00,desktop,beauty,67,96.06
U208,P042,click,2026-04-01 00:11:00,desktop,electronics,257,213.66
U194,P008,view,2026-04-01 00:11:00,tablet,electronics,309,354.56
U479,P051,click,2026-04-01 00:12:00,tablet,home,375,71.55
U284,P071,view,2026-04-01 00:12:00,tablet,beauty,111,40.39
U277,P082,add_to_cart,2026-04-01 00:13:00,mobile,electronics,585,79.95
U279,P043,add_to_cart,2026-04-01 00:15:00,desktop,electronics,273,80.74
U262,P001,add_to_cart,2026-04-01 00:15:00,desktop,clothing,550,37.84
U382,P075,click,2026-04-01 00:18:00,tablet,home,351,296.39
U020,P094,view,2026-04-01 00:20:00,tablet,beauty,299,331.3
U463,P017,click,2026-04-01 00:20:00,tablet,beauty,497,296.16
U355,P093,click,2026-04-01 00:21:00,tablet,beauty,578,337.24
U320,P016,click,2026-04-01 00:22:00,mobile,electronics,438,204.7
U297,P068,view,2026-04-01 00:26:00,mobile,beauty,304,382.09
U135,P060,add_to_cart,2026-04-01 00:32:00,desktop,beauty,557,285.51
U101,P045,add_to_cart,2026-04-01 00:32:00,tablet,clothing,565,44.26
U221,P003,add_to_cart,2026-04-01 00:34:00,tablet,electronics,462,268.58
U423,P057,view,2026-04-01 00:34:00,mobile,home,61,490.5
U057,P068,view,2026-04-01 00:34:00,tablet,clothing,326,481.35
U176,P056,view,2026-04-01 00:35:00,desktop,home,90,485.85
U103,P075,view,2026-04-01 00:37:00,mobile,beauty,115,364.81
U271,P053,view,2026-04-01 00:38:00,tablet,beauty,61,74.36
U408,P076,click,2026-04-01 00:39:00,tablet,home,161,36.47
U205,P002,view,2026-04-01 00:40:00,desktop,beauty,280,472.84
U249,P012,view,2026-04-01 00:41:00,mobile,clothing,83,300.5
U201,P012,click,2026-04-01 00:41:00,mobile,clothing,399,246.75
U355,P047,add_to_cart,2026-04-01 00:43:00,mobile,clothing,581,95.13
U402,P099,click,2026-04-01 00:43:00,desktop,clothing,254,391.39
U324,P050,add_to_cart,2026-04-01 00:43:00,desktop,home,448,25.75
U378,P099,add_to_cart,2026-04-01 00:45:00,desktop,electronics,449,355.81
U322,P065,view,2026-04-01 00:47:00,mobile,electronics,199,461.27
U252,P018,view,2026-04-01 00:49:00,mobile,clothing,146,373.41
U449,P069,view,2026-04-01 00:49:00,mobile,clothing,158,272.1
U092,P089,click,2026-04-01 00:50:00,desktop,beauty,251,241.82
U229,P018,view,2026-04-01 00:51:00,tablet,beauty,134,404.84
U419,P087,add_to_cart,2026-04-01 00:54:00,mobile,beauty,558,186.9
U195,P093,view,2026-04-01 00:56:00,mobile,home,283,171.2
U037,P034,click,2026-04-01 00:57:00,tablet,clothing,576,241.9
U176,P084,view,2026-04-01 00:58:00,mobile,home,260,287.74
U163,P082,view,2026-04-01 00:58:00,tablet,beauty,232,288.64
U050,P033,click,2026-04-01 01:00:00,desktop,home,482,339.74
U004,P050,click,2026-04-01 01:00:00,desktop,clothing,187,224.35
U203,P072,view,2026-04-01 01:01:00,mobile,home,256,431.21
U347,P066,view,2026-04-01 01:01:00,desktop,clothing,177,498.71
U278,P013,click,2026-04-01 01:01:00,desktop,electronics,143,388.14
U357,P072,add_to_cart,2026-04-01 01:02:00,desktop,clothing,484,80.22
U394,P014,view,2026-04-01 01:02:00,mobile,home,82,245.98
U069,P096,view,2026-04-01 01:04:00,tablet,home,138,342.52
U128,P092,add_to_cart,2026-04-01 01:04:00,desktop,electronics,379,140.02
U020,P040,click,2026-04-01 01:06:00,desktop,home,220,361.5
U387,P095,click,2026-04-01 01:06:00,mobile,electronics,465,182.86
U347,P036,add_to_cart,2026-04-01 01:07:00,mobile,clothing,439,11.94
U361,P058,click,2026-04-01 01:09:00,tablet,beauty,523,404.43
U211,P042,view,2026-04-01 01:09:00,tablet,beauty,463,480.05
U240,P072,click,2026-04-01 01:11:00,desktop,clothing,486,391.57
U486,P085,view,2026-04-01 01:11:00,tablet,home,76,341.11
U257,P095,click,2026-04-01 01:12:00,tablet,electronics,369,344.21
U219,P045,view,2026-04-01 01:12:00,mobile,electronics,274,321.27
U446,P056,click,2026-04-01 01:12:00,desktop,clothing,415,480.16
U300,P036,view,2026-04-01 01:15:00,tablet,clothing,256,299.97
U412,P048,view,2026-04-01 01:17:00,desktop,clothing,204,487.68
U281,P033,view,2026-04-01 01:17:00,tablet,home,243,167.48
U391,P072,add_to_cart,2026-04-01 01:18:00,mobile,electronics,568,27.24
U273,P041,view,2026-04-01 01:18:00,tablet,electronics,42,112.03
U370,P019,view,2026-04-01 01:18:00,tablet,home,210,146.26
U479,P097,click,2026-04-01 01:19:00,desktop,beauty,302,186.85
U135,P091,click,2026-04-01 01:19:00,tablet,beauty,333,68.95
U115,P061,click,2026-04-01 01:20:00,desktop,beauty,509,495.84
U109,P070,click,2026-04-01 01:20:00,desktop,electronics,26,273.47
U421,P025,view,2026-04-01 01:21:00,mobile,electronics,177,198.47
U290,P043,view,2026-04-01 01:21:00,mobile,home,184,162.56
U310,P054,view,2026-04-01 01:21:00,mobile,beauty,88,367.09
U310,P012,view,2026-04-01 01:22:00,mobile,clothing,169,30.26
U330,P094,view,2026-04-01 01:22:00,tablet,home,114,48.61
U251,P069,view,2026-04-01 01:22:00,tablet,beauty,236,494.32
U192,P099,click,2026-04-01 01:23:00,mobile,home,443,192.64
U177,P010,view,2026-04-01 01:26:00,mobile,beauty,206,145.39
U223,P063,view,2026-04-01 01:26:00,mobile,electronics,39,453.11
U045,P068,click,2026-04-01 01:26:00,mobile,electronics,520,498.52
U194,P007,click,2026-04-01 01:26:00,mobile,beauty,341,89.87
U477,P015,click,2026-04-01 01:27:00,tablet,electronics,375,381.24
U257,P070,click,2026-04-01 01:27:00,desktop,home,577,363.41
U320,P074,view,2026-04-01 01:27:00,tablet,electronics,132,378.92
U014,P076,view,2026-04-01 01:28:00,mobile,home,297,173.86
U414,P087,view,2026-04-01 01:29:00,tablet,clothing,120,452.17
U495,P094,view,2026-04-01 01:31:00,mobile,beauty,219,253.51
U063,P088,click,2026-04-01 01:31:00,tablet,beauty,368,108.65
U459,P018,click,2026-04-01 01:32:00,mobile,electronics,395,310.5
U282,P070,view,2026-04-01 01:32:00,mobile,beauty,12,393.06
U443,P031,click,2026-04-01 01:32:00,mobile,electronics,477,488.33
U264,P098,view,2026-04-01 01:33:00,tablet,electronics,77,312.21
U247,P037,view,2026-04-01 01:33:00,tablet,electronics,184,245.42
U260,P009,view,2026-04-01 01:34:00,tablet,home,42,294.81
U491,P042,click,2026-04-01 01:34:00,tablet,home,428,66.13
U093,P058,view,2026-04-01 01:34:00,desktop,beauty,67,380.39
U341,P052,view,2026-04-01 01:34:00,tablet,home,248,234.27
U358,P067,view,2026-04-01 01:36:00,desktop,home,11,34.27
U274,P063,view,2026-04-01 01:36:00,mobile,beauty,153,497.84
U481,P057,click,2026-04-01 01:37:00,desktop,beauty,312,208.68
U376,P099,view,2026-04-01 01:38:00,mobile,clothing,338,447.11
U254,P014,click,2026-04-01 01:40:00,mobile,clothing,199,31.97
U189,P051,view,2026-04-01 01:41:00,tablet,home,464,476.94
U122,P057,click,2026-04-01 01:41:00,mobile,home,585,309.66
U142,P058,view,2026-04-01 01:41:00,tablet,home,298,484.59
U140,P019,view,2026-04-01 01:41:00,tablet,beauty,120,11.14
U456,P073,view,2026-04-01 01:43:00,desktop,electronics,46,321.86
U043,P082,click,2026-04-01 01:47:00,mobile,home,441,328.97
U322,P090,view,2026-04-01 01:48:00,tablet,clothing,247,340.71
U341,P100,click,2026-04-01 01:49:00,desktop,clothing,137,38.8
U389,P085,click,2026-04-01 01:50:00,tablet,beauty,380,157.24
U020,P089,view,2026-04-01 01:51:00,tablet,electronics,52,455.59
U302,P095,add_to_cart,2026-04-01 01:52:00,desktop,clothing,477,286.47
U039,P039,add_to_cart,2026-04-01 01:55:00,mobile,electronics,581,57.88
U002,P025,click,2026-04-01 01:56:00,desktop,clothing,208,146.32
U196,P051,click,2026-04-01 01:57:00,desktop,home,361,226.51
U458,P007,add_to_cart,2026-04-01 01:58:00,desktop,beauty,428,20.22
U247,P074,click,2026-04-01 01:58:00,tablet,electronics,126,120.58
U098,P004,view,2026-04-01 01:58:00,mobile,electronics,131,224.38
U322,P020,click,2026-04-01 01:58:00,desktop,electronics,17,72.78
U477,P094,click,2026-04-01 02:00:00,desktop,clothing,303,297.36
U192,P047,view,2026-04-01 02:01:00,mobile,clothing,386,444.04
U300,P053,click,2026-04-01 02:02:00,tablet,electronics,367,98.15
U242,P003,click,2026-04-01 02:04:00,desktop,electronics,327,351.06
U486,P061,click,2026-04-01 02:05:00,tablet,beauty,447,112.13
U353,P063,click,2026-04-01 02:05:00,tablet,electronics,390,107.03
U245,P013,click,2026-04-01 02:05:00,tablet,clothing,552,387.77
U076,P013,add_to_cart,2026-04-01 02:06:00,desktop,beauty,577,349.74
U331,P019,add_to_cart,2026-04-01 02:07:00,desktop,home,579,115.46
U344,P063,view,2026-04-01 02:07:00,tablet,electronics,217,70.8
U264,P024,view,2026-04-01 02:07:00,tablet,beauty,122,285.43
U148,P007,click,2026-04-01 02:09:00,mobile,electronics,421,349.46
U334,P013,view,2026-04-01 02:09:00,tablet,beauty,294,110.55
U228,P058,click,2026-04-01 02:09:00,mobile,home,327,270.06
U296,P045,view,2026-04-01 02:09:00,desktop,home,166,457.22
U023,P051,add_to_cart,2026-04-01 02:12:00,desktop,beauty,564,147.02
U228,P048,view,2026-04-01 02:13:00,tablet,clothing,400,380.11
U057,P003,add_to_cart,2026-04-01 02:16:00,desktop,electronics,527,99.26
U059,P048,view,2026-04-01 02:16:00,tablet,clothing,216,230.5
U055,P099,view,2026-04-01 02:17:00,tablet,home,47,189.39
U002,P081,click,2026-04-01 02:17:00,tablet,home,339,122.04
U176,P044,click,2026-04-01 02:17:00,desktop,electronics,408,300.71
U246,P033,view,2026-04-01 02:18:00,mobile,home,37,31.22
U375,P009,add_to_cart,2026-04-01 02:18:00,tablet,electronics,509,111.64
U206,P033,click,2026-04-01 02:19:00,tablet,beauty,567,475.13
U457,P066,click,2026-04-01 02:19:00,mobile,electronics,494,154.2
U413,P024,click,2026-04-01 02:20:00,tablet,clothing,595,212.08
U100,P070,click,2026-04-01 02:20:00,tablet,electronics,56,32.91
U236,P090,click,2026-04-01 02:22:00,desktop,beauty,419,279.81
U196,P077,click,2026-04-01 02:22:00,desktop,beauty,429,185.86
U144,P046,view,2026-04-01 02:24:00,tablet,clothing,115,467.26
U378,P062,click,2026-04-01 02:24:00,desktop,electronics,242,312.8
U262,P099,view,2026-04-01 02:24:00,tablet,home,341,322.45
U216,P057,click,2026-04-01 02:25:00,tablet,electronics,173,169.77
U185,P010,view,2026-04-01 02:27:00,mobile,home,53,219.39
U312,P099,view,2026-04-01 02:28:00,mobile,home,266,346.02
U420,P090,click,2026-04-01 02:30:00,mobile,electronics,453,138.96
U197,P039,add_to_cart,2026-04-01 02:31:00,desktop,electronics,448,261.44
U421,P062,view,2026-04-01 02:32:00,mobile,home,344,496.97
U169,P047,view,2026-04-01 02:33:00,desktop,beauty,19,24.81
U162,P009,add_to_cart,2026-04-01 02:33:00,desktop,beauty,489,106.0
U195,P004,click,2026-04-01 02:39:00,mobile,clothing,523,194.3
U024,P025,view,2026-04-01 02:40:00,mobile,clothing,160,475.74
U253,P047,add_to_cart,2026-04-01 02:41:00,tablet,electronics,469,12.23
U460,P023,click,2026-04-01 02:41:00,mobile,electronics,461,238.91
U299,P091,view,2026-04-01 02:42:00,tablet,beauty,293,415.81
U144,P026,view,2026-04-01 02:43:00,tablet,electronics,169,345.04
U014,P027,click,2026-04-01 02:44:00,desktop,electronics,441,343.84
U419,P023,click,2026-04-01 02:44:00,mobile,clothing,545,419.49
U391,P001,click,2026-04-01 02:44:00,desktop,home,206,52.47
U036,P098,view,2026-04-01 02:47:00,tablet,clothing,45,450.95
U114,P049,view,2026-04-01 02:47:00,desktop,home,373,459.01
U233,P087,click,2026-04-01 02:47:00,mobile,clothing,331,200.84
U287,P015,view,2026-04-01 02:48:00,mobile,clothing,405,304.02
U228,P011,view,2026-04-01 02:49:00,tablet,home,359,476.3
U210,P072,view,2026-04-01 02:50:00,mobile,clothing,279,335.08
U429,P023,view,2026-04-01 02:52:00,mobile,clothing,105,224.89
U444,P099,view,2026-04-01 02:55:00,mobile,electronics,180,234.17
U147,P017,click,2026-04-01 02:55:00,tablet,electronics,299,60.82
U125,P030,view,2026-04-01 02:56:00,desktop,beauty,29,433.82
U455,P010,add_to_cart,2026-04-01 02:57:00,desktop,beauty,497,136.86
U386,P057,click,2026-04-01 02:59:00,tablet,beauty,600,299.61
U430,P084,view,2026-04-01 03:00:00,tablet,home,213,183.71
U053,P076,click,2026-04-01 03:00:00,desktop,beauty,265,459.57
U136,P008,view,2026-04-01 03:03:00,mobile,clothing,108,417.24
U315,P072,click,2026-04-01 03:04:00,mobile,clothing,499,144.24
U021,P099,click,2026-04-01 03:05:00,tablet,home,364,49.09
U084,P081,click,2026-04-01 03:06:00,mobile,home,259,207.73
U265,P058,click,2026-04-01 03:07:00,desktop,clothing,309,82.36
U106,P043,add_to_cart,2026-04-01 03:09:00,desktop,clothing,424,101.49
U160,P044,click,2026-04-01 03:11:00,desktop,clothing,371,217.89
U044,P096,view,2026-04-01 03:12:00,desktop,clothing,182,361.17
U079,P032,view,2026-04-01 03:12:00,desktop,beauty,211,482.85
U428,P003,add_to_cart,2026-04-01 03:13:00,desktop,beauty,463,147.36
U237,P052,view,2026-04-01 03:13:00,mobile,electronics,229,264.43
U196,P062,click,2026-04-01 03:14:00,desktop,home,306,159.84
U085,P051,add_to_cart,2026-04-01 03:14:00,tablet,clothing,524,47.56
U109,P067,click,2026-04-01 03:15:00,mobile,electronics,384,26.14
U446,P087,click,2026-04-01 03:17:00,mobile,electronics,332,245.64
U340,P057,add_to_cart,2026-04-01 03:17:00,desktop,home,500,154.39
U226,P085,view,2026-04-01 03:18:00,mobile,beauty,311,389.72
U290,P088,add_to_cart,2026-04-01 03:19:00,desktop,electronics,224,46.08
U226,P068,click,2026-04-01 03:19:00,mobile,electronics,188,270.82
U004,P094,click,2026-04-01 03:20:00,tablet,beauty,467,319.89
U443,P098,add_to_cart,2026-04-01 03:21:00,desktop,electronics,535,78.57
U457,P082,click,2026-04-01 03:22:00,desktop,electronics,410,435.3
U399,P098,view,2026-04-01 03:22:00,desktop,home,301,411.18
U231,P044,click,2026-04-01 03:23:00,tablet,electronics,173,226.01
U017,P025,click,2026-04-01 03:23:00,mobile,home,302,82.44
U155,P075,click,2026-04-01 03:23:00,tablet,clothing,544,153.26
U232,P054,click,2026-04-01 03:23:00,tablet,clothing,409,192.12
U385,P031,click,2026-04-01 03:25:00,desktop,electronics,70,179.26
U081,P019,view,2026-04-01 03:25:00,tablet,beauty,239,338.11
U165,P027,add_to_cart,2026-04-01 03:26:00,desktop,clothing,529,296.16
U021,P001,view,2026-04-01 03:27:00,mobile,beauty,114,343.12
U060,P068,view,2026-04-01 03:28:00,mobile,home,127,196.09
U134,P065,add_to_cart,2026-04-01 03:28:00,desktop,home,425,122.21
U001,P047,click,2026-04-01 03:29:00,desktop,beauty,211,180.47
U392,P090,click,2026-04-01 03:29:00,tablet,home,343,22.89
U102,P078,click,2026-04-01 03:30:00,desktop,clothing,478,323.56
U226,P069,view,2026-04-01 03:31:00,tablet,home,176,124.55
U371,P033,view,2026-04-01 03:31:00,mobile,electronics,76,475.63
U409,P081,view,2026-04-01 03:31:00,tablet,home,355,375.84
U278,P030,view,2026-04-01 03:34:00,tablet,home,249,451.96
U308,P064,click,2026-04-01 03:34:00,tablet,home,432,200.6
U328,P093,view,2026-04-01 03:34:00,tablet,clothing,66,391.77
U198,P020,view,2026-04-01 03:35:00,mobile,home,25,152.62
U302,P045,add_to_cart,2026-04-01 03:36:00,mobile,electronics,458,130.59
U187,P082,click,2026-04-01 03:38:00,desktop,clothing,183,39.46
U355,P029,click,2026-04-01 03:40:00,tablet,clothing,585,14.29
U063,P057,click,2026-04-01 03:41:00,mobile,electronics,222,15.84
U117,P071,view,2026-04-01 03:41:00,mobile,electronics,278,352.35
U110,P091,click,2026-04-01 03:41:00,tablet,beauty,419,132.79
U343,P003,add_to_cart,2026-04-01 03:42:00,mobile,beauty,551,48.86
U025,P075,click,2026-04-01 03:43:00,tablet,beauty,392,296.24
U158,P093,view,2026-04-01 03:44:00,tablet,electronics,184,350.25
U135,P071,view,2026-04-01 03:45:00,mobile,home,170,310.21
U034,P036,view,2026-04-01 03:47:00,mobile,electronics,295,448.87
U019,P072,click,2026-04-01 03:48:00,mobile,electronics,478,385.27
U399,P030,view,2026-04-01 03:51:00,desktop,beauty,119,361.93
U357,P023,view,2026-04-01 03:52:00,mobile,beauty,93,459.45
U358,P007,view,2026-04-01 03:53:00,desktop,electronics,57,480.71
U169,P031,view,2026-04-01 03:53:00,tablet,beauty,289,466.09
U177,P088,click,2026-04-01 03:54:00,tablet,home,497,369.84
U074,P083,view,2026-04-01 03:55:00,tablet,clothing,151,89.89
U055,P003,view,2026-04-01 03:57:00,mobile,home,126,47.27
U167,P028,view,2026-04-01 03:57:00,mobile,electronics,12,456.67
U055,P053,click,2026-04-01 04:00:00,desktop,clothing,514,311.74
U235,P004,view,2026-04-01 04:00:00,mobile,clothing,186,206.99
U074,P084,click,2026-04-01 04:01:00,mobile,electronics,491,496.84
U243,P071,click,2026-04-01 04:03:00,tablet,clothing,409,163.59
U370,P049,view,2026-04-01 04:04:00,tablet,clothing,24,229.62
U302,P040,view,2026-04-01 04:06:00,desktop,electronics,177,440.92
U106,P024,view,2026-04-01 04:07:00,desktop,home,28,300.54
U147,P066,view,2026-04-01 04:07:00,tablet,clothing,231,435.7
U025,P093,view,2026-04-01 04:09:00,desktop,home,92,406.61
U046,P013,view,2026-04-01 04:09:00,tablet,home,14,460.41
U082,P053,view,2026-04-01 04:12:00,mobile,home,265,370.86
U309,P027,view,2026-04-01 04:14:00,tablet,clothing,29,58.54
U448,P043,click,2026-04-01 04:14:00,mobile,electronics,208,287.72
U229,P079,click,2026-04-01 04:15:00,desktop,home,445,291.73
U235,P041,view,2026-04-01 04:17:00,tablet,clothing,190,413.19
U022,P006,add_to_cart,2026-04-01 04:20:00,desktop,beauty,491,101.04
U045,P018,view,2026-04-01 04:23:00,mobile,clothing,372,450.08
U187,P068,view,2026-04-01 04:23:00,tablet,beauty,110,107.1
U064,P037,add_to_cart,2026-04-01 04:23:00,desktop,home,536,130.58
U467,P010,click,2026-04-01 04:24:00,desktop,electronics,345,317.03
U405,P080,view,2026-04-01 04:24:00,tablet,beauty,275,252.53
U119,P036,view,2026-04-01 04:27:00,mobile,beauty,306,323.84
U274,P058,add_to_cart,2026-04-01 04:27:00,desktop,beauty,271,123.8
U265,P100,click,2026-04-01 04:28:00,mobile,clothing,205,26.77
U140,P095,view,2026-04-01 04:30:00,mobile,home,485,474.89
U407,P076,click,2026-04-01 04:31:00,tablet,electronics,355,76.61
U187,P100,view,2026-04-01 04:32:00,mobile,home,143,366.11
U476,P051,add_to_cart,2026-04-01 04:33:00,desktop,clothing,473,163.3
U001,P024,view,2026-04-01 04:34:00,tablet,home,37,62.77
U307,P081,add_to_cart,2026-04-01 04:35:00,tablet,beauty,563,149.95
U185,P098,view,2026-04-01 04:37:00,mobile,clothing,88,105.14
U110,P038,view,2026-04-01 04:37:00,mobile,clothing,240,285.6
U225,P052,view,2026-04-01 04:38:00,tablet,home,359,272.35
U116,P098,view,2026-04-01 04:39:00,mobile,beauty,412,285.14
U468,P059,click,2026-04-01 04:40:00,desktop,electronics,47,250.69
U485,P098,add_to_cart,2026-04-01 04:43:00,desktop,electronics,519,165.82
U070,P049,add_to_cart,2026-04-01 04:44:00,desktop,clothing,472,66.95
U047,P043,click,2026-04-01 04:47:00,tablet,electronics,170,39.13
U453,P078,view,2026-04-01 04:47:00,desktop,clothing,124,227.88
U403,P062,click,2026-04-01 04:48:00,tablet,clothing,279,100.44
U129,P026,click,2026-04-01 04:50:00,mobile,clothing,348,278.25
U130,P066,view,2026-04-01 04:50:00,mobile,home,159,406.19
U293,P044,add_to_cart,2026-04-01 04:51:00,desktop,clothing,569,343.15
U193,P020,click,2026-04-01 04:51:00,mobile,electronics,495,34.9
U017,P070,view,2026-04-01 04:51:00,mobile,home,173,80.49
U083,P007,click,2026-04-01 04:52:00,tablet,home,397,316.95
U177,P016,view,2026-04-01 04:53:00,tablet,clothing,87,52.92
U004,P023,add_to_cart,2026-04-01 04:59:00,desktop,electronics,502,425.29
U470,P096,view,2026-04-01 05:00:00,mobile,beauty,313,322.57
U241,P039,view,2026-04-01 05:01:00,tablet,home,247,359.34
U297,P069,add_to_cart,2026-04-01 05:02:00,tablet,beauty,599,187.03
U382,P046,click,2026-04-01 05:02:00,mobile,beauty,439,274.11
U164,P087,add_to_cart,2026-04-01 05:04:00,desktop,home,465,61.35
U273,P037,view,2026-04-01 05:04:00,desktop,electronics,10,154.83
U493,P079,view,2026-04-01 05:06:00,tablet,clothing,63,362.16
U176,P077,view,2026-04-01 05:07:00,mobile,electronics,132,336.04
U329,P043,view,2026-04-01 05:09:00,tablet,beauty,249,68.12
U135,P042,click,2026-04-01 05:10:00,mobile,beauty,587,378.15
U197,P037,view,2026-04-01 05:10:00,mobile,clothing,401,367.33
U386,P064,view,2026-04-01 05:11:00,mobile,electronics,84,249.94
U272,P020,click,2026-04-01 05:15:00,tablet,clothing,218,102.31
U036,P028,view,2026-04-01 05:17:00,tablet,home,242,460.85
U499,P073,click,2026-04-01 05:18:00,desktop,clothing,292,264.69
U084,P047,click,2026-04-01 05:18:00,tablet,home,522,345.24
U339,P043,view,2026-04-01 05:21:00,desktop,beauty,360,453.21
U035,P014,add_to_cart,2026-04-01 05:21:00,desktop,electronics,480,209.71
U453,P024,view,2026-04-01 05:22:00,mobile,home,314,252.94
U488,P002,click,2026-04-01 05:22:00,desktop,clothing,194,73.08
U355,P061,view,2026-04-01 05:23:00,desktop,home,148,376.91
U018,P094,view,2026-04-01 05:24:00,tablet,clothing,448,434.33
U164,P086,view,2026-04-01 05:30:00,mobile,electronics,288,454.77
U151,P048,view,2026-04-01 05:31:00,mobile,home,70,442.16
U383,P089,view,2026-04-01 05:31:00,desktop,beauty,106,160.85
U473,P070,click,2026-04-01 05:32:00,mobile,home,542,277.97
U363,P088,view,2026-04-01 05:33:00,tablet,home,223,326.27
U293,P004,click,2026-04-01 05:34:00,tablet,clothing,519,147.54
U433,P071,view,2026-04-01 05:34:00,mobile,beauty,119,428.91
U196,P025,view,2026-04-01 05:34:00,tablet,clothing,233,348.89
U297,P049,view,2026-04-01 05:35:00,mobile,home,149,269.69
U473,P006,click,2026-04-01 05:36:00,desktop,electronics,273,399.74
U058,P040,view,2026-04-01 05:37:00,desktop,electronics,35,495.18
U057,P086,click,2026-04-01 05:39:00,desktop,beauty,156,221.8
U277,P036,click,2026-04-01 05:39:00,mobile,electronics,592,327.41
U468,P050,click,2026-04-01 05:40:00,desktop,clothing,591,461.66
U249,P093,add_to_cart,2026-04-01 05:41:00,desktop,electronics,360,118.5
U402,P042,click,2026-04-01 05:42:00,desktop,electronics,123,90.28
U353,P047,click,2026-04-01 05:42:00,tablet,electronics,500,126.14
U247,P091,click,2026-04-01 05:43:00,tablet,electronics,278,288.07
U316,P030,click,2026-04-01 05:44:00,desktop,clothing,470,457.83
U457,P030,view,2026-04-01 05:44:00,tablet,beauty,260,128.46
U047,P049,click,2026-04-01 05:44:00,mobile,clothing,485,331.32
U486,P050,click,2026-04-01 05:45:00,mobile,home,451,471.61
U163,P063,view,2026-04-01 05:45:00,tablet,beauty,93,318.25
U217,P070,add_to_cart,2026-04-01 05:46:00,tablet,electronics,306,17.67
U060,P025,click,2026-04-01 05:47:00,tablet,clothing,269,117.3
U483,P002,click,2026-04-01 05:47:00,mobile,beauty,439,56.49
U259,P072,add_to_cart,2026-04-01 05:47:00,desktop,clothing,443,75.79
U470,P093,view,2026-04-01 05:48:00,mobile,clothing,498,430.52
U013,P035,view,2026-04-01 05:50:00,mobile,clothing,207,384.83
U043,P100,click,2026-04-01 05:51:00,mobile,electronics,287,240.37
U276,P013,click,2026-04-01 05:52:00,mobile,beauty,472,417.66
U448,P035,click,2026-04-01 05:53:00,mobile,electronics,495,191.8
U391,P005,click,2026-04-01 05:54:00,desktop,electronics,118,394.4
U430,P059,click,2026-04-01 05:55:00,desktop,home,325,168.88
U017,P053,click,2026-04-01 05:59:00,tablet,electronics,146,88.04
U359,P096,view,2026-04-01 06:01:00,mobile,clothing,447,487.15
U335,P076,click,2026-04-01 06:02:00,mobile,beauty,457,272.79
U045,P100,add_to_cart,2026-04-01 06:02:00,desktop,clothing,470,156.14
U464,P033,view,2026-04-01 06:04:00,desktop,beauty,33,471.56
U318,P042,click,2026-04-01 06:04:00,desktop,electronics,253,171.34
U379,P040,view,2026-04-01 06:05:00,mobile,electronics,170,407.32
U214,P074,view,2026-04-01 06:05:00,tablet,home,208,239.9
U456,P090,view,2026-04-01 06:05:00,mobile,electronics,302,451.61
U477,P018,view,2026-04-01 06:06:00,mobile,electronics,12,273.05
U407,P085,view,2026-04-01 06:06:00,desktop,home,151,356.23
U465,P002,add_to_cart,2026-04-01 06:09:00,desktop,electronics,594,166.32
U010,P005,click,2026-04-01 06:09:00,tablet,beauty,526,93.99
U497,P065,view,2026-04-01 06:11:00,desktop,home,135,354.65
U327,P057,view,2026-04-01 06:11:00,tablet,clothing,70,205.16
U474,P060,click,2026-04-01 06:12:00,tablet,electronics,360,287.05
U251,P003,add_to_cart,2026-04-01 06:12:00,desktop,beauty,549,309.26
U205,P011,click,2026-04-01 06:12:00,desktop,home,194,64.18
U091,P025,view,2026-04-01 06:13:00,desktop,clothing,120,323.22
U443,P002,click,2026-04-01 06:13:00,tablet,clothing,593,171.48
U126,P011,view,2026-04-01 06:14:00,tablet,electronics,87,319.0
U001,P013,click,2026-04-01 06:15:00,tablet,clothing,463,418.37
U227,P060,view,2026-04-01 06:16:00,desktop,clothing,38,142.61
U446,P018,add_to_cart,2026-04-01 06:16:00,tablet,home,571,73.3
U422,P065,click,2026-04-01 06:18:00,desktop,clothing,228,124.38
U395,P013,view,2026-04-01 06:20:00,tablet,electronics,408,471.42
U168,P093,click,2026-04-01 06:21:00,desktop,home,304,423.27
U384,P091,view,2026-04-01 06:21:00,mobile,home,347,496.61
U456,P051,view,2026-04-01 06:21:00,tablet,clothing,212,128.37
U242,P078,view,2026-04-01 06:24:00,mobile,clothing,184,284.92
U156,P038,view,2026-04-01 06:26:00,tablet,beauty,99,118.57
U044,P044,view,2026-04-01 06:29:00,tablet,clothing,527,493.41
U391,P010,view,2026-04-01 06:33:00,mobile,home,357,133.44
U342,P094,click,2026-04-01 06:35:00,tablet,electronics,418,226.3
U251,P009,view,2026-04-01 06:36:00,tablet,clothing,324,358.6
U475,P089,view,2026-04-01 06:36:00,desktop,electronics,60,414.7
U083,P093,view,2026-04-01 06:36:00,desktop,home,29,129.65
U244,P030,view,2026-04-01 06:37:00,tablet,clothing,165,375.24
U112,P061,click,2026-04-01 06:38:00,tablet,electronics,380,413.0
U257,P021,click,2026-04-01 06:39:00,desktop,clothing,42,160.31
U183,P099,add_to_cart,2026-04-01 06:40:00,desktop,electronics,533,362.16
U352,P043,click,2026-04-01 06:42:00,mobile,clothing,548,376.15
U238,P017,click,2026-04-01 06:45:00,desktop,electronics,102,60.7
U097,P002,view,2026-04-01 06:45:00,tablet,electronics,230,413.43
U172,P089,click,2026-04-01 06:46:00,mobile,beauty,278,83.22
U117,P027,view,2026-04-01 06:46:00,mobile,beauty,406,466.0
U011,P020,click,2026-04-01 06:46:00,mobile,clothing,539,227.62
U075,P010,click,2026-04-01 06:47:00,mobile,beauty,381,161.79
U280,P080,view,2026-04-01 06:49:00,tablet,clothing,109,152.11
U230,P022,click,2026-04-01 06:51:00,tablet,clothing,513,94.96
U203,P040,view,2026-04-01 06:51:00,tablet,clothing,123,367.66
U253,P036,click,2026-04-01 06:51:00,tablet,clothing,306,128.62
U145,P043,view,2026-04-01 06:53:00,desktop,clothing,75,195.56
U447,P013,click,2026-04-01 06:53:00,desktop,beauty,344,288.65
U355,P025,view,2026-04-01 06:54:00,tablet,home,228,305.74
U278,P080,click,2026-04-01 06:55:00,mobile,clothing,442,217.51
U474,P023,add_to_cart,2026-04-01 06:55:00,desktop,electronics,431,305.99
U321,P050,click,2026-04-01 06:55:00,desktop,beauty,29,24.81
U074,P062,view,2026-04-01 06:55:00,mobile,home,64,343.06
U170,P013,view,2026-04-01 06:56:00,tablet,home,76,130.69
U042,P023,view,2026-04-01 06:58:00,tablet,clothing,463,294.17
U290,P021,click,2026-04-01 06:58:00,mobile,home,402,377.63
U030,P079,click,2026-04-01 07:04:00,desktop,electronics,28,34.62
U135,P098,click,2026-04-01 07:04:00,mobile,beauty,599,251.66
U037,P008,view,2026-04-01 07:04:00,desktop,beauty,12,319.61
U289,P020,click,2026-04-01 07:05:00,desktop,beauty,538,429.29
U332,P020,view,2026-04-01 07:08:00,mobile,clothing,266,487.97
U337,P045,click,2026-04-01 07:10:00,tablet,clothing,518,324.83
U394,P068,add_to_cart,2026-04-01 07:10:00,desktop,electronics,169,40.68
U135,P070,click,2026-04-01 07:10:00,desktop,electronics,57,45.46
U016,P038,click,2026-04-01 07:10:00,mobile,electronics,439,299.95
U089,P040,add_to_cart,2026-04-01 07:10:00,desktop,home,443,261.83
U188,P074,click,2026-04-01 07:11:00,tablet,clothing,278,162.34
U499,P093,click,2026-04-01 07:11:00,desktop,clothing,262,115.55
U422,P006,click,2026-04-01 07:12:00,tablet,clothing,437,57.83
U499,P061,add_to_cart,2026-04-01 07:13:00,desktop,home,596,183.21
U159,P048,click,2026-04-01 07:13:00,desktop,clothing,259,172.12
U489,P093,click,2026-04-01 07:15:00,tablet,home,437,246.89
U070,P028,view,2026-04-01 07:15:00,desktop,home,75,209.24
U426,P031,click,2026-04-01 07:16:00,tablet,electronics,236,61.35
U294,P098,add_to_cart,2026-04-01 07:17:00,desktop,electronics,503,327.51
U456,P072,view,2026-04-01 07:18:00,tablet,electronics,54,131.78
U416,P078,click,2026-04-01 07:18:00,desktop,beauty,211,230.06
U398,P031,click,2026-04-01 07:19:00,desktop,beauty,333,160.05
U345,P027,click,2026-04-01 07:19:00,tablet,clothing,502,66.65
U153,P092,view,2026-04-01 07:20:00,mobile,beauty,352,484.54
U104,P059,view,2026-04-01 07:21:00,tablet,electronics,122,130.05
U032,P015,click,2026-04-01 07:22:00,mobile,home,570,342.27
U445,P054,view,2026-04-01 07:22:00,mobile,electronics,462,475.18
U439,P069,click,2026-04-01 07:23:00,desktop,electronics,440,435.04
U051,P084,view,2026-04-01 07:24:00,tablet,beauty,256,301.78
U351,P064,view,2026-04-01 07:24:00,tablet,home,221,410.03
U084,P005,click,2026-04-01 07:25:00,desktop,electronics,274,212.49
U174,P038,view,2026-04-01 07:27:00,tablet,beauty,414,196.23
U133,P032,view,2026-04-01 07:27:00,mobile,clothing,320,258.6
U252,P065,click,2026-04-01 07:29:00,mobile,clothing,500,115.38
U374,P082,view,2026-04-01 07:29:00,mobile,home,284,259.74
U218,P043,view,2026-04-01 07:32:00,mobile,clothing,48,206.5
U293,P048,view,2026-04-01 07:33:00,mobile,electronics,37,157.47
U193,P072,add_to_cart,2026-04-01 07:33:00,desktop,home,559,184.21
U181,P013,click,2026-04-01 07:33:00,mobile,clothing,260,99.63
U115,P055,view,2026-04-01 07:34:00,mobile,electronics,124,449.71
U266,P064,click,2026-04-01 07:34:00,tablet,home,426,109.45
U041,P050,add_to_cart,2026-04-01 07:35:00,desktop,electronics,491,345.74
U260,P009,add_to_cart,2026-04-01 07:35:00,mobile,electronics,532,138.25
U016,P020,view,2026-04-01 07:35:00,mobile,beauty,324,390.66
U270,P003,click,2026-04-01 07:36:00,desktop,clothing,473,263.49
U195,P097,view,2026-04-01 07:38:00,mobile,beauty,362,357.96
U294,P075,view,2026-04-01 07:38:00,tablet,clothing,204,452.29
U387,P010,click,2026-04-01 07:38:00,desktop,clothing,566,482.95
U155,P087,view,2026-04-01 07:41:00,desktop,clothing,216,393.21
U371,P025,view,2026-04-01 07:42:00,mobile,home,55,204.28
U414,P019,add_to_cart,2026-04-01 07:43:00,desktop,clothing,451,37.72
U166,P094,add_to_cart,2026-04-01 07:43:00,desktop,electronics,482,235.26
U113,P018,view,2026-04-01 07:44:00,tablet,home,27,407.91
U106,P063,click,2026-04-01 07:44:00,tablet,home,549,458.81
U118,P052,click,2026-04-01 07:45:00,mobile,beauty,588,192.11
U247,P097,click,2026-04-01 07:45:00,desktop,home,557,478.15
U159,P069,click,2026-04-01 07:46:00,tablet,clothing,545,313.36
U386,P063,click,2026-04-01 07:46:00,desktop,clothing,236,89.47
U279,P007,view,2026-04-01 07:46:00,mobile,electronics,156,280.34
U182,P073,click,2026-04-01 07:47:00,desktop,beauty,154,98.23
U068,P082,click,2026-04-01 07:48:00,desktop,clothing,423,450.07
U438,P063,click,2026-04-01 07:49:00,mobile,home,483,226.43
U072,P032,add_to_cart,2026-04-01 07:49:00,mobile,beauty,545,91.07
U297,P001,click,2026-04-01 07:51:00,tablet,clothing,468,275.2
U269,P093,add_to_cart,2026-04-01 07:51:00,desktop,clothing,498,187.92
U085,P084,view,2026-04-01 07:53:00,mobile,beauty,345,341.83
U193,P094,view,2026-04-01 07:54:00,desktop,clothing,275,491.23
U322,P037,view,2026-04-01 07:54:00,mobile,beauty,66,281.17
U330,P003,click,2026-04-01 07:54:00,tablet,electronics,401,265.12
U159,P003,click,2026-04-01 07:56:00,desktop,home,449,364.37
U139,P063,view,2026-04-01 07:56:00,desktop,clothing,198,497.82
U058,P098,click,2026-04-01 07:56:00,desktop,electronics,326,363.53
U163,P019,click,2026-04-01 07:57:00,mobile,beauty,371,11.99
U334,P016,click,2026-04-01 07:58:00,desktop,clothing,353,275.22
U294,P063,click,2026-04-01 07:58:00,tablet,home,464,269.86
U118,P099,view,2026-04-01 07:58:00,mobile,clothing,49,249.43
U251,P007,view,2026-04-01 08:00:00,mobile,beauty,78,180.47
U058,P003,click,2026-04-01 08:02:00,desktop,beauty,266,378.18
U446,P016,add_to_cart,2026-04-01 08:06:00,tablet,home,580,218.87
U123,P074,click,2026-04-01 08:08:00,mobile,electronics,530,404.05
U039,P010,click,2026-04-01 08:08:00,tablet,electronics,263,143.16
U106,P034,click,2026-04-01 08:10:00,tablet,electronics,552,462.47
U051,P036,view,2026-04-01 08:11:00,tablet,electronics,57,133.9
U152,P007,click,2026-04-01 08:12:00,mobile,home,318,106.47
U251,P087,click,2026-04-01 08:14:00,desktop,clothing,547,254.38
U348,P094,view,2026-04-01 08:15:00,mobile,electronics,70,233.22
U109,P067,add_to_cart,2026-04-01 08:18:00,desktop,beauty,561,56.04
U244,P044,view,2026-04-01 08:19:00,desktop,home,136,214.6
U038,P054,click,2026-04-01 08:21:00,mobile,electronics,299,113.64
U478,P019,click,2026-04-01 08:25:00,mobile,home,230,140.08
U483,P039,view,2026-04-01 08:25:00,mobile,clothing,144,192.34
U247,P011,click,2026-04-01 08:25:00,desktop,beauty,213,280.56
U112,P061,add_to_cart,2026-04-01 08:26:00,desktop,electronics,520,55.35
U254,P041,view,2026-04-01 08:26:00,tablet,beauty,202,10.32
U174,P079,view,2026-04-01 08:27:00,desktop,beauty,19,39.31
U277,P003,view,2026-04-01 08:28:00,mobile,beauty,370,437.43
U449,P091,view,2026-04-01 08:29:00,mobile,beauty,15,318.64
U219,P093,view,2026-04-01 08:31:00,mobile,beauty,328,236.47
U055,P036,click,2026-04-01 08:34:00,desktop,home,74,50.22
U379,P038,click,2026-04-01 08:34:00,desktop,clothing,251,320.2
U395,P006,click,2026-04-01 08:35:00,mobile,home,247,198.48
U158,P077,add_to_cart,2026-04-01 08:39:00,tablet,electronics,542,261.41
U204,P019,click,2026-04-01 08:40:00,desktop,beauty,343,426.49
U485,P008,click,2026-04-01 08:40:00,tablet,electronics,467,106.61
U271,P075,click,2026-04-01 08:47:00,mobile,electronics,500,493.3
U010,P043,view,2026-04-01 08:51:00,tablet,clothing,169,150.67
U074,P086,view,2026-04-01 08:51:00,tablet,electronics,93,412.33
U234,P029,view,2026-04-01 08:52:00,mobile,clothing,104,256.15
U496,P093,add_to_cart,2026-04-01 08:53:00,desktop,electronics,337,138.14
U053,P062,add_to_cart,2026-04-01 08:53:00,desktop,beauty,530,66.08
U083,P031,view,2026-04-01 08:54:00,tablet,electronics,232,363.71
U159,P075,add_to_cart,2026-04-01 08:56:00,mobile,clothing,538,131.91
U252,P064,click,2026-04-01 08:56:00,mobile,electronics,245,74.35
U200,P059,view,2026-04-01 08:57:00,mobile,home,76,450.42
U218,P049,view,2026-04-01 08:57:00,tablet,clothing,61,254.24
U069,P089,view,2026-04-01 08:59:00,tablet,beauty,102,335.79
U187,P084,click,2026-04-01 08:59:00,desktop,home,311,299.89
U140,P074,click,2026-04-01 08:59:00,desktop,electronics,449,406.35
U165,P085,view,2026-04-01 09:01:00,tablet,beauty,229,133.39
U306,P044,view,2026-04-01 09:02:00,mobile,beauty,181,203.58
U062,P097,view,2026-04-01 09:04:00,mobile,clothing,78,137.6
U414,P075,view,2026-04-01 09:08:00,mobile,electronics,81,54.56
U406,P086,view,2026-04-01 09:10:00,mobile,clothing,144,363.46
U283,P021,add_to_cart,2026-04-01 09:10:00,tablet,home,570,168.93
U296,P088,add_to_cart,2026-04-01 09:10:00,tablet,electronics,590,208.57
U208,P096,view,2026-04-01 09:10:00,desktop,home,179,487.38
U035,P093,click,2026-04-01 09:11:00,mobile,electronics,235,69.39
U456,P025,view,2026-04-01 09:12:00,mobile,electronics,138,289.6
U084,P099,view,2026-04-01 09:14:00,mobile,electronics,184,279.91
U001,P072,add_to_cart,2026-04-01 09:15:00,mobile,beauty,462,43.22
U047,P057,view,2026-04-01 09:17:00,desktop,beauty,173,295.31
U437,P068,click,2026-04-01 09:18:00,mobile,home,532,214.87
U251,P031,click,2026-04-01 09:18:00,tablet,electronics,467,352.96
U211,P034,view,2026-04-01 09:19:00,tablet,home,373,478.46
U035,P015,click,2026-04-01 09:21:00,desktop,beauty,579,470.87
U151,P073,view,2026-04-01 09:22:00,mobile,beauty,344,245.46
U020,P086,click,2026-04-01 09:22:00,mobile,beauty,577,121.88
U271,P019,click,2026-04-01 09:23:00,mobile,home,556,59.03
U154,P038,click,2026-04-01 09:24:00,desktop,home,439,388.9
U080,P088,click,2026-04-01 09:25:00,desktop,electronics,170,447.25
U104,P084,click,2026-04-01 09:25:00,tablet,electronics,542,364.56
U211,P002,add_to_cart,2026-04-01 09:26:00,desktop,home,548,307.68
U197,P039,view,2026-04-01 09:26:00,desktop,electronics,83,412.6
U328,P022,add_to_cart,2026-04-01 09:26:00,tablet,clothing,578,180.78
U266,P068,view,2026-04-01 09:28:00,mobile,beauty,346,473.8
U299,P025,view,2026-04-01 09:28:00,tablet,electronics,97,147.88
U295,P033,click,2026-04-01 09:28:00,tablet,electronics,175,19.54
U154,P084,click,2026-04-01 09:30:00,tablet,beauty,317,21.31
U133,P012,click,2026-04-01 09:31:00,desktop,electronics,374,432.14
U003,P096,view,2026-04-01 09:32:00,tablet,clothing,440,397.58
U395,P089,view,2026-04-01 09:32:00,mobile,beauty,270,311.45
U416,P023,view,2026-04-01 09:34:00,desktop,electronics,20,299.49
U060,P032,click,2026-04-01 09:34:00,mobile,electronics,541,457.3
U421,P065,view,2026-04-01 09:34:00,mobile,clothing,328,138.26
U276,P065,click,2026-04-01 09:35:00,mobile,beauty,448,156.93
U112,P055,click,2026-04-01 09:35:00,tablet,clothing,571,337.69
U124,P096,view,2026-04-01 09:37:00,tablet,clothing,90,434.46
U186,P054,add_to_cart,2026-04-01 09:37:00,desktop,electronics,568,137.81
U205,P016,view,2026-04-01 09:42:00,mobile,electronics,15,347.14
U419,P056,view,2026-04-01 09:43:00,tablet,beauty,111,460.54
U338,P075,add_to_cart,2026-04-01 09:43:00,desktop,clothing,443,231.84
U263,P067,click,2026-04-01 09:43:00,desktop,electronics,377,191.84
U118,P093,add_to_cart,2026-04-01 09:45:00,mobile,beauty,524,50.25
U126,P093,click,2026-04-01 09:46:00,tablet,home,390,307.01
U373,P002,add_to_cart,2026-04-01 09:47:00,desktop,clothing,433,32.96
U325,P038,click,2026-04-01 09:48:00,mobile,home,573,151.24
U040,P065,view,2026-04-01 09:49:00,tablet,beauty,73,191.22
U498,P045,add_to_cart,2026-04-01 09:50:00,mobile,home,582,50.39
U231,P061,view,2026-04-01 09:51:00,mobile,clothing,12,264.05
U080,P002,view,2026-04-01 09:52:00,tablet,clothing,464,446.84
U010,P096,click,2026-04-01 09:53:00,desktop,clothing,405,51.2
U437,P032,click,2026-04-01 09:54:00,desktop,beauty,397,329.87
U159,P019,click,2026-04-01 09:55:00,mobile,beauty,423,488.21
U473,P100,view,2026-04-01 09:56:00,mobile,beauty,87,478.26
U362,P017,view,2026-04-01 09:58:00,mobile,home,251,498.89
U403,P086,view,2026-04-01 09:58:00,tablet,electronics,224,498.01
U042,P014,view,2026-04-01 09:58:00,mobile,home,216,297.64
U128,P040,click,2026-04-01 10:00:00,tablet,home,373,300.88
U482,P083,add_to_cart,2026-04-01 10:02:00,desktop,clothing,593,12.02
U071,P061,view,2026-04-01 10:03:00,tablet,clothing,362,309.75
U041,P019,view,2026-04-01 10:03:00,tablet,clothing,120,242.03
U168,P098,click,2026-04-01 10:03:00,desktop,home,436,426.49
U345,P038,click,2026-04-01 10:08:00,tablet,electronics,275,103.02
U434,P001,click,2026-04-01 10:08:00,mobile,electronics,476,219.36
U236,P058,add_to_cart,2026-04-01 10:10:00,tablet,electronics,528,301.54
U362,P014,view,2026-04-01 10:10:00,desktop,beauty,104,439.56
U002,P073,click,2026-04-01 10:11:00,desktop,beauty,142,236.09
U091,P045,click,2026-04-01 10:11:00,mobile,clothing,377,182.76
U443,P053,view,2026-04-01 10:12:00,tablet,clothing,325,156.82
U047,P015,view,2026-04-01 10:13:00,tablet,home,74,365.44
U450,P035,click,2026-04-01 10:14:00,mobile,beauty,266,46.27
U055,P035,view,2026-04-01 10:14:00,tablet,home,147,258.76
U456,P043,view,2026-04-01 10:14:00,mobile,home,135,137.06
U196,P079,click,2026-04-01 10:15:00,desktop,home,526,310.5
U180,P091,view,2026-04-01 10:16:00,tablet,beauty,116,363.57
U269,P075,view,2026-04-01 10:17:00,desktop,home,43,237.91
U349,P100,add_to_cart,2026-04-01 10:18:00,desktop,electronics,574,96.93
U475,P036,add_to_cart,2026-04-01 10:18:00,desktop,electronics,486,294.05
U173,P071,add_to_cart,2026-04-01 10:18:00,desktop,beauty,569,251.2
U458,P005,view,2026-04-01 10:19:00,desktop,clothing,97,337.7
U252,P029,view,2026-04-01 10:19:00,mobile,beauty,152,152.24
U031,P077,view,2026-04-01 10:20:00,tablet,clothing,49,464.71
U316,P067,view,2026-04-01 10:21:00,mobile,home,206,289.79
U188,P013,click,2026-04-01 10:22:00,desktop,clothing,380,155.2
U471,P013,view,2026-04-01 10:22:00,mobile,home,140,277.57
U388,P042,view,2026-04-01 10:23:00,desktop,clothing,190,420.67
U371,P089,add_to_cart,2026-04-01 10:23:00,desktop,home,516,11.73
U221,P056,view,2026-04-01 10:25:00,tablet,beauty,332,275.43
U068,P017,view,2026-04-01 10:27:00,mobile,clothing,31,319.43
U189,P019,click,2026-04-01 10:27:00,tablet,clothing,549,284.13
U209,P059,click,2026-04-01 10:27:00,mobile,beauty,395,111.08
U012,P020,click,2026-04-01 10:27:00,mobile,clothing,344,270.91
U373,P047,click,2026-04-01 10:27:00,mobile,beauty,422,119.3
U284,P002,view,2026-04-01 10:28:00,mobile,home,350,335.4
U089,P050,click,2026-04-01 10:30:00,mobile,beauty,277,29.34
U437,P024,add_to_cart,2026-04-01 10:32:00,desktop,clothing,482,29.15
U040,P070,view,2026-04-01 10:34:00,mobile,electronics,191,308.64
U427,P049,click,2026-04-01 10:34:00,desktop,home,127,63.72
U226,P043,add_to_cart,2026-04-01 10:35:00,desktop,clothing,597,262.06
U488,P008,click,2026-04-01 10:35:00,tablet,electronics,427,275.16
U065,P094,click,2026-04-01 10:36:00,desktop,home,212,168.49
U019,P034,view,2026-04-01 10:37:00,desktop,beauty,13,445.88
U175,P043,view,2026-04-01 10:39:00,desktop,beauty,33,163.24
U308,P051,click,2026-04-01 10:39:00,tablet,electronics,415,202.95
U250,P006,click,2026-04-01 10:41:00,mobile,home,380,408.76
U291,P011,view,2026-04-01 10:41:00,tablet,electronics,181,401.71
U486,P058,add_to_cart,2026-04-01 10:44:00,desktop,electronics,424,172.25
U285,P020,view,2026-04-01 10:47:00,mobile,beauty,178,64.12
U186,P069,view,2026-04-01 10:48:00,desktop,electronics,50,407.88
U379,P039,add_to_cart,2026-04-01 10:50:00,desktop,beauty,596,62.2
U054,P058,click,2026-04-01 10:51:00,desktop,home,547,463.76
U161,P010,view,2026-04-01 10:51:00,tablet,beauty,124,50.27
U007,P096,click,2026-04-01 10:51:00,mobile,clothing,423,121.98
U154,P044,view,2026-04-01 10:53:00,mobile,clothing,28,210.16
U088,P083,view,2026-04-01 10:55:00,desktop,clothing,42,345.86
U442,P033,view,2026-04-01 10:55:00,desktop,beauty,249,489.1
U138,P092,view,2026-04-01 10:55:00,mobile,home,251,398.06
U130,P039,view,2026-04-01 10:57:00,tablet,beauty,304,405.0
U369,P055,view,2026-04-01 10:57:00,mobile,electronics,151,478.38
U498,P018,view,2026-04-01 10:59:00,mobile,electronics,21,137.42
U185,P028,click,2026-04-01 10:59:00,mobile,home,372,65.18
U390,P065,view,2026-04-01 11:00:00,mobile,clothing,64,329.93
U167,P055,add_to_cart,2026-04-01 11:02:00,desktop,beauty,581,127.98
U406,P095,add_to_cart,2026-04-01 11:02:00,mobile,electronics,523,59.87
U105,P034,view,2026-04-01 11:02:00,mobile,home,263,301.92
U102,P049,view,2026-04-01 11:02:00,mobile,beauty,90,492.41
U052,P092,click,2026-04-01 11:02:00,mobile,beauty,302,235.99
U358,P034,click,2026-04-01 11:03:00,mobile,home,538,310.69
U249,P013,view,2026-04-01 11:03:00,tablet,beauty,275,386.79
U115,P098,view,2026-04-01 11:04:00,mobile,beauty,136,327.43
U067,P007,view,2026-04-01 11:05:00,desktop,home,158,468.79
U454,P035,click,2026-04-01 11:05:00,desktop,clothing,356,427.28
U369,P014,view,2026-04-01 11:08:00,desktop,beauty,76,118.78
U415,P042,view,2026-04-01 11:11:00,mobile,home,92,178.79
U374,P037,click,2026-04-01 11:11:00,desktop,home,563,345.22
U156,P047,add_to_cart,2026-04-01 11:12:00,mobile,electronics,397,63.99
U054,P074,view,2026-04-01 11:13:00,mobile,home,199,264.16
U005,P023,click,2026-04-01 11:14:00,tablet,electronics,443,283.65
U228,P077,view,2026-04-01 11:16:00,tablet,beauty,145,139.21
U340,P004,click,2026-04-01 11:18:00,mobile,home,455,153.45
U385,P030,view,2026-04-01 11:18:00,tablet,clothing,270,134.67
U121,P055,click,2026-04-01 11:18:00,desktop,clothing,266,490.6
U059,P058,click,2026-04-01 11:20:00,tablet,beauty,449,475.27
U006,P015,add_to_cart,2026-04-01 11:20:00,desktop,electronics,440,121.37
U063,P003,click,2026-04-01 11:21:00,desktop,beauty,376,350.19
U305,P057,add_to_cart,2026-04-01 11:23:00,desktop,electronics,209,125.2
U226,P095,view,2026-04-01 11:23:00,desktop,clothing,330,384.6
U050,P001,click,2026-04-01 11:25:00,tablet,electronics,542,233.77
U096,P005,click,2026-04-01 11:26:00,desktop,electronics,323,437.11
U442,P041,click,2026-04-01 11:27:00,tablet,beauty,319,306.84
U029,P057,view,2026-04-01 11:27:00,tablet,home,205,72.76
U263,P009,click,2026-04-01 11:28:00,mobile,beauty,494,492.95
U299,P054,click,2026-04-01 11:29:00,desktop,clothing,313,60.05
U420,P091,add_to_cart,2026-04-01 11:31:00,mobile,clothing,544,92.7
U114,P049,click,2026-04-01 11:31:00,desktop,beauty,270,318.36
U307,P038,view,2026-04-01 11:32:00,tablet,beauty,339,406.47
U037,P019,view,2026-04-01 11:33:00,tablet,home,44,310.72
U288,P002,click,2026-04-01 11:34:00,desktop,clothing,182,183.81
U183,P072,click,2026-04-01 11:34:00,desktop,home,373,401.24
U068,P019,view,2026-04-01 11:36:00,mobile,beauty,24,194.84
U053,P020,view,2026-04-01 11:36:00,mobile,clothing,94,44.81
U012,P005,click,2026-04-01 11:38:00,desktop,clothing,194,304.3
U265,P058,click,2026-04-01 11:39:00,tablet,beauty,414,136.76
U367,P014,click,2026-04-01 11:39:00,mobile,home,316,42.03
U361,P019,add_to_cart,2026-04-01 11:39:00,desktop,electronics,390,294.74
U164,P052,click,2026-04-01 11:40:00,mobile,home,408,210.47
U463,P049,view,2026-04-01 11:41:00,mobile,home,81,116.2
U365,P036,click,2026-04-01 11:42:00,tablet,home,516,142.76
U472,P027,click,2026-04-01 11:43:00,mobile,beauty,361,132.31
U265,P030,click,2026-04-01 11:44:00,desktop,clothing,355,149.92
U065,P096,add_to_cart,2026-04-01 11:45:00,desktop,home,520,98.29
U302,P017,view,2026-04-01 11:46:00,mobile,beauty,133,390.07
U033,P059,click,2026-04-01 11:46:00,desktop,home,358,152.11
U042,P073,add_to_cart,2026-04-01 11:46:00,desktop,electronics,577,205.67
U464,P025,click,2026-04-01 11:48:00,desktop,beauty,307,25.58
U445,P095,view,2026-04-01 11:49:00,mobile,clothing,42,204.6
U483,P064,view,2026-04-01 11:50:00,tablet,clothing,135,481.72
U146,P077,view,2026-04-01 11:51:00,mobile,home,139,14.55
U376,P027,view,2026-04-01 11:51:00,mobile,clothing,471,339.7
U183,P100,view,2026-04-01 11:51:00,mobile,home,141,233.08
U402,P018,click,2026-04-01 11:52:00,desktop,clothing,397,98.16
U357,P095,add_to_cart,2026-04-01 11:52:00,tablet,electronics,424,20.08
U179,P040,click,2026-04-01 11:53:00,tablet,beauty,469,394.79
U317,P002,click,2026-04-01 11:53:00,mobile,electronics,323,232.96
U046,P057,view,2026-04-01 11:53:00,mobile,home,98,263.61
U301,P057,view,2026-04-01 11:56:00,tablet,beauty,541,371.68
U167,P065,click,2026-04-01 11:56:00,tablet,beauty,436,127.08
U074,P024,click,2026-04-01 11:56:00,tablet,electronics,309,409.57
U407,P028,add_to_cart,2026-04-01 11:57:00,desktop,electronics,463,194.13
U324,P010,add_to_cart,2026-04-01 11:58:00,desktop,electronics,257,202.72
U048,P066,view,2026-04-01 11:59:00,tablet,electronics,146,355.66
U358,P042,view,2026-04-01 12:00:00,mobile,clothing,172,454.41
U365,P044,click,2026-04-01 12:05:00,desktop,electronics,34,40.47
U001,P083,view,2026-04-01 12:06:00,tablet,home,59,446.62
U407,P057,click,2026-04-01 12:08:00,tablet,home,395,249.02
U238,P014,view,2026-04-01 12:10:00,tablet,electronics,287,451.82
U241,P022,add_to_cart,2026-04-01 12:12:00,mobile,electronics,522,57.2
U014,P008,click,2026-04-01 12:13:00,tablet,electronics,535,390.11
U482,P061,view,2026-04-01 12:15:00,tablet,electronics,303,394.25
U375,P042,click,2026-04-01 12:16:00,tablet,beauty,378,17.31
U423,P004,view,2026-04-01 12:16:00,mobile,clothing,158,48.5
U411,P008,view,2026-04-01 12:16:00,mobile,electronics,26,138.91
U133,P006,click,2026-04-01 12:17:00,mobile,electronics,582,451.4
U463,P028,view,2026-04-01 12:19:00,tablet,clothing,461,396.65
U150,P078,click,2026-04-01 12:22:00,desktop,clothing,342,169.95
U011,P093,add_to_cart,2026-04-01 12:22:00,mobile,electronics,462,178.74
U059,P100,click,2026-04-01 12:23:00,mobile,electronics,423,341.05
U286,P020,click,2026-04-01 12:24:00,mobile,beauty,581,445.46
U175,P077,view,2026-04-01 12:24:00,mobile,home,172,431.59
U095,P072,view,2026-04-01 12:26:00,tablet,clothing,82,108.39
U418,P100,view,2026-04-01 12:26:00,desktop,home,218,480.81
U316,P023,view,2026-04-01 12:26:00,tablet,home,245,390.12
U315,P030,view,2026-04-01 12:27:00,mobile,electronics,36,427.98
U035,P095,view,2026-04-01 12:27:00,mobile,home,134,52.99
U215,P034,click,2026-04-01 12:30:00,tablet,electronics,151,127.15
U430,P033,view,2026-04-01 12:30:00,mobile,beauty,47,213.94
U208,P022,view,2026-04-01 12:31:00,mobile,beauty,357,184.57
U005,P064,view,2026-04-01 12:31:00,desktop,home,138,426.54
U372,P049,view,2026-04-01 12:36:00,mobile,home,421,357.46
U165,P043,click,2026-04-01 12:36:00,mobile,clothing,573,154.42
U426,P083,click,2026-04-01 12:37:00,desktop,home,249,143.96
U380,P079,view,2026-04-01 12:37:00,desktop,clothing,44,155.86
U308,P073,click,2026-04-01 12:39:00,tablet,beauty,569,57.69
U126,P019,click,2026-04-01 12:39:00,mobile,home,491,399.25
U366,P008,click,2026-04-01 12:41:00,mobile,electronics,283,247.02
U460,P060,click,2026-04-01 12:41:00,desktop,electronics,81,111.93
U261,P030,add_to_cart,2026-04-01 12:45:00,tablet,electronics,440,44.57
U424,P095,view,2026-04-01 12:47:00,mobile,clothing,307,84.93
U160,P037,view,2026-04-01 12:47:00,tablet,electronics,10,356.04
U416,P060,view,2026-04-01 12:47:00,mobile,electronics,45,200.65
U430,P031,click,2026-04-01 12:48:00,tablet,clothing,592,158.41
U483,P095,view,2026-04-01 12:49:00,mobile,home,46,264.93
U037,P092,click,2026-04-01 12:50:00,tablet,home,349,245.46
U471,P089,add_to_cart,2026-04-01 12:50:00,desktop,beauty,443,76.26
U212,P097,click,2026-04-01 12:51:00,desktop,clothing,582,326.72
U328,P061,view,2026-04-01 12:52:00,tablet,clothing,144,99.55
U355,P090,click,2026-04-01 12:52:00,tablet,clothing,374,95.69
U071,P011,click,2026-04-01 12:52:00,desktop,clothing,180,15.34
U390,P073,add_to_cart,2026-04-01 12:52:00,mobile,electronics,500,33.9
U334,P055,view,2026-04-01 12:52:00,tablet,beauty,104,383.36
U146,P087,click,2026-04-01 12:55:00,mobile,electronics,411,315.06
U181,P044,click,2026-04-01 12:55:00,mobile,electronics,508,431.54
U303,P100,click,2026-04-01 12:56:00,desktop,home,190,164.32
U396,P058,add_to_cart,2026-04-01 12:57:00,mobile,electronics,562,141.82
U090,P059,add_to_cart,2026-04-01 12:57:00,desktop,beauty,584,363.48
U004,P093,view,2026-04-01 12:58:00,mobile,beauty,154,107.9
U129,P066,view,2026-04-01 12:58:00,mobile,electronics,338,453.7
U456,P043,add_to_cart,2026-04-01 13:01:00,mobile,electronics,561,27.57
U403,P066,view,2026-04-01 13:02:00,mobile,clothing,188,309.58
U073,P096,view,2026-04-01 13:03:00,mobile,home,220,26.98
U328,P020,view,2026-04-01 13:03:00,tablet,home,367,422.75
U198,P021,view,2026-04-01 13:03:00,tablet,home,11,11.16
U140,P040,click,2026-04-01 13:03:00,tablet,beauty,482,397.5
U461,P057,click,2026-04-01 13:03:00,desktop,home,427,341.3
U241,P015,click,2026-04-01 13:04:00,desktop,electronics,302,488.18
U397,P046,add_to_cart,2026-04-01 13:04:00,desktop,beauty,397,115.46
U065,P026,view,2026-04-01 13:05:00,desktop,clothing,91,283.72
U165,P026,click,2026-04-01 13:06:00,tablet,electronics,381,321.08
U181,P086,view,2026-04-01 13:08:00,desktop,clothing,121,445.99
U336,P062,click,2026-04-01 13:08:00,mobile,electronics,361,387.04
U169,P064,click,2026-04-01 13:10:00,tablet,electronics,508,204.14
U287,P048,view,2026-04-01 13:11:00,mobile,home,243,470.63
U155,P057,add_to_cart,2026-04-01 13:12:00,desktop,clothing,370,33.23
U096,P015,view,2026-04-01 13:13:00,mobile,clothing,173,411.6
U191,P087,view,2026-04-01 13:14:00,tablet,home,175,163.81
U001,P062,view,2026-04-01 13:15:00,desktop,electronics,151,346.3
U331,P038,click,2026-04-01 13:16:00,desktop,electronics,156,251.67
U251,P095,click,2026-04-01 13:16:00,desktop,beauty,312,198.36
U386,P023,click,2026-04-01 13:17:00,mobile,electronics,305,202.99
U361,P025,add_to_cart,2026-04-01 13:17:00,desktop,electronics,172,32.76
U025,P015,view,2026-04-01 13:18:00,mobile,home,350,160.85
U355,P077,view,2026-04-01 13:20:00,mobile,home,33,475.77
U039,P010,add_to_cart,2026-04-01 13:20:00,desktop,clothing,539,217.06
U499,P079,click,2026-04-01 13:20:00,tablet,beauty,580,371.57
U393,P036,click,2026-04-01 13:21:00,mobile,clothing,283,40.59
U485,P063,view,2026-04-01 13:22:00,mobile,clothing,170,278.78
U464,P046,view,2026-04-01 13:23:00,tablet,clothing,343,428.08
U104,P095,click,2026-04-01 13:23:00,mobile,home,445,26.09
U439,P074,view,2026-04-01 13:27:00,tablet,home,243,173.39
U187,P031,click,2026-04-01 13:28:00,desktop,home,227,67.6
U105,P073,view,2026-04-01 13:28:00,mobile,beauty,203,138.15
U353,P051,view,2026-04-01 13:29:00,tablet,clothing,500,469.87
U196,P056,add_to_cart,2026-04-01 13:29:00,desktop,electronics,431,120.85
U497,P032,view,2026-04-01 13:33:00,mobile,beauty,27,150.67
U339,P011,view,2026-04-01 13:34:00,mobile,beauty,400,287.76
U267,P071,view,2026-04-01 13:36:00,tablet,home,64,431.81
U277,P029,click,2026-04-01 13:40:00,tablet,electronics,378,257.88
U375,P045,click,2026-04-01 13:41:00,mobile,beauty,599,204.08
U251,P027,view,2026-04-01 13:42:00,mobile,home,297,440.95
U007,P009,add_to_cart,2026-04-01 13:42:00,mobile,clothing,580,110.93
U232,P010,view,2026-04-01 13:43:00,mobile,home,169,495.79
U295,P094,view,2026-04-01 13:43:00,mobile,electronics,123,53.12
U199,P051,click,2026-04-01 13:44:00,desktop,home,328,188.56
U159,P086,click,2026-04-01 13:47:00,desktop,home,294,292.74
U414,P003,view,2026-04-01 13:47:00,mobile,home,345,494.18
U195,P042,add_to_cart,2026-04-01 13:48:00,desktop,electronics,363,177.53
U367,P095,click,2026-04-01 13:50:00,mobile,home,432,115.36
U154,P014,click,2026-04-01 13:52:00,mobile,clothing,537,165.28
U042,P018,view,2026-04-01 13:52:00,mobile,beauty,451,301.33
U461,P077,view,2026-04-01 13:56:00,mobile,electronics,380,451.42
U305,P054,view,2026-04-01 13:57:00,desktop,beauty,294,439.63
U484,P026,view,2026-04-01 13:58:00,tablet,electronics,290,358.44
U439,P007,click,2026-04-01 13:59:00,tablet,electronics,324,160.28
U387,P093,view,2026-04-01 14:00:00,tablet,electronics,138,494.51
U050,P085,click,2026-04-01 14:02:00,mobile,electronics,438,275.59
U317,P018,click,2026-04-01 14:02:00,mobile,electronics,430,476.26
U109,P055,view,2026-04-01 14:04:00,mobile,electronics,197,194.33
U022,P072,view,2026-04-01 14:05:00,mobile,home,148,275.09
U201,P058,view,2026-04-01 14:05:00,tablet,clothing,76,163.7
U029,P032,view,2026-04-01 14:05:00,mobile,beauty,180,126.64
U096,P038,click,2026-04-01 14:09:00,desktop,beauty,355,125.71
U303,P080,view,2026-04-01 14:11:00,mobile,electronics,62,416.94
U152,P097,view,2026-04-01 14:11:00,mobile,clothing,302,296.29
U159,P003,click,2026-04-01 14:12:00,mobile,clothing,509,105.08
U457,P024,click,2026-04-01 14:13:00,desktop,home,396,246.38
U242,P055,view,2026-04-01 14:13:00,mobile,home,276,369.59
U069,P068,view,2026-04-01 14:15:00,tablet,clothing,136,153.14
U360,P043,click,2026-04-01 14:16:00,mobile,electronics,517,331.99
U342,P010,click,2026-04-01 14:17:00,mobile,home,466,347.79
U167,P026,view,2026-04-01 14:17:00,tablet,home,372,325.93
U467,P049,click,2026-04-01 14:18:00,desktop,electronics,138,138.44
U138,P001,view,2026-04-01 14:20:00,mobile,home,111,86.59
U023,P059,view,2026-04-01 14:20:00,mobile,clothing,109,397.36
U054,P080,click,2026-04-01 14:25:00,tablet,beauty,402,174.73
U005,P085,add_to_cart,2026-04-01 14:26:00,desktop,electronics,293,231.14
U078,P018,view,2026-04-01 14:26:00,tablet,electronics,132,415.94
U492,P090,add_to_cart,2026-04-01 14:27:00,desktop,home,515,161.04
U457,P029,click,2026-04-01 14:28:00,tablet,beauty,531,199.95
U024,P098,add_to_cart,2026-04-01 14:28:00,mobile,home,571,147.77
U242,P096,view,2026-04-01 14:31:00,mobile,beauty,140,376.72
U081,P059,add_to_cart,2026-04-01 14:31:00,desktop,electronics,545,128.27
U294,P028,click,2026-04-01 14:31:00,tablet,beauty,482,286.62
U208,P040,view,2026-04-01 14:34:00,mobile,home,131,45.06
U349,P009,view,2026-04-01 14:36:00,mobile,electronics,27,112.44
U404,P001,click,2026-04-01 14:37:00,desktop,home,464,244.51
U024,P031,view,2026-04-01 14:38:00,tablet,home,163,345.62
U352,P002,view,2026-04-01 14:38:00,mobile,beauty,120,402.22
U157,P098,click,2026-04-01 14:40:00,tablet,electronics,315,55.43
U179,P010,view,2026-04-01 14:40:00,mobile,beauty,99,357.78
U336,P007,add_to_cart,2026-04-01 14:44:00,desktop,home,424,39.17
U330,P017,view,2026-04-01 14:44:00,desktop,clothing,118,264.32
U088,P100,view,2026-04-01 14:45:00,tablet,beauty,318,449.85
U061,P077,click,2026-04-01 14:45:00,desktop,clothing,380,103.81
U075,P069,add_to_cart,2026-04-01 14:45:00,mobile,electronics,564,59.35
U246,P092,view,2026-04-01 14:48:00,tablet,clothing,127,218.25
U244,P070,click,2026-04-01 14:48:00,tablet,beauty,524,210.22
U490,P094,click,2026-04-01 14:49:00,mobile,home,486,390.03
U005,P016,click,2026-04-01 14:49:00,mobile,beauty,383,187.47
U135,P075,view,2026-04-01 14:50:00,tablet,beauty,445,369.34
U338,P085,click,2026-04-01 14:50:00,desktop,electronics,332,226.64
U377,P026,view,2026-04-01 14:53:00,tablet,home,221,264.52
U103,P071,add_to_cart,2026-04-01 14:53:00,desktop,beauty,341,110.29
U274,P045,view,2026-04-01 14:55:00,mobile,electronics,235,109.87
U294,P026,click,2026-04-01 14:55:00,tablet,beauty,541,385.17
U077,P096,click,2026-04-01 14:56:00,desktop,clothing,351,341.8
U116,P052,view,2026-04-01 14:59:00,tablet,electronics,11,113.22
U382,P007,view,2026-04-01 14:59:00,tablet,beauty,498,360.24
U462,P048,view,2026-04-01 15:00:00,desktop,home,201,452.58
U374,P060,view,2026-04-01 15:00:00,tablet,home,65,90.17
U055,P030,add_to_cart,2026-04-01 15:01:00,desktop,home,436,200.93
U299,P025,click,2026-04-01 15:02:00,mobile,beauty,531,424.91
U304,P058,click,2026-04-01 15:06:00,desktop,home,404,344.53
U343,P043,view,2026-04-01 15:06:00,mobile,home,38,273.51
U392,P084,view,2026-04-01 15:08:00,mobile,electronics,270,303.53
U169,P014,view,2026-04-01 15:12:00,tablet,clothing,267,402.56
U290,P021,view,2026-04-01 15:16:00,tablet,electronics,21,126.6
U194,P034,click,2026-04-01 15:17:00,desktop,home,292,369.58
U406,P023,click,2026-04-01 15:18:00,desktop,beauty,375,334.9
U372,P049,click,2026-04-01 15:18:00,desktop,home,324,437.61
U212,P080,click,2026-04-01 15:18:00,tablet,clothing,282,158.48
U354,P088,click,2026-04-01 15:21:00,tablet,electronics,207,175.92
U196,P036,add_to_cart,2026-04-01 15:21:00,mobile,electronics,580,189.54
U299,P025,view,2026-04-01 15:21:00,tablet,electronics,132,458.77
U133,P039,click,2026-04-01 15:22:00,tablet,home,437,139.1
U322,P027,click,2026-04-01 15:23:00,mobile,beauty,501,149.03
U408,P031,add_to_cart,2026-04-01 15:24:00,desktop,home,403,21.73
U376,P035,click,2026-04-01 15:26:00,desktop,beauty,278,376.11
U076,P087,click,2026-04-01 15:27:00,desktop,clothing,335,319.85
U273,P006,click,2026-04-01 15:27:00,tablet,clothing,456,365.26
U141,P005,click,2026-04-01 15:30:00,desktop,clothing,323,341.3
U280,P023,click,2026-04-01 15:32:00,desktop,electronics,152,67.04
U212,P023,click,2026-04-01 15:32:00,desktop,electronics,276,130.01
U024,P047,click,2026-04-01 15:33:00,tablet,electronics,454,350.67
U107,P079,view,2026-04-01 15:35:00,tablet,home,183,472.19
U276,P001,view,2026-04-01 15:37:00,tablet,beauty,34,197.0
U050,P063,view,2026-04-01 15:37:00,mobile,home,142,312.18
U359,P026,click,2026-04-01 15:39:00,tablet,electronics,444,391.51
U351,P097,view,2026-04-01 15:46:00,desktop,home,121,245.35
U328,P024,add_to_cart,2026-04-01 15:47:00,desktop,clothing,472,90.74
U138,P029,click,2026-04-01 15:49:00,mobile,home,379,64.6
U391,P090,view,2026-04-01 15:49:00,desktop,electronics,313,475.49
U294,P016,click,2026-04-01 15:50:00,desktop,electronics,216,330.29
U231,P088,add_to_cart,2026-04-01 15:51:00,desktop,home,351,122.66
U479,P075,click,2026-04-01 15:53:00,desktop,home,283,72.49
U154,P070,view,2026-04-01 15:55:00,mobile,clothing,528,498.29
U145,P071,click,2026-04-01 15:57:00,tablet,clothing,522,180.73
U316,P004,view,2026-04-01 15:58:00,mobile,home,169,310.15
U339,P047,view,2026-04-01 16:00:00,tablet,electronics,234,382.72
U438,P081,view,2026-04-01 16:01:00,desktop,beauty,182,488.48
U419,P029,click,2026-04-01 16:02:00,desktop,beauty,368,264.48
U446,P060,view,2026-04-01 16:03:00,tablet,electronics,273,443.17
U263,P066,view,2026-04-01 16:03:00,tablet,beauty,285,202.37
U004,P067,click,2026-04-01 16:03:00,mobile,beauty,350,154.32
U352,P043,view,2026-04-01 16:05:00,mobile,home,155,488.52
U253,P002,view,2026-04-01 16:06:00,tablet,clothing,376,344.0
U157,P059,click,2026-04-01 16:07:00,mobile,beauty,386,219.39
U359,P072,add_to_cart,2026-04-01 16:08:00,mobile,electronics,452,186.61
U353,P100,view,2026-04-01 16:09:00,tablet,home,50,212.48
U087,P073,view,2026-04-01 16:10:00,mobile,electronics,301,425.18
U181,P085,view,2026-04-01 16:11:00,desktop,clothing,114,385.0
U019,P096,add_to_cart,2026-04-01 16:11:00,desktop,clothing,563,209.09
U484,P098,click,2026-04-01 16:12:00,desktop,clothing,279,349.03
U131,P044,click,2026-04-01 16:15:00,mobile,beauty,242,28.38
U110,P012,view,2026-04-01 16:15:00,tablet,home,93,197.93
U168,P088,add_to_cart,2026-04-01 16:17:00,desktop,electronics,424,168.98
U158,P083,add_to_cart,2026-04-01 16:21:00,mobile,electronics,458,149.59
U002,P056,view,2026-04-01 16:22:00,tablet,home,177,203.86
U106,P064,click,2026-04-01 16:22:00,desktop,clothing,395,90.08
U378,P038,add_to_cart,2026-04-01 16:24:00,desktop,home,473,112.76
U449,P068,view,2026-04-01 16:24:00,tablet,electronics,121,348.57
U449,P081,view,2026-04-01 16:27:00,tablet,beauty,310,287.39
U291,P092,add_to_cart,2026-04-01 16:28:00,mobile,electronics,552,220.49
U047,P057,view,2026-04-01 16:29:00,desktop,home,81,351.05
U231,P013,click,2026-04-01 16:29:00,desktop,home,319,252.01
U408,P084,view,2026-04-01 16:32:00,tablet,electronics,249,246.79
U244,P061,click,2026-04-01 16:32:00,desktop,electronics,590,467.56
U010,P056,click,2026-04-01 16:33:00,desktop,clothing,382,178.04
U082,P048,view,2026-04-01 16:34:00,tablet,clothing,257,478.01
U337,P074,click,2026-04-01 16:36:00,desktop,beauty,587,293.18
U001,P001,view,2026-04-01 16:37:00,tablet,home,210,59.48
U205,P091,view,2026-04-01 16:38:00,mobile,beauty,435,348.05
U050,P027,click,2026-04-01 16:38:00,desktop,clothing,384,426.19
U231,P043,add_to_cart,2026-04-01 16:39:00,mobile,electronics,460,168.1
U202,P010,click,2026-04-01 16:39:00,desktop,electronics,309,338.13
U370,P095,click,2026-04-01 16:40:00,mobile,home,456,250.73
U216,P058,view,2026-04-01 16:42:00,tablet,home,173,304.7
U202,P055,click,2026-04-01 16:42:00,desktop,electronics,362,286.34
U164,P072,add_to_cart,2026-04-01 16:43:00,desktop,clothing,578,94.42
U433,P034,view,2026-04-01 16:44:00,desktop,home,132,493.86
U137,P011,view,2026-04-01 16:44:00,tablet,home,294,109.45
U066,P036,add_to_cart,2026-04-01 16:45:00,tablet,electronics,485,225.27
U179,P086,view,2026-04-01 16:47:00,desktop,beauty,33,256.68
U324,P063,view,2026-04-01 16:48:00,mobile,beauty,336,368.06
U145,P090,add_to_cart,2026-04-01 16:49:00,mobile,home,597,173.89
U093,P045,click,2026-04-01 16:49:00,desktop,clothing,497,237.04
U250,P040,view,2026-04-01 16:49:00,desktop,beauty,21,26.71
U404,P011,view,2026-04-01 16:50:00,tablet,home,192,337.75
U300,P072,view,2026-04-01 16:52:00,mobile,beauty,101,156.37
U232,P094,add_to_cart,2026-04-01 16:53:00,mobile,home,490,50.14
U446,P065,click,2026-04-01 16:53:00,mobile,home,289,149.43
U333,P073,view,2026-04-01 16:55:00,tablet,home,131,145.27
U086,P080,add_to_cart,2026-04-01 16:58:00,tablet,beauty,557,146.09
U141,P039,add_to_cart,2026-04-01 16:59:00,desktop,home,456,175.94
U243,P063,click,2026-04-01 17:00:00,tablet,clothing,588,36.6
U244,P025,add_to_cart,2026-04-01 17:03:00,tablet,beauty,402,21.27
U487,P005,click,2026-04-01 17:03:00,mobile,electronics,364,200.84
U387,P056,view,2026-04-01 17:03:00,mobile,home,30,366.3
U152,P080,click,2026-04-01 17:05:00,desktop,beauty,537,461.82
U293,P060,click,2026-04-01 17:05:00,mobile,beauty,595,483.39
U467,P088,click,2026-04-01 17:06:00,tablet,clothing,345,297.47
U198,P064,click,2026-04-01 17:09:00,desktop,clothing,175,383.94
U025,P047,click,2026-04-01 17:09:00,tablet,beauty,293,104.68
U314,P044,view,2026-04-01 17:09:00,mobile,home,269,158.21
U030,P099,add_to_cart,2026-04-01 17:11:00,tablet,beauty,512,77.02
U492,P073,click,2026-04-01 17:13:00,mobile,electronics,463,439.27
U220,P087,view,2026-04-01 17:14:00,tablet,home,47,203.56
U341,P016,view,2026-04-01 17:14:00,desktop,electronics,184,450.03
U126,P100,add_to_cart,2026-04-01 17:16:00,mobile,electronics,511,90.54
U463,P055,add_to_cart,2026-04-01 17:17:00,desktop,clothing,547,41.21
U243,P077,view,2026-04-01 17:19:00,tablet,home,53,325.03
U060,P043,view,2026-04-01 17:19:00,mobile,home,292,475.12
U490,P037,click,2026-04-01 17:22:00,desktop,home,388,225.01
U257,P046,view,2026-04-01 17:24:00,tablet,clothing,174,49.78
U118,P081,click,2026-04-01 17:24:00,desktop,home,167,105.77
U335,P013,add_to_cart,2026-04-01 17:25:00,desktop,electronics,319,289.25
U006,P047,view,2026-04-01 17:26:00,mobile,clothing,278,470.1
U420,P022,click,2026-04-01 17:26:00,desktop,home,190,93.1
U333,P041,click,2026-04-01 17:27:00,mobile,electronics,360,139.7
U242,P092,view,2026-04-01 17:29:00,mobile,beauty,291,322.53
U365,P049,view,2026-04-01 17:33:00,tablet,beauty,24,311.44
U209,P057,add_to_cart,2026-04-01 17:35:00,mobile,electronics,528,164.15
U469,P037,view,2026-04-01 17:35:00,desktop,clothing,196,248.56
U011,P006,click,2026-04-01 17:35:00,mobile,electronics,476,290.24
U485,P014,click,2026-04-01 17:36:00,tablet,beauty,295,26.8
U374,P052,add_to_cart,2026-04-01 17:36:00,desktop,electronics,545,167.04
U209,P090,add_to_cart,2026-04-01 17:36:00,tablet,home,511,68.15
U244,P008,view,2026-04-01 17:37:00,desktop,beauty,46,305.15
U204,P015,add_to_cart,2026-04-01 17:38:00,desktop,electronics,512,121.73
U261,P042,view,2026-04-01 17:39:00,mobile,home,99,190.55
U059,P064,view,2026-04-01 17:39:00,tablet,beauty,114,246.93
U043,P075,click,2026-04-01 17:39:00,mobile,home,412,214.68
U438,P013,view,2026-04-01 17:41:00,mobile,home,335,338.93
U289,P070,click,2026-04-01 17:41:00,tablet,electronics,157,79.53
U005,P091,click,2026-04-01 17:42:00,desktop,clothing,368,174.24
U152,P067,view,2026-04-01 17:42:00,tablet,electronics,116,364.59
U415,P043,view,2026-04-01 17:42:00,mobile,clothing,240,369.97
U050,P015,click,2026-04-01 17:43:00,tablet,clothing,172,37.54
U094,P040,click,2026-04-01 17:44:00,desktop,home,397,394.29
U080,P093,add_to_cart,2026-04-01 17:44:00,desktop,electronics,503,248.6
U398,P026,view,2026-04-01 17:45:00,tablet,clothing,114,436.37
U101,P075,add_to_cart,2026-04-01 17:45:00,tablet,electronics,524,73.5
U084,P020,click,2026-04-01 17:46:00,desktop,electronics,314,490.58
U196,P046,click,2026-04-01 17:46:00,mobile,beauty,535,68.44
U467,P056,add_to_cart,2026-04-01 17:47:00,desktop,clothing,530,413.03
U069,P052,view,2026-04-01 17:47:00,desktop,home,144,364.91
U247,P028,add_to_cart,2026-04-01 17:48:00,desktop,home,573,217.26
U497,P037,view,2026-04-01 17:48:00,tablet,home,329,266.29
U061,P010,click,2026-04-01 17:51:00,tablet,electronics,572,450.01
U080,P024,add_to_cart,2026-04-01 17:51:00,desktop,electronics,380,358.54
U332,P017,click,2026-04-01 17:52:00,tablet,beauty,527,302.88
U441,P077,view,2026-04-01 17:52:00,mobile,clothing,187,474.09
U116,P029,click,2026-04-01 17:53:00,desktop,clothing,490,272.06
U219,P033,view,2026-04-01 17:53:00,tablet,home,40,184.53
U344,P065,view,2026-04-01 17:54:00,tablet,clothing,36,269.35
U154,P034,view,2026-04-01 17:55:00,desktop,home,138,117.48
U062,P063,view,2026-04-01 17:56:00,mobile,electronics,120,319.52
U068,P001,add_to_cart,2026-04-01 17:57:00,desktop,electronics,268,205.18
U193,P003,view,2026-04-01 17:59:00,tablet,electronics,209,491.5
U439,P092,view,2026-04-01 18:00:00,desktop,clothing,283,404.61
U006,P044,click,2026-04-01 18:01:00,tablet,home,316,149.84
U238,P017,click,2026-04-01 18:04:00,desktop,beauty,425,264.25
U200,P099,click,2026-04-01 18:05:00,mobile,electronics,573,409.07
U319,P094,click,2026-04-01 18:05:00,mobile,beauty,297,210.36
U223,P073,click,2026-04-01 18:06:00,mobile,home,339,120.19
U387,P056,click,2026-04-01 18:06:00,tablet,electronics,554,397.18
U400,P043,click,2026-04-01 18:06:00,tablet,home,569,247.03
U287,P085,click,2026-04-01 18:09:00,tablet,electronics,312,230.98
U332,P011,click,2026-04-01 18:10:00,tablet,electronics,269,409.82
U349,P072,view,2026-04-01 18:12:00,tablet,home,479,352.95
U327,P070,click,2026-04-01 18:13:00,mobile,beauty,558,412.64
U490,P022,view,2026-04-01 18:14:00,desktop,clothing,142,384.2
U456,P019,view,2026-04-01 18:17:00,mobile,clothing,173,336.47
U362,P020,view,2026-04-01 18:18:00,tablet,electronics,262,355.44
U164,P092,click,2026-04-01 18:20:00,desktop,beauty,533,421.89
U266,P083,view,2026-04-01 18:21:00,tablet,electronics,305,495.14
U340,P017,view,2026-04-01 18:23:00,mobile,clothing,381,380.51
U206,P092,click,2026-04-01 18:24:00,mobile,home,512,450.31
U265,P036,view,2026-04-01 18:25:00,mobile,beauty,237,445.77
U086,P002,click,2026-04-01 18:26:00,desktop,clothing,418,411.76
U490,P060,click,2026-04-01 18:27:00,desktop,beauty,223,199.87
U080,P009,view,2026-04-01 18:27:00,mobile,beauty,74,199.08
U324,P022,click,2026-04-01 18:28:00,mobile,beauty,356,114.14
U042,P084,view,2026-04-01 18:29:00,tablet,home,192,296.81
U446,P039,view,2026-04-01 18:30:00,desktop,home,79,339.65
U230,P072,click,2026-04-01 18:31:00,tablet,electronics,20,59.91
U127,P004,click,2026-04-01 18:32:00,tablet,electronics,172,292.57
U357,P012,add_to_cart,2026-04-01 18:32:00,desktop,home,466,17.83
U428,P075,view,2026-04-01 18:32:00,mobile,beauty,234,216.52
U248,P052,click,2026-04-01 18:32:00,mobile,electronics,304,275.79
U365,P027,click,2026-04-01 18:33:00,tablet,home,466,493.51
U369,P058,view,2026-04-01 18:34:00,desktop,clothing,13,288.19
U216,P059,click,2026-04-01 18:37:00,mobile,electronics,456,237.65
U244,P062,click,2026-04-01 18:38:00,tablet,electronics,456,389.46
U006,P023,view,2026-04-01 18:38:00,mobile,beauty,254,239.72
U149,P087,view,2026-04-01 18:38:00,tablet,home,329,251.57
U089,P028,view,2026-04-01 18:40:00,mobile,clothing,83,481.33
U174,P079,click,2026-04-01 18:41:00,mobile,beauty,383,134.05
U133,P009,click,2026-04-01 18:43:00,mobile,beauty,280,178.71
U339,P003,view,2026-04-01 18:43:00,desktop,home,110,324.78
U128,P057,click,2026-04-01 18:44:00,desktop,home,314,379.04
U146,P052,click,2026-04-01 18:45:00,mobile,beauty,350,24.18
U328,P025,view,2026-04-01 18:46:00,tablet,beauty,519,383.06
U037,P019,click,2026-04-01 18:47:00,mobile,beauty,359,143.97
U008,P032,click,2026-04-01 18:48:00,tablet,clothing,452,416.07
U117,P095,add_to_cart,2026-04-01 18:49:00,tablet,beauty,527,48.27
U323,P077,click,2026-04-01 18:50:00,mobile,clothing,529,195.77
U167,P067,view,2026-04-01 18:50:00,mobile,home,222,474.21
U057,P079,view,2026-04-01 18:51:00,desktop,home,237,424.81
U178,P075,click,2026-04-01 18:53:00,tablet,home,355,140.49
U318,P057,view,2026-04-01 18:56:00,mobile,beauty,60,391.48
U441,P052,view,2026-04-01 18:56:00,desktop,clothing,165,383.08
U023,P038,click,2026-04-01 18:57:00,mobile,electronics,108,99.09
U226,P021,click,2026-04-01 18:58:00,tablet,clothing,598,267.48
U103,P019,click,2026-04-01 18:59:00,desktop,beauty,102,100.69
U196,P089,view,2026-04-01 18:59:00,mobile,beauty,56,164.12
U158,P097,view,2026-04-01 19:01:00,tablet,electronics,189,311.76
U463,P095,view,2026-04-01 19:01:00,tablet,beauty,505,460.1
U006,P054,click,2026-04-01 19:02:00,desktop,beauty,457,348.81
U228,P054,view,2026-04-01 19:02:00,mobile,home,570,452.87
U438,P091,click,2026-04-01 19:04:00,tablet,home,588,272.73
U084,P054,view,2026-04-01 19:05:00,mobile,beauty,50,34.85
U316,P090,click,2026-04-01 19:05:00,desktop,clothing,266,271.35
U238,P018,view,2026-04-01 19:05:00,tablet,beauty,25,310.28
U234,P028,add_to_cart,2026-04-01 19:06:00,desktop,electronics,521,152.69
U224,P100,add_to_cart,2026-04-01 19:08:00,mobile,home,596,16.84
U267,P069,click,2026-04-01 19:08:00,desktop,beauty,298,218.5
U307,P007,click,2026-04-01 19:10:00,tablet,electronics,485,215.17
U249,P033,click,2026-04-01 19:12:00,mobile,clothing,382,256.81
U456,P003,view,2026-04-01 19:12:00,tablet,electronics,43,262.06
U261,P032,view,2026-04-01 19:13:00,mobile,beauty,57,321.83
U302,P002,click,2026-04-01 19:13:00,mobile,clothing,599,329.35
U386,P033,add_to_cart,2026-04-01 19:14:00,desktop,clothing,538,184.45
U392,P070,click,2026-04-01 19:14:00,mobile,beauty,420,61.49
U085,P010,add_to_cart,2026-04-01 19:15:00,desktop,electronics,597,281.84
U324,P048,add_to_cart,2026-04-01 19:17:00,desktop,beauty,383,17.45
U141,P052,add_to_cart,2026-04-01 19:17:00,desktop,electronics,563,200.88
U004,P032,click,2026-04-01 19:18:00,tablet,electronics,585,481.89
U419,P054,view,2026-04-01 19:18:00,tablet,beauty,191,460.5
U073,P004,view,2026-04-01 19:22:00,desktop,clothing,259,483.58
U084,P023,click,2026-04-01 19:23:00,desktop,electronics,69,211.55
U318,P085,add_to_cart,2026-04-01 19:23:00,mobile,electronics,463,46.27
U081,P020,click,2026-04-01 19:25:00,tablet,beauty,421,121.78
U131,P033,add_to_cart,2026-04-01 19:26:00,tablet,beauty,441,12.74
U151,P037,view,2026-04-01 19:27:00,tablet,beauty,451,450.11
U114,P049,add_to_cart,2026-04-01 19:27:00,desktop,home,565,256.01
U350,P016,click,2026-04-01 19:31:00,tablet,clothing,593,189.58
U301,P085,view,2026-04-01 19:32:00,mobile,home,100,135.2
U149,P046,view,2026-04-01 19:32:00,tablet,electronics,196,456.14
U357,P068,click,2026-04-01 19:34:00,desktop,home,301,128.37
U368,P098,click,2026-04-01 19:37:00,tablet,beauty,223,19.1
U440,P094,view,2026-04-01 19:38:00,tablet,home,96,131.4
U091,P052,view,2026-04-01 19:38:00,tablet,home,392,263.59
U052,P033,view,2026-04-01 19:39:00,mobile,home,59,289.38
U429,P041,view,2026-04-01 19:40:00,mobile,beauty,106,78.45
U016,P003,click,2026-04-01 19:40:00,desktop,home,231,461.74
U338,P010,view,2026-04-01 19:41:00,tablet,home,143,480.19
U357,P010,view,2026-04-01 19:47:00,tablet,home,393,358.52
U135,P060,add_to_cart,2026-04-01 19:48:00,desktop,home,468,113.85
U390,P078,click,2026-04-01 19:50:00,tablet,electronics,352,402.5
U014,P068,view,2026-04-01 19:51:00,tablet,beauty,19,340.02
U247,P049,click,2026-04-01 19:51:00,desktop,electronics,299,295.91
U011,P019,view,2026-04-01 19:51:00,mobile,beauty,409,477.14
U360,P031,view,2026-04-01 19:51:00,tablet,electronics,333,497.88
U203,P071,click,2026-04-01 19:51:00,desktop,beauty,197,24.09
U265,P076,view,2026-04-01 19:52:00,tablet,beauty,174,160.32
U287,P044,click,2026-04-01 19:54:00,desktop,home,244,224.67
U338,P036,add_to_cart,2026-04-01 19:55:00,desktop,electronics,520,419.09
U019,P095,click,2026-04-01 19:55:00,mobile,electronics,287,357.12
U287,P048,click,2026-04-01 19:56:00,desktop,beauty,496,496.77
U260,P005,add_to_cart,2026-04-01 19:57:00,desktop,electronics,286,40.22
U421,P003,click,2026-04-01 19:58:00,mobile,clothing,317,43.73
U236,P094,click,2026-04-01 19:58:00,tablet,clothing,535,180.94
U199,P095,view,2026-04-01 19:58:00,tablet,electronics,89,39.6
U058,P048,view,2026-04-01 20:00:00,mobile,home,401,228.97
U446,P070,click,2026-04-01 20:00:00,desktop,electronics,196,75.55
U350,P060,click,2026-04-01 20:02:00,tablet,electronics,506,361.69
U491,P098,view,2026-04-01 20:02:00,tablet,clothing,134,432.23
U210,P001,add_to_cart,2026-04-01 20:03:00,desktop,electronics,401,204.0
U496,P052,click,2026-04-01 20:04:00,desktop,home,404,316.99
U428,P096,click,2026-04-01 20:04:00,desktop,home,520,310.28
U291,P028,view,2026-04-01 20:06:00,mobile,electronics,228,256.06
U358,P071,view,2026-04-01 20:06:00,mobile,home,409,445.1
U059,P016,view,2026-04-01 20:06:00,desktop,clothing,48,95.64
U159,P052,click,2026-04-01 20:07:00,mobile,beauty,375,155.9
U343,P007,view,2026-04-01 20:09:00,mobile,electronics,65,407.47
U004,P080,click,2026-04-01 20:09:00,desktop,clothing,137,51.21
U220,P071,view,2026-04-01 20:12:00,tablet,electronics,79,200.15
U129,P004,add_to_cart,2026-04-01 20:12:00,desktop,electronics,566,53.65
U232,P097,add_to_cart,2026-04-01 20:13:00,mobile,electronics,428,36.8
U012,P063,view,2026-04-01 20:13:00,mobile,home,110,48.67
U269,P068,click,2026-04-01 20:16:00,tablet,clothing,338,254.96
U088,P005,view,2026-04-01 20:16:00,mobile,home,96,207.8
U014,P046,click,2026-04-01 20:16:00,tablet,clothing,479,260.75
U322,P073,click,2026-04-01 20:17:00,mobile,clothing,582,306.46
U493,P085,view,2026-04-01 20:18:00,mobile,clothing,35,202.68
U218,P096,view,2026-04-01 20:18:00,mobile,clothing,184,486.03
U390,P034,click,2026-04-01 20:19:00,tablet,electronics,439,60.66
U384,P087,view,2026-04-01 20:19:00,mobile,clothing,24,226.54
U260,P098,view,2026-04-01 20:20:00,tablet,electronics,168,375.27
U084,P041,click,2026-04-01 20:20:00,desktop,home,349,256.99
U414,P095,click,2026-04-01 20:21:00,mobile,clothing,357,34.25
U466,P046,click,2026-04-01 20:22:00,tablet,home,269,178.01
U080,P088,view,2026-04-01 20:23:00,tablet,electronics,34,328.62
U392,P013,view,2026-04-01 20:23:00,desktop,home,38,220.91
U336,P070,click,2026-04-01 20:25:00,desktop,clothing,115,124.45
U071,P027,view,2026-04-01 20:26:00,desktop,electronics,57,177.59
U112,P087,view,2026-04-01 20:26:00,mobile,beauty,45,389.06
U481,P083,view,2026-04-01 20:28:00,mobile,electronics,346,360.48
U153,P080,view,2026-04-01 20:29:00,tablet,clothing,364,478.85
U450,P002,click,2026-04-01 20:31:00,desktop,home,346,454.7
U069,P071,view,2026-04-01 20:34:00,mobile,home,130,130.58
U222,P046,add_to_cart,2026-04-01 20:36:00,mobile,home,549,39.52
U460,P030,click,2026-04-01 20:37:00,tablet,beauty,256,25.63
U140,P037,add_to_cart,2026-04-01 20:37:00,tablet,beauty,577,35.57
U036,P012,click,2026-04-01 20:37:00,mobile,clothing,563,167.48
U087,P094,view,2026-04-01 20:37:00,mobile,clothing,98,71.48
U154,P019,view,2026-04-01 20:38:00,tablet,beauty,55,230.7
U500,P062,click,2026-04-01 20:38:00,tablet,beauty,354,29.33
U081,P064,view,2026-04-01 20:38:00,mobile,home,352,277.02
U164,P021,view,2026-04-01 20:40:00,mobile,beauty,154,423.44
U078,P013,add_to_cart,2026-04-01 20:44:00,desktop,home,591,187.17
U264,P086,click,2026-04-01 20:45:00,mobile,electronics,274,43.11
U004,P039,view,2026-04-01 20:45:00,mobile,home,284,495.11
U313,P087,click,2026-04-01 20:46:00,desktop,beauty,321,257.16
U350,P016,view,2026-04-01 20:46:00,tablet,beauty,212,453.39
U099,P082,view,2026-04-01 20:47:00,mobile,beauty,13,150.47
U237,P069,click,2026-04-01 20:47:00,mobile,beauty,578,361.07
U153,P078,click,2026-04-01 20:47:00,mobile,electronics,126,92.49
U131,P024,view,2026-04-01 20:48:00,desktop,clothing,389,462.83
U432,P045,view,2026-04-01 20:48:00,mobile,beauty,323,491.58
U214,P069,view,2026-04-01 20:51:00,tablet,beauty,212,420.82
U274,P046,view,2026-04-01 20:51:00,desktop,home,44,90.01
U349,P013,view,2026-04-01 20:52:00,mobile,home,287,334.42
U402,P080,add_to_cart,2026-04-01 20:53:00,mobile,electronics,594,84.32
U317,P085,add_to_cart,2026-04-01 20:53:00,desktop,electronics,254,66.6
U239,P061,click,2026-04-01 20:53:00,desktop,beauty,130,51.27
U311,P020,view,2026-04-01 20:54:00,tablet,clothing,376,442.0
U381,P037,view,2026-04-01 20:55:00,desktop,clothing,30,365.26
U110,P061,add_to_cart,2026-04-01 20:56:00,desktop,clothing,364,81.11
U120,P044,view,2026-04-01 20:56:00,tablet,beauty,460,495.4
U456,P040,view,2026-04-01 20:56:00,desktop,home,82,397.38
U195,P050,view,2026-04-01 20:57:00,mobile,beauty,412,410.96
U157,P049,view,2026-04-01 21:00:00,mobile,clothing,409,237.4
U136,P091,click,2026-04-01 21:02:00,mobile,electronics,345,158.38
U150,P100,view,2026-04-01 21:03:00,mobile,clothing,442,384.28
U452,P085,click,2026-04-01 21:05:00,tablet,beauty,367,335.84
U117,P029,click,2026-04-01 21:09:00,desktop,clothing,260,85.4
U417,P064,click,2026-04-01 21:09:00,mobile,beauty,398,110.29
U259,P067,click,2026-04-01 21:11:00,desktop,home,597,318.96
U256,P100,add_to_cart,2026-04-01 21:13:00,desktop,clothing,546,64.38
U467,P053,view,2026-04-01 21:15:00,mobile,beauty,97,229.83
U022,P056,click,2026-04-01 21:15:00,desktop,electronics,262,392.33
U167,P012,click,2026-04-01 21:16:00,desktop,electronics,384,404.32
U458,P052,view,2026-04-01 21:16:00,tablet,home,44,192.28
U369,P077,add_to_cart,2026-04-01 21:18:00,mobile,electronics,425,22.58
U498,P073,click,2026-04-01 21:21:00,desktop,electronics,425,413.05
U293,P040,view,2026-04-01 21:22:00,mobile,home,49,409.7
U193,P072,view,2026-04-01 21:23:00,mobile,beauty,25,86.39
U377,P080,click,2026-04-01 21:24:00,desktop,electronics,231,421.36
U293,P067,view,2026-04-01 21:26:00,desktop,home,90,376.07
U419,P036,click,2026-04-01 21:29:00,mobile,electronics,216,155.21
U387,P095,click,2026-04-01 21:31:00,tablet,clothing,535,187.88
U351,P060,view,2026-04-01 21:33:00,tablet,home,305,416.94
U205,P011,click,2026-04-01 21:34:00,desktop,clothing,138,246.73
U429,P049,click,2026-04-01 21:35:00,tablet,electronics,219,162.96
U486,P095,view,2026-04-01 21:36:00,mobile,electronics,11,454.64
U277,P093,click,2026-04-01 21:37:00,desktop,clothing,66,50.91
U321,P090,click,2026-04-01 21:39:00,mobile,home,536,101.41
U319,P071,click,2026-04-01 21:40:00,mobile,clothing,370,250.5
U466,P080,view,2026-04-01 21:41:00,mobile,clothing,215,221.16
U070,P044,click,2026-04-01 21:44:00,tablet,electronics,425,329.89
U224,P029,view,2026-04-01 21:45:00,tablet,electronics,144,357.85
U259,P013,click,2026-04-01 21:48:00,tablet,beauty,461,48.52
U108,P072,click,2026-04-01 21:49:00,tablet,electronics,42,44.58
U335,P031,view,2026-04-01 21:49:00,tablet,clothing,202,222.48
U491,P029,view,2026-04-01 21:50:00,mobile,electronics,264,201.15
U325,P047,add_to_cart,2026-04-01 21:51:00,desktop,electronics,430,50.74
U026,P008,click,2026-04-01 21:53:00,desktop,clothing,365,126.99
U481,P066,click,2026-04-01 21:54:00,mobile,electronics,436,279.59
U159,P007,click,2026-04-01 21:55:00,mobile,beauty,573,79.29
U155,P007,click,2026-04-01 21:56:00,mobile,beauty,439,141.59
U431,P051,view,2026-04-01 21:56:00,mobile,clothing,18,165.9
U157,P026,click,2026-04-01 21:57:00,tablet,clothing,336,101.08
U350,P060,click,2026-04-01 22:00:00,tablet,clothing,452,296.04
U326,P018,click,2026-04-01 22:01:00,tablet,electronics,394,351.92
U297,P040,add_to_cart,2026-04-01 22:03:00,mobile,beauty,596,85.61
U289,P086,view,2026-04-01 22:03:00,mobile,clothing,79,51.49
U203,P028,view,2026-04-01 22:04:00,tablet,electronics,16,235.51
U318,P084,add_to_cart,2026-04-01 22:05:00,desktop,electronics,553,297.33
U409,P088,click,2026-04-01 22:05:00,tablet,electronics,300,226.13
U283,P074,view,2026-04-01 22:06:00,desktop,beauty,42,70.78
U070,P096,view,2026-04-01 22:08:00,mobile,electronics,66,354.71
U039,P038,view,2026-04-01 22:08:00,mobile,electronics,113,157.33
U259,P034,click,2026-04-01 22:09:00,mobile,electronics,482,478.33
U398,P001,view,2026-04-01 22:09:00,mobile,beauty,137,143.03
U115,P017,view,2026-04-01 22:09:00,tablet,home,311,451.35
U070,P058,view,2026-04-01 22:09:00,tablet,clothing,432,439.78
U289,P028,click,2026-04-01 22:10:00,desktop,electronics,398,296.45
U383,P037,add_to_cart,2026-04-01 22:11:00,desktop,beauty,565,254.58
U342,P056,view,2026-04-01 22:12:00,tablet,beauty,189,494.09
U463,P043,click,2026-04-01 22:13:00,mobile,home,382,21.92
U189,P029,click,2026-04-01 22:15:00,desktop,beauty,420,310.64
U313,P072,add_to_cart,2026-04-01 22:15:00,tablet,home,501,86.55
U469,P074,click,2026-04-01 22:17:00,desktop,clothing,285,75.9
U455,P003,view,2026-04-01 22:20:00,tablet,beauty,401,445.05
U026,P046,view,2026-04-01 22:23:00,mobile,home,423,448.29
U461,P099,click,2026-04-01 22:25:00,tablet,home,444,132.73
U384,P016,click,2026-04-01 22:25:00,tablet,electronics,192,56.41
U061,P027,view,2026-04-01 22:26:00,mobile,home,97,312.63
U003,P048,view,2026-04-01 22:26:00,mobile,clothing,77,299.14
U498,P049,click,2026-04-01 22:26:00,mobile,clothing,321,278.33
U268,P068,click,2026-04-01 22:29:00,mobile,electronics,256,121.65
U453,P068,view,2026-04-01 22:30:00,mobile,clothing,64,18.82
U027,P028,view,2026-04-01 22:30:00,mobile,electronics,167,109.99
U473,P077,view,2026-04-01 22:30:00,tablet,home,259,334.82
U377,P054,view,2026-04-01 22:33:00,mobile,beauty,13,199.86
U175,P036,click,2026-04-01 22:34:00,mobile,electronics,319,128.02
U415,P026,view,2026-04-01 22:35:00,mobile,electronics,23,405.1
U457,P091,click,2026-04-01 22:37:00,mobile,electronics,303,242.64
U150,P033,click,2026-04-01 22:38:00,mobile,electronics,447,118.92
U291,P006,add_to_cart,2026-04-01 22:38:00,desktop,beauty,435,72.41
U291,P041,click,2026-04-01 22:39:00,mobile,electronics,521,238.55
U206,P019,view,2026-04-01 22:41:00,desktop,home,10,100.84
U403,P064,add_to_cart,2026-04-01 22:42:00,desktop,clothing,500,170.45
U385,P096,view,2026-04-01 22:42:00,mobile,beauty,211,220.7
U445,P005,click,2026-04-01 22:43:00,desktop,clothing,576,451.14
U453,P017,view,2026-04-01 22:43:00,tablet,electronics,209,265.28
U096,P046,click,2026-04-01 22:44:00,mobile,home,428,488.66
U207,P018,view,2026-04-01 22:45:00,desktop,beauty,353,475.72
U062,P045,click,2026-04-01 22:46:00,tablet,clothing,582,387.09
U298,P011,click,2026-04-01 22:46:00,desktop,electronics,125,149.52
U245,P061,click,2026-04-01 22:46:00,desktop,electronics,223,78.58
U219,P007,view,2026-04-01 22:46:00,tablet,home,157,486.44
U473,P090,click,2026-04-01 22:46:00,mobile,electronics,316,344.11
U185,P014,view,2026-04-01 22:47:00,tablet,home,208,441.65
U437,P048,click,2026-04-01 22:49:00,tablet,electronics,525,212.71
U334,P019,add_to_cart,2026-04-01 22:50:00,desktop,clothing,520,165.59
U035,P099,add_to_cart,2026-04-01 22:51:00,desktop,home,310,93.9
U019,P026,view,2026-04-01 22:53:00,desktop,home,201,212.93
U467,P090,click,2026-04-01 22:53:00,mobile,home,423,18.93
U238,P100,click,2026-04-01 22:54:00,mobile,electronics,380,123.79
U018,P050,click,2026-04-01 22:55:00,tablet,electronics,332,252.69
U361,P005,click,2026-04-01 22:55:00,mobile,beauty,543,420.93
U325,P055,view,2026-04-01 22:55:00,tablet,home,402,387.6
U360,P087,view,2026-04-01 22:56:00,mobile,electronics,154,222.59
U454,P043,click,2026-04-01 22:57:00,mobile,electronics,396,375.69
U472,P068,click,2026-04-01 22:58:00,tablet,electronics,243,41.68
U094,P068,click,2026-04-01 23:02:00,mobile,home,496,205.98
U256,P035,add_to_cart,2026-04-01 23:02:00,desktop,electronics,530,102.01
U202,P057,view,2026-04-01 23:02:00,tablet,beauty,242,259.78
U262,P040,view,2026-04-01 23:06:00,tablet,clothing,261,263.95
U242,P083,add_to_cart,2026-04-01 23:06:00,desktop,clothing,544,257.15
U339,P051,click,2026-04-01 23:07:00,mobile,clothing,462,71.01
U450,P080,click,2026-04-01 23:07:00,tablet,clothing,595,372.71
U412,P014,view,2026-04-01 23:07:00,tablet,clothing,330,340.87
U233,P030,click,2026-04-01 23:09:00,desktop,beauty,341,294.81
U500,P036,view,2026-04-01 23:10:00,desktop,home,90,495.52
U067,P049,click,2026-04-01 23:11:00,desktop,home,255,333.87
U146,P072,click,2026-04-01 23:12:00,tablet,home,560,259.22
U491,P089,add_to_cart,2026-04-01 23:14:00,desktop,home,553,100.11
U303,P021,click,2026-04-01 23:14:00,tablet,electronics,470,374.98
U184,P072,click,2026-04-01 23:15:00,mobile,electronics,441,288.62
U029,P031,click,2026-04-01 23:17:00,desktop,electronics,394,268.92
U268,P075,view,2026-04-01 23:18:00,tablet,clothing,179,126.64
U046,P072,view,2026-04-01 23:18:00,tablet,clothing,269,54.05
U198,P029,click,2026-04-01 23:19:00,desktop,electronics,186,362.62
U409,P040,click,2026-04-01 23:20:00,mobile,beauty,558,206.83
U316,P006,view,2026-04-01 23:21:00,tablet,clothing,36,57.96
U306,P037,view,2026-04-01 23:21:00,desktop,electronics,133,486.74
U141,P022,click,2026-04-01 23:22:00,mobile,home,569,430.04
U445,P092,view,2026-04-01 23:22:00,tablet,home,520,427.97
U072,P042,add_to_cart,2026-04-01 23:23:00,desktop,electronics,469,203.55
U329,P078,click,2026-04-01 23:24:00,mobile,beauty,590,450.25
U249,P063,view,2026-04-01 23:26:00,mobile,clothing,19,199.86
U391,P052,view,2026-04-01 23:27:00,tablet,electronics,227,428.32
U181,P077,view,2026-04-01 23:27:00,tablet,clothing,54,79.77
U034,P097,view,2026-04-01 23:28:00,tablet,clothing,49,296.97
U245,P059,click,2026-04-01 23:28:00,tablet,beauty,491,51.99
U176,P082,click,2026-04-01 23:29:00,tablet,electronics,219,82.92
U080,P082,click,2026-04-01 23:31:00,desktop,home,283,121.38
U240,P028,add_to_cart,2026-04-01 23:32:00,tablet,clothing,540,69.26
U211,P043,view,2026-04-01 23:33:00,desktop,home,279,425.01
U139,P084,view,2026-04-01 23:33:00,tablet,clothing,150,482.2
U487,P100,click,2026-04-01 23:34:00,tablet,beauty,276,183.16
U128,P090,click,2026-04-01 23:34:00,tablet,electronics,147,20.48
U414,P050,add_to_cart,2026-04-01 23:35:00,mobile,electronics,570,200.15
U117,P029,view,2026-04-01 23:35:00,tablet,clothing,488,442.62
U087,P057,view,2026-04-01 23:37:00,mobile,home,202,422.67
U290,P092,click,2026-04-01 23:39:00,mobile,electronics,391,345.58
U156,P028,click,2026-04-01 23:39:00,mobile,electronics,123,188.34
U338,P046,add_to_cart,2026-04-01 23:40:00,desktop,home,562,201.35
U338,P051,click,2026-04-01 23:40:00,desktop,beauty,155,21.17
U257,P053,view,2026-04-01 23:40:00,desktop,beauty,127,422.58
U495,P057,view,2026-04-01 23:41:00,tablet,electronics,259,456.48
U021,P025,add_to_cart,2026-04-01 23:41:00,mobile,electronics,510,243.29
U351,P094,view,2026-04-01 23:42:00,tablet,beauty,320,466.23
U456,P057,add_to_cart,2026-04-01 23:43:00,desktop,electronics,332,151.66
U461,P029,add_to_cart,2026-04-01 23:45:00,desktop,clothing,479,332.64
U259,P032,click,2026-04-01 23:47:00,tablet,clothing,286,20.85
U471,P071,view,2026-04-01 23:47:00,tablet,beauty,104,149.69
U030,P050,click,2026-04-01 23:49:00,desktop,clothing,255,222.56
U295,P070,add_to_cart,2026-04-01 23:49:00,desktop,electronics,342,195.52
U149,P077,view,2026-04-01 23:51:00,desktop,home,115,269.48
U303,P071,view,2026-04-01 23:52:00,tablet,home,214,181.51
U357,P048,click,2026-04-01 23:52:00,desktop,beauty,306,110.62
U038,P032,click,2026-04-01 23:55:00,tablet,beauty,551,297.49
U069,P030,click,2026-04-01 23:55:00,desktop,beauty,251,165.19
U085,P052,add_to_cart,2026-04-01 23:57:00,tablet,beauty,599,56.96
U394,P064,view,2026-04-01 23:58:00,tablet,beauty,132,141.55
U070,P001,click,2026-04-01 23:58:00,tablet,electronics,151,38.05
U463,P099,view,2026-04-01 23:59:00,desktop,clothing,327,405.51
U222,P049,click,2026-04-02 00:00:00,desktop,clothing,327,217.85
U027,P011,click,2026-04-02 00:00:00,desktop,beauty,152,150.18
U169,P010,click,2026-04-02 00:01:00,desktop,home,110,241.5
U108,P002,click,2026-04-02 00:01:00,desktop,beauty,156,144.77
U500,P017,click,2026-04-02 00:03:00,desktop,home,187,53.77
U287,P087,view,2026-04-02 00:03:00,desktop,clothing,168,374.85
U093,P098,click,2026-04-02 00:04:00,desktop,home,152,94.74
U394,P074,click,2026-04-02 00:06:00,mobile,clothing,600,367.27
U195,P068,add_to_cart,2026-04-02 00:06:00,desktop,beauty,594,198.05
U149,P074,click,2026-04-02 00:09:00,desktop,electronics,167,87.42
U369,P057,add_to_cart,2026-04-02 00:10:00,desktop,clothing,490,33.28
U468,P028,click,2026-04-02 00:11:00,desktop,beauty,288,466.83
U127,P021,click,2026-04-02 00:11:00,tablet,beauty,391,56.13
U160,P021,click,2026-04-02 00:13:00,mobile,clothing,326,113.22
U187,P010,view,2026-04-02 00:14:00,mobile,beauty,267,377.79
U442,P006,click,2026-04-02 00:16:00,tablet,home,519,220.78
U220,P083,view,2026-04-02 00:17:00,tablet,home,132,140.2
U429,P025,click,2026-04-02 00:17:00,desktop,home,539,249.07
U153,P078,view,2026-04-02 00:17:00,mobile,beauty,499,450.89
U073,P022,view,2026-04-02 00:18:00,tablet,clothing,101,484.93
U157,P028,add_to_cart,2026-04-02 00:19:00,desktop,electronics,335,121.44
U067,P076,view,2026-04-02 00:21:00,mobile,beauty,72,284.16
U189,P076,add_to_cart,2026-04-02 00:24:00,desktop,electronics,384,43.56
U411,P043,view,2026-04-02 00:25:00,mobile,beauty,47,236.46
U379,P098,view,2026-04-02 00:25:00,mobile,electronics,230,305.78
U319,P005,click,2026-04-02 00:26:00,mobile,electronics,455,428.01
U486,P090,view,2026-04-02 00:27:00,tablet,beauty,167,293.08
U458,P099,view,2026-04-02 00:27:00,mobile,home,38,223.8
U036,P011,click,2026-04-02 00:28:00,tablet,clothing,523,202.77
U500,P020,view,2026-04-02 00:28:00,mobile,beauty,278,53.59
U147,P071,click,2026-04-02 00:29:00,tablet,home,589,137.54
U179,P040,click,2026-04-02 00:29:00,mobile,electronics,561,497.89
U038,P052,click,2026-04-02 00:30:00,mobile,beauty,486,320.93
U485,P071,add_to_cart,2026-04-02 00:31:00,tablet,electronics,482,133.55
U104,P057,click,2026-04-02 00:31:00,tablet,electronics,382,317.47
U374,P007,view,2026-04-02 00:32:00,mobile,beauty,99,412.95
U166,P059,view,2026-04-02 00:35:00,mobile,clothing,266,494.71
U231,P077,view,2026-04-02 00:36:00,tablet,clothing,119,195.13
U449,P070,view,2026-04-02 00:37:00,mobile,beauty,76,139.3
U281,P086,click,2026-04-02 00:38:00,mobile,electronics,510,305.5
U030,P078,view,2026-04-02 00:38:00,desktop,clothing,32,384.25
U043,P010,view,2026-04-02 00:39:00,tablet,clothing,388,247.51
U086,P055,view,2026-04-02 00:39:00,desktop,beauty,211,440.91
U224,P082,click,2026-04-02 00:39:00,mobile,clothing,543,477.74
U357,P047,click,2026-04-02 00:42:00,desktop,beauty,522,245.96
U220,P074,view,2026-04-02 00:45:00,tablet,beauty,313,239.33
U283,P048,click,2026-04-02 00:45:00,mobile,beauty,509,202.15
U407,P007,click,2026-04-02 00:46:00,desktop,beauty,263,309.96
U213,P033,click,2026-04-02 00:46:00,desktop,beauty,401,118.8
U455,P033,click,2026-04-02 00:48:00,tablet,electronics,376,149.8
U055,P068,click,2026-04-02 00:48:00,desktop,electronics,219,477.7
U100,P017,click,2026-04-02 00:49:00,tablet,electronics,530,455.67
U014,P023,view,2026-04-02 00:50:00,desktop,home,49,132.6
U496,P055,view,2026-04-02 00:50:00,mobile,home,28,318.57
U369,P069,add_to_cart,2026-04-02 00:56:00,desktop,clothing,567,274.1
U321,P078,view,2026-04-02 00:56:00,tablet,electronics,241,318.61
U413,P067,add_to_cart,2026-04-02 01:00:00,tablet,beauty,529,66.05
U332,P008,click,2026-04-02 01:02:00,mobile,electronics,362,34.79
U135,P096,view,2026-04-02 01:02:00,desktop,home,270,480.18
U449,P076,click,2026-04-02 01:02:00,desktop,electronics,193,385.67
U403,P012,click,2026-04-02 01:05:00,mobile,electronics,592,489.85
U342,P015,view,2026-04-02 01:07:00,mobile,electronics,213,396.72
U117,P095,view,2026-04-02 01:07:00,desktop,clothing,257,484.96
U248,P021,view,2026-04-02 01:08:00,tablet,beauty,21,240.68
U465,P001,add_to_cart,2026-04-02 01:09:00,desktop,beauty,592,206.43
U150,P093,click,2026-04-02 01:10:00,tablet,beauty,478,234.2
U300,P015,view,2026-04-02 01:11:00,desktop,home,151,310.52
U039,P089,click,2026-04-02 01:13:00,mobile,electronics,383,353.0
U218,P071,click,2026-04-02 01:14:00,tablet,beauty,412,132.26
U376,P016,click,2026-04-02 01:15:00,mobile,beauty,599,437.69
U028,P053,view,2026-04-02 01:16:00,tablet,home,299,466.29
U422,P076,click,2026-04-02 01:18:00,mobile,home,356,66.53
U097,P060,add_to_cart,2026-04-02 01:19:00,mobile,electronics,324,13.88
U195,P082,click,2026-04-02 01:20:00,desktop,home,260,205.7
U230,P012,add_to_cart,2026-04-02 01:20:00,desktop,home,526,244.66
U021,P072,add_to_cart,2026-04-02 01:22:00,tablet,electronics,520,97.86
U022,P035,view,2026-04-02 01:23:00,mobile,home,169,313.87
U118,P005,click,2026-04-02 01:23:00,tablet,electronics,523,357.6
U323,P046,view,2026-04-02 01:23:00,tablet,clothing,106,139.67
U464,P035,view,2026-04-02 01:24:00,mobile,beauty,178,139.74
U127,P030,click,2026-04-02 01:26:00,tablet,beauty,583,347.73
U190,P030,add_to_cart,2026-04-02 01:26:00,desktop,electronics,561,142.87
U090,P013,click,2026-04-02 01:27:00,tablet,home,198,26.06
U370,P052,add_to_cart,2026-04-02 01:28:00,desktop,electronics,545,104.16
U306,P026,view,2026-04-02 01:29:00,mobile,beauty,79,65.43
U029,P047,click,2026-04-02 01:30:00,mobile,clothing,488,359.26
U056,P058,view,2026-04-02 01:30:00,desktop,clothing,231,192.9
U041,P078,click,2026-04-02 01:30:00,tablet,clothing,580,311.31
U013,P074,add_to_cart,2026-04-02 01:30:00,desktop,beauty,508,26.12
U499,P001,click,2026-04-02 01:31:00,tablet,clothing,509,209.7
U089,P009,click,2026-04-02 01:31:00,mobile,home,320,220.43
U493,P076,view,2026-04-02 01:32:00,mobile,beauty,56,204.02
U387,P070,add_to_cart,2026-04-02 01:33:00,desktop,home,552,318.81
U219,P027,click,2026-04-02 01:35:00,mobile,beauty,541,389.32
U142,P012,click,2026-04-02 01:37:00,desktop,electronics,318,335.97
U282,P052,view,2026-04-02 01:37:00,tablet,clothing,323,194.62
U337,P034,click,2026-04-02 01:39:00,desktop,beauty,261,279.03
U290,P074,view,2026-04-02 01:39:00,tablet,beauty,268,465.57
U336,P010,click,2026-04-02 01:39:00,mobile,electronics,554,411.8
U365,P004,click,2026-04-02 01:39:00,tablet,clothing,185,106.73
U073,P090,click,2026-04-02 01:40:00,tablet,home,447,104.43
U137,P086,click,2026-04-02 01:40:00,desktop,beauty,237,45.86
U185,P030,view,2026-04-02 01:42:00,mobile,clothing,474,452.49
U093,P075,view,2026-04-02 01:44:00,mobile,electronics,57,208.01
U243,P078,view,2026-04-02 01:46:00,mobile,clothing,487,493.78
U115,P094,view,2026-04-02 01:46:00,mobile,electronics,216,240.27
U005,P031,view,2026-04-02 01:48:00,mobile,electronics,255,498.66
U121,P014,add_to_cart,2026-04-02 01:51:00,desktop,clothing,419,267.18
U314,P097,click,2026-04-02 01:54:00,desktop,electronics,403,373.14
U065,P079,view,2026-04-02 01:55:00,mobile,beauty,243,293.96
U194,P052,add_to_cart,2026-04-02 01:56:00,tablet,electronics,530,182.95
U387,P082,view,2026-04-02 01:56:00,tablet,electronics,52,148.48
U067,P100,click,2026-04-02 01:57:00,mobile,clothing,516,154.79
U073,P034,click,2026-04-02 01:57:00,desktop,beauty,497,465.11
U283,P082,view,2026-04-02 02:00:00,mobile,beauty,343,337.95
U276,P012,click,2026-04-02 02:01:00,mobile,clothing,573,353.53
U168,P084,click,2026-04-02 02:01:00,mobile,clothing,459,295.49
U375,P052,view,2026-04-02 02:01:00,mobile,home,427,345.83
U265,P047,click,2026-04-02 02:01:00,desktop,beauty,287,245.11
U056,P014,click,2026-04-02 02:02:00,tablet,clothing,206,28.61
U082,P032,view,2026-04-02 02:02:00,mobile,beauty,136,302.12
U204,P034,click,2026-04-02 02:04:00,tablet,electronics,453,389.58
U025,P054,add_to_cart,2026-04-02 02:05:00,tablet,clothing,595,42.54
U294,P096,click,2026-04-02 02:06:00,desktop,home,261,181.28
U304,P028,click,2026-04-02 02:07:00,mobile,clothing,397,247.92
U383,P100,click,2026-04-02 02:07:00,desktop,home,344,170.75
U325,P045,view,2026-04-02 02:07:00,mobile,beauty,105,48.0
U086,P084,click,2026-04-02 02:09:00,tablet,home,522,181.79
U461,P096,click,2026-04-02 02:09:00,mobile,home,217,78.53
U114,P010,view,2026-04-02 02:11:00,mobile,home,59,49.7
U080,P076,click,2026-04-02 02:12:00,mobile,home,421,167.28
U065,P043,click,2026-04-02 02:12:00,desktop,home,515,441.5
U335,P040,click,2026-04-02 02:16:00,mobile,clothing,236,157.59
U415,P090,view,2026-04-02 02:17:00,tablet,home,272,242.54
U219,P042,add_to_cart,2026-04-02 02:18:00,desktop,electronics,327,337.89
U287,P057,view,2026-04-02 02:19:00,tablet,electronics,127,140.53
U416,P089,view,2026-04-02 02:19:00,mobile,electronics,68,465.67
U047,P026,view,2026-04-02 02:20:00,tablet,clothing,21,378.1
U105,P066,view,2026-04-02 02:21:00,desktop,clothing,167,495.23
U199,P021,click,2026-04-02 02:21:00,desktop,electronics,438,371.1
U426,P038,view,2026-04-02 02:22:00,tablet,home,426,486.47
U422,P087,add_to_cart,2026-04-02 02:22:00,tablet,electronics,517,136.4
U099,P040,click,2026-04-02 02:23:00,mobile,electronics,469,308.21
U059,P037,view,2026-04-02 02:24:00,desktop,home,33,315.18
U091,P091,click,2026-04-02 02:26:00,mobile,beauty,569,209.06
U180,P065,view,2026-04-02 02:27:00,mobile,beauty,26,216.66
U466,P021,view,2026-04-02 02:28:00,tablet,clothing,279,205.63
U163,P012,view,2026-04-02 02:28:00,tablet,beauty,246,282.53
U298,P051,view,2026-04-02 02:28:00,mobile,home,230,485.3
U115,P011,view,2026-04-02 02:30:00,mobile,home,246,254.63
U397,P080,click,2026-04-02 02:31:00,desktop,home,232,82.04
U093,P063,view,2026-04-02 02:32:00,tablet,beauty,75,268.39
U486,P081,click,2026-04-02 02:32:00,desktop,clothing,184,324.21
U004,P094,view,2026-04-02 02:32:00,mobile,beauty,176,386.35
U419,P072,click,2026-04-02 02:33:00,tablet,clothing,288,51.25
U229,P046,click,2026-04-02 02:34:00,tablet,electronics,191,160.54
U186,P006,add_to_cart,2026-04-02 02:35:00,desktop,clothing,362,121.25
U372,P054,add_to_cart,2026-04-02 02:36:00,mobile,electronics,487,222.01
U389,P075,click,2026-04-02 02:37:00,mobile,clothing,463,211.07
U370,P060,click,2026-04-02 02:37:00,desktop,electronics,110,111.96
U147,P066,click,2026-04-02 02:41:00,desktop,electronics,147,196.81
U054,P043,view,2026-04-02 02:43:00,mobile,electronics,108,121.32
U087,P015,view,2026-04-02 02:44:00,mobile,home,13,443.64
U165,P034,view,2026-04-02 02:44:00,mobile,beauty,226,468.4
U428,P016,view,2026-04-02 02:45:00,desktop,clothing,95,131.96
U038,P016,click,2026-04-02 02:46:00,desktop,clothing,437,178.68
U071,P043,click,2026-04-02 02:46:00,desktop,home,36,81.1
U016,P005,add_to_cart,2026-04-02 02:47:00,desktop,electronics,600,203.22
U046,P080,view,2026-04-02 02:47:00,desktop,clothing,138,243.7
U144,P051,view,2026-04-02 02:47:00,tablet,clothing,121,208.82
U078,P041,click,2026-04-02 02:48:00,mobile,electronics,377,20.14
U469,P008,click,2026-04-02 02:48:00,desktop,home,48,125.72
U095,P083,view,2026-04-02 02:49:00,tablet,clothing,130,58.89
U104,P072,click,2026-04-02 02:50:00,tablet,beauty,413,199.21
U095,P047,click,2026-04-02 02:51:00,desktop,clothing,150,163.82
U392,P096,view,2026-04-02 02:54:00,desktop,beauty,210,436.08
U334,P004,click,2026-04-02 02:54:00,mobile,clothing,354,16.6
U281,P052,click,2026-04-02 02:55:00,mobile,beauty,478,24.23
U083,P013,click,2026-04-02 02:57:00,mobile,beauty,283,91.91
U217,P090,view,2026-04-02 02:57:00,tablet,clothing,248,223.21
U191,P008,click,2026-04-02 02:57:00,mobile,clothing,242,40.2
U045,P030,click,2026-04-02 02:58:00,desktop,clothing,144,123.1
U255,P053,click,2026-04-02 02:59:00,tablet,home,488,173.37
U004,P100,view,2026-04-02 03:00:00,mobile,clothing,162,164.3
U394,P041,view,2026-04-02 03:01:00,desktop,electronics,109,384.68
U433,P064,view,2026-04-02 03:01:00,mobile,home,334,381.04
U154,P022,click,2026-04-02 03:01:00,desktop,clothing,301,239.08
U442,P024,click,2026-04-02 03:02:00,mobile,clothing,590,320.34
U114,P048,view,2026-04-02 03:03:00,mobile,clothing,490,449.67
U220,P060,click,2026-04-02 03:04:00,mobile,clothing,480,197.78
U198,P086,view,2026-04-02 03:04:00,mobile,home,303,199.01
U467,P018,click,2026-04-02 03:07:00,desktop,clothing,201,34.89
U123,P086,view,2026-04-02 03:09:00,tablet,electronics,72,320.91
U358,P072,view,2026-04-02 03:10:00,desktop,electronics,63,135.56
U013,P069,click,2026-04-02 03:10:00,mobile,beauty,381,126.43
U056,P063,view,2026-04-02 03:10:00,mobile,clothing,288,300.01
U298,P006,view,2026-04-02 03:11:00,mobile,electronics,142,218.23
U405,P054,click,2026-04-02 03:12:00,desktop,home,333,225.78
U311,P005,view,2026-04-02 03:13:00,mobile,beauty,204,386.37
U120,P089,view,2026-04-02 03:14:00,mobile,electronics,165,373.29
U357,P050,click,2026-04-02 03:14:00,desktop,clothing,377,28.88
U091,P021,add_to_cart,2026-04-02 03:15:00,mobile,clothing,528,104.86
U478,P083,click,2026-04-02 03:17:00,desktop,home,133,87.35
U457,P029,add_to_cart,2026-04-02 03:18:00,desktop,electronics,372,37.21
U150,P014,view,2026-04-02 03:19:00,desktop,home,171,160.82
U281,P025,view,2026-04-02 03:20:00,tablet,home,375,471.54
U041,P009,click,2026-04-02 03:22:00,desktop,home,151,40.61
U317,P068,view,2026-04-02 03:23:00,tablet,clothing,317,384.86
U496,P055,view,2026-04-02 03:23:00,tablet,beauty,270,293.91
U163,P085,view,2026-04-02 03:25:00,mobile,electronics,171,23.98
U243,P023,view,2026-04-02 03:26:00,mobile,home,226,257.86
U258,P006,view,2026-04-02 03:26:00,mobile,beauty,107,280.33
U416,P039,click,2026-04-02 03:28:00,mobile,electronics,467,106.13
U244,P013,view,2026-04-02 03:30:00,mobile,electronics,255,498.38
U355,P035,view,2026-04-02 03:30:00,tablet,electronics,174,306.98
U362,P063,view,2026-04-02 03:32:00,desktop,home,144,498.88
U393,P044,click,2026-04-02 03:33:00,tablet,electronics,368,477.79
U097,P038,add_to_cart,2026-04-02 03:34:00,desktop,clothing,496,88.26
U251,P057,view,2026-04-02 03:34:00,tablet,clothing,140,143.94
U142,P087,add_to_cart,2026-04-02 03:35:00,mobile,electronics,497,102.77
U173,P068,click,2026-04-02 03:36:00,desktop,clothing,436,183.67
U253,P099,click,2026-04-02 03:36:00,mobile,home,336,164.2
U427,P042,view,2026-04-02 03:37:00,desktop,clothing,75,336.33
U202,P027,click,2026-04-02 03:38:00,desktop,beauty,301,169.54
U129,P039,view,2026-04-02 03:39:00,mobile,home,37,200.56
U236,P084,view,2026-04-02 03:39:00,desktop,electronics,169,449.52
U186,P058,click,2026-04-02 03:39:00,desktop,electronics,282,386.43
U194,P042,click,2026-04-02 03:40:00,desktop,electronics,260,247.08
U422,P082,view,2026-04-02 03:40:00,desktop,beauty,108,248.29
U435,P091,add_to_cart,2026-04-02 03:41:00,tablet,electronics,571,15.79
U347,P019,view,2026-04-02 03:42:00,tablet,clothing,87,209.25
U435,P055,click,2026-04-02 03:42:00,mobile,beauty,489,40.93
U253,P066,click,2026-04-02 03:44:00,tablet,clothing,440,44.5
U322,P079,click,2026-04-02 03:44:00,desktop,electronics,150,174.81
U197,P063,click,2026-04-02 03:45:00,tablet,electronics,417,250.8
U083,P062,add_to_cart,2026-04-02 03:45:00,tablet,electronics,430,16.35
U140,P071,view,2026-04-02 03:48:00,mobile,beauty,415,467.28
U398,P057,click,2026-04-02 03:48:00,desktop,electronics,292,303.35
U452,P012,view,2026-04-02 03:49:00,tablet,home,234,277.82
U014,P047,click,2026-04-02 03:49:00,mobile,beauty,447,379.14
U285,P091,add_to_cart,2026-04-02 03:49:00,tablet,electronics,549,123.93
U351,P037,click,2026-04-02 03:49:00,tablet,beauty,457,125.13
U358,P008,view,2026-04-02 03:50:00,desktop,beauty,24,428.97
U268,P007,click,2026-04-02 03:50:00,mobile,electronics,511,109.33
U003,P086,view,2026-04-02 03:50:00,tablet,home,347,469.78
U363,P043,view,2026-04-02 03:52:00,tablet,home,149,229.87
U093,P023,click,2026-04-02 03:52:00,mobile,home,178,15.39
U225,P001,click,2026-04-02 03:54:00,tablet,home,400,304.74
U455,P082,click,2026-04-02 03:54:00,desktop,beauty,527,426.08
U062,P070,view,2026-04-02 03:56:00,desktop,home,339,463.69
U305,P061,add_to_cart,2026-04-02 03:56:00,tablet,beauty,544,74.28
U271,P019,click,2026-04-02 03:56:00,tablet,electronics,411,44.06
U250,P065,click,2026-04-02 03:57:00,tablet,electronics,466,466.33
U154,P076,view,2026-04-02 03:57:00,tablet,home,351,357.67
U255,P068,click,2026-04-02 03:58:00,tablet,electronics,393,265.22
U264,P051,click,2026-04-02 03:58:00,mobile,electronics,447,285.45
U341,P004,view,2026-04-02 03:58:00,mobile,beauty,176,293.84
U273,P033,view,2026-04-02 04:00:00,tablet,clothing,147,42.64
U135,P078,click,2026-04-02 04:03:00,tablet,electronics,145,156.06
U048,P067,add_to_cart,2026-04-02 04:05:00,desktop,home,543,192.47
U497,P069,click,2026-04-02 04:06:00,mobile,beauty,352,287.77
U392,P013,click,2026-04-02 04:07:00,tablet,home,600,483.16
U348,P057,view,2026-04-02 04:08:00,desktop,electronics,40,374.23
U308,P039,click,2026-04-02 04:09:00,desktop,electronics,316,422.13
U345,P023,click,2026-04-02 04:12:00,tablet,electronics,389,252.83
U133,P026,click,2026-04-02 04:12:00,mobile,clothing,589,362.66
U290,P067,click,2026-04-02 04:13:00,tablet,home,503,131.21
U246,P023,add_to_cart,2026-04-02 04:14:00,desktop,electronics,460,92.22
U391,P092,click,2026-04-02 04:16:00,desktop,electronics,276,187.75
U256,P036,click,2026-04-02 04:16:00,mobile,home,484,474.63
U317,P066,click,2026-04-02 04:17:00,desktop,clothing,274,224.21
U042,P018,click,2026-04-02 04:18:00,tablet,clothing,521,388.74
U280,P003,click,2026-04-02 04:20:00,desktop,electronics,249,233.09
U241,P032,view,2026-04-02 04:20:00,mobile,beauty,172,374.39
U142,P042,view,2026-04-02 04:21:00,mobile,clothing,169,400.73
U259,P057,click,2026-04-02 04:21:00,desktop,electronics,188,140.02
U142,P088,add_to_cart,2026-04-02 04:22:00,desktop,home,597,304.29
U062,P045,add_to_cart,2026-04-02 04:22:00,desktop,electronics,369,81.4
U189,P073,click,2026-04-02 04:22:00,mobile,home,362,36.6
U211,P031,view,2026-04-02 04:24:00,mobile,beauty,302,166.33
U045,P020,view,2026-04-02 04:27:00,tablet,clothing,370,235.15
U471,P085,click,2026-04-02 04:28:00,desktop,beauty,487,370.7
U368,P076,view,2026-04-02 04:29:00,desktop,home,19,194.87
U112,P022,view,2026-04-02 04:29:00,mobile,electronics,79,233.45
U343,P018,view,2026-04-02 04:29:00,desktop,beauty,345,412.29
U226,P085,click,2026-04-02 04:30:00,tablet,home,555,326.64
U445,P010,add_to_cart,2026-04-02 04:30:00,desktop,electronics,188,85.12
U446,P006,view,2026-04-02 04:31:00,mobile,clothing,397,388.99
U231,P100,view,2026-04-02 04:33:00,desktop,home,19,306.28
U334,P075,view,2026-04-02 04:34:00,mobile,electronics,47,437.88
U235,P042,click,2026-04-02 04:34:00,tablet,electronics,408,209.91
U204,P034,click,2026-04-02 04:34:00,desktop,home,441,445.02
U254,P037,click,2026-04-02 04:41:00,mobile,clothing,406,424.07
U126,P026,view,2026-04-02 04:42:00,mobile,electronics,43,169.56
U448,P003,add_to_cart,2026-04-02 04:42:00,desktop,electronics,530,328.87
U216,P030,view,2026-04-02 04:44:00,tablet,beauty,348,403.62
U064,P041,view,2026-04-02 04:48:00,mobile,clothing,53,299.02
U060,P026,click,2026-04-02 04:48:00,mobile,clothing,428,299.11
U223,P018,click,2026-04-02 04:52:00,tablet,clothing,532,289.78
U058,P015,view,2026-04-02 04:52:00,tablet,home,68,338.76
U113,P017,click,2026-04-02 04:55:00,desktop,clothing,312,46.19
U053,P086,view,2026-04-02 04:56:00,desktop,clothing,25,25.07
U296,P021,add_to_cart,2026-04-02 04:57:00,desktop,electronics,515,90.07
U156,P064,view,2026-04-02 04:58:00,mobile,home,147,396.72
U172,P017,add_to_cart,2026-04-02 04:58:00,desktop,electronics,503,201.49
U139,P010,view,2026-04-02 05:00:00,desktop,clothing,19,285.78
U468,P021,click,2026-04-02 05:01:00,tablet,clothing,545,70.21
U291,P068,add_to_cart,2026-04-02 05:01:00,desktop,electronics,441,110.82
U214,P050,view,2026-04-02 05:02:00,tablet,electronics,103,232.94
U169,P072,click,2026-04-02 05:02:00,mobile,electronics,401,182.94
U159,P019,view,2026-04-02 05:03:00,tablet,home,14,409.57
U357,P009,click,2026-04-02 05:03:00,mobile,home,337,53.58
U454,P090,click,2026-04-02 05:04:00,mobile,electronics,228,313.12
U293,P067,view,2026-04-02 05:04:00,mobile,clothing,26,455.44
U440,P013,view,2026-04-02 05:04:00,desktop,clothing,319,495.81
U409,P020,view,2026-04-02 05:05:00,tablet,home,75,196.93
U362,P077,view,2026-04-02 05:07:00,mobile,beauty,177,264.53
U086,P033,view,2026-04-02 05:07:00,tablet,clothing,290,427.21
U363,P027,click,2026-04-02 05:08:00,desktop,beauty,440,352.57
U467,P100,add_to_cart,2026-04-02 05:08:00,desktop,electronics,290,16.12
U119,P074,click,2026-04-02 05:08:00,mobile,clothing,508,225.16
U067,P042,click,2026-04-02 05:08:00,mobile,home,571,241.57
U108,P084,view,2026-04-02 05:10:00,tablet,clothing,358,198.99
U002,P037,click,2026-04-02 05:11:00,desktop,beauty,100,28.22
U395,P072,click,2026-04-02 05:11:00,desktop,beauty,375,331.39
U335,P049,add_to_cart,2026-04-02 05:12:00,desktop,clothing,527,163.47
U310,P087,view,2026-04-02 05:14:00,tablet,home,273,220.43
U111,P055,click,2026-04-02 05:14:00,tablet,electronics,193,132.3
U304,P065,click,2026-04-02 05:15:00,desktop,beauty,224,282.57
U298,P030,click,2026-04-02 05:16:00,tablet,home,335,72.94
U077,P016,view,2026-04-02 05:17:00,desktop,clothing,217,164.1
U499,P049,click,2026-04-02 05:17:00,tablet,clothing,436,346.55
U286,P016,view,2026-04-02 05:18:00,tablet,home,74,28.83
U440,P018,view,2026-04-02 05:18:00,tablet,beauty,142,326.85
U226,P086,add_to_cart,2026-04-02 05:21:00,desktop,electronics,589,372.13
U163,P009,view,2026-04-02 05:21:00,mobile,beauty,197,481.5
U056,P023,click,2026-04-02 05:25:00,desktop,clothing,350,405.0
U122,P077,click,2026-04-02 05:26:00,mobile,electronics,347,280.07
U430,P080,click,2026-04-02 05:28:00,desktop,electronics,426,450.48
U494,P013,click,2026-04-02 05:28:00,tablet,electronics,398,45.09
U204,P074,view,2026-04-02 05:29:00,mobile,electronics,80,301.49
U034,P050,view,2026-04-02 05:29:00,mobile,beauty,74,212.78
U376,P080,click,2026-04-02 05:31:00,tablet,electronics,489,354.51
U006,P096,view,2026-04-02 05:31:00,mobile,beauty,211,402.03
U262,P046,view,2026-04-02 05:32:00,mobile,beauty,251,434.92
U120,P080,click,2026-04-02 05:32:00,desktop,home,487,480.19
U005,P036,click,2026-04-02 05:33:00,tablet,home,537,259.33
U313,P097,add_to_cart,2026-04-02 05:34:00,mobile,electronics,577,179.48
U249,P095,add_to_cart,2026-04-02 05:35:00,desktop,electronics,411,73.1
U064,P081,view,2026-04-02 05:36:00,mobile,electronics,82,88.66
U488,P089,click,2026-04-02 05:37:00,desktop,clothing,407,485.9
U046,P032,view,2026-04-02 05:37:00,mobile,home,246,70.61
U250,P051,add_to_cart,2026-04-02 05:38:00,desktop,home,491,70.93
U015,P012,view,2026-04-02 05:39:00,mobile,beauty,87,207.53
U405,P079,view,2026-04-02 05:40:00,mobile,beauty,54,214.4
U374,P066,click,2026-04-02 05:40:00,mobile,electronics,252,257.44
U231,P019,click,2026-04-02 05:41:00,mobile,clothing,435,195.46
U230,P073,view,2026-04-02 05:42:00,desktop,clothing,256,477.21
U246,P013,click,2026-04-02 05:45:00,desktop,home,436,460.02
U288,P018,view,2026-04-02 05:46:00,tablet,clothing,116,28.85
U431,P092,click,2026-04-02 05:46:00,tablet,home,484,356.03
U372,P087,add_to_cart,2026-04-02 05:49:00,desktop,beauty,432,57.93
U131,P067,click,2026-04-02 05:49:00,mobile,beauty,305,109.43
U419,P041,click,2026-04-02 05:49:00,mobile,beauty,441,269.19
U170,P001,click,2026-04-02 05:50:00,mobile,clothing,212,105.65
U499,P027,view,2026-04-02 05:52:00,tablet,home,235,289.41
U355,P049,add_to_cart,2026-04-02 05:52:00,desktop,home,503,62.46
U364,P028,add_to_cart,2026-04-02 05:53:00,mobile,electronics,558,249.26
U390,P015,view,2026-04-02 05:53:00,tablet,electronics,331,373.99
U058,P015,click,2026-04-02 05:55:00,mobile,home,511,161.79
U019,P071,click,2026-04-02 05:56:00,tablet,beauty,363,84.94
U066,P065,click,2026-04-02 05:56:00,tablet,electronics,431,224.36
U292,P039,click,2026-04-02 05:57:00,desktop,electronics,64,60.12
U144,P053,view,2026-04-02 05:58:00,tablet,clothing,196,386.62
U391,P094,click,2026-04-02 05:59:00,desktop,beauty,408,154.41
U332,P041,add_to_cart,2026-04-02 06:02:00,desktop,home,455,91.01
U431,P093,view,2026-04-02 06:03:00,desktop,home,72,340.59
U110,P043,add_to_cart,2026-04-02 06:03:00,tablet,clothing,530,144.75
U125,P063,click,2026-04-02 06:04:00,desktop,beauty,389,394.33
U500,P039,view,2026-04-02 06:04:00,tablet,beauty,135,55.57
U061,P018,view,2026-04-02 06:05:00,tablet,clothing,52,43.13
U043,P007,add_to_cart,2026-04-02 06:06:00,mobile,clothing,588,60.03
U066,P047,view,2026-04-02 06:07:00,mobile,clothing,120,471.19
U334,P071,click,2026-04-02 06:08:00,desktop,electronics,432,419.91
U313,P070,view,2026-04-02 06:08:00,tablet,clothing,105,302.52
U120,P050,view,2026-04-02 06:09:00,tablet,home,539,499.17
U021,P086,add_to_cart,2026-04-02 06:11:00,desktop,home,398,90.92
U492,P019,click,2026-04-02 06:13:00,mobile,electronics,534,426.33
U329,P009,view,2026-04-02 06:15:00,mobile,electronics,134,401.0
U170,P024,view,2026-04-02 06:15:00,tablet,electronics,193,366.6
U010,P029,click,2026-04-02 06:15:00,tablet,home,384,192.59
U428,P069,view,2026-04-02 06:17:00,tablet,clothing,291,438.68
U282,P017,view,2026-04-02 06:18:00,desktop,clothing,40,164.88
U465,P023,view,2026-04-02 06:18:00,mobile,home,116,164.84
U067,P044,view,2026-04-02 06:19:00,tablet,beauty,84,105.39
U230,P062,click,2026-04-02 06:22:00,desktop,beauty,82,54.15
U410,P032,view,2026-04-02 06:23:00,tablet,beauty,104,376.04
U427,P071,click,2026-04-02 06:24:00,tablet,clothing,443,247.36
U314,P059,view,2026-04-02 06:25:00,tablet,beauty,268,124.0
U350,P059,view,2026-04-02 06:25:00,mobile,electronics,280,400.2
U292,P068,view,2026-04-02 06:26:00,mobile,clothing,68,186.04
U289,P084,view,2026-04-02 06:28:00,mobile,home,64,300.3
U260,P026,view,2026-04-02 06:29:00,tablet,clothing,190,385.3
U335,P083,click,2026-04-02 06:30:00,desktop,home,300,60.86
U045,P030,click,2026-04-02 06:32:00,desktop,beauty,93,218.72
U450,P093,view,2026-04-02 06:33:00,desktop,beauty,150,269.32
U268,P024,add_to_cart,2026-04-02 06:33:00,desktop,home,385,71.92
U363,P091,click,2026-04-02 06:34:00,mobile,electronics,258,17.15
U162,P081,click,2026-04-02 06:35:00,desktop,home,230,206.4
U261,P058,click,2026-04-02 06:36:00,tablet,electronics,321,37.5
U150,P053,click,2026-04-02 06:37:00,tablet,home,387,237.92
U209,P045,view,2026-04-02 06:37:00,desktop,clothing,206,404.08
U239,P065,click,2026-04-02 06:37:00,tablet,beauty,508,18.45
U326,P081,add_to_cart,2026-04-02 06:40:00,mobile,beauty,471,50.12
U410,P007,view,2026-04-02 06:40:00,desktop,electronics,124,408.51
U251,P040,click,2026-04-02 06:41:00,tablet,electronics,197,60.39
U071,P095,view,2026-04-02 06:41:00,mobile,home,417,318.38
U453,P069,click,2026-04-02 06:42:00,desktop,electronics,303,14.52
U054,P086,view,2026-04-02 06:46:00,tablet,home,30,381.79
U230,P024,click,2026-04-02 06:46:00,desktop,beauty,453,322.22
U108,P074,add_to_cart,2026-04-02 06:47:00,desktop,clothing,558,114.21
U091,P062,click,2026-04-02 06:47:00,mobile,beauty,522,452.34
U100,P083,click,2026-04-02 06:47:00,mobile,clothing,358,216.74
U164,P052,view,2026-04-02 06:47:00,mobile,home,25,451.2
U202,P047,view,2026-04-02 06:47:00,mobile,beauty,108,188.52
U483,P070,click,2026-04-02 06:48:00,mobile,home,390,48.01
U431,P095,click,2026-04-02 06:49:00,desktop,beauty,437,210.15
U011,P075,add_to_cart,2026-04-02 06:50:00,desktop,beauty,344,78.76
U349,P006,click,2026-04-02 06:50:00,desktop,home,80,50.37
U377,P057,click,2026-04-02 06:51:00,mobile,clothing,508,444.86
U161,P058,click,2026-04-02 06:52:00,desktop,electronics,236,315.47
U249,P002,click,2026-04-02 06:55:00,mobile,beauty,368,204.84
U225,P080,view,2026-04-02 06:55:00,tablet,beauty,201,35.72
U193,P075,click,2026-04-02 06:56:00,mobile,home,457,369.84
U262,P072,click,2026-04-02 06:57:00,mobile,clothing,182,62.09
U110,P085,add_to_cart,2026-04-02 06:57:00,desktop,beauty,477,282.47
U412,P016,view,2026-04-02 06:57:00,desktop,clothing,300,422.3
U107,P085,add_to_cart,2026-04-02 06:57:00,desktop,electronics,415,180.05
U015,P078,click,2026-04-02 06:58:00,mobile,home,408,199.15
U137,P066,add_to_cart,2026-04-02 06:59:00,desktop,electronics,247,84.62
U091,P066,click,2026-04-02 07:01:00,mobile,home,148,50.65
U352,P081,view,2026-04-02 07:03:00,desktop,electronics,211,432.53
U102,P024,add_to_cart,2026-04-02 07:05:00,desktop,electronics,570,25.8
U294,P085,click,2026-04-02 07:07:00,tablet,electronics,366,288.52
U058,P009,view,2026-04-02 07:08:00,mobile,beauty,57,361.16
U362,P046,view,2026-04-02 07:09:00,mobile,beauty,416,283.64
U062,P076,view,2026-04-02 07:11:00,mobile,home,171,251.88
U242,P013,click,2026-04-02 07:14:00,desktop,home,70,81.52
U364,P007,click,2026-04-02 07:14:00,mobile,clothing,365,132.71
U487,P023,view,2026-04-02 07:15:00,tablet,clothing,404,304.3
U498,P011,add_to_cart,2026-04-02 07:16:00,mobile,electronics,594,365.18
U358,P084,view,2026-04-02 07:17:00,mobile,clothing,339,422.8
U021,P081,click,2026-04-02 07:17:00,mobile,beauty,427,320.99
U218,P020,view,2026-04-02 07:19:00,tablet,clothing,215,419.55
U038,P096,view,2026-04-02 07:19:00,mobile,beauty,13,137.26
U250,P046,view,2026-04-02 07:21:00,mobile,clothing,361,402.73
U264,P096,view,2026-04-02 07:22:00,tablet,home,350,318.19
U491,P020,view,2026-04-02 07:23:00,mobile,home,27,20.6
U345,P058,click,2026-04-02 07:23:00,desktop,beauty,440,370.52
U447,P063,click,2026-04-02 07:24:00,mobile,clothing,563,450.16
U445,P016,view,2026-04-02 07:25:00,tablet,electronics,118,91.92
U185,P048,click,2026-04-02 07:25:00,tablet,electronics,382,85.4
U231,P001,view,2026-04-02 07:28:00,tablet,beauty,256,492.72
U316,P061,click,2026-04-02 07:28:00,desktop,clothing,585,478.3
U344,P069,click,2026-04-02 07:30:00,desktop,electronics,442,397.09
U190,P057,click,2026-04-02 07:30:00,desktop,home,203,23.43
U485,P086,view,2026-04-02 07:32:00,desktop,electronics,43,360.19
U194,P080,view,2026-04-02 07:32:00,tablet,beauty,15,95.88
U098,P012,view,2026-04-02 07:32:00,tablet,clothing,144,446.13
U416,P061,view,2026-04-02 07:34:00,mobile,electronics,104,259.97
U028,P073,add_to_cart,2026-04-02 07:35:00,tablet,clothing,524,58.92
U446,P019,click,2026-04-02 07:36:00,desktop,electronics,248,219.46
U354,P078,click,2026-04-02 07:36:00,tablet,electronics,233,260.75
U042,P021,click,2026-04-02 07:37:00,desktop,electronics,417,336.12
U314,P045,view,2026-04-02 07:40:00,mobile,clothing,334,218.26
U224,P043,view,2026-04-02 07:40:00,mobile,clothing,68,209.66
U165,P002,click,2026-04-02 07:41:00,mobile,home,380,25.67
U277,P055,view,2026-04-02 07:42:00,tablet,clothing,282,129.87
U172,P069,view,2026-04-02 07:45:00,mobile,clothing,229,336.12
U465,P067,click,2026-04-02 07:47:00,desktop,beauty,211,113.09
U318,P089,click,2026-04-02 07:50:00,mobile,home,447,247.11
U403,P099,click,2026-04-02 07:51:00,desktop,home,347,259.53
U408,P031,click,2026-04-02 07:52:00,tablet,clothing,449,431.0
U137,P062,view,2026-04-02 07:52:00,tablet,beauty,34,212.25
U324,P049,click,2026-04-02 07:53:00,mobile,beauty,381,21.52
U437,P027,click,2026-04-02 07:54:00,desktop,clothing,203,27.9
U398,P051,add_to_cart,2026-04-02 07:54:00,tablet,electronics,564,101.91
U284,P069,click,2026-04-02 07:56:00,mobile,clothing,570,310.87
U348,P100,click,2026-04-02 07:56:00,tablet,clothing,562,455.64
U146,P058,view,2026-04-02 07:57:00,desktop,beauty,163,237.0
U062,P097,view,2026-04-02 07:58:00,mobile,electronics,76,122.7
U175,P033,view,2026-04-02 07:58:00,mobile,home,85,282.32
U043,P062,view,2026-04-02 07:58:00,mobile,beauty,324,230.06
U457,P008,view,2026-04-02 07:59:00,tablet,beauty,56,96.16
U157,P019,view,2026-04-02 07:59:00,tablet,clothing,208,165.71
U132,P063,view,2026-04-02 08:02:00,mobile,clothing,103,496.01
U068,P032,view,2026-04-02 08:02:00,tablet,beauty,468,322.44
U487,P004,click,2026-04-02 08:03:00,mobile,home,530,324.91
U485,P020,view,2026-04-02 08:04:00,tablet,home,253,237.53
U006,P081,view,2026-04-02 08:05:00,tablet,home,134,432.7
U200,P020,click,2026-04-02 08:05:00,tablet,beauty,233,22.92
U303,P059,click,2026-04-02 08:05:00,desktop,electronics,551,491.86
U131,P089,view,2026-04-02 08:05:00,desktop,clothing,238,410.8
U351,P019,click,2026-04-02 08:07:00,mobile,beauty,413,88.47
U399,P036,view,2026-04-02 08:08:00,mobile,beauty,301,479.58
U209,P040,click,2026-04-02 08:09:00,tablet,clothing,438,156.28
U110,P040,click,2026-04-02 08:09:00,desktop,beauty,173,20.68
U264,P003,add_to_cart,2026-04-02 08:10:00,desktop,electronics,246,44.99
U223,P072,click,2026-04-02 08:10:00,mobile,beauty,510,211.81
U305,P002,click,2026-04-02 08:11:00,tablet,home,287,133.26
U304,P030,view,2026-04-02 08:12:00,mobile,clothing,51,341.2
U179,P074,view,2026-04-02 08:16:00,mobile,beauty,282,150.59
U423,P097,click,2026-04-02 08:17:00,desktop,electronics,121,144.47
U144,P035,add_to_cart,2026-04-02 08:18:00,desktop,electronics,363,88.99
U323,P100,view,2026-04-02 08:18:00,tablet,beauty,60,409.66
U197,P013,view,2026-04-02 08:20:00,tablet,electronics,157,68.91
U095,P097,click,2026-04-02 08:21:00,tablet,home,270,55.5
U210,P050,click,2026-04-02 08:23:00,mobile,beauty,369,237.61
U430,P009,view,2026-04-02 08:23:00,mobile,home,126,89.7
U316,P045,click,2026-04-02 08:24:00,desktop,clothing,525,252.45
U200,P091,view,2026-04-02 08:24:00,mobile,electronics,253,339.36
U258,P078,view,2026-04-02 08:26:00,mobile,clothing,37,190.48
U481,P020,click,2026-04-02 08:26:00,mobile,electronics,442,241.4
U491,P082,view,2026-04-02 08:27:00,mobile,electronics,18,139.04
U325,P055,view,2026-04-02 08:28:00,mobile,home,325,109.47
U296,P085,add_to_cart,2026-04-02 08:29:00,mobile,electronics,444,40.9
U013,P033,click,2026-04-02 08:31:00,desktop,home,418,371.27
U095,P011,view,2026-04-02 08:32:00,desktop,beauty,312,467.73
U464,P027,view,2026-04-02 08:33:00,mobile,electronics,62,312.19
U323,P020,click,2026-04-02 08:33:00,tablet,home,570,248.17
U069,P017,view,2026-04-02 08:33:00,tablet,clothing,118,140.8
U424,P027,add_to_cart,2026-04-02 08:36:00,desktop,clothing,359,118.91
U496,P050,view,2026-04-02 08:36:00,tablet,beauty,206,274.53
U023,P035,view,2026-04-02 08:36:00,tablet,electronics,39,355.73
U040,P026,click,2026-04-02 08:37:00,tablet,beauty,512,414.81
U211,P027,click,2026-04-02 08:37:00,tablet,electronics,444,132.7
U166,P065,click,2026-04-02 08:38:00,tablet,clothing,514,364.57
U186,P088,view,2026-04-02 08:38:00,tablet,clothing,380,443.82
U122,P060,click,2026-04-02 08:39:00,tablet,home,595,339.74
U295,P079,view,2026-04-02 08:39:00,tablet,home,151,462.47
U440,P076,click,2026-04-02 08:43:00,desktop,beauty,185,24.26
U442,P073,click,2026-04-02 08:44:00,desktop,home,69,71.05
U120,P076,view,2026-04-02 08:45:00,desktop,home,299,336.5
U187,P045,view,2026-04-02 08:46:00,desktop,beauty,133,277.63
U022,P088,view,2026-04-02 08:48:00,tablet,clothing,20,191.68
U352,P004,view,2026-04-02 08:49:00,mobile,beauty,317,274.52
U406,P074,click,2026-04-02 08:49:00,desktop,electronics,293,407.47
U416,P041,add_to_cart,2026-04-02 08:49:00,desktop,clothing,563,157.52
U265,P052,click,2026-04-02 08:49:00,desktop,home,279,18.13
U022,P011,add_to_cart,2026-04-02 08:50:00,desktop,home,538,105.47
U130,P097,click,2026-04-02 08:52:00,mobile,electronics,576,493.4
U443,P036,click,2026-04-02 08:52:00,mobile,electronics,493,132.21
U418,P014,click,2026-04-02 08:52:00,desktop,clothing,256,180.24
U028,P010,click,2026-04-02 08:55:00,tablet,beauty,503,106.11
U442,P086,click,2026-04-02 08:56:00,mobile,beauty,260,30.04
U408,P037,click,2026-04-02 08:56:00,mobile,clothing,390,155.89
U286,P059,click,2026-04-02 09:00:00,tablet,home,516,269.52
U178,P074,view,2026-04-02 09:00:00,mobile,clothing,189,174.94
U193,P053,view,2026-04-02 09:01:00,mobile,clothing,140,147.2
U408,P010,click,2026-04-02 09:02:00,desktop,electronics,318,255.04
U446,P066,view,2026-04-02 09:03:00,tablet,clothing,100,259.4
U438,P026,view,2026-04-02 09:05:00,mobile,electronics,191,137.36
U320,P093,view,2026-04-02 09:05:00,desktop,beauty,80,424.26
U289,P083,click,2026-04-02 09:06:00,desktop,clothing,298,26.58
U205,P090,click,2026-04-02 09:07:00,desktop,clothing,296,403.38
U173,P065,click,2026-04-02 09:09:00,tablet,home,495,65.17
U394,P090,view,2026-04-02 09:13:00,tablet,clothing,91,43.66
U351,P036,view,2026-04-02 09:14:00,mobile,clothing,124,321.83
U258,P069,add_to_cart,2026-04-02 09:16:00,desktop,clothing,514,110.54
U130,P037,click,2026-04-02 09:16:00,mobile,beauty,400,327.71
U239,P030,view,2026-04-02 09:17:00,mobile,clothing,363,467.67
U019,P059,click,2026-04-02 09:18:00,tablet,electronics,531,446.2
U082,P027,view,2026-04-02 09:20:00,mobile,electronics,98,195.55
U061,P049,click,2026-04-02 09:20:00,tablet,beauty,461,11.06
U288,P090,add_to_cart,2026-04-02 09:20:00,desktop,home,250,20.52
U341,P049,add_to_cart,2026-04-02 09:21:00,desktop,electronics,435,213.58
U115,P071,view,2026-04-02 09:22:00,mobile,electronics,298,445.56
U229,P047,click,2026-04-02 09:22:00,mobile,clothing,598,169.52
U226,P071,view,2026-04-02 09:25:00,desktop,clothing,39,130.34
U067,P097,add_to_cart,2026-04-02 09:26:00,mobile,electronics,523,302.37
U198,P041,click,2026-04-02 09:27:00,mobile,beauty,300,207.08
U424,P049,click,2026-04-02 09:27:00,mobile,electronics,261,46.39
U390,P003,add_to_cart,2026-04-02 09:27:00,desktop,clothing,553,168.15
U233,P080,click,2026-04-02 09:29:00,tablet,clothing,490,152.52
U496,P085,view,2026-04-02 09:29:00,tablet,home,251,355.47
U210,P015,view,2026-04-02 09:29:00,desktop,home,20,399.13
U442,P001,view,2026-04-02 09:32:00,mobile,beauty,374,357.25
U107,P071,view,2026-04-02 09:33:00,mobile,clothing,81,210.45
U305,P073,click,2026-04-02 09:33:00,desktop,home,374,331.84
U363,P075,view,2026-04-02 09:34:00,tablet,electronics,122,184.68
U488,P050,click,2026-04-02 09:35:00,desktop,electronics,135,134.51
U384,P046,view,2026-04-02 09:37:00,desktop,home,210,482.94
U176,P048,view,2026-04-02 09:37:00,tablet,beauty,241,48.49
U363,P035,click,2026-04-02 09:39:00,desktop,electronics,133,213.51
U091,P015,click,2026-04-02 09:40:00,mobile,beauty,248,144.12
U358,P036,view,2026-04-02 09:40:00,tablet,home,95,380.17
U103,P080,view,2026-04-02 09:41:00,tablet,clothing,136,428.24
U424,P072,view,2026-04-02 09:42:00,tablet,home,283,181.53
U007,P067,click,2026-04-02 09:43:00,tablet,electronics,321,115.74
U380,P086,click,2026-04-02 09:43:00,desktop,electronics,327,428.15
U130,P026,add_to_cart,2026-04-02 09:44:00,desktop,clothing,530,465.79
U427,P033,view,2026-04-02 09:44:00,tablet,beauty,168,111.14
U011,P024,click,2026-04-02 09:45:00,desktop,electronics,86,30.69
U314,P019,add_to_cart,2026-04-02 09:46:00,desktop,clothing,580,47.35
U085,P093,view,2026-04-02 09:48:00,mobile,electronics,127,312.14
U300,P089,view,2026-04-02 09:48:00,tablet,home,89,470.86
U205,P066,add_to_cart,2026-04-02 09:50:00,desktop,beauty,427,83.72
U286,P086,view,2026-04-02 09:50:00,mobile,home,311,148.77
U475,P002,view,2026-04-02 09:50:00,mobile,beauty,68,170.5
U446,P062,click,2026-04-02 09:51:00,desktop,clothing,198,176.45
U015,P053,view,2026-04-02 09:51:00,mobile,beauty,31,125.58
U395,P017,view,2026-04-02 09:52:00,mobile,beauty,12,245.78
U418,P082,click,2026-04-02 09:53:00,tablet,clothing,430,172.27
U136,P018,click,2026-04-02 09:53:00,desktop,home,391,92.29
U392,P074,add_to_cart,2026-04-02 09:54:00,mobile,clothing,597,22.32
U418,P049,view,2026-04-02 09:56:00,mobile,beauty,20,268.76
U051,P064,click,2026-04-02 09:56:00,mobile,clothing,481,108.4
U025,P016,add_to_cart,2026-04-02 09:57:00,mobile,clothing,506,140.47
U303,P060,click,2026-04-02 09:58:00,tablet,beauty,351,162.46
U317,P097,view,2026-04-02 09:58:00,mobile,clothing,313,413.34
U300,P037,click,2026-04-02 10:00:00,mobile,clothing,487,306.54
U033,P040,click,2026-04-02 10:01:00,mobile,electronics,430,152.9
U366,P045,add_to_cart,2026-04-02 10:03:00,desktop,electronics,596,364.76
U147,P073,view,2026-04-02 10:03:00,tablet,beauty,128,498.36
U334,P049,view,2026-04-02 10:03:00,mobile,beauty,114,441.56
U102,P052,click,2026-04-02 10:04:00,mobile,home,332,116.46
U200,P097,click,2026-04-02 10:04:00,desktop,clothing,276,33.5
U185,P038,add_to_cart,2026-04-02 10:05:00,desktop,electronics,549,404.1
U218,P059,add_to_cart,2026-04-02 10:06:00,desktop,clothing,545,18.27
U446,P034,view,2026-04-02 10:07:00,desktop,clothing,221,349.26
U103,P012,click,2026-04-02 10:07:00,mobile,clothing,377,33.96
U106,P012,click,2026-04-02 10:09:00,desktop,electronics,400,357.85
U385,P028,view,2026-04-02 10:10:00,desktop,home,382,441.75
U156,P008,click,2026-04-02 10:11:00,desktop,clothing,294,179.79
U402,P089,view,2026-04-02 10:12:00,mobile,home,258,342.74
U215,P028,view,2026-04-02 10:12:00,desktop,beauty,153,417.68
U032,P010,view,2026-04-02 10:14:00,tablet,clothing,28,154.41
U425,P019,view,2026-04-02 10:14:00,desktop,beauty,206,379.31
U484,P094,view,2026-04-02 10:15:00,tablet,beauty,81,406.89
U169,P085,view,2026-04-02 10:18:00,mobile,clothing,297,484.48
U463,P070,click,2026-04-02 10:18:00,mobile,beauty,212,11.6
U298,P043,click,2026-04-02 10:21:00,tablet,beauty,531,218.65
U337,P029,view,2026-04-02 10:22:00,desktop,clothing,220,222.69
U021,P008,click,2026-04-02 10:27:00,desktop,home,345,163.74
U500,P025,click,2026-04-02 10:27:00,mobile,clothing,556,272.38
U050,P075,view,2026-04-02 10:28:00,tablet,home,67,301.09
U189,P078,click,2026-04-02 10:28:00,tablet,electronics,283,212.32
U254,P012,add_to_cart,2026-04-02 10:33:00,desktop,home,389,61.96
U420,P057,view,2026-04-02 10:34:00,tablet,clothing,241,237.9
U151,P034,view,2026-04-02 10:37:00,mobile,clothing,326,238.56
U170,P048,click,2026-04-02 10:39:00,mobile,electronics,307,211.55
U220,P029,view,2026-04-02 10:40:00,tablet,clothing,36,320.92
U060,P085,click,2026-04-02 10:42:00,tablet,clothing,431,240.0
U287,P095,click,2026-04-02 10:42:00,mobile,clothing,421,100.23
U299,P030,click,2026-04-02 10:43:00,mobile,clothing,299,34.35
U228,P006,click,2026-04-02 10:43:00,tablet,clothing,538,399.39
U297,P061,view,2026-04-02 10:45:00,mobile,clothing,319,469.35
U269,P037,click,2026-04-02 10:47:00,tablet,beauty,424,46.34
U241,P070,click,2026-04-02 10:47:00,tablet,clothing,210,101.51
U134,P053,click,2026-04-02 10:48:00,mobile,clothing,397,259.79
U236,P100,click,2026-04-02 10:48:00,mobile,electronics,396,411.26
U066,P037,view,2026-04-02 10:49:00,mobile,home,107,398.38
U083,P046,view,2026-04-02 10:51:00,mobile,beauty,43,160.98
U117,P037,click,2026-04-02 10:53:00,mobile,electronics,220,157.54
U425,P084,view,2026-04-02 10:54:00,desktop,clothing,14,482.79
U317,P002,view,2026-04-02 10:54:00,tablet,beauty,156,412.4
U364,P060,view,2026-04-02 10:56:00,mobile,beauty,497,401.86
U156,P042,add_to_cart,2026-04-02 10:56:00,desktop,home,519,56.47
U150,P047,click,2026-04-02 10:57:00,tablet,clothing,599,225.97
U004,P004,view,2026-04-02 10:58:00,tablet,clothing,340,185.19
U441,P005,view,2026-04-02 10:59:00,tablet,home,377,308.13
U369,P047,click,2026-04-02 10:59:00,desktop,clothing,263,189.85
U047,P047,view,2026-04-02 11:01:00,mobile,clothing,24,317.67
U297,P028,click,2026-04-02 11:02:00,desktop,electronics,205,99.9
U193,P051,click,2026-04-02 11:03:00,desktop,beauty,532,233.4
U093,P008,view,2026-04-02 11:03:00,desktop,home,90,113.78
U390,P100,view,2026-04-02 11:04:00,tablet,electronics,114,427.19
U461,P057,view,2026-04-02 11:05:00,tablet,clothing,22,400.94
U413,P069,view,2026-04-02 11:06:00,mobile,beauty,291,463.05
U445,P064,add_to_cart,2026-04-02 11:06:00,desktop,home,551,175.57
U225,P072,view,2026-04-02 11:06:00,tablet,beauty,76,112.95
U215,P039,click,2026-04-02 11:06:00,mobile,electronics,546,402.38
U247,P050,view,2026-04-02 11:06:00,tablet,home,177,89.91
U390,P088,click,2026-04-02 11:07:00,desktop,beauty,159,97.9
U175,P095,add_to_cart,2026-04-02 11:08:00,tablet,electronics,521,121.6
U498,P024,click,2026-04-02 11:08:00,desktop,electronics,451,278.14
U064,P019,view,2026-04-02 11:09:00,mobile,clothing,242,487.09
U412,P095,click,2026-04-02 11:10:00,mobile,clothing,397,20.19
U446,P081,click,2026-04-02 11:11:00,mobile,electronics,146,21.3
U216,P034,view,2026-04-02 11:11:00,tablet,beauty,55,372.04
U055,P014,click,2026-04-02 11:11:00,tablet,clothing,577,356.2
U396,P005,click,2026-04-02 11:13:00,desktop,clothing,276,307.56
U024,P052,click,2026-04-02 11:15:00,desktop,home,271,74.68
U497,P079,view,2026-04-02 11:17:00,tablet,beauty,536,423.26
U059,P085,click,2026-04-02 11:17:00,desktop,clothing,187,403.96
U144,P070,add_to_cart,2026-04-02 11:18:00,mobile,electronics,564,286.04
U043,P028,view,2026-04-02 11:19:00,tablet,home,119,488.23
U045,P025,click,2026-04-02 11:19:00,tablet,home,581,64.99
U106,P042,view,2026-04-02 11:21:00,mobile,beauty,156,296.1
U056,P006,view,2026-04-02 11:22:00,tablet,home,392,435.72
U482,P009,click,2026-04-02 11:22:00,desktop,home,484,352.07
U115,P057,click,2026-04-02 11:22:00,desktop,beauty,369,271.63
U383,P026,view,2026-04-02 11:23:00,desktop,beauty,143,385.66
U412,P062,click,2026-04-02 11:24:00,desktop,clothing,260,55.36
U122,P088,click,2026-04-02 11:24:00,desktop,electronics,437,483.46
U016,P034,click,2026-04-02 11:24:00,tablet,home,572,91.26
U043,P031,view,2026-04-02 11:26:00,desktop,home,64,431.66
U460,P007,view,2026-04-02 11:29:00,mobile,clothing,112,436.69
U397,P100,view,2026-04-02 11:33:00,mobile,clothing,214,333.22
U076,P050,add_to_cart,2026-04-02 11:33:00,mobile,electronics,590,227.66
U091,P031,add_to_cart,2026-04-02 11:33:00,desktop,home,424,138.76
U010,P026,view,2026-04-02 11:36:00,tablet,electronics,233,343.99
U231,P027,click,2026-04-02 11:38:00,desktop,beauty,226,343.2
U229,P040,click,2026-04-02 11:38:00,desktop,beauty,126,82.25
U009,P034,click,2026-04-02 11:39:00,tablet,electronics,359,263.3
U272,P050,click,2026-04-02 11:39:00,tablet,electronics,278,51.58
U307,P029,click,2026-04-02 11:41:00,mobile,electronics,480,221.77
U063,P081,view,2026-04-02 11:41:00,mobile,clothing,98,210.99
U376,P001,click,2026-04-02 11:41:00,mobile,electronics,312,234.4
U219,P075,click,2026-04-02 11:41:00,tablet,clothing,591,181.24
U401,P046,view,2026-04-02 11:42:00,desktop,beauty,94,305.77
U238,P011,view,2026-04-02 11:42:00,tablet,clothing,322,349.2
U417,P061,view,2026-04-02 11:44:00,tablet,beauty,137,86.4
U101,P083,view,2026-04-02 11:46:00,tablet,beauty,524,495.26
U003,P094,add_to_cart,2026-04-02 11:47:00,desktop,clothing,454,123.41
U353,P005,view,2026-04-02 11:48:00,desktop,home,35,149.46
U402,P037,click,2026-04-02 11:51:00,mobile,clothing,559,200.87
U444,P054,view,2026-04-02 11:53:00,desktop,beauty,334,436.61
U147,P014,view,2026-04-02 11:54:00,mobile,clothing,344,131.03
U483,P095,click,2026-04-02 11:55:00,desktop,beauty,491,282.65
U493,P016,click,2026-04-02 11:55:00,desktop,electronics,80,18.57
U270,P014,view,2026-04-02 11:55:00,tablet,beauty,107,423.89
U211,P097,click,2026-04-02 11:57:00,desktop,electronics,148,432.99
U409,P047,click,2026-04-02 11:58:00,tablet,beauty,590,183.36
U276,P095,view,2026-04-02 11:58:00,tablet,clothing,216,224.77
U479,P027,click,2026-04-02 12:00:00,desktop,clothing,139,230.93
U225,P071,view,2026-04-02 12:00:00,tablet,clothing,119,147.2
U339,P032,view,2026-04-02 12:00:00,tablet,beauty,332,398.59
U328,P027,view,2026-04-02 12:02:00,tablet,clothing,247,209.62
U249,P068,click,2026-04-02 12:02:00,desktop,electronics,259,114.65
U246,P046,click,2026-04-02 12:02:00,desktop,clothing,497,428.66
U205,P068,add_to_cart,2026-04-02 12:05:00,desktop,electronics,476,189.04
U441,P060,add_to_cart,2026-04-02 12:06:00,desktop,electronics,425,21.59
U118,P021,view,2026-04-02 12:06:00,mobile,home,352,356.47
U126,P062,view,2026-04-02 12:06:00,mobile,beauty,421,192.09
U436,P060,add_to_cart,2026-04-02 12:07:00,desktop,home,555,105.31
U253,P002,view,2026-04-02 12:10:00,desktop,beauty,227,429.74
U300,P033,click,2026-04-02 12:10:00,mobile,clothing,501,302.59
U116,P026,view,2026-04-02 12:11:00,mobile,beauty,60,109.73
U064,P051,view,2026-04-02 12:12:00,tablet,home,408,480.02
U104,P016,view,2026-04-02 12:13:00,desktop,beauty,187,353.8
U054,P008,view,2026-04-02 12:13:00,tablet,beauty,277,362.55
U467,P021,view,2026-04-02 12:13:00,mobile,electronics,20,10.43
U135,P047,add_to_cart,2026-04-02 12:13:00,desktop,electronics,523,392.24
U274,P071,view,2026-04-02 12:14:00,tablet,electronics,53,368.7
U170,P016,add_to_cart,2026-04-02 12:17:00,desktop,beauty,573,375.35
U414,P002,add_to_cart,2026-04-02 12:18:00,desktop,electronics,445,274.95
U116,P001,view,2026-04-02 12:27:00,desktop,clothing,11,82.41
U466,P047,add_to_cart,2026-04-02 12:27:00,desktop,electronics,545,308.14
U046,P058,add_to_cart,2026-04-02 12:32:00,tablet,electronics,481,131.76
U030,P051,add_to_cart,2026-04-02 12:33:00,desktop,electronics,567,351.77
U134,P074,click,2026-04-02 12:36:00,mobile,electronics,138,182.57
U019,P089,add_to_cart,2026-04-02 12:37:00,mobile,electronics,492,191.99
U398,P012,click,2026-04-02 12:37:00,tablet,beauty,554,195.39
U320,P096,view,2026-04-02 12:37:00,mobile,electronics,213,340.65
U135,P015,view,2026-04-02 12:38:00,mobile,beauty,103,374.78
U401,P045,click,2026-04-02 12:39:00,tablet,home,289,187.68
U189,P075,view,2026-04-02 12:39:00,mobile,home,59,447.98
U445,P035,add_to_cart,2026-04-02 12:40:00,mobile,home,464,74.34
U342,P064,view,2026-04-02 12:40:00,mobile,clothing,185,249.26
U455,P038,click,2026-04-02 12:41:00,mobile,home,366,101.52
U482,P014,click,2026-04-02 12:41:00,mobile,electronics,588,480.39
U343,P061,view,2026-04-02 12:41:00,tablet,beauty,264,359.74
U134,P056,view,2026-04-02 12:42:00,tablet,home,477,365.52
U337,P005,click,2026-04-02 12:43:00,desktop,beauty,267,172.14
U443,P074,view,2026-04-02 12:43:00,tablet,home,39,426.06
U452,P087,view,2026-04-02 12:44:00,mobile,beauty,364,488.31
U309,P085,view,2026-04-02 12:45:00,mobile,clothing,504,324.34
U220,P033,click,2026-04-02 12:45:00,desktop,electronics,145,50.67
U448,P080,click,2026-04-02 12:45:00,mobile,home,442,116.25
U209,P029,add_to_cart,2026-04-02 12:46:00,desktop,electronics,486,98.33
U466,P077,click,2026-04-02 12:50:00,tablet,home,515,269.33
U167,P004,view,2026-04-02 12:50:00,mobile,home,203,33.59
U140,P050,add_to_cart,2026-04-02 12:52:00,desktop,beauty,397,159.08
U330,P012,view,2026-04-02 12:53:00,tablet,beauty,451,419.74
U195,P027,view,2026-04-02 12:54:00,desktop,clothing,81,376.47
U268,P055,view,2026-04-02 12:54:00,desktop,beauty,52,477.01
U022,P010,click,2026-04-02 12:55:00,desktop,clothing,270,306.79
U412,P086,view,2026-04-02 12:56:00,mobile,electronics,54,361.35
U292,P023,click,2026-04-02 12:56:00,desktop,home,348,269.33
U186,P041,view,2026-04-02 12:57:00,tablet,clothing,268,480.79
U324,P032,add_to_cart,2026-04-02 12:57:00,desktop,beauty,529,198.7
U077,P008,click,2026-04-02 12:58:00,desktop,beauty,457,497.2
U386,P072,view,2026-04-02 12:59:00,desktop,home,162,304.05
U340,P061,add_to_cart,2026-04-02 12:59:00,tablet,electronics,419,73.0
U002,P090,view,2026-04-02 13:00:00,tablet,beauty,188,360.97
U107,P038,click,2026-04-02 13:03:00,desktop,home,399,497.02
U150,P012,add_to_cart,2026-04-02 13:03:00,desktop,beauty,542,79.26
U296,P033,view,2026-04-02 13:04:00,mobile,home,166,236.43
U167,P036,click,2026-04-02 13:04:00,mobile,clothing,406,91.83
U080,P078,click,2026-04-02 13:04:00,tablet,beauty,589,257.21
U218,P094,click,2026-04-02 13:05:00,mobile,beauty,523,443.12
U085,P041,click,2026-04-02 13:05:00,tablet,electronics,276,73.08
U323,P084,click,2026-04-02 13:05:00,desktop,clothing,185,105.36
U432,P079,view,2026-04-02 13:06:00,mobile,clothing,178,468.62
U481,P030,click,2026-04-02 13:08:00,desktop,home,124,38.47
U126,P055,view,2026-04-02 13:10:00,tablet,electronics,43,94.78
U126,P024,view,2026-04-02 13:10:00,mobile,electronics,153,442.84
U352,P077,view,2026-04-02 13:11:00,mobile,beauty,333,437.68
U346,P022,click,2026-04-02 13:14:00,mobile,electronics,354,208.88
U036,P014,click,2026-04-02 13:14:00,desktop,home,187,146.21
U266,P045,view,2026-04-02 13:16:00,desktop,home,56,209.17
U462,P014,view,2026-04-02 13:16:00,mobile,beauty,247,420.6
U010,P063,view,2026-04-02 13:16:00,mobile,clothing,362,286.82
U010,P096,click,2026-04-02 13:19:00,mobile,beauty,517,56.16
U092,P047,add_to_cart,2026-04-02 13:19:00,desktop,clothing,541,389.45
U488,P021,view,2026-04-02 13:20:00,mobile,beauty,284,452.88
U225,P033,click,2026-04-02 13:20:00,mobile,clothing,446,378.52
U165,P089,add_to_cart,2026-04-02 13:21:00,tablet,beauty,600,66.13
U251,P099,click,2026-04-02 13:21:00,desktop,home,250,22.53
U388,P029,click,2026-04-02 13:26:00,tablet,electronics,262,86.48
U471,P096,click,2026-04-02 13:28:00,desktop,clothing,384,118.59
U428,P056,add_to_cart,2026-04-02 13:28:00,desktop,clothing,422,148.42
U429,P088,view,2026-04-02 13:28:00,mobile,beauty,117,472.3
U076,P076,click,2026-04-02 13:31:00,mobile,clothing,380,42.31
U445,P060,view,2026-04-02 13:33:00,tablet,clothing,151,377.5
U150,P073,view,2026-04-02 13:33:00,tablet,beauty,62,186.3
U216,P061,view,2026-04-02 13:34:00,mobile,home,219,469.31
U202,P043,click,2026-04-02 13:34:00,mobile,clothing,469,58.45
U251,P051,add_to_cart,2026-04-02 13:36:00,mobile,electronics,573,147.31
U280,P034,view,2026-04-02 13:38:00,tablet,home,215,382.88
U242,P088,click,2026-04-02 13:40:00,mobile,electronics,547,422.89
U383,P050,view,2026-04-02 13:41:00,mobile,home,258,307.42
U239,P044,view,2026-04-02 13:41:00,tablet,clothing,422,396.18
U370,P038,view,2026-04-02 13:42:00,mobile,electronics,71,477.73
U400,P084,view,2026-04-02 13:42:00,tablet,beauty,22,113.05
U044,P082,view,2026-04-02 13:43:00,tablet,clothing,392,260.97
U447,P092,add_to_cart,2026-04-02 13:44:00,desktop,electronics,371,312.1
U017,P059,add_to_cart,2026-04-02 13:44:00,mobile,electronics,383,82.08
U094,P059,click,2026-04-02 13:46:00,desktop,clothing,235,408.49
U073,P053,view,2026-04-02 13:46:00,mobile,beauty,263,331.43
U488,P002,click,2026-04-02 13:46:00,desktop,clothing,413,244.62
U456,P026,view,2026-04-02 13:48:00,tablet,home,104,332.02
U402,P030,view,2026-04-02 13:49:00,mobile,home,394,432.39
U153,P070,click,2026-04-02 13:50:00,mobile,electronics,277,219.31
U491,P070,click,2026-04-02 13:50:00,mobile,electronics,454,338.86
U276,P025,view,2026-04-02 13:51:00,mobile,clothing,479,342.83
U022,P071,view,2026-04-02 13:51:00,tablet,clothing,573,469.2
U264,P084,add_to_cart,2026-04-02 13:52:00,mobile,electronics,577,217.93
U118,P068,click,2026-04-02 13:56:00,desktop,electronics,579,493.57
U448,P090,view,2026-04-02 13:57:00,tablet,home,225,104.89
U042,P098,click,2026-04-02 13:57:00,desktop,home,114,43.97
U165,P040,view,2026-04-02 13:58:00,mobile,clothing,170,117.11
U132,P072,view,2026-04-02 13:58:00,tablet,beauty,105,37.23
U375,P026,add_to_cart,2026-04-02 13:59:00,desktop,clothing,323,164.02
U360,P089,view,2026-04-02 13:59:00,mobile,beauty,240,115.42
U089,P046,add_to_cart,2026-04-02 13:59:00,desktop,beauty,355,140.71
U175,P050,click,2026-04-02 14:00:00,tablet,electronics,493,354.04
U160,P048,view,2026-04-02 14:01:00,mobile,clothing,257,170.59
U309,P083,view,2026-04-02 14:01:00,tablet,beauty,38,232.64
U125,P053,view,2026-04-02 14:05:00,tablet,electronics,74,180.08
U407,P033,view,2026-04-02 14:05:00,desktop,home,134,403.65
U015,P015,view,2026-04-02 14:05:00,mobile,electronics,92,217.3
U268,P076,view,2026-04-02 14:06:00,desktop,home,45,214.07
U277,P046,click,2026-04-02 14:06:00,desktop,beauty,401,203.97
U362,P053,click,2026-04-02 14:07:00,mobile,electronics,563,409.08
U297,P092,view,2026-04-02 14:07:00,desktop,home,88,105.84
U494,P075,view,2026-04-02 14:07:00,tablet,electronics,87,162.59
U487,P048,view,2026-04-02 14:09:00,tablet,beauty,129,111.6
U002,P003,view,2026-04-02 14:11:00,mobile,clothing,100,341.72
U355,P001,view,2026-04-02 14:13:00,tablet,beauty,226,462.97
U264,P064,view,2026-04-02 14:14:00,mobile,home,332,358.36
U014,P100,click,2026-04-02 14:15:00,mobile,electronics,373,356.88
U324,P091,view,2026-04-02 14:16:00,tablet,electronics,48,449.45
U163,P054,click,2026-04-02 14:16:00,desktop,beauty,82,115.2
U311,P029,view,2026-04-02 14:16:00,desktop,beauty,51,364.21
U402,P026,add_to_cart,2026-04-02 14:17:00,desktop,clothing,572,330.28
U132,P082,add_to_cart,2026-04-02 14:17:00,tablet,electronics,566,203.52
U043,P028,click,2026-04-02 14:18:00,mobile,home,512,273.62
U161,P082,view,2026-04-02 14:18:00,tablet,beauty,317,247.31
U442,P058,view,2026-04-02 14:20:00,tablet,electronics,265,480.8
U176,P098,click,2026-04-02 14:21:00,desktop,home,213,15.03
U460,P027,click,2026-04-02 14:25:00,tablet,electronics,298,193.74
U391,P050,click,2026-04-02 14:26:00,mobile,beauty,540,217.85
U407,P066,view,2026-04-02 14:26:00,mobile,clothing,57,28.64
U403,P035,click,2026-04-02 14:26:00,mobile,clothing,303,221.56
U030,P026,view,2026-04-02 14:27:00,tablet,clothing,294,382.91
U352,P066,view,2026-04-02 14:30:00,desktop,home,36,291.14
U003,P070,click,2026-04-02 14:32:00,mobile,electronics,452,402.57
U049,P087,click,2026-04-02 14:35:00,tablet,beauty,410,190.04
U225,P079,add_to_cart,2026-04-02 14:35:00,desktop,home,432,109.23
U468,P090,view,2026-04-02 14:35:00,mobile,beauty,338,231.76
U129,P010,click,2026-04-02 14:37:00,desktop,clothing,570,463.44
U231,P072,add_to_cart,2026-04-02 14:37:00,mobile,beauty,513,83.57
U349,P051,click,2026-04-02 14:38:00,mobile,clothing,523,288.96
U125,P069,view,2026-04-02 14:39:00,mobile,electronics,71,363.9
U067,P019,view,2026-04-02 14:39:00,tablet,beauty,211,332.36
U387,P071,click,2026-04-02 14:42:00,desktop,home,447,227.41
U471,P099,click,2026-04-02 14:42:00,mobile,clothing,508,394.81
U068,P035,view,2026-04-02 14:43:00,mobile,electronics,229,320.45
U029,P027,view,2026-04-02 14:47:00,mobile,beauty,104,228.08
U342,P052,view,2026-04-02 14:48:00,mobile,clothing,109,417.14
U065,P091,click,2026-04-02 14:50:00,desktop,electronics,284,206.65
U086,P071,add_to_cart,2026-04-02 14:50:00,mobile,home,497,35.68
U304,P016,click,2026-04-02 14:52:00,tablet,clothing,438,446.46
U145,P062,click,2026-04-02 14:52:00,mobile,electronics,371,144.78
U431,P017,view,2026-04-02 14:53:00,tablet,electronics,95,403.26
U430,P027,click,2026-04-02 14:57:00,tablet,beauty,268,59.32
U312,P098,view,2026-04-02 14:58:00,mobile,home,20,122.75
U195,P056,add_to_cart,2026-04-02 15:04:00,desktop,electronics,245,19.03
U266,P097,view,2026-04-02 15:04:00,mobile,electronics,319,437.65
U199,P050,click,2026-04-02 15:06:00,mobile,beauty,593,266.76
U237,P069,view,2026-04-02 15:07:00,desktop,electronics,65,270.21
U499,P074,view,2026-04-02 15:08:00,mobile,clothing,374,420.39
U092,P092,view,2026-04-02 15:09:00,tablet,clothing,247,46.39
U415,P055,click,2026-04-02 15:09:00,tablet,home,235,103.69
U232,P036,view,2026-04-02 15:09:00,mobile,beauty,156,263.46
U235,P034,add_to_cart,2026-04-02 15:10:00,desktop,electronics,591,82.82
U307,P047,click,2026-04-02 15:10:00,tablet,beauty,569,249.47
U166,P084,view,2026-04-02 15:10:00,tablet,clothing,447,285.38
U261,P045,view,2026-04-02 15:12:00,mobile,home,166,71.01
U040,P009,click,2026-04-02 15:12:00,desktop,electronics,188,322.7
U329,P094,view,2026-04-02 15:13:00,mobile,beauty,285,263.3
U084,P002,click,2026-04-02 15:13:00,mobile,electronics,369,151.55
U207,P022,view,2026-04-02 15:13:00,mobile,beauty,405,306.65
U438,P093,view,2026-04-02 15:13:00,desktop,clothing,103,466.94
U394,P089,view,2026-04-02 15:14:00,tablet,clothing,265,495.58
U347,P025,view,2026-04-02 15:16:00,mobile,electronics,125,292.92
U318,P019,click,2026-04-02 15:18:00,desktop,electronics,337,154.73
U131,P018,click,2026-04-02 15:20:00,tablet,beauty,519,221.57
U081,P086,add_to_cart,2026-04-02 15:21:00,desktop,electronics,573,102.56
U054,P067,view,2026-04-02 15:22:00,tablet,clothing,178,18.9
U250,P092,view,2026-04-02 15:24:00,tablet,beauty,360,254.52
U206,P015,click,2026-04-02 15:24:00,desktop,electronics,297,436.48
U425,P066,view,2026-04-02 15:27:00,mobile,beauty,37,367.24
U151,P077,click,2026-04-02 15:29:00,mobile,electronics,153,80.11
U106,P086,click,2026-04-02 15:29:00,desktop,electronics,291,450.09
U155,P048,view,2026-04-02 15:29:00,tablet,home,256,449.75
U214,P051,view,2026-04-02 15:30:00,mobile,clothing,151,209.28
U152,P045,click,2026-04-02 15:32:00,mobile,electronics,361,222.58
U204,P030,view,2026-04-02 15:32:00,tablet,electronics,212,464.13
U090,P062,view,2026-04-02 15:32:00,tablet,home,302,317.52
U126,P033,click,2026-04-02 15:32:00,mobile,clothing,526,57.26
U371,P016,click,2026-04-02 15:32:00,tablet,beauty,515,367.13
U233,P075,view,2026-04-02 15:33:00,mobile,electronics,179,395.63
U076,P084,add_to_cart,2026-04-02 15:35:00,desktop,beauty,533,228.65
U134,P060,add_to_cart,2026-04-02 15:36:00,desktop,home,455,76.42
U163,P023,add_to_cart,2026-04-02 15:38:00,desktop,home,382,118.86
U253,P065,click,2026-04-02 15:38:00,tablet,home,496,47.07
U238,P005,view,2026-04-02 15:41:00,mobile,home,87,178.79
U423,P061,add_to_cart,2026-04-02 15:42:00,tablet,beauty,583,25.87
U093,P030,view,2026-04-02 15:42:00,mobile,home,197,397.37
U150,P054,click,2026-04-02 15:44:00,mobile,electronics,211,83.08
U279,P093,view,2026-04-02 15:45:00,tablet,clothing,330,468.4
U403,P038,view,2026-04-02 15:45:00,tablet,beauty,98,443.68
U183,P083,click,2026-04-02 15:46:00,mobile,beauty,434,185.57
U039,P022,view,2026-04-02 15:47:00,mobile,electronics,100,320.14
U043,P023,view,2026-04-02 15:47:00,desktop,home,67,46.33
U150,P013,view,2026-04-02 15:47:00,mobile,home,417,458.81
U322,P008,view,2026-04-02 15:48:00,tablet,clothing,33,400.56
U155,P001,view,2026-04-02 15:48:00,tablet,electronics,88,386.61
U324,P009,view,2026-04-02 15:50:00,tablet,clothing,266,499.51
U051,P051,click,2026-04-02 15:50:00,desktop,clothing,387,342.94
U155,P045,view,2026-04-02 15:50:00,tablet,beauty,356,498.55
U261,P056,click,2026-04-02 15:52:00,desktop,clothing,342,175.53
U188,P084,view,2026-04-02 15:53:00,desktop,electronics,66,339.02
U436,P015,add_to_cart,2026-04-02 15:54:00,tablet,clothing,585,139.47
U019,P043,click,2026-04-02 15:54:00,desktop,clothing,543,447.85
U143,P031,view,2026-04-02 15:55:00,mobile,clothing,63,134.19
U124,P072,add_to_cart,2026-04-02 15:57:00,desktop,home,538,139.81
U465,P058,click,2026-04-02 15:59:00,mobile,home,488,288.61
U144,P080,click,2026-04-02 16:02:00,tablet,clothing,502,228.67
U469,P049,click,2026-04-02 16:03:00,tablet,electronics,379,260.95
U420,P050,view,2026-04-02 16:05:00,mobile,clothing,33,86.25
U171,P060,add_to_cart,2026-04-02 16:05:00,desktop,home,479,334.69
U085,P090,click,2026-04-02 16:06:00,desktop,clothing,414,212.91
U420,P030,view,2026-04-02 16:07:00,desktop,beauty,144,464.62
U220,P007,view,2026-04-02 16:08:00,tablet,electronics,44,69.65
U305,P054,view,2026-04-02 16:12:00,tablet,home,155,56.71
U343,P074,view,2026-04-02 16:13:00,desktop,home,213,450.44
U310,P031,view,2026-04-02 16:15:00,mobile,clothing,482,496.05
U003,P083,click,2026-04-02 16:18:00,tablet,home,551,241.63
U435,P010,click,2026-04-02 16:20:00,desktop,home,94,172.56
U014,P051,view,2026-04-02 16:21:00,tablet,beauty,20,98.81
U444,P008,click,2026-04-02 16:21:00,mobile,home,417,16.83
U466,P035,view,2026-04-02 16:22:00,mobile,electronics,12,360.16
U356,P008,view,2026-04-02 16:23:00,tablet,electronics,107,124.81
U449,P055,view,2026-04-02 16:24:00,mobile,clothing,277,168.93
U430,P052,add_to_cart,2026-04-02 16:25:00,mobile,home,568,144.0
U170,P045,click,2026-04-02 16:26:00,mobile,beauty,308,42.73
U239,P069,view,2026-04-02 16:26:00,mobile,beauty,90,483.64
U297,P062,click,2026-04-02 16:27:00,mobile,beauty,348,111.57
U118,P072,view,2026-04-02 16:28:00,tablet,electronics,287,320.38
U400,P020,view,2026-04-02 16:29:00,tablet,home,75,390.59
U053,P046,click,2026-04-02 16:30:00,desktop,home,20,67.92
U147,P037,view,2026-04-02 16:30:00,desktop,electronics,238,461.33
U037,P041,click,2026-04-02 16:31:00,mobile,clothing,515,143.74
U193,P038,view,2026-04-02 16:35:00,mobile,beauty,286,274.78
U078,P066,view,2026-04-02 16:35:00,tablet,electronics,52,487.47
U341,P023,add_to_cart,2026-04-02 16:36:00,desktop,electronics,476,313.67
U111,P003,view,2026-04-02 16:36:00,tablet,beauty,396,471.37
U249,P083,click,2026-04-02 16:37:00,tablet,electronics,57,101.68
U325,P044,view,2026-04-02 16:38:00,tablet,clothing,132,343.9
U129,P035,click,2026-04-02 16:39:00,desktop,home,325,50.14
U344,P074,click,2026-04-02 16:43:00,desktop,beauty,427,480.37
U153,P080,view,2026-04-02 16:43:00,desktop,electronics,41,484.99
U059,P032,view,2026-04-02 16:44:00,tablet,home,112,357.4
U423,P017,click,2026-04-02 16:46:00,mobile,electronics,583,499.74
U400,P031,view,2026-04-02 16:46:00,mobile,electronics,221,482.26
U008,P056,add_to_cart,2026-04-02 16:46:00,desktop,electronics,397,53.23
U433,P089,view,2026-04-02 16:50:00,mobile,home,279,330.55
U287,P076,view,2026-04-02 16:50:00,tablet,home,311,111.34
U246,P029,view,2026-04-02 16:51:00,tablet,home,203,324.5
U051,P083,view,2026-04-02 16:52:00,tablet,electronics,182,421.39
U208,P095,view,2026-04-02 16:54:00,mobile,home,134,309.34
U190,P013,click,2026-04-02 16:54:00,mobile,beauty,418,360.66
U239,P078,click,2026-04-02 16:54:00,mobile,electronics,458,312.85
U143,P086,view,2026-04-02 16:55:00,tablet,clothing,370,430.62
U085,P050,view,2026-04-02 16:56:00,tablet,home,160,262.94
U344,P090,view,2026-04-02 16:57:00,mobile,beauty,33,487.19
U402,P024,view,2026-04-02 16:57:00,mobile,beauty,80,134.3
U199,P066,view,2026-04-02 16:58:00,tablet,electronics,198,170.96
U066,P009,click,2026-04-02 16:59:00,tablet,home,193,97.67
U066,P047,view,2026-04-02 17:00:00,mobile,beauty,156,264.6
U270,P062,view,2026-04-02 17:00:00,tablet,electronics,211,349.39
U352,P069,click,2026-04-02 17:01:00,mobile,electronics,316,148.51
U108,P097,click,2026-04-02 17:02:00,desktop,home,418,220.94
U190,P096,click,2026-04-02 17:02:00,mobile,home,540,467.56
U243,P096,view,2026-04-02 17:03:00,tablet,home,103,153.58
U115,P063,add_to_cart,2026-04-02 17:03:00,tablet,electronics,324,20.84
U158,P100,add_to_cart,2026-04-02 17:04:00,tablet,clothing,453,93.38
U500,P078,view,2026-04-02 17:06:00,tablet,home,85,254.32
U154,P015,click,2026-04-02 17:06:00,mobile,home,600,271.8
U451,P007,click,2026-04-02 17:07:00,mobile,beauty,383,371.38
U017,P066,view,2026-04-02 17:08:00,desktop,clothing,27,333.18
U463,P093,view,2026-04-02 17:10:00,mobile,clothing,59,479.04
U394,P046,view,2026-04-02 17:11:00,mobile,electronics,244,408.04
U170,P006,view,2026-04-02 17:11:00,tablet,clothing,155,373.77
U121,P030,view,2026-04-02 17:12:00,desktop,clothing,66,473.98
U052,P057,view,2026-04-02 17:13:00,tablet,beauty,93,491.08
U215,P050,click,2026-04-02 17:15:00,desktop,electronics,422,470.06
U401,P016,view,2026-04-02 17:15:00,tablet,home,298,390.99
U195,P073,view,2026-04-02 17:16:00,desktop,clothing,300,380.48
U090,P035,click,2026-04-02 17:17:00,mobile,clothing,453,179.82
U156,P091,add_to_cart,2026-04-02 17:18:00,tablet,electronics,432,74.34
U177,P096,add_to_cart,2026-04-02 17:19:00,desktop,home,577,260.76
U353,P072,click,2026-04-02 17:19:00,tablet,home,508,242.37
U145,P044,view,2026-04-02 17:20:00,desktop,home,355,466.61
U142,P088,click,2026-04-02 17:21:00,mobile,beauty,393,302.23
U106,P079,add_to_cart,2026-04-02 17:22:00,desktop,clothing,336,107.61
U177,P002,click,2026-04-02 17:23:00,mobile,clothing,527,162.68
U235,P044,click,2026-04-02 17:23:00,tablet,electronics,414,288.12
U371,P028,click,2026-04-02 17:25:00,desktop,home,327,56.57
U054,P094,view,2026-04-02 17:26:00,mobile,beauty,73,42.99
U147,P096,view,2026-04-02 17:27:00,mobile,clothing,19,287.02
U239,P039,click,2026-04-02 17:27:00,tablet,electronics,286,147.15
U447,P092,view,2026-04-02 17:28:00,tablet,electronics,280,408.44
U234,P089,click,2026-04-02 17:29:00,tablet,electronics,319,40.94
U308,P019,click,2026-04-02 17:30:00,desktop,beauty,414,332.55
U366,P047,view,2026-04-02 17:30:00,mobile,electronics,334,438.28
U162,P001,click,2026-04-02 17:30:00,desktop,clothing,497,481.43
U076,P027,add_to_cart,2026-04-02 17:30:00,mobile,electronics,556,353.03
U496,P020,click,2026-04-02 17:31:00,tablet,home,243,103.16
U368,P027,view,2026-04-02 17:32:00,desktop,home,14,74.76
U389,P011,view,2026-04-02 17:33:00,desktop,beauty,46,328.52
U450,P026,add_to_cart,2026-04-02 17:34:00,mobile,home,525,18.2
U060,P083,add_to_cart,2026-04-02 17:35:00,desktop,clothing,524,99.32
U437,P083,view,2026-04-02 17:35:00,tablet,beauty,378,356.87
U271,P078,view,2026-04-02 17:37:00,mobile,clothing,198,83.55
U078,P040,click,2026-04-02 17:37:00,mobile,clothing,424,151.33
U177,P041,view,2026-04-02 17:37:00,desktop,clothing,64,102.72
U326,P070,view,2026-04-02 17:38:00,tablet,beauty,356,444.59
U129,P045,view,2026-04-02 17:40:00,mobile,home,372,479.33
U050,P063,click,2026-04-02 17:40:00,mobile,home,156,31.28
U040,P090,add_to_cart,2026-04-02 17:40:00,tablet,electronics,575,287.78
U082,P060,view,2026-04-02 17:44:00,mobile,electronics,209,99.0
U335,P063,click,2026-04-02 17:46:00,desktop,clothing,137,161.27
U437,P074,view,2026-04-02 17:46:00,tablet,clothing,104,182.55
U387,P053,click,2026-04-02 17:46:00,tablet,electronics,369,98.18
U373,P010,click,2026-04-02 17:46:00,mobile,beauty,573,256.41
U115,P013,click,2026-04-02 17:47:00,mobile,beauty,455,430.91
U351,P093,add_to_cart,2026-04-02 17:50:00,desktop,electronics,346,267.65
U180,P076,view,2026-04-02 17:50:00,mobile,home,201,345.83
U188,P077,click,2026-04-02 17:52:00,desktop,electronics,193,85.71
U130,P035,view,2026-04-02 17:52:00,tablet,clothing,359,231.45
U349,P033,click,2026-04-02 17:53:00,mobile,beauty,547,292.6
U087,P076,add_to_cart,2026-04-02 17:56:00,desktop,clothing,404,224.19
U293,P051,click,2026-04-02 17:58:00,tablet,beauty,539,171.62
U181,P020,view,2026-04-02 17:58:00,tablet,home,140,50.72
U264,P044,view,2026-04-02 17:59:00,tablet,beauty,355,204.0
U327,P049,view,2026-04-02 18:00:00,tablet,home,163,211.74
U270,P075,click,2026-04-02 18:01:00,desktop,beauty,372,239.59
U156,P029,add_to_cart,2026-04-02 18:01:00,desktop,electronics,490,345.95
U332,P084,view,2026-04-02 18:01:00,tablet,home,10,21.53
U171,P068,click,2026-04-02 18:02:00,desktop,beauty,565,499.25
U211,P041,click,2026-04-02 18:02:00,tablet,electronics,591,287.97
U196,P100,click,2026-04-02 18:02:00,desktop,home,369,30.83
U103,P095,click,2026-04-02 18:03:00,desktop,beauty,342,401.91
U380,P073,add_to_cart,2026-04-02 18:05:00,desktop,electronics,349,238.87
U316,P068,view,2026-04-02 18:07:00,mobile,clothing,104,62.46
U389,P092,view,2026-04-02 18:07:00,mobile,clothing,137,400.21
U395,P015,add_to_cart,2026-04-02 18:07:00,desktop,beauty,486,243.14
U150,P072,view,2026-04-02 18:09:00,tablet,clothing,253,289.57
U217,P002,view,2026-04-02 18:10:00,tablet,electronics,104,302.0
U006,P083,view,2026-04-02 18:10:00,desktop,beauty,15,141.81
U262,P028,view,2026-04-02 18:10:00,tablet,electronics,36,356.07
U254,P046,click,2026-04-02 18:12:00,tablet,clothing,522,170.79
U448,P066,click,2026-04-02 18:12:00,desktop,electronics,40,142.31
U192,P023,view,2026-04-02 18:13:00,tablet,electronics,58,372.53
U379,P021,click,2026-04-02 18:13:00,tablet,home,531,110.12
U289,P028,click,2026-04-02 18:14:00,tablet,home,328,114.51
U309,P044,view,2026-04-02 18:15:00,desktop,home,137,461.25
U279,P074,view,2026-04-02 18:17:00,tablet,clothing,321,83.43
U061,P032,click,2026-04-02 18:21:00,tablet,beauty,417,283.23
U274,P009,click,2026-04-02 18:22:00,mobile,home,525,131.95
U494,P001,view,2026-04-02 18:23:00,tablet,beauty,326,125.66
U500,P056,click,2026-04-02 18:24:00,mobile,clothing,587,454.78
U007,P015,view,2026-04-02 18:26:00,mobile,home,142,490.39
U331,P089,click,2026-04-02 18:27:00,mobile,home,535,66.73
U052,P098,click,2026-04-02 18:27:00,mobile,electronics,378,104.46
U162,P009,click,2026-04-02 18:28:00,mobile,electronics,594,492.8
U009,P029,click,2026-04-02 18:29:00,desktop,clothing,523,371.61
U366,P090,click,2026-04-02 18:29:00,tablet,beauty,452,111.95
U133,P098,view,2026-04-02 18:30:00,tablet,electronics,151,485.3
U313,P083,click,2026-04-02 18:30:00,tablet,electronics,293,236.48
U375,P027,click,2026-04-02 18:32:00,tablet,clothing,528,203.79
U411,P076,view,2026-04-02 18:32:00,mobile,clothing,344,301.74
U126,P036,click,2026-04-02 18:32:00,mobile,clothing,362,91.88
U482,P029,click,2026-04-02 18:34:00,desktop,home,500,371.83
U055,P007,view,2026-04-02 18:34:00,tablet,home,128,234.34
U254,P081,click,2026-04-02 18:35:00,mobile,electronics,438,198.89
U389,P036,click,2026-04-02 18:35:00,mobile,home,284,40.17
U420,P060,click,2026-04-02 18:37:00,desktop,clothing,161,152.22
U150,P014,view,2026-04-02 18:38:00,tablet,clothing,107,485.51
U452,P007,click,2026-04-02 18:38:00,tablet,beauty,394,262.79
U071,P076,click,2026-04-02 18:38:00,mobile,beauty,573,252.37
U334,P064,click,2026-04-02 18:40:00,mobile,electronics,422,307.58
U250,P061,view,2026-04-02 18:41:00,tablet,home,369,440.12
U437,P081,view,2026-04-02 18:42:00,mobile,home,213,308.94
U389,P058,click,2026-04-02 18:43:00,mobile,electronics,133,154.93
U447,P100,view,2026-04-02 18:44:00,desktop,home,85,348.73
U240,P011,view,2026-04-02 18:45:00,desktop,electronics,161,485.79
U200,P078,view,2026-04-02 18:45:00,desktop,clothing,99,319.43
U265,P072,view,2026-04-02 18:46:00,tablet,electronics,211,422.36
U100,P027,view,2026-04-02 18:46:00,tablet,beauty,217,347.53
U042,P076,click,2026-04-02 18:46:00,mobile,beauty,405,354.45
U253,P086,click,2026-04-02 18:47:00,mobile,beauty,317,62.29
U091,P005,view,2026-04-02 18:48:00,tablet,beauty,69,236.89
U157,P060,click,2026-04-02 18:48:00,tablet,home,513,350.97
U306,P050,click,2026-04-02 18:49:00,mobile,electronics,341,53.65
U381,P020,view,2026-04-02 18:49:00,desktop,beauty,113,125.67
U371,P079,click,2026-04-02 18:51:00,desktop,clothing,218,196.67
U003,P088,click,2026-04-02 18:51:00,desktop,clothing,292,229.95
U213,P065,view,2026-04-02 18:52:00,mobile,electronics,38,74.75
U004,P091,click,2026-04-02 18:52:00,tablet,home,544,126.88
U075,P039,add_to_cart,2026-04-02 18:52:00,mobile,home,542,90.18
U423,P020,click,2026-04-02 18:53:00,mobile,electronics,437,255.6
U264,P016,add_to_cart,2026-04-02 18:56:00,desktop,beauty,569,119.35
U039,P043,click,2026-04-02 18:57:00,mobile,home,551,104.37
U194,P019,view,2026-04-02 18:57:00,tablet,beauty,93,19.0
U474,P019,click,2026-04-02 18:57:00,mobile,beauty,243,242.66
U005,P039,view,2026-04-02 18:59:00,tablet,home,213,427.97
U365,P065,add_to_cart,2026-04-02 19:00:00,desktop,beauty,306,24.24
U016,P051,click,2026-04-02 19:01:00,desktop,electronics,480,335.68
U449,P004,click,2026-04-02 19:02:00,desktop,clothing,301,57.28
U115,P044,click,2026-04-02 19:02:00,tablet,home,380,224.31
U272,P001,view,2026-04-02 19:04:00,mobile,clothing,12,272.58
U012,P049,click,2026-04-02 19:05:00,mobile,electronics,197,158.95
U422,P064,view,2026-04-02 19:07:00,desktop,electronics,47,435.07
U216,P092,view,2026-04-02 19:07:00,mobile,home,213,152.68
U087,P031,click,2026-04-02 19:08:00,mobile,home,563,422.96
U257,P068,click,2026-04-02 19:08:00,mobile,clothing,254,42.44
U278,P087,add_to_cart,2026-04-02 19:08:00,mobile,electronics,414,18.22
U343,P066,add_to_cart,2026-04-02 19:09:00,desktop,beauty,387,82.35
U287,P086,view,2026-04-02 19:10:00,mobile,electronics,155,419.43
U306,P052,add_to_cart,2026-04-02 19:11:00,desktop,clothing,585,225.68
U213,P093,view,2026-04-02 19:12:00,tablet,beauty,395,466.51
U334,P072,view,2026-04-02 19:13:00,desktop,beauty,307,474.0
U323,P004,click,2026-04-02 19:13:00,mobile,clothing,503,258.05
U383,P052,add_to_cart,2026-04-02 19:14:00,desktop,home,307,120.66
U313,P050,click,2026-04-02 19:14:00,desktop,electronics,67,148.29
U278,P067,click,2026-04-02 19:14:00,desktop,electronics,106,282.35
U421,P057,click,2026-04-02 19:15:00,tablet,beauty,423,439.83
U311,P060,view,2026-04-02 19:16:00,tablet,clothing,99,468.92
U360,P008,click,2026-04-02 19:16:00,mobile,beauty,217,45.85
U487,P004,view,2026-04-02 19:18:00,tablet,beauty,173,328.25
U041,P024,view,2026-04-02 19:18:00,tablet,clothing,155,412.02
U488,P039,click,2026-04-02 19:19:00,desktop,beauty,438,267.06
U463,P089,click,2026-04-02 19:20:00,desktop,home,457,217.22
U259,P014,click,2026-04-02 19:21:00,tablet,home,400,81.81
U469,P091,view,2026-04-02 19:24:00,tablet,home,92,199.37
U428,P026,view,2026-04-02 19:24:00,mobile,electronics,52,322.62
U054,P084,view,2026-04-02 19:26:00,tablet,home,66,466.57
U442,P042,view,2026-04-02 19:27:00,tablet,clothing,349,467.21
U104,P006,view,2026-04-02 19:28:00,tablet,beauty,73,96.66
U121,P065,view,2026-04-02 19:28:00,tablet,clothing,308,306.58
U193,P085,view,2026-04-02 19:28:00,desktop,clothing,243,410.95
U261,P080,view,2026-04-02 19:29:00,mobile,electronics,363,289.69
U235,P019,view,2026-04-02 19:30:00,tablet,home,276,492.82
U041,P090,view,2026-04-02 19:31:00,tablet,beauty,33,433.32
U300,P011,add_to_cart,2026-04-02 19:31:00,tablet,electronics,454,171.12
U306,P090,view,2026-04-02 19:33:00,tablet,electronics,200,133.07
U381,P050,view,2026-04-02 19:33:00,mobile,home,193,140.87
U263,P073,add_to_cart,2026-04-02 19:33:00,tablet,electronics,583,57.44
U090,P070,click,2026-04-02 19:33:00,tablet,electronics,39,78.47
U384,P054,click,2026-04-02 19:34:00,mobile,clothing,569,313.86
U324,P068,click,2026-04-02 19:35:00,mobile,clothing,356,50.74
U057,P001,view,2026-04-02 19:36:00,mobile,beauty,413,235.03
U060,P066,click,2026-04-02 19:36:00,desktop,clothing,382,357.99
U440,P061,view,2026-04-02 19:38:00,tablet,beauty,302,313.17
U302,P080,add_to_cart,2026-04-02 19:38:00,mobile,home,541,54.91
U252,P025,view,2026-04-02 19:38:00,mobile,home,204,471.85
U423,P064,add_to_cart,2026-04-02 19:39:00,desktop,clothing,216,17.03
U163,P080,view,2026-04-02 19:42:00,mobile,home,58,295.93
U396,P018,click,2026-04-02 19:42:00,desktop,beauty,238,282.53
U376,P025,view,2026-04-02 19:42:00,mobile,home,475,461.2
U254,P077,view,2026-04-02 19:43:00,tablet,clothing,77,302.03
U262,P041,view,2026-04-02 19:44:00,mobile,beauty,25,63.4
U040,P009,click,2026-04-02 19:45:00,desktop,clothing,453,112.2
U179,P013,add_to_cart,2026-04-02 19:48:00,desktop,home,585,276.95
U199,P061,click,2026-04-02 19:48:00,mobile,beauty,432,148.49
U466,P028,view,2026-04-02 19:49:00,tablet,home,377,212.84
U496,P053,click,2026-04-02 19:49:00,mobile,electronics,322,188.52
U367,P058,add_to_cart,2026-04-02 19:49:00,desktop,beauty,566,127.18
U011,P005,view,2026-04-02 19:50:00,tablet,beauty,392,433.36
U421,P078,click,2026-04-02 19:50:00,mobile,beauty,282,168.84
U421,P037,add_to_cart,2026-04-02 19:54:00,desktop,electronics,419,181.75
U081,P035,view,2026-04-02 19:54:00,tablet,home,341,386.4
U223,P051,view,2026-04-02 19:58:00,tablet,clothing,189,251.75
U389,P092,add_to_cart,2026-04-02 19:59:00,desktop,beauty,439,171.69
U424,P053,view,2026-04-02 19:59:00,mobile,electronics,319,425.39
U316,P038,add_to_cart,2026-04-02 20:00:00,desktop,home,478,285.18
U462,P009,view,2026-04-02 20:00:00,tablet,beauty,228,75.34
U213,P023,view,2026-04-02 20:01:00,tablet,home,69,461.79
U390,P023,view,2026-04-02 20:01:00,tablet,clothing,27,240.78
U001,P007,view,2026-04-02 20:02:00,desktop,home,176,263.92
U305,P079,view,2026-04-02 20:04:00,tablet,beauty,485,414.89
U234,P066,view,2026-04-02 20:06:00,desktop,clothing,188,199.48
U257,P017,view,2026-04-02 20:06:00,mobile,clothing,60,127.43
U081,P075,view,2026-04-02 20:07:00,tablet,electronics,262,194.73
U264,P071,click,2026-04-02 20:07:00,mobile,beauty,413,255.91
U468,P049,click,2026-04-02 20:07:00,desktop,beauty,49,148.52
U488,P020,view,2026-04-02 20:10:00,tablet,electronics,304,309.22
U022,P034,add_to_cart,2026-04-02 20:10:00,tablet,electronics,478,157.02
U481,P077,add_to_cart,2026-04-02 20:10:00,desktop,electronics,464,40.45
U222,P063,view,2026-04-02 20:11:00,mobile,electronics,175,203.86
U482,P018,view,2026-04-02 20:13:00,tablet,clothing,353,355.95
U272,P003,view,2026-04-02 20:16:00,desktop,home,118,468.16
U129,P054,view,2026-04-02 20:18:00,mobile,clothing,153,278.84
U316,P065,view,2026-04-02 20:19:00,mobile,home,522,484.33
U452,P081,click,2026-04-02 20:19:00,desktop,beauty,142,71.62
U414,P061,view,2026-04-02 20:20:00,tablet,clothing,280,478.74
U103,P002,click,2026-04-02 20:21:00,desktop,beauty,413,196.78
U334,P088,view,2026-04-02 20:21:00,tablet,electronics,324,493.01
U299,P090,add_to_cart,2026-04-02 20:23:00,tablet,electronics,402,124.67
U456,P094,add_to_cart,2026-04-02 20:23:00,desktop,home,591,272.25
U432,P068,view,2026-04-02 20:26:00,mobile,electronics,241,308.65
U091,P082,view,2026-04-02 20:26:00,mobile,home,66,400.57
U447,P025,click,2026-04-02 20:26:00,desktop,home,375,369.25
U041,P005,view,2026-04-02 20:27:00,desktop,beauty,126,303.93
U380,P001,add_to_cart,2026-04-02 20:28:00,desktop,electronics,557,22.2
U318,P011,click,2026-04-02 20:28:00,desktop,beauty,410,82.56
U357,P036,view,2026-04-02 20:28:00,desktop,beauty,84,354.4
U316,P030,view,2026-04-02 20:28:00,tablet,electronics,81,125.71
U451,P034,view,2026-04-02 20:28:00,mobile,beauty,33,303.32
U496,P084,view,2026-04-02 20:29:00,mobile,home,89,165.15
U028,P018,view,2026-04-02 20:30:00,desktop,home,11,357.83
U225,P006,view,2026-04-02 20:33:00,tablet,clothing,541,433.77
U218,P027,click,2026-04-02 20:34:00,mobile,electronics,578,455.36
U096,P090,click,2026-04-02 20:34:00,mobile,clothing,343,31.64
U397,P079,click,2026-04-02 20:35:00,tablet,electronics,588,355.66
U259,P010,view,2026-04-02 20:35:00,tablet,clothing,392,498.96
U039,P017,view,2026-04-02 20:36:00,mobile,home,329,299.93
U344,P033,view,2026-04-02 20:36:00,desktop,home,82,450.79
U012,P093,add_to_cart,2026-04-02 20:38:00,desktop,clothing,517,431.96
U049,P084,add_to_cart,2026-04-02 20:40:00,desktop,home,538,374.86
U145,P043,click,2026-04-02 20:40:00,desktop,clothing,208,37.65
U068,P081,add_to_cart,2026-04-02 20:41:00,tablet,clothing,575,101.63
U122,P063,view,2026-04-02 20:41:00,tablet,electronics,253,385.86
U185,P070,view,2026-04-02 20:43:00,desktop,clothing,161,248.92
U247,P051,click,2026-04-02 20:45:00,desktop,electronics,279,290.54
U084,P084,click,2026-04-02 20:45:00,mobile,electronics,32,32.29
U101,P028,view,2026-04-02 20:48:00,desktop,electronics,98,435.16
U394,P014,click,2026-04-02 20:50:00,desktop,clothing,307,208.9
U154,P099,view,2026-04-02 20:50:00,mobile,home,335,412.53
U290,P056,view,2026-04-02 20:53:00,mobile,beauty,102,59.27
U007,P078,click,2026-04-02 20:55:00,mobile,home,514,234.65
U284,P023,view,2026-04-02 20:56:00,tablet,beauty,243,278.49
U405,P009,click,2026-04-02 20:56:00,tablet,electronics,174,163.18
U015,P069,click,2026-04-02 20:57:00,tablet,home,560,488.35
U408,P035,click,2026-04-02 20:58:00,desktop,beauty,505,348.32
U229,P058,click,2026-04-02 20:59:00,mobile,electronics,511,371.5
U237,P022,add_to_cart,2026-04-02 21:00:00,desktop,clothing,544,209.3
U129,P026,view,2026-04-02 21:01:00,tablet,clothing,181,291.63
U045,P050,add_to_cart,2026-04-02 21:01:00,desktop,beauty,491,343.11
U365,P039,view,2026-04-02 21:02:00,mobile,electronics,180,140.53
U205,P070,view,2026-04-02 21:02:00,tablet,beauty,34,268.65
U161,P072,click,2026-04-02 21:02:00,desktop,home,167,99.33
U247,P071,click,2026-04-02 21:02:00,mobile,clothing,491,366.39
U178,P061,click,2026-04-02 21:02:00,desktop,clothing,406,493.59
U447,P008,view,2026-04-02 21:04:00,tablet,home,87,260.51
U021,P053,view,2026-04-02 21:04:00,mobile,beauty,290,311.49
U238,P005,click,2026-04-02 21:07:00,mobile,clothing,313,116.39
U051,P096,view,2026-04-02 21:08:00,mobile,clothing,11,350.18
U477,P062,click,2026-04-02 21:09:00,mobile,beauty,594,361.53
U191,P076,click,2026-04-02 21:09:00,desktop,beauty,380,346.41
U062,P079,click,2026-04-02 21:09:00,desktop,electronics,21,17.74
U043,P025,view,2026-04-02 21:10:00,tablet,home,339,356.33
U500,P073,view,2026-04-02 21:11:00,desktop,clothing,160,406.52
U049,P008,click,2026-04-02 21:12:00,desktop,electronics,54,37.32
U407,P069,view,2026-04-02 21:13:00,mobile,electronics,107,459.49
U094,P012,add_to_cart,2026-04-02 21:16:00,mobile,electronics,541,22.29
U055,P040,add_to_cart,2026-04-02 21:17:00,desktop,beauty,593,449.78
U066,P008,view,2026-04-02 21:20:00,tablet,clothing,33,232.01
U210,P018,view,2026-04-02 21:21:00,mobile,clothing,182,316.65
U355,P011,add_to_cart,2026-04-02 21:22:00,mobile,beauty,523,51.98
U444,P049,view,2026-04-02 21:22:00,desktop,beauty,51,143.82
U356,P078,view,2026-04-02 21:23:00,mobile,beauty,259,116.15
U109,P006,add_to_cart,2026-04-02 21:23:00,desktop,clothing,480,118.36
U014,P011,click,2026-04-02 21:24:00,tablet,electronics,513,348.52
U427,P037,click,2026-04-02 21:24:00,desktop,electronics,186,233.56
U300,P017,click,2026-04-02 21:31:00,desktop,electronics,443,384.33
U083,P024,view,2026-04-02 21:31:00,mobile,home,214,492.51
U215,P087,view,2026-04-02 21:34:00,tablet,beauty,366,387.87
U229,P096,add_to_cart,2026-04-02 21:35:00,desktop,electronics,542,191.83
U361,P077,click,2026-04-02 21:37:00,desktop,home,438,340.27
U421,P038,click,2026-04-02 21:37:00,mobile,clothing,364,124.54
U483,P095,view,2026-04-02 21:37:00,desktop,clothing,86,340.2
U181,P019,view,2026-04-02 21:38:00,tablet,home,345,438.42
U338,P065,add_to_cart,2026-04-02 21:38:00,mobile,clothing,572,80.81
U378,P049,view,2026-04-02 21:38:00,mobile,clothing,40,351.88
U440,P092,click,2026-04-02 21:39:00,desktop,home,153,157.3
U369,P075,view,2026-04-02 21:39:00,desktop,home,244,359.08
U266,P071,click,2026-04-02 21:40:00,desktop,electronics,468,477.56
U229,P006,click,2026-04-02 21:40:00,mobile,home,586,264.02
U429,P003,click,2026-04-02 21:41:00,desktop,electronics,87,76.61
U079,P036,click,2026-04-02 21:41:00,mobile,electronics,454,410.65
U394,P040,view,2026-04-02 21:43:00,tablet,clothing,33,470.75
U497,P073,click,2026-04-02 21:43:00,desktop,home,411,354.21
U383,P028,add_to_cart,2026-04-02 21:44:00,desktop,home,537,220.08
U307,P060,click,2026-04-02 21:44:00,mobile,home,519,382.26
U337,P072,view,2026-04-02 21:44:00,tablet,electronics,158,430.55
U132,P071,view,2026-04-02 21:45:00,mobile,home,483,432.38
U451,P011,view,2026-04-02 21:45:00,mobile,beauty,109,146.45
U212,P077,view,2026-04-02 21:46:00,mobile,clothing,64,321.26
U496,P052,click,2026-04-02 21:47:00,tablet,beauty,513,403.64
U008,P096,view,2026-04-02 21:48:00,tablet,clothing,177,172.52
U294,P060,add_to_cart,2026-04-02 21:48:00,desktop,electronics,399,164.71
U387,P066,view,2026-04-02 21:48:00,mobile,clothing,475,359.24
U318,P022,view,2026-04-02 21:49:00,mobile,clothing,290,485.3
U200,P099,view,2026-04-02 21:51:00,mobile,home,418,256.76
U053,P074,click,2026-04-02 21:52:00,mobile,clothing,550,201.89
U178,P023,click,2026-04-02 21:53:00,desktop,clothing,389,426.34
U481,P008,click,2026-04-02 21:54:00,mobile,electronics,486,387.94
U135,P056,click,2026-04-02 21:56:00,desktop,beauty,293,311.39
U124,P067,view,2026-04-02 21:56:00,tablet,beauty,302,339.93
U362,P046,view,2026-04-02 21:59:00,tablet,home,15,232.71
U096,P072,click,2026-04-02 22:00:00,desktop,beauty,590,332.71
U233,P093,click,2026-04-02 22:00:00,desktop,beauty,144,248.85
U033,P076,click,2026-04-02 22:01:00,desktop,clothing,336,14.75
U438,P062,click,2026-04-02 22:02:00,tablet,electronics,244,88.87
U255,P052,add_to_cart,2026-04-02 22:03:00,tablet,electronics,499,63.23
U359,P008,view,2026-04-02 22:04:00,tablet,electronics,106,482.26
U067,P038,click,2026-04-02 22:04:00,desktop,electronics,243,167.22
U232,P040,view,2026-04-02 22:06:00,tablet,clothing,132,145.62
U360,P020,add_to_cart,2026-04-02 22:07:00,mobile,electronics,486,237.89
U469,P090,view,2026-04-02 22:07:00,mobile,home,46,189.87
U343,P022,view,2026-04-02 22:08:00,desktop,beauty,61,337.71
U406,P051,add_to_cart,2026-04-02 22:09:00,desktop,electronics,571,120.27
U434,P093,view,2026-04-02 22:13:00,desktop,clothing,125,220.72
U011,P032,view,2026-04-02 22:13:00,tablet,clothing,132,314.77
U255,P006,view,2026-04-02 22:14:00,tablet,electronics,349,486.17
U472,P060,view,2026-04-02 22:17:00,tablet,electronics,39,472.84
U470,P019,view,2026-04-02 22:18:00,tablet,beauty,212,390.0
U191,P068,add_to_cart,2026-04-02 22:19:00,desktop,home,512,78.48
U260,P030,click,2026-04-02 22:20:00,mobile,home,338,18.12
U103,P034,view,2026-04-02 22:20:00,mobile,beauty,413,224.65
U271,P086,add_to_cart,2026-04-02 22:21:00,desktop,clothing,546,296.13
U207,P082,view,2026-04-02 22:22:00,tablet,beauty,23,463.88
U339,P037,view,2026-04-02 22:22:00,mobile,electronics,148,189.59
U239,P079,click,2026-04-02 22:25:00,desktop,beauty,305,97.89
U136,P054,click,2026-04-02 22:25:00,tablet,electronics,70,59.27
U279,P067,click,2026-04-02 22:26:00,tablet,electronics,94,52.25
U026,P009,click,2026-04-02 22:27:00,mobile,electronics,487,498.64
U041,P016,view,2026-04-02 22:27:00,desktop,clothing,54,26.32
U171,P001,click,2026-04-02 22:27:00,desktop,electronics,171,48.05
U089,P061,view,2026-04-02 22:28:00,mobile,home,372,428.69
U086,P068,click,2026-04-02 22:28:00,desktop,clothing,324,339.64
U243,P050,view,2026-04-02 22:29:00,tablet,home,56,417.69
U208,P088,click,2026-04-02 22:30:00,desktop,beauty,86,184.42
U340,P084,click,2026-04-02 22:31:00,desktop,clothing,571,478.21
U280,P062,click,2026-04-02 22:35:00,tablet,beauty,403,165.95
U270,P058,click,2026-04-02 22:35:00,desktop,beauty,406,266.15
U199,P086,view,2026-04-02 22:36:00,tablet,clothing,37,387.79
U068,P076,add_to_cart,2026-04-02 22:37:00,desktop,home,385,21.87
U283,P080,view,2026-04-02 22:45:00,tablet,home,179,308.87
U313,P007,view,2026-04-02 22:46:00,mobile,home,148,296.79
U305,P056,view,2026-04-02 22:46:00,tablet,electronics,56,62.52
U361,P036,click,2026-04-02 22:47:00,mobile,electronics,422,444.56
U118,P045,click,2026-04-02 22:47:00,desktop,home,348,18.75
U078,P097,view,2026-04-02 22:49:00,desktop,beauty,20,101.98
U430,P040,view,2026-04-02 22:50:00,tablet,electronics,252,347.1
U064,P009,click,2026-04-02 22:51:00,tablet,electronics,362,285.29
U355,P046,view,2026-04-02 22:51:00,desktop,clothing,183,463.45
U418,P081,click,2026-04-02 22:52:00,desktop,home,345,455.27
U249,P026,view,2026-04-02 22:52:00,mobile,home,244,403.75
U349,P030,click,2026-04-02 22:52:00,desktop,home,355,411.2
U021,P074,add_to_cart,2026-04-02 22:53:00,tablet,beauty,474,110.34
U474,P069,view,2026-04-02 22:55:00,desktop,beauty,161,312.15
U179,P071,click,2026-04-02 22:57:00,tablet,beauty,494,326.66
U169,P050,click,2026-04-02 22:57:00,tablet,clothing,405,220.13
U174,P023,view,2026-04-02 22:57:00,tablet,clothing,412,346.39
U145,P072,click,2026-04-02 22:57:00,tablet,clothing,522,303.97
U378,P060,view,2026-04-02 22:59:00,tablet,clothing,139,51.78
U346,P026,view,2026-04-02 23:00:00,mobile,clothing,125,388.55
U301,P069,view,2026-04-02 23:01:00,mobile,electronics,106,202.06
U345,P066,click,2026-04-02 23:02:00,tablet,home,474,107.02
U281,P074,view,2026-04-02 23:02:00,mobile,clothing,112,343.22
U443,P057,view,2026-04-02 23:03:00,desktop,home,21,128.62
U416,P035,view,2026-04-02 23:03:00,tablet,clothing,85,323.33
U310,P069,click,2026-04-02 23:03:00,mobile,clothing,436,191.89
U395,P016,view,2026-04-02 23:04:00,desktop,clothing,114,343.47
U113,P081,click,2026-04-02 23:04:00,desktop,home,63,32.81
U492,P065,click,2026-04-02 23:05:00,mobile,electronics,313,266.31
U015,P016,view,2026-04-02 23:06:00,mobile,beauty,387,474.25
U195,P022,click,2026-04-02 23:07:00,desktop,beauty,444,387.85
U140,P065,view,2026-04-02 23:08:00,mobile,clothing,205,200.83
U440,P059,click,2026-04-02 23:08:00,mobile,beauty,582,322.8
U322,P080,view,2026-04-02 23:09:00,mobile,clothing,89,418.32
U187,P031,click,2026-04-02 23:12:00,tablet,clothing,427,237.73
U490,P038,add_to_cart,2026-04-02 23:12:00,tablet,clothing,547,69.11
U036,P018,click,2026-04-02 23:13:00,desktop,home,549,355.59
U237,P012,add_to_cart,2026-04-02 23:16:00,tablet,electronics,591,127.61
U355,P086,click,2026-04-02 23:17:00,tablet,home,289,156.12
U369,P025,view,2026-04-02 23:20:00,tablet,clothing,255,208.78
U476,P068,click,2026-04-02 23:21:00,tablet,home,544,344.31
U004,P039,view,2026-04-02 23:22:00,mobile,beauty,14,338.9
U209,P007,click,2026-04-02 23:24:00,desktop,electronics,341,327.96
U393,P057,click,2026-04-02 23:25:00,desktop,electronics,318,448.09
U473,P098,click,2026-04-02 23:27:00,desktop,clothing,145,280.09
U434,P018,click,2026-04-02 23:27:00,desktop,beauty,468,443.45
U263,P059,click,2026-04-02 23:30:00,desktop,electronics,372,238.49
U034,P043,click,2026-04-02 23:31:00,mobile,electronics,384,26.89
U313,P079,view,2026-04-02 23:32:00,tablet,clothing,298,248.13
U039,P046,add_to_cart,2026-04-02 23:32:00,tablet,home,554,34.02
U160,P025,click,2026-04-02 23:33:00,desktop,beauty,423,423.82
U483,P096,add_to_cart,2026-04-02 23:34:00,desktop,beauty,419,23.0
U304,P040,view,2026-04-02 23:35:00,tablet,home,132,442.8
U250,P027,view,2026-04-02 23:35:00,mobile,electronics,17,134.71
U230,P065,view,2026-04-02 23:36:00,desktop,beauty,225,397.46
U167,P016,view,2026-04-02 23:37:00,mobile,home,147,403.31
U394,P074,view,2026-04-02 23:38:00,desktop,clothing,231,468.6
U249,P042,add_to_cart,2026-04-02 23:38:00,desktop,clothing,393,195.06
U214,P032,view,2026-04-02 23:38:00,tablet,home,20,81.79
U450,P006,view,2026-04-02 23:38:00,mobile,clothing,207,134.98
U351,P076,click,2026-04-02 23:38:00,tablet,electronics,339,277.77
U021,P068,add_to_cart,2026-04-02 23:41:00,desktop,electronics,418,287.14
U181,P056,view,2026-04-02 23:42:00,tablet,electronics,141,101.7
U266,P065,click,2026-04-02 23:42:00,mobile,beauty,442,368.23
U303,P020,view,2026-04-02 23:42:00,mobile,home,154,438.04
U471,P020,view,2026-04-02 23:43:00,mobile,beauty,74,305.72
U408,P016,click,2026-04-02 23:43:00,mobile,beauty,465,263.83
U120,P015,click,2026-04-02 23:43:00,tablet,clothing,542,68.72
U239,P097,view,2026-04-02 23:45:00,desktop,clothing,174,300.84
U146,P019,click,2026-04-02 23:45:00,tablet,electronics,397,266.43
U040,P066,view,2026-04-02 23:45:00,tablet,electronics,182,336.04
U248,P023,add_to_cart,2026-04-02 23:46:00,desktop,beauty,472,91.49
U412,P076,click,2026-04-02 23:46:00,mobile,beauty,460,330.07
U473,P026,view,2026-04-02 23:47:00,mobile,home,99,222.9
U002,P047,view,2026-04-02 23:48:00,mobile,home,283,300.46
U486,P048,add_to_cart,2026-04-02 23:48:00,tablet,electronics,492,160.44
U068,P027,view,2026-04-02 23:48:00,desktop,electronics,85,288.54
U180,P089,view,2026-04-02 23:48:00,tablet,beauty,267,463.48
U496,P048,view,2026-04-02 23:49:00,tablet,home,199,270.08
U290,P096,view,2026-04-02 23:52:00,mobile,home,169,332.06
U462,P048,click,2026-04-02 23:52:00,desktop,beauty,301,353.31
U078,P062,view,2026-04-02 23:52:00,mobile,home,299,418.22
U300,P045,click,2026-04-02 23:54:00,mobile,beauty,418,36.29
U201,P011,click,2026-04-02 23:54:00,mobile,beauty,490,277.0
U318,P088,click,2026-04-02 23:55:00,mobile,clothing,414,121.28
U317,P036,click,2026-04-02 23:56:00,desktop,electronics,60,117.19
U166,P078,view,2026-04-02 23:58:00,mobile,electronics,42,60.99
U130,P085,view,2026-04-02 23:58:00,tablet,electronics,292,296.77
U091,P031,add_to_cart,2026-04-02 23:58:00,desktop,beauty,583,427.55
U318,P028,view,2026-04-03 00:00:00,mobile,clothing,456,438.18
U295,P026,click,2026-04-03 00:00:00,tablet,electronics,390,133.76
U148,P019,click,2026-04-03 00:01:00,mobile,home,373,175.13
U080,P023,click,2026-04-03 00:01:00,desktop,electronics,206,477.47
U358,P087,view,2026-04-03 00:03:00,desktop,home,49,174.64
U315,P072,view,2026-04-03 00:05:00,mobile,clothing,54,189.07
U491,P003,click,2026-04-03 00:05:00,mobile,electronics,463,494.87
U454,P049,view,2026-04-03 00:06:00,mobile,clothing,259,388.39
U207,P091,click,2026-04-03 00:07:00,desktop,electronics,106,68.64
U272,P016,add_to_cart,2026-04-03 00:10:00,tablet,home,595,94.71
U259,P023,view,2026-04-03 00:10:00,mobile,clothing,324,250.43
U133,P087,view,2026-04-03 00:13:00,tablet,electronics,170,421.8
U018,P064,click,2026-04-03 00:14:00,desktop,electronics,163,388.05
U461,P041,view,2026-04-03 00:16:00,mobile,clothing,24,96.72
U329,P030,click,2026-04-03 00:17:00,mobile,electronics,457,126.34
U457,P072,view,2026-04-03 00:19:00,tablet,home,199,486.07
U422,P025,click,2026-04-03 00:20:00,mobile,electronics,442,239.31
U304,P084,view,2026-04-03 00:20:00,tablet,home,35,254.45
U381,P080,add_to_cart,2026-04-03 00:20:00,tablet,electronics,505,83.83
U068,P023,click,2026-04-03 00:20:00,tablet,electronics,459,434.19
U263,P074,add_to_cart,2026-04-03 00:21:00,desktop,electronics,491,222.58
U445,P026,click,2026-04-03 00:22:00,tablet,clothing,385,83.7
U131,P044,click,2026-04-03 00:22:00,desktop,home,167,300.11
U489,P089,add_to_cart,2026-04-03 00:24:00,tablet,electronics,518,108.19
U483,P061,view,2026-04-03 00:27:00,mobile,electronics,196,347.14
U129,P065,view,2026-04-03 00:29:00,desktop,beauty,221,421.8
U409,P096,view,2026-04-03 00:29:00,desktop,electronics,71,431.18
U475,P055,click,2026-04-03 00:31:00,tablet,beauty,470,170.01
U248,P014,view,2026-04-03 00:32:00,tablet,beauty,26,95.39
U314,P080,click,2026-04-03 00:34:00,mobile,clothing,427,335.88
U134,P028,click,2026-04-03 00:35:00,tablet,clothing,507,73.82
U460,P038,click,2026-04-03 00:35:00,tablet,clothing,468,154.31
U322,P004,view,2026-04-03 00:38:00,desktop,home,21,61.31
U255,P004,view,2026-04-03 00:39:00,tablet,clothing,105,259.05
U230,P013,view,2026-04-03 00:39:00,tablet,home,150,45.05
U090,P033,view,2026-04-03 00:40:00,mobile,electronics,61,133.12
U106,P077,view,2026-04-03 00:41:00,desktop,home,19,457.55
U283,P020,click,2026-04-03 00:42:00,mobile,electronics,419,248.27
U111,P032,view,2026-04-03 00:44:00,mobile,electronics,72,363.89
U055,P024,click,2026-04-03 00:44:00,tablet,electronics,487,457.94
U468,P099,click,2026-04-03 00:45:00,mobile,beauty,350,78.34
U259,P056,view,2026-04-03 00:45:00,desktop,clothing,153,395.23
U419,P023,click,2026-04-03 00:47:00,desktop,beauty,383,322.01
U149,P078,view,2026-04-03 00:47:00,desktop,beauty,17,113.62
U438,P088,click,2026-04-03 00:47:00,tablet,home,420,117.98
U089,P096,view,2026-04-03 00:47:00,mobile,home,234,123.11
U331,P014,view,2026-04-03 00:47:00,tablet,electronics,170,331.15
U433,P017,view,2026-04-03 00:47:00,desktop,beauty,11,331.34
U090,P045,click,2026-04-03 00:50:00,tablet,electronics,322,122.33
U034,P084,view,2026-04-03 00:50:00,mobile,electronics,317,251.01
U173,P072,view,2026-04-03 00:51:00,tablet,electronics,327,495.95
U260,P005,click,2026-04-03 00:51:00,mobile,home,365,203.37
U182,P036,click,2026-04-03 00:53:00,desktop,home,489,377.7
U178,P065,view,2026-04-03 00:54:00,mobile,electronics,277,283.86
U452,P041,click,2026-04-03 00:55:00,desktop,beauty,322,417.15
U271,P044,click,2026-04-03 00:55:00,tablet,electronics,337,389.64
U389,P088,click,2026-04-03 00:55:00,mobile,electronics,159,33.79
U027,P024,view,2026-04-03 00:55:00,mobile,home,230,67.37
U273,P095,click,2026-04-03 00:55:00,desktop,clothing,217,343.63
U017,P039,view,2026-04-03 00:56:00,mobile,clothing,45,492.29
U376,P048,add_to_cart,2026-04-03 00:56:00,desktop,home,483,172.5
U184,P011,view,2026-04-03 00:57:00,tablet,home,68,162.06
U392,P059,click,2026-04-03 00:58:00,tablet,home,382,47.14
U334,P002,view,2026-04-03 00:58:00,mobile,electronics,232,341.88
U387,P085,click,2026-04-03 00:59:00,desktop,electronics,394,469.77
U498,P093,view,2026-04-03 01:01:00,tablet,clothing,213,499.68
U029,P084,view,2026-04-03 01:07:00,tablet,home,103,168.42
U068,P055,click,2026-04-03 01:08:00,desktop,clothing,410,292.04
U076,P028,add_to_cart,2026-04-03 01:08:00,desktop,electronics,493,76.26
U172,P011,click,2026-04-03 01:09:00,mobile,electronics,368,299.0
U409,P023,click,2026-04-03 01:09:00,tablet,clothing,349,43.02
U061,P065,click,2026-04-03 01:09:00,tablet,home,588,232.44
U485,P033,add_to_cart,2026-04-03 01:09:00,mobile,home,495,11.6
U290,P051,add_to_cart,2026-04-03 01:10:00,desktop,home,573,62.18
U187,P023,view,2026-04-03 01:10:00,desktop,home,347,462.37
U248,P059,click,2026-04-03 01:11:00,mobile,beauty,455,283.9
U109,P087,click,2026-04-03 01:12:00,desktop,electronics,178,243.96
U499,P019,view,2026-04-03 01:12:00,desktop,clothing,142,229.48
U118,P079,view,2026-04-03 01:13:00,desktop,beauty,164,412.35
U375,P029,view,2026-04-03 01:13:00,desktop,home,305,342.48
U463,P093,click,2026-04-03 01:14:00,desktop,home,87,22.73
U459,P007,view,2026-04-03 01:14:00,desktop,beauty,63,477.43
U029,P009,add_to_cart,2026-04-03 01:16:00,mobile,clothing,592,95.89
U108,P062,click,2026-04-03 01:17:00,mobile,electronics,557,346.19
U442,P046,click,2026-04-03 01:18:00,mobile,home,475,406.09
U131,P023,view,2026-04-03 01:18:00,desktop,home,113,356.47
U112,P072,view,2026-04-03 01:19:00,mobile,home,333,377.08
U016,P058,click,2026-04-03 01:19:00,desktop,home,135,53.24
U329,P008,view,2026-04-03 01:21:00,desktop,clothing,107,304.48
U014,P058,view,2026-04-03 01:21:00,tablet,beauty,217,443.62
U140,P051,add_to_cart,2026-04-03 01:22:00,mobile,electronics,406,152.96
U003,P053,click,2026-04-03 01:24:00,tablet,clothing,420,206.14
U453,P055,view,2026-04-03 01:24:00,mobile,clothing,127,101.69
U255,P089,click,2026-04-03 01:25:00,tablet,clothing,320,159.26
U225,P042,click,2026-04-03 01:25:00,mobile,beauty,453,255.79
U291,P053,view,2026-04-03 01:28:00,mobile,beauty,249,304.24
U270,P074,view,2026-04-03 01:28:00,tablet,home,266,58.91
U044,P018,view,2026-04-03 01:29:00,tablet,beauty,101,101.01
U129,P091,click,2026-04-03 01:30:00,desktop,electronics,46,313.77
U361,P006,view,2026-04-03 01:31:00,desktop,home,55,316.58
U361,P003,add_to_cart,2026-04-03 01:33:00,desktop,beauty,553,79.42
U301,P088,view,2026-04-03 01:33:00,mobile,clothing,215,232.37
U359,P091,view,2026-04-03 01:34:00,mobile,clothing,504,480.12
U065,P066,view,2026-04-03 01:34:00,tablet,beauty,194,221.72
U116,P042,click,2026-04-03 01:34:00,tablet,clothing,537,373.42
U422,P068,click,2026-04-03 01:35:00,tablet,beauty,553,69.46
U074,P069,view,2026-04-03 01:35:00,tablet,beauty,406,346.14
U070,P094,add_to_cart,2026-04-03 01:36:00,desktop,clothing,353,112.31
U363,P085,click,2026-04-03 01:36:00,desktop,home,227,84.25
U321,P029,click,2026-04-03 01:36:00,mobile,home,549,255.46
U207,P058,add_to_cart,2026-04-03 01:38:00,mobile,electronics,545,106.32
U203,P070,view,2026-04-03 01:38:00,mobile,clothing,164,180.87
U169,P002,view,2026-04-03 01:40:00,mobile,home,599,498.83
U350,P050,click,2026-04-03 01:40:00,tablet,beauty,265,195.01
U162,P013,click,2026-04-03 01:40:00,tablet,clothing,594,165.27
U267,P040,add_to_cart,2026-04-03 01:40:00,mobile,home,530,46.4
U237,P072,click,2026-04-03 01:42:00,desktop,electronics,468,444.24
U177,P066,click,2026-04-03 01:43:00,tablet,clothing,385,274.18
U492,P069,view,2026-04-03 01:43:00,tablet,beauty,48,229.55
U340,P074,view,2026-04-03 01:45:00,mobile,beauty,477,375.95
U481,P015,click,2026-04-03 01:46:00,desktop,beauty,315,359.68
U151,P084,add_to_cart,2026-04-03 01:46:00,desktop,clothing,505,165.36
U349,P010,view,2026-04-03 01:48:00,tablet,beauty,311,403.89
U156,P072,click,2026-04-03 01:49:00,mobile,electronics,365,223.36
U260,P074,click,2026-04-03 01:49:00,desktop,clothing,106,79.51
U463,P018,view,2026-04-03 01:50:00,tablet,clothing,202,462.16
U226,P022,click,2026-04-03 01:50:00,mobile,home,522,299.69
U203,P012,click,2026-04-03 01:51:00,tablet,electronics,84,14.76
U317,P042,view,2026-04-03 01:51:00,desktop,electronics,50,218.87
U116,P017,add_to_cart,2026-04-03 01:51:00,desktop,clothing,300,17.76
U188,P016,click,2026-04-03 01:52:00,tablet,electronics,519,140.05
U384,P054,view,2026-04-03 01:55:00,mobile,home,351,349.56
U498,P024,click,2026-04-03 01:55:00,mobile,clothing,481,246.6
U375,P033,click,2026-04-03 01:55:00,desktop,beauty,199,35.29
U401,P058,view,2026-04-03 01:56:00,desktop,electronics,293,495.19
U355,P096,view,2026-04-03 01:57:00,mobile,home,117,194.78
U299,P086,add_to_cart,2026-04-03 01:57:00,desktop,home,373,70.52
U246,P019,click,2026-04-03 01:58:00,mobile,beauty,600,405.1
U034,P043,view,2026-04-03 01:59:00,mobile,electronics,116,382.78
U364,P020,view,2026-04-03 01:59:00,mobile,electronics,149,77.02
U172,P095,view,2026-04-03 01:59:00,mobile,home,150,276.92
U243,P026,view,2026-04-03 02:00:00,tablet,clothing,215,427.48
U415,P003,view,2026-04-03 02:00:00,tablet,clothing,196,44.0
U266,P088,click,2026-04-03 02:01:00,desktop,clothing,399,209.44
U120,P099,click,2026-04-03 02:02:00,tablet,home,499,269.64
U013,P079,view,2026-04-03 02:03:00,mobile,electronics,89,247.28
U423,P066,add_to_cart,2026-04-03 02:04:00,desktop,electronics,484,220.7
U301,P059,view,2026-04-03 02:10:00,desktop,clothing,103,455.47
U081,P096,view,2026-04-03 02:11:00,tablet,clothing,243,463.84
U376,P041,click,2026-04-03 02:12:00,tablet,home,566,180.14
U411,P066,view,2026-04-03 02:12:00,mobile,home,265,482.08
U468,P058,view,2026-04-03 02:12:00,tablet,clothing,26,299.7
U028,P002,click,2026-04-03 02:13:00,mobile,beauty,378,303.85
U320,P083,view,2026-04-03 02:14:00,tablet,clothing,119,299.15
U341,P088,view,2026-04-03 02:14:00,tablet,home,348,342.99
U443,P086,click,2026-04-03 02:15:00,tablet,beauty,466,100.44
U086,P084,view,2026-04-03 02:16:00,tablet,home,244,475.12
U301,P044,click,2026-04-03 02:20:00,desktop,home,231,215.77
U005,P043,click,2026-04-03 02:20:00,mobile,clothing,251,81.51
U157,P046,click,2026-04-03 02:22:00,mobile,electronics,465,386.71
U072,P060,view,2026-04-03 02:23:00,tablet,home,251,225.02
U342,P016,click,2026-04-03 02:23:00,tablet,beauty,311,149.7
U350,P021,view,2026-04-03 02:24:00,mobile,beauty,93,144.26
U397,P096,view,2026-04-03 02:24:00,tablet,home,57,254.6
U130,P088,click,2026-04-03 02:25:00,tablet,electronics,430,348.16
U259,P056,click,2026-04-03 02:25:00,tablet,electronics,389,353.68
U475,P054,view,2026-04-03 02:26:00,tablet,clothing,61,402.55
U408,P070,view,2026-04-03 02:26:00,tablet,clothing,14,147.67
U255,P074,view,2026-04-03 02:26:00,mobile,clothing,269,139.23
U413,P017,click,2026-04-03 02:27:00,mobile,home,531,490.41
U171,P018,view,2026-04-03 02:28:00,mobile,clothing,59,469.6
U443,P024,add_to_cart,2026-04-03 02:28:00,tablet,electronics,588,71.22
U447,P015,view,2026-04-03 02:30:00,tablet,beauty,488,408.75
U088,P063,add_to_cart,2026-04-03 02:31:00,desktop,clothing,569,337.62
U453,P064,click,2026-04-03 02:32:00,tablet,electronics,248,37.43
U293,P024,click,2026-04-03 02:33:00,desktop,electronics,23,83.12
U227,P010,view,2026-04-03 02:34:00,tablet,beauty,244,407.56
U033,P072,view,2026-04-03 02:35:00,tablet,beauty,425,406.23
U003,P019,click,2026-04-03 02:36:00,desktop,beauty,263,236.69
U286,P094,click,2026-04-03 02:36:00,tablet,clothing,304,71.29
U468,P052,click,2026-04-03 02:37:00,tablet,home,500,258.39
U149,P002,click,2026-04-03 02:38:00,tablet,home,428,197.88
U438,P078,view,2026-04-03 02:39:00,tablet,beauty,39,161.04
U074,P089,add_to_cart,2026-04-03 02:41:00,desktop,beauty,480,95.98
U128,P085,click,2026-04-03 02:42:00,desktop,beauty,224,361.79
U197,P035,view,2026-04-03 02:42:00,tablet,beauty,251,46.52
U090,P093,view,2026-04-03 02:44:00,tablet,clothing,26,141.77
U366,P047,click,2026-04-03 02:44:00,desktop,home,481,453.97
U200,P042,view,2026-04-03 02:45:00,tablet,home,190,459.2
U169,P022,click,2026-04-03 02:47:00,mobile,electronics,78,114.18
U495,P006,view,2026-04-03 02:47:00,desktop,home,140,240.83
U266,P072,view,2026-04-03 02:48:00,mobile,clothing,409,381.64
U046,P070,view,2026-04-03 02:51:00,mobile,home,263,322.33
U146,P015,view,2026-04-03 02:53:00,mobile,clothing,63,48.55
U106,P061,add_to_cart,2026-04-03 02:55:00,desktop,home,578,368.41
U408,P053,view,2026-04-03 02:55:00,desktop,clothing,110,406.19
U350,P003,view,2026-04-03 02:56:00,mobile,clothing,15,233.92
U181,P095,view,2026-04-03 02:57:00,mobile,clothing,413,442.8
U425,P010,click,2026-04-03 02:57:00,desktop,electronics,362,375.77
U093,P052,click,2026-04-03 02:57:00,mobile,clothing,436,60.78
U061,P082,click,2026-04-03 02:58:00,mobile,electronics,596,220.18
U336,P069,click,2026-04-03 02:59:00,tablet,beauty,319,124.4
U469,P071,click,2026-04-03 03:00:00,tablet,home,600,316.8
U217,P002,view,2026-04-03 03:00:00,desktop,home,39,10.98
U337,P069,click,2026-04-03 03:01:00,mobile,clothing,497,484.46
U372,P034,add_to_cart,2026-04-03 03:01:00,desktop,clothing,568,358.45
U026,P088,click,2026-04-03 03:02:00,mobile,electronics,226,62.53
U073,P041,view,2026-04-03 03:03:00,mobile,home,144,191.26
U242,P018,view,2026-04-03 03:03:00,desktop,beauty,19,303.35
U136,P014,view,2026-04-03 03:04:00,tablet,home,171,48.9
U498,P005,view,2026-04-03 03:04:00,mobile,home,215,41.66
U098,P069,add_to_cart,2026-04-03 03:05:00,desktop,clothing,346,12.64
U494,P039,click,2026-04-03 03:06:00,mobile,clothing,367,41.34
U008,P041,click,2026-04-03 03:06:00,mobile,beauty,471,54.6
U452,P100,click,2026-04-03 03:07:00,tablet,electronics,278,377.83
U353,P058,view,2026-04-03 03:08:00,tablet,home,141,486.97
U257,P021,view,2026-04-03 03:08:00,tablet,home,166,303.96
U028,P032,view,2026-04-03 03:09:00,mobile,home,439,421.74
U056,P046,view,2026-04-03 03:09:00,desktop,clothing,67,461.6
U257,P059,view,2026-04-03 03:11:00,tablet,beauty,251,197.81
U297,P025,view,2026-04-03 03:11:00,desktop,beauty,56,198.44
U147,P025,click,2026-04-03 03:12:00,mobile,electronics,387,281.15
U041,P014,view,2026-04-03 03:16:00,mobile,beauty,318,119.3
U138,P029,view,2026-04-03 03:18:00,desktop,beauty,288,478.91
U118,P047,view,2026-04-03 03:19:00,desktop,clothing,81,114.83
U196,P100,click,2026-04-03 03:19:00,tablet,clothing,392,220.72
U140,P009,view,2026-04-03 03:27:00,desktop,home,128,336.84
U100,P031,view,2026-04-03 03:27:00,tablet,clothing,20,71.75
U481,P047,view,2026-04-03 03:28:00,mobile,home,433,441.34
U292,P082,click,2026-04-03 03:29:00,desktop,beauty,270,71.97
U227,P015,click,2026-04-03 03:29:00,mobile,electronics,386,283.66
U311,P056,click,2026-04-03 03:31:00,tablet,electronics,291,135.77
U409,P078,click,2026-04-03 03:32:00,mobile,electronics,91,54.03
U412,P056,click,2026-04-03 03:32:00,mobile,beauty,353,271.04
U325,P014,add_to_cart,2026-04-03 03:32:00,tablet,clothing,551,232.45
U020,P026,view,2026-04-03 03:35:00,desktop,clothing,205,386.01
U352,P026,click,2026-04-03 03:37:00,desktop,electronics,90,83.36
U160,P016,view,2026-04-03 03:37:00,tablet,beauty,27,433.7
U051,P036,click,2026-04-03 03:37:00,desktop,clothing,348,312.84
U495,P065,view,2026-04-03 03:39:00,mobile,beauty,236,371.9
U317,P060,view,2026-04-03 03:40:00,tablet,home,283,161.68
U450,P097,click,2026-04-03 03:40:00,desktop,home,267,254.0
U389,P058,click,2026-04-03 03:40:00,desktop,electronics,309,284.46
U066,P043,view,2026-04-03 03:41:00,mobile,electronics,117,452.69
U407,P012,click,2026-04-03 03:43:00,desktop,electronics,186,257.31
U285,P064,view,2026-04-03 03:43:00,mobile,electronics,35,111.38
U355,P074,click,2026-04-03 03:43:00,mobile,clothing,449,115.4
U359,P005,click,2026-04-03 03:44:00,tablet,clothing,598,343.25
U460,P057,click,2026-04-03 03:46:00,tablet,clothing,515,481.78
U108,P097,view,2026-04-03 03:47:00,mobile,clothing,188,386.67
U475,P017,click,2026-04-03 03:49:00,mobile,home,455,244.02
U017,P094,view,2026-04-03 03:50:00,tablet,electronics,176,358.67
U091,P038,click,2026-04-03 03:51:00,mobile,beauty,499,279.45
U428,P086,add_to_cart,2026-04-03 03:54:00,tablet,electronics,498,105.45
U065,P084,view,2026-04-03 03:55:00,tablet,home,160,479.48
U079,P062,view,2026-04-03 03:56:00,tablet,electronics,59,43.08
U255,P022,click,2026-04-03 03:57:00,desktop,clothing,330,314.75
U418,P032,view,2026-04-03 03:58:00,tablet,electronics,366,340.59
U498,P072,view,2026-04-03 03:59:00,tablet,beauty,182,73.52
U208,P097,view,2026-04-03 04:00:00,desktop,electronics,38,181.19
U065,P099,add_to_cart,2026-04-03 04:00:00,desktop,electronics,399,51.45
U074,P040,view,2026-04-03 04:01:00,mobile,home,185,148.5
U103,P082,add_to_cart,2026-04-03 04:01:00,mobile,electronics,531,198.47
U259,P032,view,2026-04-03 04:01:00,desktop,beauty,18,288.61
U279,P078,view,2026-04-03 04:02:00,mobile,beauty,197,292.39
U479,P074,click,2026-04-03 04:03:00,desktop,electronics,84,313.41
U484,P070,click,2026-04-03 04:06:00,desktop,electronics,199,10.75
U286,P060,click,2026-04-03 04:06:00,tablet,electronics,485,252.02
U208,P072,add_to_cart,2026-04-03 04:06:00,desktop,electronics,376,419.62
U318,P083,view,2026-04-03 04:07:00,mobile,beauty,122,56.13
U049,P013,click,2026-04-03 04:08:00,mobile,electronics,371,86.57
U398,P053,click,2026-04-03 04:08:00,desktop,clothing,336,23.68
U274,P048,click,2026-04-03 04:09:00,desktop,beauty,110,83.61
U436,P096,view,2026-04-03 04:10:00,tablet,beauty,48,410.35
U352,P021,click,2026-04-03 04:10:00,tablet,home,422,120.83
U311,P086,view,2026-04-03 04:11:00,tablet,beauty,276,384.1
U024,P064,click,2026-04-03 04:12:00,mobile,beauty,581,290.09
U406,P031,add_to_cart,2026-04-03 04:12:00,desktop,beauty,545,166.8
U157,P082,click,2026-04-03 04:14:00,mobile,home,393,103.12
U183,P053,add_to_cart,2026-04-03 04:15:00,desktop,electronics,504,155.73
U480,P092,click,2026-04-03 04:15:00,tablet,home,510,183.92
U262,P079,click,2026-04-03 04:15:00,tablet,beauty,542,137.88
U345,P047,view,2026-04-03 04:15:00,desktop,clothing,223,192.54
U051,P002,view,2026-04-03 04:17:00,mobile,beauty,132,481.84
U127,P003,view,2026-04-03 04:18:00,tablet,beauty,252,307.47
U050,P036,view,2026-04-03 04:21:00,mobile,beauty,44,198.59
U246,P057,add_to_cart,2026-04-03 04:22:00,desktop,clothing,414,119.4
U388,P097,click,2026-04-03 04:22:00,mobile,home,597,299.11
U311,P085,click,2026-04-03 04:25:00,tablet,electronics,244,52.07
U221,P025,click,2026-04-03 04:25:00,desktop,beauty,574,337.14
U159,P088,view,2026-04-03 04:26:00,tablet,clothing,168,487.9
U149,P073,click,2026-04-03 04:26:00,mobile,home,388,124.19
U082,P011,add_to_cart,2026-04-03 04:27:00,tablet,beauty,524,53.89
U267,P027,click,2026-04-03 04:27:00,desktop,clothing,260,121.36
U125,P006,click,2026-04-03 04:28:00,mobile,electronics,268,199.24
U181,P059,click,2026-04-03 04:29:00,tablet,electronics,377,248.22
U027,P054,view,2026-04-03 04:30:00,mobile,home,461,497.28
U101,P087,add_to_cart,2026-04-03 04:31:00,desktop,beauty,518,452.27
U027,P031,view,2026-04-03 04:31:00,tablet,clothing,307,447.89
U112,P081,click,2026-04-03 04:33:00,desktop,clothing,284,86.55
U251,P017,view,2026-04-03 04:34:00,mobile,beauty,467,387.14
U385,P080,click,2026-04-03 04:34:00,desktop,clothing,241,87.84
U386,P042,view,2026-04-03 04:35:00,tablet,beauty,105,132.8
U285,P089,add_to_cart,2026-04-03 04:35:00,mobile,beauty,596,176.81
U298,P031,view,2026-04-03 04:35:00,mobile,beauty,78,16.2
U152,P051,add_to_cart,2026-04-03 04:35:00,mobile,electronics,587,88.47
U492,P052,click,2026-04-03 04:35:00,tablet,clothing,592,232.05
U020,P022,view,2026-04-03 04:36:00,tablet,home,29,242.5
U065,P009,click,2026-04-03 04:36:00,tablet,clothing,381,242.73
U148,P004,view,2026-04-03 04:37:00,tablet,electronics,100,19.35
U066,P020,click,2026-04-03 04:39:00,desktop,beauty,485,495.5
U409,P011,click,2026-04-03 04:43:00,tablet,electronics,453,325.43
U440,P024,view,2026-04-03 04:43:00,desktop,beauty,334,393.14
U126,P049,view,2026-04-03 04:44:00,tablet,home,79,147.87
U439,P083,click,2026-04-03 04:45:00,desktop,electronics,185,355.83
U342,P050,view,2026-04-03 04:45:00,tablet,beauty,266,287.67
U105,P073,click,2026-04-03 04:49:00,tablet,beauty,301,25.03
U429,P026,click,2026-04-03 04:51:00,desktop,beauty,384,104.82
U331,P064,click,2026-04-03 04:52:00,tablet,home,231,177.19
U361,P040,click,2026-04-03 04:54:00,desktop,home,438,177.49
U024,P031,click,2026-04-03 04:55:00,tablet,electronics,257,68.23
U220,P016,click,2026-04-03 04:55:00,mobile,home,369,248.49
U277,P039,click,2026-04-03 04:55:00,mobile,beauty,516,79.94
U133,P015,view,2026-04-03 04:56:00,tablet,beauty,437,346.9
U419,P009,click,2026-04-03 04:57:00,desktop,beauty,582,478.68
U258,P067,click,2026-04-03 04:57:00,desktop,beauty,529,484.79
U148,P032,view,2026-04-03 04:57:00,tablet,beauty,283,284.19
U110,P097,view,2026-04-03 05:00:00,mobile,beauty,235,287.36
U196,P025,click,2026-04-03 05:03:00,desktop,home,505,281.87
U303,P095,add_to_cart,2026-04-03 05:03:00,desktop,clothing,521,384.57
U422,P031,view,2026-04-03 05:04:00,mobile,electronics,397,444.11
U048,P072,add_to_cart,2026-04-03 05:05:00,desktop,clothing,597,242.36
U412,P038,view,2026-04-03 05:06:00,mobile,beauty,153,424.05
U299,P056,view,2026-04-03 05:06:00,mobile,clothing,333,201.06
U218,P048,view,2026-04-03 05:06:00,tablet,home,210,267.3
U101,P044,view,2026-04-03 05:07:00,tablet,electronics,65,322.35
U232,P086,click,2026-04-03 05:08:00,mobile,electronics,484,408.0
U333,P009,click,2026-04-03 05:09:00,tablet,electronics,403,400.26
U266,P085,view,2026-04-03 05:10:00,tablet,clothing,202,113.37
U107,P096,click,2026-04-03 05:11:00,desktop,clothing,153,140.25
U345,P095,view,2026-04-03 05:11:00,tablet,home,160,203.0
U373,P029,click,2026-04-03 05:11:00,mobile,clothing,421,342.67
U277,P083,view,2026-04-03 05:16:00,mobile,clothing,349,416.48
U398,P075,click,2026-04-03 05:17:00,desktop,electronics,109,208.26
U325,P042,click,2026-04-03 05:19:00,mobile,clothing,553,253.44
U379,P093,add_to_cart,2026-04-03 05:19:00,desktop,electronics,478,105.27
U154,P064,click,2026-04-03 05:19:00,mobile,beauty,376,134.79
U298,P052,click,2026-04-03 05:19:00,desktop,beauty,289,241.04
U197,P012,view,2026-04-03 05:23:00,mobile,electronics,76,429.58
U364,P020,click,2026-04-03 05:23:00,tablet,electronics,496,308.3
U102,P090,view,2026-04-03 05:24:00,tablet,electronics,118,361.07
U260,P097,click,2026-04-03 05:26:00,desktop,beauty,302,487.64
U194,P059,add_to_cart,2026-04-03 05:27:00,desktop,home,371,34.95
U449,P060,view,2026-04-03 05:27:00,mobile,home,305,394.42
U179,P069,add_to_cart,2026-04-03 05:28:00,desktop,electronics,479,277.91
U167,P012,add_to_cart,2026-04-03 05:29:00,desktop,clothing,395,67.77
U008,P027,click,2026-04-03 05:29:00,tablet,beauty,250,38.49
U355,P084,view,2026-04-03 05:29:00,mobile,clothing,197,100.46
U397,P042,click,2026-04-03 05:30:00,tablet,home,392,225.4
U280,P076,click,2026-04-03 05:31:00,desktop,clothing,332,201.38
U146,P039,click,2026-04-03 05:32:00,desktop,electronics,149,148.68
U444,P021,view,2026-04-03 05:33:00,tablet,clothing,223,46.3
U401,P061,view,2026-04-03 05:33:00,tablet,home,236,395.73
U184,P020,click,2026-04-03 05:34:00,tablet,beauty,513,462.81
U269,P059,click,2026-04-03 05:35:00,tablet,clothing,244,97.57
U006,P058,click,2026-04-03 05:36:00,mobile,beauty,323,204.26
U408,P006,view,2026-04-03 05:38:00,tablet,home,94,60.13
U004,P032,view,2026-04-03 05:39:00,mobile,beauty,151,359.99
U035,P052,click,2026-04-03 05:40:00,mobile,beauty,409,92.67
U401,P060,add_to_cart,2026-04-03 05:43:00,mobile,electronics,474,49.63
U390,P009,click,2026-04-03 05:43:00,mobile,electronics,290,46.78
U050,P062,view,2026-04-03 05:44:00,tablet,clothing,169,219.25
U480,P085,click,2026-04-03 05:44:00,desktop,electronics,316,282.56
U302,P085,click,2026-04-03 05:47:00,desktop,home,348,92.02
U283,P084,add_to_cart,2026-04-03 05:47:00,desktop,clothing,433,207.85
U065,P047,add_to_cart,2026-04-03 05:48:00,desktop,beauty,399,106.37
U165,P044,view,2026-04-03 05:48:00,tablet,clothing,170,20.76
U411,P018,click,2026-04-03 05:49:00,desktop,electronics,84,110.66
U193,P034,click,2026-04-03 05:50:00,desktop,electronics,191,188.01
U030,P057,click,2026-04-03 05:50:00,desktop,beauty,327,261.42
U376,P088,view,2026-04-03 05:51:00,tablet,home,411,385.79
U361,P017,click,2026-04-03 05:52:00,desktop,electronics,244,193.98
U479,P044,click,2026-04-03 05:54:00,desktop,beauty,444,293.34
U308,P041,click,2026-04-03 05:54:00,tablet,beauty,184,16.29
U470,P074,view,2026-04-03 05:54:00,tablet,electronics,195,403.95
U423,P059,view,2026-04-03 05:55:00,tablet,clothing,39,137.62
U311,P009,add_to_cart,2026-04-03 05:55:00,desktop,beauty,567,131.53
U016,P092,add_to_cart,2026-04-03 05:56:00,desktop,beauty,502,119.02
U307,P062,view,2026-04-03 05:56:00,desktop,clothing,252,465.88
U136,P030,view,2026-04-03 05:56:00,tablet,beauty,44,40.24
U047,P033,view,2026-04-03 05:58:00,mobile,electronics,27,427.29
U313,P030,click,2026-04-03 05:58:00,mobile,beauty,578,385.73
U172,P038,click,2026-04-03 05:59:00,desktop,electronics,249,364.94
U113,P086,click,2026-04-03 06:01:00,mobile,beauty,311,28.96
U269,P020,view,2026-04-03 06:01:00,tablet,home,142,157.09
U093,P007,click,2026-04-03 06:02:00,desktop,beauty,258,413.16
U042,P003,click,2026-04-03 06:02:00,desktop,home,498,306.85
U402,P040,click,2026-04-03 06:03:00,desktop,electronics,308,390.09
U442,P061,view,2026-04-03 06:03:00,mobile,clothing,255,24.76
U060,P007,add_to_cart,2026-04-03 06:04:00,desktop,electronics,568,87.88
U426,P088,view,2026-04-03 06:05:00,mobile,beauty,12,490.44
U163,P055,add_to_cart,2026-04-03 06:05:00,desktop,home,581,170.23
U258,P096,view,2026-04-03 06:06:00,tablet,beauty,278,206.35
U395,P050,click,2026-04-03 06:06:00,tablet,home,521,181.44
U123,P019,click,2026-04-03 06:07:00,mobile,clothing,584,239.66
U025,P037,click,2026-04-03 06:07:00,desktop,electronics,521,457.73
U015,P084,click,2026-04-03 06:08:00,desktop,home,441,455.14
U094,P079,view,2026-04-03 06:10:00,tablet,home,320,191.8
U044,P089,click,2026-04-03 06:13:00,tablet,electronics,276,138.46
U062,P091,add_to_cart,2026-04-03 06:16:00,mobile,electronics,579,13.0
U220,P042,add_to_cart,2026-04-03 06:21:00,desktop,beauty,583,122.86
U441,P009,click,2026-04-03 06:21:00,desktop,beauty,295,30.95
U323,P019,view,2026-04-03 06:22:00,mobile,electronics,298,436.5
U411,P080,click,2026-04-03 06:25:00,desktop,beauty,389,318.99
U398,P071,view,2026-04-03 06:25:00,mobile,clothing,260,463.97
U169,P072,click,2026-04-03 06:26:00,mobile,electronics,517,350.83
U166,P054,click,2026-04-03 06:27:00,tablet,electronics,496,259.77
U112,P028,view,2026-04-03 06:27:00,tablet,electronics,315,493.71
U326,P068,click,2026-04-03 06:28:00,mobile,clothing,506,238.27
U340,P026,click,2026-04-03 06:28:00,tablet,home,341,215.65
U469,P078,view,2026-04-03 06:28:00,tablet,beauty,288,101.93
U152,P023,view,2026-04-03 06:29:00,tablet,electronics,231,369.07
U401,P027,click,2026-04-03 06:30:00,mobile,electronics,243,361.06
U333,P063,view,2026-04-03 06:30:00,tablet,clothing,402,389.24
U172,P077,view,2026-04-03 06:32:00,mobile,beauty,251,254.81
U341,P035,click,2026-04-03 06:32:00,desktop,clothing,305,184.56
U192,P081,view,2026-04-03 06:38:00,mobile,clothing,79,467.12
U173,P008,click,2026-04-03 06:38:00,desktop,electronics,201,236.65
U220,P052,view,2026-04-03 06:40:00,tablet,electronics,59,127.23
U216,P057,view,2026-04-03 06:40:00,mobile,clothing,241,445.33
U378,P015,view,2026-04-03 06:41:00,tablet,beauty,27,63.84
U494,P099,view,2026-04-03 06:43:00,mobile,beauty,373,418.8
U107,P006,view,2026-04-03 06:44:00,tablet,home,166,461.63
U408,P003,add_to_cart,2026-04-03 06:44:00,desktop,electronics,517,382.78
U283,P006,click,2026-04-03 06:45:00,tablet,clothing,404,72.46
U329,P031,view,2026-04-03 06:45:00,mobile,clothing,127,226.58
U429,P028,click,2026-04-03 06:46:00,mobile,beauty,464,121.02
U159,P026,view,2026-04-03 06:46:00,tablet,beauty,281,278.6
U078,P087,view,2026-04-03 06:46:00,tablet,home,48,114.95
U497,P093,click,2026-04-03 06:48:00,desktop,electronics,371,457.61
U429,P056,click,2026-04-03 06:50:00,desktop,electronics,52,286.54
U441,P037,view,2026-04-03 06:51:00,tablet,electronics,183,130.49
U294,P051,add_to_cart,2026-04-03 06:52:00,desktop,clothing,542,44.28
U300,P004,click,2026-04-03 06:54:00,tablet,electronics,546,219.64
U168,P012,view,2026-04-03 06:56:00,tablet,beauty,112,266.89
U248,P026,view,2026-04-03 06:56:00,tablet,beauty,288,59.14
U290,P036,click,2026-04-03 06:57:00,desktop,electronics,293,184.67
U172,P034,click,2026-04-03 06:58:00,tablet,clothing,475,253.77
U477,P050,click,2026-04-03 06:59:00,desktop,home,424,229.1
U274,P096,add_to_cart,2026-04-03 07:00:00,tablet,electronics,507,232.48
U381,P079,click,2026-04-03 07:01:00,tablet,electronics,257,186.36
U011,P052,click,2026-04-03 07:02:00,tablet,home,509,276.52
U500,P083,view,2026-04-03 07:06:00,tablet,home,159,443.89
U409,P003,add_to_cart,2026-04-03 07:08:00,desktop,electronics,508,279.33
U004,P084,click,2026-04-03 07:09:00,desktop,home,360,143.01
U333,P016,click,2026-04-03 07:10:00,mobile,clothing,528,442.95
U435,P086,view,2026-04-03 07:10:00,tablet,electronics,13,293.38
U251,P042,view,2026-04-03 07:11:00,mobile,beauty,210,350.22
U460,P063,click,2026-04-03 07:12:00,mobile,clothing,434,260.12
U448,P039,view,2026-04-03 07:12:00,tablet,clothing,21,74.72
U430,P024,click,2026-04-03 07:12:00,desktop,beauty,286,110.21
U151,P068,click,2026-04-03 07:13:00,tablet,beauty,358,119.0
U002,P055,view,2026-04-03 07:13:00,mobile,beauty,171,482.96
U239,P011,view,2026-04-03 07:14:00,mobile,electronics,235,468.83
U266,P006,click,2026-04-03 07:16:00,tablet,beauty,522,176.32
U063,P074,view,2026-04-03 07:16:00,tablet,electronics,59,173.13
U444,P075,view,2026-04-03 07:16:00,mobile,clothing,277,455.92
U470,P041,view,2026-04-03 07:17:00,desktop,beauty,42,312.23
U202,P081,click,2026-04-03 07:18:00,desktop,home,318,284.64
U084,P078,view,2026-04-03 07:21:00,tablet,home,115,443.27
U105,P097,click,2026-04-03 07:22:00,desktop,clothing,151,21.96
U141,P081,view,2026-04-03 07:23:00,mobile,clothing,172,69.03
U079,P034,view,2026-04-03 07:23:00,tablet,home,60,215.42
U393,P015,click,2026-04-03 07:24:00,tablet,electronics,289,303.76
U209,P032,view,2026-04-03 07:25:00,desktop,beauty,74,190.06
U288,P053,click,2026-04-03 07:25:00,desktop,electronics,419,445.36
U060,P035,view,2026-04-03 07:28:00,mobile,electronics,368,468.86
U423,P076,view,2026-04-03 07:29:00,tablet,home,168,458.97
U483,P039,add_to_cart,2026-04-03 07:30:00,desktop,clothing,434,143.11
U070,P041,click,2026-04-03 07:30:00,desktop,electronics,305,292.82
U143,P029,view,2026-04-03 07:30:00,desktop,home,189,466.42
U038,P035,click,2026-04-03 07:30:00,mobile,beauty,228,105.42
U495,P035,view,2026-04-03 07:31:00,tablet,beauty,226,346.74
U198,P044,click,2026-04-03 07:31:00,desktop,home,101,102.26
U136,P005,click,2026-04-03 07:32:00,tablet,beauty,369,238.08
U489,P010,click,2026-04-03 07:32:00,mobile,clothing,571,437.48
U007,P061,add_to_cart,2026-04-03 07:35:00,mobile,electronics,535,77.5
U119,P055,add_to_cart,2026-04-03 07:35:00,desktop,electronics,331,140.9
U299,P054,view,2026-04-03 07:36:00,mobile,beauty,147,337.78
U077,P041,view,2026-04-03 07:37:00,tablet,home,314,232.37
U351,P048,view,2026-04-03 07:39:00,tablet,beauty,221,368.03
U439,P091,view,2026-04-03 07:39:00,mobile,home,48,38.66
U003,P035,view,2026-04-03 07:42:00,tablet,home,163,219.93
U275,P074,view,2026-04-03 07:42:00,tablet,electronics,269,353.08
U082,P025,view,2026-04-03 07:42:00,tablet,beauty,422,475.47
U089,P081,click,2026-04-03 07:43:00,desktop,electronics,319,288.57
U189,P051,click,2026-04-03 07:44:00,desktop,electronics,257,11.27
U309,P079,click,2026-04-03 07:45:00,tablet,electronics,350,206.2
U215,P033,click,2026-04-03 07:46:00,mobile,home,370,208.23
U433,P041,add_to_cart,2026-04-03 07:47:00,desktop,home,568,41.95
U126,P041,click,2026-04-03 07:49:00,desktop,electronics,279,359.71
U392,P038,view,2026-04-03 07:49:00,mobile,electronics,83,496.74
U200,P087,view,2026-04-03 07:49:00,desktop,beauty,346,493.17
U324,P011,add_to_cart,2026-04-03 07:50:00,desktop,electronics,477,69.67
U011,P001,view,2026-04-03 07:50:00,tablet,home,341,104.99
U039,P075,view,2026-04-03 07:51:00,tablet,clothing,405,432.07
U428,P050,add_to_cart,2026-04-03 07:52:00,desktop,clothing,572,94.18
U233,P015,click,2026-04-03 07:53:00,desktop,home,440,458.65
U337,P030,click,2026-04-03 07:54:00,mobile,electronics,255,92.13
U025,P068,view,2026-04-03 07:54:00,tablet,home,53,223.64
U316,P091,view,2026-04-03 07:55:00,mobile,home,390,318.8
U214,P015,view,2026-04-03 07:55:00,mobile,beauty,250,362.17
U368,P073,view,2026-04-03 07:55:00,desktop,electronics,209,490.57
U169,P068,view,2026-04-03 07:57:00,mobile,home,250,170.3
U147,P005,click,2026-04-03 07:57:00,tablet,home,471,494.95
U358,P013,view,2026-04-03 07:58:00,mobile,clothing,209,178.36
U144,P051,view,2026-04-03 07:59:00,mobile,clothing,512,488.87
U400,P082,click,2026-04-03 07:59:00,desktop,home,231,272.33
U007,P088,view,2026-04-03 08:02:00,tablet,electronics,293,297.65
U275,P088,view,2026-04-03 08:03:00,desktop,beauty,234,442.33
U025,P057,view,2026-04-03 08:06:00,desktop,home,312,388.19
U415,P008,view,2026-04-03 08:07:00,tablet,beauty,74,207.4
U249,P091,view,2026-04-03 08:07:00,mobile,clothing,394,398.98
U493,P046,click,2026-04-03 08:07:00,mobile,clothing,555,211.01
U167,P042,view,2026-04-03 08:09:00,tablet,beauty,61,96.73
U126,P070,click,2026-04-03 08:10:00,tablet,beauty,396,67.21
U346,P088,click,2026-04-03 08:10:00,desktop,beauty,11,13.46
U042,P026,view,2026-04-03 08:11:00,mobile,electronics,49,333.64
U353,P061,view,2026-04-03 08:12:00,tablet,clothing,66,380.7
U015,P058,click,2026-04-03 08:15:00,mobile,beauty,307,169.13
U445,P024,view,2026-04-03 08:16:00,mobile,electronics,214,319.17
U274,P011,view,2026-04-03 08:16:00,mobile,home,439,449.74
U486,P010,click,2026-04-03 08:16:00,mobile,electronics,387,260.3
U477,P080,view,2026-04-03 08:17:00,tablet,home,331,263.98
U295,P006,view,2026-04-03 08:17:00,tablet,beauty,43,216.66
U223,P014,click,2026-04-03 08:17:00,mobile,electronics,466,320.53
U266,P036,view,2026-04-03 08:18:00,desktop,clothing,147,422.64
U354,P096,view,2026-04-03 08:19:00,mobile,electronics,150,106.04
U182,P050,click,2026-04-03 08:20:00,desktop,home,190,107.65
U044,P022,click,2026-04-03 08:21:00,mobile,home,328,181.9
U112,P052,add_to_cart,2026-04-03 08:22:00,desktop,beauty,465,10.0
U367,P005,view,2026-04-03 08:22:00,mobile,home,164,232.08
U146,P069,add_to_cart,2026-04-03 08:23:00,desktop,electronics,513,74.62
U382,P066,click,2026-04-03 08:23:00,tablet,clothing,252,72.67
U258,P035,click,2026-04-03 08:23:00,mobile,clothing,472,449.6
U217,P041,view,2026-04-03 08:24:00,tablet,clothing,142,455.59
U305,P035,view,2026-04-03 08:25:00,desktop,home,294,399.63
U451,P016,view,2026-04-03 08:26:00,tablet,electronics,274,401.77
U077,P087,add_to_cart,2026-04-03 08:27:00,desktop,beauty,501,54.08
U183,P067,click,2026-04-03 08:27:00,desktop,clothing,303,458.61
U328,P099,click,2026-04-03 08:27:00,tablet,clothing,455,300.07
U152,P062,view,2026-04-03 08:28:00,tablet,beauty,321,410.06
U319,P031,click,2026-04-03 08:29:00,mobile,clothing,516,172.57
U134,P010,click,2026-04-03 08:30:00,tablet,electronics,592,499.14
U427,P020,add_to_cart,2026-04-03 08:30:00,mobile,beauty,568,59.4
U118,P027,view,2026-04-03 08:31:00,tablet,home,380,281.9
U183,P098,click,2026-04-03 08:32:00,tablet,beauty,394,15.31
U324,P007,click,2026-04-03 08:33:00,desktop,clothing,146,291.72
U399,P073,click,2026-04-03 08:33:00,desktop,clothing,296,55.0
U278,P051,view,2026-04-03 08:33:00,mobile,home,178,438.18
U184,P016,view,2026-04-03 08:35:00,mobile,beauty,299,335.91
U448,P046,click,2026-04-03 08:38:00,mobile,electronics,309,184.21
U423,P092,click,2026-04-03 08:39:00,desktop,clothing,212,146.17
U489,P091,view,2026-04-03 08:39:00,tablet,clothing,173,316.54
U201,P071,click,2026-04-03 08:40:00,mobile,electronics,544,463.57
U191,P019,click,2026-04-03 08:41:00,desktop,beauty,430,386.15
U430,P024,click,2026-04-03 08:42:00,mobile,home,346,134.66
U040,P057,click,2026-04-03 08:43:00,tablet,clothing,372,119.56
U367,P088,click,2026-04-03 08:43:00,desktop,beauty,309,183.01
U263,P028,view,2026-04-03 08:44:00,mobile,home,258,267.08
U198,P075,click,2026-04-03 08:46:00,tablet,beauty,424,331.19
U056,P056,click,2026-04-03 08:47:00,desktop,clothing,255,158.98
U315,P040,click,2026-04-03 08:47:00,mobile,electronics,149,39.54
U402,P087,view,2026-04-03 08:48:00,mobile,beauty,150,489.38
U482,P063,view,2026-04-03 08:48:00,desktop,beauty,78,348.99
U105,P092,add_to_cart,2026-04-03 08:50:00,desktop,home,427,215.14
U463,P053,view,2026-04-03 08:51:00,mobile,clothing,67,67.77
U286,P093,add_to_cart,2026-04-03 08:51:00,mobile,electronics,551,110.96
U374,P076,add_to_cart,2026-04-03 08:51:00,tablet,home,578,115.27
U334,P028,view,2026-04-03 08:51:00,mobile,beauty,251,303.91
U122,P061,click,2026-04-03 08:52:00,mobile,home,414,234.64
U074,P077,click,2026-04-03 08:52:00,desktop,home,348,445.83
U209,P089,view,2026-04-03 08:53:00,tablet,clothing,90,319.96
U347,P080,click,2026-04-03 08:53:00,desktop,clothing,76,161.03
U024,P004,add_to_cart,2026-04-03 08:53:00,tablet,electronics,496,70.7
U203,P012,view,2026-04-03 08:53:00,mobile,clothing,119,190.21
U409,P004,click,2026-04-03 08:53:00,desktop,home,242,50.12
U486,P077,click,2026-04-03 08:55:00,mobile,home,386,60.08
U005,P062,click,2026-04-03 08:55:00,mobile,electronics,496,346.53
U123,P028,view,2026-04-03 08:56:00,desktop,home,21,103.51
U384,P073,view,2026-04-03 08:58:00,mobile,home,139,481.35
U481,P021,click,2026-04-03 08:58:00,desktop,beauty,398,265.48
U172,P062,view,2026-04-03 09:00:00,mobile,home,71,189.73
U198,P034,view,2026-04-03 09:03:00,mobile,home,213,299.28
U181,P008,click,2026-04-03 09:03:00,desktop,home,264,72.54
U054,P094,view,2026-04-03 09:04:00,mobile,home,495,282.88
U455,P084,add_to_cart,2026-04-03 09:05:00,desktop,home,361,102.16
U299,P077,click,2026-04-03 09:05:00,tablet,home,546,167.17
U054,P046,click,2026-04-03 09:06:00,mobile,beauty,339,219.33
U254,P020,view,2026-04-03 09:07:00,mobile,clothing,336,464.52
U486,P029,view,2026-04-03 09:07:00,tablet,clothing,182,78.55
U286,P001,view,2026-04-03 09:07:00,mobile,home,72,497.06
U186,P025,view,2026-04-03 09:08:00,tablet,electronics,139,292.59
U439,P082,click,2026-04-03 09:08:00,desktop,beauty,426,246.24
U273,P088,view,2026-04-03 09:08:00,desktop,electronics,178,454.35
U037,P078,click,2026-04-03 09:09:00,tablet,beauty,385,26.12
U127,P043,view,2026-04-03 09:11:00,tablet,home,354,394.05
U368,P087,view,2026-04-03 09:13:00,mobile,beauty,175,333.89
U404,P081,click,2026-04-03 09:14:00,tablet,clothing,541,209.39
U184,P047,view,2026-04-03 09:15:00,mobile,home,381,338.52
U142,P096,view,2026-04-03 09:17:00,tablet,clothing,344,299.62
U491,P002,view,2026-04-03 09:18:00,tablet,beauty,200,386.39
U358,P066,click,2026-04-03 09:20:00,desktop,electronics,379,365.18
U041,P027,view,2026-04-03 09:22:00,tablet,home,394,400.07
U206,P080,view,2026-04-03 09:22:00,mobile,beauty,329,392.83
U157,P005,add_to_cart,2026-04-03 09:25:00,tablet,beauty,528,66.13
U253,P076,click,2026-04-03 09:26:00,desktop,beauty,531,232.14
U315,P093,add_to_cart,2026-04-03 09:26:00,desktop,clothing,280,16.24
U215,P049,view,2026-04-03 09:30:00,mobile,clothing,81,201.99
U033,P045,view,2026-04-03 09:30:00,tablet,electronics,200,360.29
U445,P083,click,2026-04-03 09:31:00,desktop,clothing,528,404.13
U006,P088,view,2026-04-03 09:36:00,mobile,home,178,494.48
U244,P030,view,2026-04-03 09:37:00,tablet,electronics,75,220.13
U496,P090,view,2026-04-03 09:38:00,tablet,home,310,382.43
U285,P079,view,2026-04-03 09:39:00,mobile,clothing,77,167.64
U079,P022,click,2026-04-03 09:39:00,desktop,clothing,99,168.2
U104,P055,add_to_cart,2026-04-03 09:40:00,tablet,electronics,458,56.72
U039,P074,click,2026-04-03 09:40:00,tablet,clothing,427,172.61
U013,P050,view,2026-04-03 09:40:00,desktop,beauty,229,413.94
U248,P040,add_to_cart,2026-04-03 09:40:00,desktop,electronics,452,82.04
U201,P097,click,2026-04-03 09:43:00,desktop,electronics,155,316.11
U371,P006,view,2026-04-03 09:43:00,desktop,electronics,90,499.88
U134,P043,click,2026-04-03 09:45:00,tablet,beauty,327,219.89
U170,P062,click,2026-04-03 09:45:00,tablet,beauty,538,186.39
U359,P085,view,2026-04-03 09:49:00,desktop,home,112,148.71
U090,P042,view,2026-04-03 09:49:00,mobile,clothing,403,472.23
U056,P048,click,2026-04-03 09:49:00,desktop,home,29,24.61
U191,P080,view,2026-04-03 09:50:00,tablet,clothing,326,303.95
U035,P067,click,2026-04-03 09:50:00,desktop,clothing,265,207.79
U436,P030,view,2026-04-03 09:51:00,mobile,home,328,420.76
U343,P100,click,2026-04-03 09:52:00,mobile,beauty,571,187.8
U365,P014,click,2026-04-03 09:53:00,tablet,home,529,103.11
U205,P007,view,2026-04-03 09:53:00,mobile,home,320,456.83
U383,P029,click,2026-04-03 09:54:00,mobile,clothing,586,343.13
U072,P057,click,2026-04-03 09:55:00,tablet,clothing,539,148.6
U046,P025,click,2026-04-03 09:55:00,tablet,clothing,584,93.0
U308,P090,click,2026-04-03 09:56:00,tablet,electronics,446,31.69
U136,P011,view,2026-04-03 09:56:00,mobile,beauty,484,492.32
U080,P042,view,2026-04-03 09:57:00,mobile,home,112,348.66
U186,P064,click,2026-04-03 09:59:00,tablet,electronics,560,304.57
U105,P040,view,2026-04-03 10:00:00,tablet,clothing,268,331.53
U223,P037,view,2026-04-03 10:01:00,mobile,beauty,120,290.74
U434,P100,click,2026-04-03 10:01:00,tablet,beauty,376,221.96
U271,P008,view,2026-04-03 10:01:00,tablet,electronics,49,268.09
U264,P096,add_to_cart,2026-04-03 10:02:00,desktop,home,452,181.45
U001,P077,view,2026-04-03 10:04:00,mobile,electronics,265,437.66
U063,P005,view,2026-04-03 10:05:00,mobile,home,14,255.16
U460,P063,add_to_cart,2026-04-03 10:05:00,desktop,home,594,74.8
U175,P058,click,2026-04-03 10:05:00,tablet,electronics,311,252.59
U275,P006,view,2026-04-03 10:05:00,mobile,home,157,216.6
U388,P093,add_to_cart,2026-04-03 10:06:00,tablet,home,591,24.59
U425,P096,view,2026-04-03 10:07:00,desktop,home,72,350.37
U060,P025,click,2026-04-03 10:09:00,desktop,electronics,198,424.87
U137,P033,view,2026-04-03 10:11:00,mobile,beauty,29,307.32
U313,P049,add_to_cart,2026-04-03 10:15:00,desktop,clothing,330,33.57
U045,P084,view,2026-04-03 10:19:00,mobile,clothing,232,192.58
U139,P056,click,2026-04-03 10:20:00,tablet,electronics,165,29.74
U237,P057,click,2026-04-03 10:22:00,desktop,clothing,402,467.11
U113,P025,add_to_cart,2026-04-03 10:23:00,desktop,home,560,153.62
U079,P093,view,2026-04-03 10:24:00,mobile,clothing,136,204.0
U243,P024,click,2026-04-03 10:25:00,tablet,home,273,45.49
U040,P010,click,2026-04-03 10:26:00,desktop,electronics,395,392.3
U498,P015,view,2026-04-03 10:29:00,mobile,electronics,77,316.67
U053,P076,click,2026-04-03 10:29:00,mobile,electronics,241,77.6
U377,P094,click,2026-04-03 10:30:00,mobile,electronics,214,28.5
U195,P018,view,2026-04-03 10:31:00,mobile,clothing,477,429.52
U008,P044,click,2026-04-03 10:32:00,desktop,clothing,120,208.36
U382,P094,add_to_cart,2026-04-03 10:33:00,desktop,electronics,348,241.23
U104,P034,click,2026-04-03 10:35:00,mobile,clothing,508,405.13
U440,P026,click,2026-04-03 10:37:00,mobile,electronics,548,325.27
U422,P082,view,2026-04-03 10:39:00,tablet,clothing,25,179.05
U262,P054,click,2026-04-03 10:40:00,tablet,home,562,248.5
U377,P061,click,2026-04-03 10:41:00,mobile,electronics,543,365.86
U092,P024,add_to_cart,2026-04-03 10:42:00,mobile,electronics,588,227.28
U352,P005,view,2026-04-03 10:43:00,desktop,clothing,150,245.08
U457,P079,click,2026-04-03 10:44:00,tablet,beauty,289,104.08
U223,P050,click,2026-04-03 10:44:00,mobile,electronics,463,408.56
U340,P011,click,2026-04-03 10:45:00,desktop,home,399,344.75
U238,P050,add_to_cart,2026-04-03 10:46:00,tablet,clothing,487,21.38
U478,P060,add_to_cart,2026-04-03 10:47:00,desktop,clothing,537,206.73
U016,P033,click,2026-04-03 10:47:00,tablet,home,496,229.12
U054,P007,view,2026-04-03 10:48:00,tablet,clothing,349,139.73
U188,P071,view,2026-04-03 10:48:00,mobile,electronics,160,166.08
U425,P063,view,2026-04-03 10:50:00,mobile,clothing,88,149.07
U104,P069,click,2026-04-03 10:50:00,mobile,electronics,368,249.76
U385,P099,view,2026-04-03 10:51:00,mobile,beauty,100,433.76
U220,P002,add_to_cart,2026-04-03 10:51:00,tablet,electronics,556,231.97
U023,P020,view,2026-04-03 10:52:00,tablet,electronics,140,187.21
U056,P096,add_to_cart,2026-04-03 10:53:00,tablet,clothing,516,37.41
U171,P066,click,2026-04-03 10:55:00,tablet,beauty,555,295.72
U108,P001,click,2026-04-03 10:56:00,mobile,beauty,137,19.87
U328,P077,click,2026-04-03 10:56:00,mobile,beauty,380,36.76
U140,P054,view,2026-04-03 10:56:00,mobile,clothing,176,139.22
U161,P095,click,2026-04-03 10:57:00,tablet,home,364,168.26
U145,P010,add_to_cart,2026-04-03 10:58:00,mobile,beauty,549,16.24
U080,P025,view,2026-04-03 10:59:00,tablet,electronics,258,390.2
U235,P022,view,2026-04-03 11:00:00,tablet,clothing,290,414.63
U476,P022,add_to_cart,2026-04-03 11:01:00,desktop,beauty,367,14.61
U169,P020,add_to_cart,2026-04-03 11:03:00,desktop,clothing,433,149.21
U233,P081,view,2026-04-03 11:04:00,tablet,home,33,127.0
U371,P024,click,2026-04-03 11:05:00,tablet,home,515,325.71
U258,P091,view,2026-04-03 11:07:00,desktop,clothing,135,429.58
U488,P026,view,2026-04-03 11:07:00,tablet,home,117,398.92
U066,P009,view,2026-04-03 11:08:00,mobile,home,443,481.09
U446,P064,view,2026-04-03 11:09:00,desktop,clothing,147,303.19
U224,P025,click,2026-04-03 11:11:00,desktop,clothing,302,113.55
U155,P027,add_to_cart,2026-04-03 11:15:00,mobile,electronics,410,78.57
U332,P037,view,2026-04-03 11:16:00,tablet,clothing,27,160.65
U291,P079,click,2026-04-03 11:17:00,tablet,home,549,80.76
U466,P021,click,2026-04-03 11:17:00,mobile,beauty,440,16.81
U423,P083,view,2026-04-03 11:18:00,tablet,home,111,110.19
U039,P072,view,2026-04-03 11:20:00,tablet,electronics,116,366.81
U420,P044,click,2026-04-03 11:21:00,mobile,clothing,434,43.03
U371,P054,click,2026-04-03 11:22:00,desktop,electronics,373,419.81
U239,P017,view,2026-04-03 11:23:00,desktop,electronics,42,305.91
U018,P082,click,2026-04-03 11:24:00,desktop,electronics,113,124.16
U036,P075,click,2026-04-03 11:28:00,tablet,electronics,489,233.27
U131,P027,click,2026-04-03 11:30:00,mobile,clothing,536,123.63
U110,P055,click,2026-04-03 11:30:00,desktop,home,302,368.93
U061,P030,click,2026-04-03 11:30:00,mobile,electronics,351,118.29
U329,P047,add_to_cart,2026-04-03 11:33:00,desktop,beauty,262,24.49
U157,P059,click,2026-04-03 11:34:00,tablet,electronics,564,491.88
U453,P097,click,2026-04-03 11:35:00,desktop,clothing,393,417.76
U192,P045,click,2026-04-03 11:36:00,desktop,electronics,355,397.23
U361,P010,click,2026-04-03 11:43:00,desktop,home,293,243.08
U336,P006,add_to_cart,2026-04-03 11:44:00,desktop,beauty,467,33.02
U262,P074,add_to_cart,2026-04-03 11:44:00,mobile,clothing,492,63.16
U084,P001,view,2026-04-03 11:45:00,mobile,clothing,523,389.01
U495,P069,view,2026-04-03 11:45:00,tablet,beauty,156,464.98
U203,P030,click,2026-04-03 11:46:00,tablet,electronics,213,76.8
U206,P021,click,2026-04-03 11:47:00,desktop,beauty,421,486.79
U407,P005,add_to_cart,2026-04-03 11:47:00,desktop,electronics,479,437.51
U018,P092,click,2026-04-03 11:47:00,desktop,beauty,591,470.67
U376,P008,view,2026-04-03 11:47:00,tablet,clothing,33,123.02
U499,P013,add_to_cart,2026-04-03 11:49:00,tablet,beauty,518,32.62
U428,P076,view,2026-04-03 11:50:00,tablet,beauty,149,389.53
U285,P043,click,2026-04-03 11:50:00,tablet,home,528,306.83
U065,P058,click,2026-04-03 11:50:00,desktop,home,235,127.75
U407,P022,view,2026-04-03 11:55:00,mobile,beauty,446,405.9
U316,P088,click,2026-04-03 11:57:00,tablet,beauty,297,57.43
U302,P098,click,2026-04-03 11:57:00,tablet,beauty,500,161.9
U405,P017,add_to_cart,2026-04-03 11:57:00,desktop,electronics,398,221.02
U144,P083,add_to_cart,2026-04-03 11:57:00,desktop,clothing,510,104.81
U314,P023,click,2026-04-03 11:59:00,tablet,electronics,451,153.24
U220,P003,click,2026-04-03 12:02:00,desktop,electronics,137,373.05
U149,P024,click,2026-04-03 12:03:00,mobile,home,373,216.34
U179,P072,view,2026-04-03 12:06:00,mobile,electronics,420,478.57
U150,P077,click,2026-04-03 12:07:00,mobile,home,569,236.3
U331,P003,view,2026-04-03 12:08:00,mobile,clothing,340,212.86
U080,P003,view,2026-04-03 12:08:00,mobile,home,190,323.65
U189,P012,view,2026-04-03 12:08:00,desktop,beauty,107,204.81
U467,P009,view,2026-04-03 12:11:00,mobile,clothing,452,312.26
U008,P035,view,2026-04-03 12:11:00,mobile,clothing,238,399.18
U473,P005,view,2026-04-03 12:14:00,mobile,home,175,88.54
U481,P051,add_to_cart,2026-04-03 12:16:00,desktop,clothing,598,98.49
U428,P002,add_to_cart,2026-04-03 12:16:00,desktop,beauty,462,49.98
U123,P091,view,2026-04-03 12:16:00,mobile,clothing,127,484.31
U390,P031,add_to_cart,2026-04-03 12:18:00,desktop,home,436,113.02
U336,P080,view,2026-04-03 12:20:00,desktop,beauty,119,276.68
U001,P083,add_to_cart,2026-04-03 12:20:00,desktop,beauty,266,41.54
U419,P045,view,2026-04-03 12:23:00,mobile,beauty,309,218.65
U436,P084,view,2026-04-03 12:24:00,mobile,home,35,109.28
U470,P009,click,2026-04-03 12:25:00,tablet,beauty,253,184.27
U191,P024,click,2026-04-03 12:25:00,tablet,electronics,461,375.21
U163,P057,click,2026-04-03 12:27:00,desktop,clothing,304,114.76
U162,P046,click,2026-04-03 12:28:00,desktop,home,229,318.88
U421,P096,view,2026-04-03 12:28:00,mobile,clothing,36,429.72
U013,P038,view,2026-04-03 12:29:00,tablet,electronics,87,379.25
U047,P040,view,2026-04-03 12:29:00,mobile,home,97,233.05
U414,P074,click,2026-04-03 12:30:00,desktop,home,318,292.61
U074,P009,view,2026-04-03 12:32:00,tablet,home,286,52.51
U025,P065,view,2026-04-03 12:32:00,tablet,home,306,302.88
U476,P032,click,2026-04-03 12:33:00,desktop,home,193,54.84
U255,P090,add_to_cart,2026-04-03 12:34:00,desktop,beauty,478,215.21
U315,P074,click,2026-04-03 12:35:00,mobile,beauty,355,254.31
U155,P085,click,2026-04-03 12:35:00,mobile,home,531,394.42
U246,P085,view,2026-04-03 12:36:00,mobile,electronics,113,385.08
U428,P003,view,2026-04-03 12:36:00,tablet,home,75,68.27
U470,P098,view,2026-04-03 12:37:00,mobile,beauty,355,368.65
U086,P050,add_to_cart,2026-04-03 12:38:00,desktop,electronics,550,216.61
U484,P056,click,2026-04-03 12:38:00,tablet,electronics,398,255.15
U159,P024,view,2026-04-03 12:41:00,tablet,electronics,239,199.33
U303,P082,view,2026-04-03 12:43:00,mobile,home,184,212.54
U250,P088,view,2026-04-03 12:43:00,mobile,beauty,204,186.08
U395,P019,click,2026-04-03 12:45:00,tablet,clothing,510,75.3
U142,P031,view,2026-04-03 12:45:00,desktop,clothing,90,252.27
U395,P082,click,2026-04-03 12:45:00,tablet,clothing,530,227.29
U417,P067,click,2026-04-03 12:46:00,mobile,home,507,241.73
U461,P059,add_to_cart,2026-04-03 12:49:00,desktop,electronics,598,342.44
U034,P078,click,2026-04-03 12:49:00,mobile,home,401,35.9
U292,P094,click,2026-04-03 12:49:00,tablet,electronics,328,252.41
U245,P068,view,2026-04-03 12:50:00,mobile,electronics,196,461.24
U196,P008,click,2026-04-03 12:50:00,mobile,clothing,328,93.7
U094,P066,click,2026-04-03 12:50:00,tablet,beauty,131,64.93
U296,P090,view,2026-04-03 12:52:00,mobile,clothing,121,89.75
U303,P008,add_to_cart,2026-04-03 12:53:00,desktop,electronics,363,187.42
U353,P095,click,2026-04-03 12:54:00,desktop,beauty,300,472.73
U290,P004,view,2026-04-03 12:54:00,desktop,home,202,212.45
U286,P087,view,2026-04-03 12:56:00,mobile,clothing,495,345.0
U116,P080,view,2026-04-03 12:56:00,tablet,home,195,410.48
U053,P021,click,2026-04-03 12:56:00,desktop,home,236,158.56
U426,P029,click,2026-04-03 12:57:00,tablet,home,492,267.35
U190,P096,click,2026-04-03 13:00:00,mobile,electronics,220,280.58
U401,P094,view,2026-04-03 13:02:00,mobile,clothing,385,454.39
U167,P023,view,2026-04-03 13:02:00,desktop,beauty,225,479.06
U137,P019,add_to_cart,2026-04-03 13:04:00,tablet,electronics,559,56.77
U073,P075,click,2026-04-03 13:04:00,desktop,beauty,440,298.45
U112,P048,view,2026-04-03 13:05:00,desktop,clothing,89,289.63
U066,P042,view,2026-04-03 13:05:00,mobile,beauty,173,160.57
U142,P049,click,2026-04-03 13:06:00,desktop,electronics,112,293.63
U112,P078,view,2026-04-03 13:07:00,mobile,electronics,20,403.71
U066,P033,view,2026-04-03 13:08:00,desktop,beauty,32,467.57
U417,P068,click,2026-04-03 13:08:00,desktop,beauty,131,135.71
U081,P068,view,2026-04-03 13:08:00,mobile,clothing,257,305.97
U308,P079,view,2026-04-03 13:09:00,mobile,home,345,145.3
U400,P015,view,2026-04-03 13:11:00,tablet,home,287,447.4
U240,P032,click,2026-04-03 13:15:00,desktop,electronics,446,436.39
U055,P079,add_to_cart,2026-04-03 13:15:00,tablet,clothing,545,79.1
U295,P058,view,2026-04-03 13:15:00,mobile,home,171,368.8
U363,P020,click,2026-04-03 13:15:00,tablet,clothing,564,330.09
U326,P022,view,2026-04-03 13:19:00,mobile,beauty,293,283.41
U155,P014,view,2026-04-03 13:20:00,tablet,beauty,468,377.64
U197,P017,view,2026-04-03 13:20:00,desktop,home,102,466.22
U335,P076,view,2026-04-03 13:20:00,tablet,home,22,277.02
U403,P004,click,2026-04-03 13:20:00,mobile,beauty,449,403.55
U249,P046,click,2026-04-03 13:21:00,mobile,electronics,558,272.29
U144,P032,click,2026-04-03 13:27:00,desktop,beauty,133,24.21
U428,P003,add_to_cart,2026-04-03 13:27:00,desktop,electronics,553,257.55
U497,P036,click,2026-04-03 13:29:00,mobile,electronics,114,79.69
U407,P063,click,2026-04-03 13:30:00,desktop,electronics,79,415.36
U475,P009,view,2026-04-03 13:30:00,mobile,home,236,387.28
U243,P019,click,2026-04-03 13:32:00,mobile,electronics,437,226.85
U246,P081,click,2026-04-03 13:33:00,mobile,home,454,161.86
U059,P100,click,2026-04-03 13:34:00,tablet,beauty,473,254.93
U047,P063,view,2026-04-03 13:36:00,tablet,home,278,349.9
U001,P039,view,2026-04-03 13:38:00,tablet,home,349,335.66
U495,P054,add_to_cart,2026-04-03 13:39:00,desktop,electronics,316,49.03
U425,P023,view,2026-04-03 13:40:00,tablet,clothing,184,211.38
U289,P017,click,2026-04-03 13:43:00,desktop,beauty,268,360.34
U474,P043,add_to_cart,2026-04-03 13:43:00,desktop,clothing,513,29.27
U447,P079,view,2026-04-03 13:45:00,mobile,home,371,399.61
U283,P064,click,2026-04-03 13:48:00,tablet,home,322,247.54
U212,P040,click,2026-04-03 13:48:00,tablet,clothing,572,165.94
U040,P077,view,2026-04-03 13:49:00,desktop,home,65,412.27
U013,P042,click,2026-04-03 13:49:00,desktop,beauty,123,35.81
U149,P053,view,2026-04-03 13:50:00,tablet,clothing,324,330.52
U025,P027,click,2026-04-03 13:51:00,tablet,electronics,504,431.56
U007,P043,view,2026-04-03 13:52:00,mobile,electronics,127,35.43
U228,P090,view,2026-04-03 13:53:00,desktop,clothing,117,308.7
U149,P031,click,2026-04-03 13:54:00,mobile,beauty,407,204.4
U203,P001,view,2026-04-03 13:54:00,mobile,home,227,441.23
U064,P037,click,2026-04-03 13:55:00,mobile,beauty,593,270.24
U336,P004,view,2026-04-03 13:55:00,tablet,electronics,201,391.77
U002,P009,click,2026-04-03 13:56:00,desktop,clothing,358,191.04
U124,P018,view,2026-04-03 13:57:00,mobile,beauty,432,392.03
U205,P077,view,2026-04-03 13:57:00,mobile,clothing,413,394.73
U084,P053,view,2026-04-03 13:59:00,desktop,clothing,76,473.21
U199,P077,click,2026-04-03 14:00:00,tablet,home,517,165.91
U024,P027,click,2026-04-03 14:01:00,mobile,beauty,264,276.05
U363,P033,view,2026-04-03 14:02:00,mobile,home,85,14.61
U030,P006,click,2026-04-03 14:03:00,desktop,home,490,345.28
U161,P036,view,2026-04-03 14:03:00,mobile,beauty,269,41.83
U358,P049,view,2026-04-03 14:03:00,desktop,home,42,420.48
U189,P086,click,2026-04-03 14:07:00,mobile,electronics,455,494.06
U212,P025,click,2026-04-03 14:10:00,desktop,electronics,160,283.59
U376,P035,view,2026-04-03 14:10:00,mobile,beauty,321,434.76
U476,P088,view,2026-04-03 14:11:00,mobile,electronics,233,387.12
U236,P059,click,2026-04-03 14:11:00,mobile,beauty,511,144.59
U107,P023,view,2026-04-03 14:11:00,desktop,clothing,74,359.36
U335,P026,click,2026-04-03 14:12:00,tablet,electronics,212,132.63
U105,P063,view,2026-04-03 14:13:00,tablet,beauty,99,20.25
U279,P026,click,2026-04-03 14:13:00,mobile,clothing,323,164.26
U234,P065,add_to_cart,2026-04-03 14:14:00,desktop,electronics,339,60.51
U142,P045,click,2026-04-03 14:17:00,desktop,beauty,367,309.67
U118,P032,view,2026-04-03 14:17:00,desktop,clothing,245,455.1
U391,P030,add_to_cart,2026-04-03 14:17:00,desktop,electronics,590,395.45
U480,P031,view,2026-04-03 14:21:00,desktop,clothing,157,366.56
U314,P028,add_to_cart,2026-04-03 14:21:00,mobile,beauty,537,205.74
U035,P080,add_to_cart,2026-04-03 14:22:00,desktop,beauty,533,102.34
U022,P029,view,2026-04-03 14:22:00,mobile,clothing,393,341.71
U043,P070,add_to_cart,2026-04-03 14:25:00,desktop,home,520,232.67
U100,P007,view,2026-04-03 14:27:00,mobile,clothing,71,73.31
U424,P027,view,2026-04-03 14:27:00,mobile,beauty,90,190.42
U210,P012,click,2026-04-03 14:28:00,desktop,home,345,250.45
U458,P091,click,2026-04-03 14:28:00,mobile,home,446,82.57
U240,P007,view,2026-04-03 14:29:00,tablet,electronics,71,456.82
U291,P099,click,2026-04-03 14:30:00,desktop,electronics,127,58.53
U241,P064,click,2026-04-03 14:30:00,mobile,home,266,197.22
U073,P054,click,2026-04-03 14:32:00,mobile,electronics,472,484.9
U374,P031,click,2026-04-03 14:34:00,mobile,beauty,533,471.43
U070,P095,view,2026-04-03 14:35:00,tablet,beauty,198,131.94
U401,P026,view,2026-04-03 14:36:00,desktop,clothing,122,435.01
U153,P049,view,2026-04-03 14:36:00,mobile,clothing,90,73.53
U321,P087,add_to_cart,2026-04-03 14:37:00,mobile,home,559,91.71
U025,P037,view,2026-04-03 14:38:00,desktop,clothing,191,142.64
U177,P092,view,2026-04-03 14:38:00,desktop,beauty,201,488.98
U343,P002,view,2026-04-03 14:38:00,tablet,beauty,518,427.77
U086,P059,view,2026-04-03 14:40:00,tablet,beauty,373,387.62
U417,P030,click,2026-04-03 14:41:00,tablet,beauty,312,97.32
U132,P080,view,2026-04-03 14:42:00,tablet,beauty,135,148.32
U471,P051,view,2026-04-03 14:42:00,tablet,electronics,363,487.01
U090,P075,add_to_cart,2026-04-03 14:44:00,desktop,clothing,567,95.0
U071,P092,view,2026-04-03 14:44:00,mobile,clothing,19,84.9
U230,P027,click,2026-04-03 14:44:00,desktop,clothing,600,405.75
U142,P093,click,2026-04-03 14:49:00,desktop,electronics,152,229.48
U289,P003,click,2026-04-03 14:49:00,desktop,electronics,298,267.21
U104,P001,view,2026-04-03 14:50:00,desktop,electronics,91,404.67
U306,P100,click,2026-04-03 14:51:00,tablet,clothing,419,223.15
U378,P033,view,2026-04-03 14:52:00,tablet,beauty,79,334.32
U149,P077,view,2026-04-03 14:52:00,mobile,home,242,255.38
U117,P032,view,2026-04-03 14:52:00,desktop,home,54,350.22
U111,P100,add_to_cart,2026-04-03 14:53:00,tablet,electronics,371,55.67
U430,P028,view,2026-04-03 14:54:00,mobile,home,131,410.86
U320,P060,add_to_cart,2026-04-03 14:54:00,desktop,beauty,540,287.79
U253,P020,click,2026-04-03 14:58:00,mobile,electronics,19,51.68
U333,P065,click,2026-04-03 14:58:00,tablet,beauty,415,48.11
U404,P025,click,2026-04-03 15:00:00,desktop,beauty,191,98.78
U061,P083,view,2026-04-03 15:00:00,mobile,clothing,105,174.09
U136,P002,view,2026-04-03 15:05:00,mobile,clothing,78,215.78
U366,P027,click,2026-04-03 15:07:00,desktop,beauty,323,297.44
U223,P041,add_to_cart,2026-04-03 15:08:00,desktop,beauty,401,140.48
U015,P029,click,2026-04-03 15:08:00,tablet,electronics,434,282.51
U327,P020,view,2026-04-03 15:10:00,tablet,beauty,222,56.66
U360,P025,click,2026-04-03 15:13:00,desktop,home,102,187.71
U161,P087,click,2026-04-03 15:14:00,desktop,home,177,285.86
U488,P081,view,2026-04-03 15:16:00,desktop,beauty,252,364.41
U453,P058,view,2026-04-03 15:16:00,tablet,clothing,31,437.71
U395,P017,view,2026-04-03 15:16:00,tablet,beauty,19,61.36
U464,P055,add_to_cart,2026-04-03 15:17:00,desktop,electronics,463,247.85
U378,P057,add_to_cart,2026-04-03 15:17:00,desktop,electronics,552,187.64
U402,P079,click,2026-04-03 15:18:00,desktop,home,339,235.7
U393,P042,view,2026-04-03 15:18:00,tablet,electronics,58,133.42
U046,P002,view,2026-04-03 15:20:00,tablet,clothing,295,322.4
U285,P076,click,2026-04-03 15:20:00,mobile,home,516,55.14
U490,P089,click,2026-04-03 15:20:00,mobile,clothing,352,255.9
U391,P016,view,2026-04-03 15:21:00,tablet,beauty,205,428.78
U106,P039,add_to_cart,2026-04-03 15:21:00,mobile,clothing,586,277.7
U177,P018,click,2026-04-03 15:21:00,tablet,electronics,303,43.17
U374,P065,add_to_cart,2026-04-03 15:23:00,desktop,electronics,579,143.55
U152,P095,view,2026-04-03 15:23:00,tablet,beauty,137,128.61
U031,P038,view,2026-04-03 15:24:00,tablet,electronics,144,94.34
U083,P079,add_to_cart,2026-04-03 15:25:00,mobile,electronics,366,14.53
U185,P015,click,2026-04-03 15:26:00,mobile,beauty,521,263.95
U256,P003,view,2026-04-03 15:27:00,mobile,home,151,425.61
U414,P044,click,2026-04-03 15:27:00,desktop,beauty,304,11.59
U323,P016,view,2026-04-03 15:28:00,mobile,beauty,25,75.52
U277,P061,add_to_cart,2026-04-03 15:28:00,tablet,electronics,556,384.41
U301,P037,click,2026-04-03 15:30:00,tablet,beauty,565,127.91
U014,P022,view,2026-04-03 15:31:00,mobile,home,291,121.02
U027,P075,view,2026-04-03 15:31:00,tablet,beauty,102,480.16
U381,P081,click,2026-04-03 15:31:00,tablet,electronics,287,355.9
U097,P086,click,2026-04-03 15:34:00,mobile,electronics,141,21.37
U177,P064,click,2026-04-03 15:35:00,mobile,clothing,528,134.07
U382,P074,click,2026-04-03 15:39:00,mobile,beauty,343,95.04
U110,P097,view,2026-04-03 15:40:00,tablet,home,209,486.62
U457,P031,add_to_cart,2026-04-03 15:41:00,desktop,electronics,194,141.94
U464,P075,view,2026-04-03 15:42:00,desktop,home,59,234.57
U459,P066,click,2026-04-03 15:46:00,mobile,electronics,382,257.69
U304,P074,view,2026-04-03 15:47:00,desktop,home,142,458.13
U364,P073,click,2026-04-03 15:47:00,desktop,clothing,321,293.74
U060,P042,click,2026-04-03 15:48:00,mobile,home,539,276.5
U244,P097,view,2026-04-03 15:48:00,desktop,clothing,12,402.45
U181,P095,add_to_cart,2026-04-03 15:49:00,desktop,clothing,529,300.03
U476,P099,view,2026-04-03 15:50:00,tablet,clothing,185,46.04
U336,P042,click,2026-04-03 15:50:00,desktop,beauty,359,118.62
U245,P032,click,2026-04-03 15:51:00,desktop,beauty,401,329.6
U457,P050,click,2026-04-03 15:52:00,mobile,electronics,523,265.93
U232,P001,click,2026-04-03 15:53:00,mobile,clothing,453,312.31
U042,P022,click,2026-04-03 15:53:00,desktop,beauty,272,122.35
U422,P086,click,2026-04-03 15:53:00,desktop,electronics,270,324.06
U382,P045,view,2026-04-03 15:54:00,mobile,clothing,106,330.58
U427,P018,click,2026-04-03 15:55:00,mobile,electronics,406,184.27
U306,P080,view,2026-04-03 15:57:00,mobile,home,273,281.44
U376,P047,view,2026-04-03 15:57:00,desktop,clothing,59,345.44
U140,P085,click,2026-04-03 15:57:00,desktop,clothing,437,137.5
U416,P066,click,2026-04-03 15:57:00,desktop,beauty,357,430.25
U392,P078,view,2026-04-03 15:57:00,mobile,beauty,107,67.33
U425,P049,view,2026-04-03 15:58:00,mobile,beauty,17,165.99
U129,P084,click,2026-04-03 15:58:00,desktop,beauty,331,183.37
U402,P082,click,2026-04-03 15:59:00,desktop,clothing,549,426.97
U165,P003,view,2026-04-03 16:01:00,tablet,clothing,336,313.91
U273,P039,view,2026-04-03 16:02:00,mobile,home,137,189.56
U328,P021,click,2026-04-03 16:03:00,tablet,electronics,228,10.34
U187,P056,click,2026-04-03 16:06:00,mobile,electronics,210,56.64
U277,P021,view,2026-04-03 16:06:00,mobile,electronics,289,374.4
U427,P069,view,2026-04-03 16:07:00,tablet,electronics,369,444.96
U409,P013,view,2026-04-03 16:10:00,tablet,home,27,355.09
U145,P046,view,2026-04-03 16:10:00,mobile,clothing,170,400.42
U482,P023,add_to_cart,2026-04-03 16:10:00,desktop,beauty,366,46.77
U048,P050,view,2026-04-03 16:11:00,tablet,clothing,255,408.84
U319,P084,click,2026-04-03 16:12:00,desktop,home,314,101.17
U147,P080,click,2026-04-03 16:12:00,mobile,home,130,13.19
U129,P006,add_to_cart,2026-04-03 16:13:00,desktop,electronics,600,13.01
U308,P059,view,2026-04-03 16:15:00,tablet,electronics,81,148.25
U286,P044,add_to_cart,2026-04-03 16:17:00,tablet,electronics,472,26.55
U445,P082,click,2026-04-03 16:18:00,desktop,beauty,325,85.48
U161,P081,click,2026-04-03 16:21:00,mobile,home,284,20.37
U397,P059,view,2026-04-03 16:21:00,tablet,beauty,36,152.44
U434,P062,click,2026-04-03 16:23:00,mobile,clothing,557,219.11
U340,P081,click,2026-04-03 16:24:00,desktop,clothing,208,158.22
U416,P022,click,2026-04-03 16:24:00,mobile,beauty,223,44.19
U254,P004,click,2026-04-03 16:26:00,desktop,home,231,10.66
U312,P007,click,2026-04-03 16:26:00,tablet,electronics,358,259.56
U217,P090,view,2026-04-03 16:27:00,tablet,electronics,108,359.03
U159,P047,view,2026-04-03 16:27:00,tablet,clothing,144,188.97
U261,P054,click,2026-04-03 16:28:00,mobile,home,497,15.1
U261,P034,add_to_cart,2026-04-03 16:28:00,desktop,clothing,346,116.81
U113,P048,view,2026-04-03 16:29:00,tablet,home,154,37.46
U123,P017,view,2026-04-03 16:30:00,desktop,electronics,61,197.19
U039,P045,view,2026-04-03 16:33:00,tablet,beauty,173,127.61
U259,P100,view,2026-04-03 16:35:00,mobile,home,318,284.58
U169,P049,click,2026-04-03 16:35:00,tablet,beauty,165,23.51
U266,P056,click,2026-04-03 16:37:00,tablet,electronics,433,481.27
U245,P027,add_to_cart,2026-04-03 16:39:00,desktop,electronics,410,27.62
U022,P019,click,2026-04-03 16:40:00,tablet,clothing,419,139.54
U412,P070,click,2026-04-03 16:42:00,mobile,home,594,478.89
U236,P025,click,2026-04-03 16:42:00,desktop,clothing,379,267.51
U040,P018,view,2026-04-03 16:42:00,mobile,clothing,372,383.42
U003,P044,view,2026-04-03 16:45:00,mobile,clothing,142,103.23
U402,P047,click,2026-04-03 16:46:00,mobile,beauty,529,74.12
U198,P063,click,2026-04-03 16:46:00,mobile,clothing,488,95.62
U325,P078,click,2026-04-03 16:46:00,mobile,electronics,270,309.42
U236,P004,add_to_cart,2026-04-03 16:47:00,desktop,home,455,351.87
U191,P035,add_to_cart,2026-04-03 16:49:00,desktop,electronics,485,330.49
U018,P076,view,2026-04-03 16:50:00,mobile,electronics,173,408.98
U499,P013,view,2026-04-03 16:50:00,tablet,home,196,345.57
U464,P042,view,2026-04-03 16:50:00,desktop,home,60,203.57
U340,P042,click,2026-04-03 16:51:00,tablet,clothing,304,137.53
U211,P052,click,2026-04-03 16:52:00,tablet,clothing,498,440.44
U339,P042,view,2026-04-03 16:54:00,tablet,beauty,406,216.74
U064,P041,click,2026-04-03 16:54:00,desktop,home,321,26.95
U319,P066,view,2026-04-03 16:55:00,mobile,electronics,116,218.33
U022,P037,view,2026-04-03 16:58:00,tablet,clothing,87,182.95
U005,P085,add_to_cart,2026-04-03 16:58:00,desktop,electronics,559,425.75
U121,P001,view,2026-04-03 17:03:00,tablet,clothing,161,362.71
U356,P074,view,2026-04-03 17:04:00,mobile,clothing,528,494.15
U453,P066,click,2026-04-03 17:05:00,mobile,home,440,248.22
U193,P084,click,2026-04-03 17:05:00,tablet,clothing,518,420.99
U302,P018,view,2026-04-03 17:05:00,tablet,clothing,81,61.16
U221,P004,add_to_cart,2026-04-03 17:06:00,desktop,electronics,594,97.74
U152,P035,view,2026-04-03 17:07:00,tablet,beauty,210,244.5
U143,P010,click,2026-04-03 17:08:00,mobile,electronics,584,289.55
U083,P094,view,2026-04-03 17:08:00,tablet,home,337,156.95
U402,P083,add_to_cart,2026-04-03 17:10:00,tablet,electronics,534,155.94
U474,P014,view,2026-04-03 17:10:00,mobile,electronics,313,484.06
U151,P011,view,2026-04-03 17:10:00,mobile,beauty,62,12.55
U325,P085,click,2026-04-03 17:11:00,mobile,clothing,426,85.44
U046,P053,click,2026-04-03 17:12:00,desktop,home,455,410.23
U020,P031,click,2026-04-03 17:14:00,desktop,clothing,265,222.7
U291,P039,click,2026-04-03 17:14:00,mobile,electronics,166,89.46
U472,P003,click,2026-04-03 17:19:00,desktop,beauty,272,285.58
U274,P040,click,2026-04-03 17:21:00,mobile,electronics,128,198.76
U296,P098,view,2026-04-03 17:21:00,mobile,beauty,51,225.83
U253,P100,click,2026-04-03 17:22:00,mobile,beauty,403,200.0
U012,P099,add_to_cart,2026-04-03 17:23:00,desktop,home,425,133.23
U225,P079,click,2026-04-03 17:24:00,mobile,clothing,410,88.36
U087,P068,view,2026-04-03 17:24:00,tablet,home,18,378.27
U363,P042,view,2026-04-03 17:24:00,mobile,home,397,496.91
U144,P005,click,2026-04-03 17:26:00,mobile,beauty,411,117.79
U301,P004,view,2026-04-03 17:27:00,tablet,electronics,89,384.24
U295,P072,view,2026-04-03 17:27:00,desktop,clothing,91,462.23
U449,P087,view,2026-04-03 17:29:00,desktop,home,112,440.3
U095,P043,view,2026-04-03 17:29:00,mobile,electronics,193,328.36
U280,P014,view,2026-04-03 17:30:00,desktop,beauty,48,148.43
U260,P081,view,2026-04-03 17:31:00,mobile,home,122,179.35
U257,P077,view,2026-04-03 17:31:00,mobile,electronics,338,444.54
U344,P050,view,2026-04-03 17:32:00,mobile,electronics,284,344.45
U130,P043,add_to_cart,2026-04-03 17:32:00,desktop,electronics,544,59.76
U143,P019,view,2026-04-03 17:32:00,desktop,clothing,238,237.31
U398,P060,view,2026-04-03 17:34:00,mobile,home,112,58.78
U457,P040,click,2026-04-03 17:35:00,mobile,electronics,392,26.3
U248,P095,view,2026-04-03 17:36:00,mobile,clothing,12,177.21
U079,P100,view,2026-04-03 17:38:00,mobile,beauty,337,303.39
U083,P036,view,2026-04-03 17:38:00,mobile,electronics,62,219.81
U095,P088,add_to_cart,2026-04-03 17:42:00,tablet,beauty,544,35.11
U044,P076,click,2026-04-03 17:43:00,tablet,clothing,592,275.78
U398,P020,click,2026-04-03 17:43:00,mobile,beauty,407,90.74
U181,P062,click,2026-04-03 17:43:00,mobile,beauty,498,180.05
U164,P064,click,2026-04-03 17:43:00,desktop,clothing,326,300.66
U262,P084,view,2026-04-03 17:44:00,desktop,electronics,292,499.47
U357,P100,view,2026-04-03 17:44:00,mobile,electronics,307,368.49
U253,P048,view,2026-04-03 17:45:00,desktop,clothing,162,383.4
U084,P009,click,2026-04-03 17:46:00,desktop,clothing,585,462.23
U067,P015,click,2026-04-03 17:47:00,mobile,electronics,75,128.3
U358,P034,view,2026-04-03 17:49:00,mobile,home,64,425.37
U209,P027,click,2026-04-03 17:50:00,tablet,electronics,348,447.28
U455,P016,click,2026-04-03 17:51:00,desktop,clothing,385,349.97
U084,P003,click,2026-04-03 17:54:00,tablet,electronics,233,93.24
U432,P033,view,2026-04-03 17:57:00,tablet,clothing,33,314.99
U275,P032,click,2026-04-03 17:58:00,mobile,beauty,538,27.72
U357,P004,click,2026-04-03 17:59:00,desktop,home,371,178.09
U335,P007,add_to_cart,2026-04-03 17:59:00,desktop,electronics,542,359.65
U490,P025,click,2026-04-03 18:00:00,desktop,clothing,483,457.31
U067,P029,click,2026-04-03 18:01:00,tablet,beauty,516,286.4
U449,P036,view,2026-04-03 18:01:00,tablet,beauty,287,290.16
U081,P018,view,2026-04-03 18:01:00,tablet,beauty,22,495.41
U427,P082,click,2026-04-03 18:01:00,desktop,beauty,397,488.44
U140,P076,click,2026-04-03 18:03:00,tablet,clothing,461,195.06
U036,P089,click,2026-04-03 18:03:00,mobile,beauty,577,70.83
U365,P018,click,2026-04-03 18:04:00,mobile,clothing,332,103.85
U190,P072,view,2026-04-03 18:04:00,mobile,clothing,273,132.15
U302,P037,view,2026-04-03 18:04:00,tablet,home,52,327.86
U064,P037,click,2026-04-03 18:05:00,tablet,electronics,206,221.11
U441,P084,view,2026-04-03 18:05:00,tablet,electronics,163,299.54
U356,P045,click,2026-04-03 18:07:00,mobile,electronics,495,123.42
U155,P006,view,2026-04-03 18:09:00,tablet,home,154,412.18
U267,P028,view,2026-04-03 18:10:00,mobile,beauty,304,455.59
U380,P081,view,2026-04-03 18:12:00,tablet,beauty,96,77.85
U160,P055,add_to_cart,2026-04-03 18:15:00,desktop,electronics,272,198.75
U166,P063,click,2026-04-03 18:17:00,desktop,electronics,269,457.69
U276,P043,view,2026-04-03 18:17:00,mobile,beauty,152,192.7
U100,P017,view,2026-04-03 18:18:00,mobile,beauty,247,375.47
U342,P033,add_to_cart,2026-04-03 18:19:00,desktop,beauty,559,300.25
U010,P014,view,2026-04-03 18:20:00,tablet,beauty,101,438.81
U074,P097,add_to_cart,2026-04-03 18:20:00,tablet,electronics,577,85.81
U341,P004,click,2026-04-03 18:23:00,desktop,home,142,32.9
U434,P047,view,2026-04-03 18:27:00,mobile,electronics,105,375.75
U117,P073,add_to_cart,2026-04-03 18:29:00,tablet,clothing,564,23.98
U009,P040,add_to_cart,2026-04-03 18:29:00,desktop,beauty,540,27.64
U436,P057,add_to_cart,2026-04-03 18:30:00,mobile,clothing,542,72.87
U128,P035,view,2026-04-03 18:30:00,desktop,clothing,42,313.43
U223,P081,add_to_cart,2026-04-03 18:30:00,desktop,electronics,405,25.42
U214,P063,click,2026-04-03 18:32:00,mobile,beauty,343,145.21
U225,P100,click,2026-04-03 18:33:00,desktop,clothing,284,263.89
U361,P072,view,2026-04-03 18:34:00,mobile,clothing,191,212.83
U189,P003,click,2026-04-03 18:35:00,desktop,beauty,290,24.93
U053,P076,click,2026-04-03 18:35:00,desktop,home,244,396.21
U006,P005,view,2026-04-03 18:38:00,tablet,home,67,29.47
U031,P035,click,2026-04-03 18:40:00,desktop,beauty,538,442.57
U449,P022,click,2026-04-03 18:40:00,tablet,home,372,113.23
U308,P070,click,2026-04-03 18:43:00,desktop,home,326,260.55
U491,P023,click,2026-04-03 18:43:00,desktop,home,324,45.91
U097,P002,click,2026-04-03 18:43:00,tablet,clothing,544,411.07
U023,P040,add_to_cart,2026-04-03 18:45:00,desktop,beauty,595,314.44
U006,P096,view,2026-04-03 18:46:00,tablet,beauty,118,340.97
U397,P073,add_to_cart,2026-04-03 18:46:00,tablet,electronics,546,162.07
U352,P032,view,2026-04-03 18:47:00,tablet,home,45,95.26
U166,P038,click,2026-04-03 18:49:00,desktop,electronics,13,226.09
U235,P028,click,2026-04-03 18:50:00,tablet,beauty,594,194.65
U130,P037,view,2026-04-03 18:51:00,tablet,clothing,270,284.63
U020,P047,add_to_cart,2026-04-03 18:51:00,mobile,home,569,158.83
U307,P057,view,2026-04-03 18:51:00,tablet,home,97,495.93
U412,P085,view,2026-04-03 18:51:00,desktop,clothing,128,468.64
U409,P068,view,2026-04-03 18:53:00,mobile,home,439,498.16
U481,P038,view,2026-04-03 18:54:00,mobile,clothing,17,169.85
U171,P001,add_to_cart,2026-04-03 18:54:00,mobile,home,597,56.44
U090,P020,view,2026-04-03 18:56:00,mobile,electronics,324,437.69
U060,P095,add_to_cart,2026-04-03 18:57:00,mobile,electronics,521,63.88
U100,P070,view,2026-04-03 18:57:00,desktop,beauty,186,436.59
U179,P029,click,2026-04-03 18:58:00,desktop,clothing,588,486.68
U353,P088,click,2026-04-03 18:58:00,desktop,home,284,327.18
U150,P073,click,2026-04-03 18:59:00,mobile,beauty,431,377.85
U473,P083,click,2026-04-03 18:59:00,mobile,electronics,535,221.02
U448,P027,view,2026-04-03 19:00:00,desktop,clothing,38,375.3
U325,P019,view,2026-04-03 19:01:00,tablet,clothing,205,225.98
U344,P074,view,2026-04-03 19:01:00,tablet,clothing,69,34.12
U052,P033,view,2026-04-03 19:02:00,mobile,home,44,484.85
U161,P016,click,2026-04-03 19:03:00,mobile,clothing,397,155.22
U313,P083,add_to_cart,2026-04-03 19:03:00,desktop,clothing,450,63.12
U485,P072,view,2026-04-03 19:05:00,tablet,beauty,185,372.73
U136,P037,add_to_cart,2026-04-03 19:05:00,tablet,home,592,19.95
U253,P095,view,2026-04-03 19:05:00,desktop,home,287,438.51
U151,P060,add_to_cart,2026-04-03 19:05:00,desktop,beauty,390,221.93
U311,P076,click,2026-04-03 19:07:00,desktop,beauty,450,499.08
U017,P037,click,2026-04-03 19:08:00,desktop,electronics,151,336.16
U210,P068,view,2026-04-03 19:09:00,tablet,home,106,128.99
U335,P052,click,2026-04-03 19:11:00,desktop,electronics,170,250.25
U156,P049,click,2026-04-03 19:12:00,desktop,home,303,84.4
U304,P042,click,2026-04-03 19:15:00,desktop,electronics,232,437.78
U488,P097,click,2026-04-03 19:16:00,tablet,home,362,65.21
U102,P049,click,2026-04-03 19:17:00,mobile,home,447,175.11
U080,P042,add_to_cart,2026-04-03 19:18:00,desktop,electronics,352,364.81
U159,P035,click,2026-04-03 19:18:00,desktop,electronics,307,401.3
U177,P063,view,2026-04-03 19:19:00,mobile,home,265,314.05
U168,P068,click,2026-04-03 19:20:00,desktop,home,343,90.98
U072,P013,view,2026-04-03 19:21:00,desktop,clothing,54,208.3
U128,P077,add_to_cart,2026-04-03 19:21:00,desktop,clothing,594,123.96
U484,P020,add_to_cart,2026-04-03 19:22:00,desktop,clothing,594,132.02
U209,P022,view,2026-04-03 19:22:00,mobile,beauty,223,67.95
U143,P018,click,2026-04-03 19:23:00,mobile,beauty,496,384.31
U441,P067,click,2026-04-03 19:24:00,tablet,clothing,497,258.26
U160,P100,click,2026-04-03 19:24:00,mobile,electronics,292,339.97
U226,P099,click,2026-04-03 19:26:00,tablet,clothing,562,160.99
U112,P087,view,2026-04-03 19:28:00,mobile,beauty,144,449.63
U481,P022,view,2026-04-03 19:28:00,desktop,beauty,229,489.02
U415,P045,click,2026-04-03 19:30:00,desktop,clothing,296,434.34
U262,P057,view,2026-04-03 19:31:00,mobile,electronics,217,399.8
U106,P003,view,2026-04-03 19:32:00,desktop,electronics,91,343.79
U069,P052,click,2026-04-03 19:32:00,tablet,beauty,382,267.72
U333,P077,view,2026-04-03 19:33:00,tablet,beauty,327,331.58
U102,P079,view,2026-04-03 19:34:00,mobile,beauty,317,379.04
U351,P058,view,2026-04-03 19:35:00,tablet,electronics,158,311.33
U234,P080,click,2026-04-03 19:37:00,tablet,beauty,263,119.34
U409,P005,view,2026-04-03 19:40:00,tablet,beauty,384,381.42
U440,P068,click,2026-04-03 19:41:00,mobile,electronics,389,468.72
U065,P007,view,2026-04-03 19:41:00,mobile,beauty,339,382.78
U351,P033,view,2026-04-03 19:42:00,desktop,clothing,247,290.81
U215,P065,click,2026-04-03 19:42:00,mobile,clothing,351,20.16
U370,P016,click,2026-04-03 19:43:00,desktop,beauty,330,380.48
U375,P047,add_to_cart,2026-04-03 19:43:00,tablet,beauty,583,49.6
U057,P066,click,2026-04-03 19:44:00,desktop,home,329,206.99
U412,P095,click,2026-04-03 19:45:00,mobile,home,519,383.84
U135,P083,view,2026-04-03 19:45:00,tablet,clothing,359,460.62
U194,P037,click,2026-04-03 19:48:00,mobile,home,289,82.19
U326,P013,click,2026-04-03 19:52:00,desktop,beauty,282,238.31
U357,P002,click,2026-04-03 19:53:00,desktop,beauty,244,246.44
U032,P066,click,2026-04-03 19:57:00,mobile,home,520,235.03
U369,P018,click,2026-04-03 19:58:00,desktop,beauty,573,443.99
U315,P051,add_to_cart,2026-04-03 20:00:00,desktop,home,598,397.01
U054,P010,view,2026-04-03 20:00:00,tablet,clothing,93,333.18
U144,P073,view,2026-04-03 20:01:00,mobile,electronics,120,184.78
U332,P038,view,2026-04-03 20:02:00,desktop,home,163,320.71
U088,P009,view,2026-04-03 20:02:00,mobile,home,49,498.7
U231,P055,click,2026-04-03 20:04:00,mobile,home,499,188.23
U251,P062,add_to_cart,2026-04-03 20:04:00,tablet,electronics,554,182.33
U389,P066,view,2026-04-03 20:08:00,mobile,beauty,240,350.34
U327,P008,click,2026-04-03 20:08:00,mobile,clothing,492,53.41
U010,P043,view,2026-04-03 20:10:00,tablet,beauty,31,47.17
U405,P100,view,2026-04-03 20:11:00,tablet,home,253,306.05
U439,P097,click,2026-04-03 20:12:00,tablet,electronics,190,19.01
U183,P060,click,2026-04-03 20:12:00,desktop,home,269,247.65
U020,P036,view,2026-04-03 20:12:00,tablet,clothing,217,170.97
U414,P065,click,2026-04-03 20:12:00,tablet,home,443,247.44
U341,P041,click,2026-04-03 20:16:00,mobile,beauty,511,233.67
U191,P023,view,2026-04-03 20:16:00,desktop,clothing,213,449.65
U127,P032,click,2026-04-03 20:18:00,tablet,beauty,372,66.61
U133,P012,view,2026-04-03 20:21:00,desktop,clothing,16,339.82
U211,P035,view,2026-04-03 20:21:00,desktop,beauty,26,335.75
U467,P096,view,2026-04-03 20:23:00,tablet,electronics,81,309.03
U304,P064,view,2026-04-03 20:26:00,tablet,clothing,419,435.02
U350,P066,view,2026-04-03 20:26:00,tablet,home,357,319.67
U192,P083,view,2026-04-03 20:27:00,mobile,home,465,461.91
U257,P099,click,2026-04-03 20:27:00,desktop,clothing,572,384.1
U500,P054,add_to_cart,2026-04-03 20:27:00,mobile,electronics,522,154.72
U122,P001,click,2026-04-03 20:28:00,desktop,electronics,431,460.35
U123,P052,add_to_cart,2026-04-03 20:29:00,desktop,clothing,480,206.87
U203,P066,view,2026-04-03 20:31:00,desktop,clothing,42,274.02
U207,P090,view,2026-04-03 20:32:00,desktop,electronics,44,377.5
U440,P023,view,2026-04-03 20:32:00,tablet,home,215,229.17
U314,P054,add_to_cart,2026-04-03 20:33:00,desktop,electronics,371,235.22
U177,P069,add_to_cart,2026-04-03 20:36:00,mobile,electronics,527,237.97
U271,P030,view,2026-04-03 20:38:00,desktop,home,21,53.08
U296,P001,view,2026-04-03 20:38:00,tablet,home,163,151.3
U116,P097,click,2026-04-03 20:39:00,desktop,electronics,343,490.55
U229,P029,view,2026-04-03 20:39:00,mobile,beauty,234,144.26
U411,P030,click,2026-04-03 20:40:00,tablet,clothing,600,456.23
U381,P047,click,2026-04-03 20:40:00,mobile,beauty,461,298.72
U286,P048,view,2026-04-03 20:41:00,tablet,beauty,240,331.51
U481,P001,click,2026-04-03 20:41:00,desktop,clothing,107,234.1
U044,P038,click,2026-04-03 20:42:00,desktop,home,348,180.74
U023,P092,view,2026-04-03 20:43:00,desktop,clothing,69,403.4
U229,P072,view,2026-04-03 20:43:00,tablet,electronics,403,464.65
U436,P096,view,2026-04-03 20:45:00,mobile,clothing,302,420.82
U036,P091,view,2026-04-03 20:45:00,tablet,electronics,74,180.29
U064,P051,add_to_cart,2026-04-03 20:45:00,desktop,electronics,550,287.66
U168,P087,view,2026-04-03 20:46:00,tablet,beauty,63,263.87
U279,P095,view,2026-04-03 20:48:00,desktop,electronics,115,483.53
U496,P044,view,2026-04-03 20:49:00,mobile,electronics,61,294.23
U006,P018,add_to_cart,2026-04-03 20:49:00,desktop,home,541,310.61
U177,P068,add_to_cart,2026-04-03 20:52:00,tablet,electronics,419,54.69
U097,P009,click,2026-04-03 20:52:00,tablet,clothing,398,72.86
U415,P050,add_to_cart,2026-04-03 20:53:00,mobile,beauty,598,243.91
U026,P021,click,2026-04-03 20:53:00,mobile,beauty,466,22.19
U101,P063,click,2026-04-03 20:53:00,mobile,electronics,251,152.84
U250,P065,view,2026-04-03 20:55:00,tablet,clothing,252,368.17
U442,P095,click,2026-04-03 20:55:00,mobile,home,508,279.91
U484,P082,click,2026-04-03 20:56:00,tablet,home,393,97.06
U319,P041,view,2026-04-03 21:00:00,tablet,clothing,29,225.63
U168,P031,view,2026-04-03 21:02:00,mobile,home,26,156.44
U379,P049,click,2026-04-03 21:02:00,mobile,home,561,306.86
U188,P088,view,2026-04-03 21:03:00,desktop,home,165,410.35
U184,P016,click,2026-04-03 21:03:00,tablet,electronics,134,98.6
U194,P041,view,2026-04-03 21:04:00,desktop,electronics,33,497.42
U434,P062,click,2026-04-03 21:04:00,mobile,beauty,309,97.66
U477,P072,view,2026-04-03 21:04:00,desktop,beauty,121,128.59
U054,P074,click,2026-04-03 21:06:00,mobile,home,335,70.07
U430,P053,add_to_cart,2026-04-03 21:07:00,desktop,clothing,511,314.3
U331,P095,click,2026-04-03 21:10:00,tablet,beauty,544,295.78
U303,P008,click,2026-04-03 21:12:00,desktop,home,439,386.11
U257,P085,view,2026-04-03 21:14:00,tablet,beauty,44,366.87
U253,P073,click,2026-04-03 21:14:00,tablet,electronics,493,231.66
U100,P003,view,2026-04-03 21:18:00,desktop,beauty,33,450.0
U469,P087,view,2026-04-03 21:20:00,mobile,beauty,424,498.98
U417,P060,view,2026-04-03 21:21:00,desktop,beauty,44,420.24
U446,P007,view,2026-04-03 21:21:00,tablet,home,148,148.77
U009,P068,view,2026-04-03 21:24:00,desktop,home,202,405.94
U003,P069,click,2026-04-03 21:24:00,desktop,home,66,32.73
U129,P025,view,2026-04-03 21:25:00,tablet,home,238,379.7
U073,P034,click,2026-04-03 21:25:00,tablet,clothing,410,137.61
U219,P001,view,2026-04-03 21:27:00,mobile,electronics,116,191.71
U269,P088,click,2026-04-03 21:28:00,desktop,clothing,531,468.26
U322,P035,click,2026-04-03 21:28:00,desktop,beauty,275,151.51
U261,P072,view,2026-04-03 21:29:00,mobile,beauty,14,303.76
U235,P035,view,2026-04-03 21:29:00,tablet,home,77,422.62
U267,P090,view,2026-04-03 21:30:00,tablet,clothing,279,277.19
U030,P051,view,2026-04-03 21:30:00,tablet,home,156,163.28
U361,P036,click,2026-04-03 21:34:00,mobile,home,470,300.05
U193,P093,view,2026-04-03 21:35:00,mobile,clothing,145,262.67
U172,P003,click,2026-04-03 21:38:00,mobile,electronics,485,366.96
U038,P017,view,2026-04-03 21:41:00,mobile,electronics,83,126.37
U155,P006,view,2026-04-03 21:43:00,mobile,clothing,440,345.88
U193,P070,view,2026-04-03 21:43:00,mobile,home,85,343.91
U299,P037,click,2026-04-03 21:48:00,desktop,beauty,442,209.43
U012,P022,add_to_cart,2026-04-03 21:50:00,mobile,beauty,488,90.89
U081,P077,click,2026-04-03 21:51:00,desktop,electronics,79,68.84
U427,P066,click,2026-04-03 21:52:00,desktop,clothing,356,217.56
U176,P069,click,2026-04-03 21:54:00,mobile,home,577,26.7
U182,P071,view,2026-04-03 21:54:00,mobile,home,337,185.63
U060,P065,click,2026-04-03 21:55:00,desktop,clothing,61,43.65
U489,P026,view,2026-04-03 21:55:00,desktop,clothing,49,258.07
U451,P067,view,2026-04-03 21:55:00,tablet,clothing,255,497.58
U175,P023,click,2026-04-03 21:56:00,tablet,home,470,73.88
U187,P022,view,2026-04-03 21:57:00,mobile,beauty,38,491.55
U257,P023,click,2026-04-03 21:57:00,desktop,beauty,351,256.53
U344,P093,click,2026-04-03 22:02:00,desktop,beauty,481,171.79
U100,P008,click,2026-04-03 22:03:00,mobile,clothing,592,183.92
U087,P041,view,2026-04-03 22:04:00,tablet,home,259,385.05
U095,P004,click,2026-04-03 22:04:00,tablet,beauty,471,203.98
U405,P010,view,2026-04-03 22:04:00,mobile,home,233,422.81
U342,P069,add_to_cart,2026-04-03 22:05:00,desktop,clothing,554,38.85
U001,P010,click,2026-04-03 22:05:00,desktop,electronics,417,301.14
U231,P099,view,2026-04-03 22:05:00,mobile,clothing,377,238.2
U010,P029,view,2026-04-03 22:06:00,desktop,beauty,405,438.09
U487,P010,view,2026-04-03 22:07:00,mobile,clothing,24,349.76
U185,P041,view,2026-04-03 22:08:00,desktop,electronics,59,244.91
U175,P093,add_to_cart,2026-04-03 22:09:00,desktop,home,567,286.96
U492,P080,view,2026-04-03 22:09:00,tablet,electronics,249,445.9
U045,P046,click,2026-04-03 22:10:00,tablet,clothing,503,174.52
U200,P015,view,2026-04-03 22:10:00,tablet,electronics,74,83.05
U164,P080,click,2026-04-03 22:10:00,desktop,home,523,330.74
U240,P015,add_to_cart,2026-04-03 22:11:00,mobile,electronics,566,269.86
U355,P053,click,2026-04-03 22:11:00,desktop,electronics,188,201.04
U410,P087,view,2026-04-03 22:12:00,desktop,beauty,59,303.69
U055,P080,add_to_cart,2026-04-03 22:14:00,desktop,clothing,403,19.12
U036,P026,view,2026-04-03 22:14:00,tablet,clothing,103,388.02
U277,P047,view,2026-04-03 22:17:00,desktop,beauty,112,261.33
U095,P052,view,2026-04-03 22:17:00,mobile,clothing,293,252.43
U145,P050,click,2026-04-03 22:19:00,desktop,home,532,434.56
U307,P013,click,2026-04-03 22:19:00,desktop,clothing,250,35.84
U120,P051,view,2026-04-03 22:20:00,tablet,clothing,197,211.32
U188,P019,view,2026-04-03 22:21:00,tablet,home,155,185.83
U043,P045,click,2026-04-03 22:24:00,desktop,home,325,279.69
U205,P042,click,2026-04-03 22:25:00,desktop,home,392,352.42
U498,P051,view,2026-04-03 22:27:00,mobile,beauty,263,224.04
U013,P018,view,2026-04-03 22:27:00,mobile,home,177,274.68
U278,P071,click,2026-04-03 22:27:00,tablet,electronics,482,389.42
U032,P009,add_to_cart,2026-04-03 22:28:00,desktop,electronics,365,41.9
U297,P052,click,2026-04-03 22:31:00,mobile,home,568,453.62
U431,P055,click,2026-04-03 22:31:00,tablet,clothing,583,302.88
U129,P016,click,2026-04-03 22:33:00,desktop,home,526,438.14
U077,P080,view,2026-04-03 22:33:00,tablet,home,319,449.91
U055,P004,view,2026-04-03 22:36:00,mobile,beauty,480,403.51
U212,P010,view,2026-04-03 22:40:00,tablet,beauty,215,253.16
U302,P012,view,2026-04-03 22:43:00,tablet,clothing,297,171.41
U155,P020,add_to_cart,2026-04-03 22:43:00,desktop,home,599,140.73
U449,P039,add_to_cart,2026-04-03 22:44:00,mobile,home,581,233.14
U228,P062,view,2026-04-03 22:45:00,desktop,beauty,15,106.61
U069,P006,click,2026-04-03 22:46:00,desktop,electronics,373,491.47
U297,P055,add_to_cart,2026-04-03 22:47:00,mobile,electronics,488,25.44
U308,P065,view,2026-04-03 22:50:00,mobile,electronics,210,158.73
U252,P086,view,2026-04-03 22:51:00,mobile,electronics,201,289.18
U418,P030,view,2026-04-03 22:52:00,mobile,home,62,226.55
U176,P066,click,2026-04-03 22:55:00,desktop,electronics,398,459.64
U106,P095,click,2026-04-03 22:55:00,tablet,clothing,449,270.12
U347,P093,view,2026-04-03 22:56:00,mobile,electronics,406,403.11
U203,P016,view,2026-04-03 22:57:00,mobile,home,185,162.43
U171,P003,view,2026-04-03 22:57:00,tablet,home,110,379.03
U474,P024,click,2026-04-03 22:58:00,mobile,clothing,467,158.86
U470,P026,view,2026-04-03 22:58:00,mobile,clothing,141,211.46
U016,P083,click,2026-04-03 22:58:00,desktop,home,522,407.27
U209,P021,view,2026-04-03 22:59:00,mobile,clothing,17,64.48
U268,P039,view,2026-04-03 23:02:00,tablet,beauty,59,485.37
U138,P054,view,2026-04-03 23:03:00,desktop,clothing,65,445.38
U362,P056,click,2026-04-03 23:03:00,mobile,home,552,197.0
U340,P100,view,2026-04-03 23:03:00,tablet,electronics,208,402.3
U372,P011,view,2026-04-03 23:04:00,tablet,beauty,146,37.94
U279,P036,click,2026-04-03 23:04:00,mobile,home,298,37.4
U101,P005,click,2026-04-03 23:05:00,tablet,beauty,588,395.08
U152,P066,click,2026-04-03 23:06:00,mobile,home,595,485.99
U464,P013,add_to_cart,2026-04-03 23:08:00,desktop,electronics,500,147.02
U353,P003,view,2026-04-03 23:08:00,tablet,beauty,221,431.62
U199,P022,view,2026-04-03 23:10:00,tablet,clothing,166,66.94
U162,P066,view,2026-04-03 23:10:00,mobile,home,296,409.36
U335,P070,click,2026-04-03 23:10:00,desktop,beauty,279,230.19
U446,P018,view,2026-04-03 23:10:00,tablet,beauty,72,278.06
U177,P037,view,2026-04-03 23:11:00,tablet,electronics,33,428.33
U184,P004,view,2026-04-03 23:11:00,tablet,electronics,157,242.29
U089,P025,view,2026-04-03 23:12:00,mobile,clothing,355,103.1
U373,P025,view,2026-04-03 23:13:00,tablet,clothing,337,338.56
U308,P035,click,2026-04-03 23:14:00,mobile,beauty,384,234.87
U254,P004,add_to_cart,2026-04-03 23:14:00,desktop,clothing,383,176.61
U470,P039,click,2026-04-03 23:17:00,tablet,electronics,333,383.65
U224,P044,click,2026-04-03 23:19:00,mobile,electronics,242,95.04
U021,P072,click,2026-04-03 23:20:00,desktop,home,369,24.32
U231,P086,add_to_cart,2026-04-03 23:21:00,desktop,electronics,295,119.74
U089,P017,view,2026-04-03 23:22:00,mobile,beauty,90,449.46
U493,P007,click,2026-04-03 23:23:00,desktop,electronics,411,461.01
U095,P005,add_to_cart,2026-04-03 23:23:00,desktop,home,582,289.76
U396,P002,add_to_cart,2026-04-03 23:25:00,desktop,beauty,541,100.15
U056,P013,click,2026-04-03 23:26:00,mobile,beauty,341,188.38
U339,P058,add_to_cart,2026-04-03 23:27:00,desktop,clothing,522,177.29
U090,P094,click,2026-04-03 23:29:00,tablet,home,588,436.68
U238,P039,view,2026-04-03 23:30:00,mobile,beauty,86,194.02
U003,P098,view,2026-04-03 23:30:00,mobile,clothing,336,460.88
U293,P055,click,2026-04-03 23:35:00,tablet,clothing,505,256.89
U425,P053,view,2026-04-03 23:35:00,mobile,clothing,453,406.45
U368,P097,view,2026-04-03 23:40:00,tablet,home,268,232.76
U048,P064,view,2026-04-03 23:41:00,desktop,electronics,15,86.74
U203,P004,click,2026-04-03 23:41:00,mobile,clothing,350,312.52
U106,P014,click,2026-04-03 23:42:00,desktop,clothing,564,304.59
U358,P062,view,2026-04-03 23:42:00,mobile,clothing,33,21.12
U095,P063,add_to_cart,2026-04-03 23:47:00,desktop,electronics,514,314.82
U061,P023,view,2026-04-03 23:47:00,desktop,electronics,278,487.14
U238,P015,view,2026-04-03 23:47:00,mobile,clothing,53,334.19
U149,P067,view,2026-04-03 23:48:00,mobile,beauty,34,38.98
U274,P015,click,2026-04-03 23:49:00,desktop,home,81,51.1
U244,P065,view,2026-04-03 23:51:00,mobile,electronics,209,409.71
U128,P045,click,2026-04-03 23:51:00,desktop,home,453,429.49
U217,P092,view,2026-04-03 23:52:00,desktop,beauty,66,110.62
U464,P053,add_to_cart,2026-04-03 23:56:00,desktop,beauty,580,62.82
U499,P010,add_to_cart,2026-04-03 23:56:00,desktop,clothing,569,443.01
U496,P068,click,2026-04-03 23:57:00,tablet,clothing,533,117.05
U043,P057,click,2026-04-03 23:59:00,desktop,electronics,250,337.22
U132,P018,view,2026-04-03 23:59:00,mobile,beauty,465,444.38
U405,P075,add_to_cart,2026-04-03 23:59:00,tablet,electronics,514,84.46
U373,P098,view,2026-04-04 00:00:00,tablet,home,89,489.7
U137,P099,view,2026-04-04 00:00:00,mobile,beauty,235,25.98
U500,P089,click,2026-04-04 00:01:00,desktop,electronics,277,402.13
U009,P046,click,2026-04-04 00:01:00,tablet,clothing,272,94.38
U083,P017,view,2026-04-04 00:02:00,tablet,clothing,287,395.43
U097,P031,click,2026-04-04 00:03:00,tablet,electronics,558,437.78
U316,P084,click,2026-04-04 00:03:00,mobile,beauty,311,174.21
U210,P008,click,2026-04-04 00:09:00,mobile,electronics,167,147.4
U111,P029,add_to_cart,2026-04-04 00:09:00,tablet,clothing,586,139.64
U212,P094,click,2026-04-04 00:10:00,desktop,clothing,373,214.14
U124,P050,click,2026-04-04 00:11:00,tablet,beauty,360,302.61
U199,P016,view,2026-04-04 00:12:00,desktop,home,219,433.98
U370,P054,view,2026-04-04 00:14:00,mobile,clothing,544,492.46
U091,P086,click,2026-04-04 00:16:00,desktop,electronics,413,434.2
U500,P082,click,2026-04-04 00:16:00,tablet,beauty,218,74.07
U095,P010,add_to_cart,2026-04-04 00:20:00,desktop,electronics,244,40.19
U145,P010,view,2026-04-04 00:23:00,mobile,beauty,406,475.34
U304,P012,view,2026-04-04 00:25:00,tablet,home,25,497.97
U031,P073,click,2026-04-04 00:26:00,mobile,electronics,223,53.53
U325,P075,click,2026-04-04 00:27:00,tablet,beauty,475,363.18
U047,P007,view,2026-04-04 00:27:00,mobile,clothing,71,261.67
U329,P061,view,2026-04-04 00:27:00,desktop,clothing,102,184.21
U020,P049,click,2026-04-04 00:28:00,desktop,electronics,305,125.53
U265,P024,view,2026-04-04 00:29:00,tablet,home,329,453.61
U031,P057,view,2026-04-04 00:29:00,tablet,clothing,283,56.8
U071,P026,view,2026-04-04 00:31:00,mobile,home,313,350.31
U461,P044,click,2026-04-04 00:32:00,desktop,electronics,323,306.57
U117,P082,add_to_cart,2026-04-04 00:32:00,desktop,electronics,559,230.82
U155,P023,view,2026-04-04 00:34:00,desktop,home,246,497.77
U285,P005,view,2026-04-04 00:34:00,mobile,clothing,159,152.72
U268,P014,view,2026-04-04 00:39:00,tablet,electronics,104,253.54
U205,P093,add_to_cart,2026-04-04 00:39:00,desktop,beauty,564,163.12
U255,P022,view,2026-04-04 00:40:00,tablet,home,544,368.16
U335,P004,click,2026-04-04 00:41:00,tablet,electronics,279,103.14
U167,P032,click,2026-04-04 00:43:00,tablet,home,192,15.54
U251,P029,click,2026-04-04 00:46:00,desktop,home,262,187.9
U131,P023,add_to_cart,2026-04-04 00:47:00,desktop,electronics,396,392.26
U211,P029,click,2026-04-04 00:48:00,desktop,clothing,234,345.76
U367,P082,click,2026-04-04 00:49:00,tablet,electronics,554,239.54
U214,P043,click,2026-04-04 00:49:00,desktop,home,304,117.29
U186,P052,view,2026-04-04 00:50:00,mobile,beauty,198,373.91
U436,P027,view,2026-04-04 00:52:00,desktop,clothing,65,323.68
U387,P022,view,2026-04-04 00:52:00,desktop,clothing,37,353.09
U495,P100,add_to_cart,2026-04-04 00:52:00,desktop,home,438,152.37
U195,P089,view,2026-04-04 00:55:00,tablet,beauty,11,115.61
U465,P071,view,2026-04-04 00:57:00,tablet,home,232,298.27
U150,P063,add_to_cart,2026-04-04 00:58:00,mobile,beauty,500,19.69
U175,P086,view,2026-04-04 00:59:00,desktop,clothing,77,123.73
U012,P005,click,2026-04-04 00:59:00,desktop,clothing,366,483.62
U178,P057,click,2026-04-04 01:00:00,tablet,electronics,303,221.48
U251,P046,click,2026-04-04 01:02:00,desktop,home,71,10.91
U192,P050,click,2026-04-04 01:06:00,mobile,home,447,21.26
U180,P090,view,2026-04-04 01:06:00,tablet,home,440,403.0
U410,P078,click,2026-04-04 01:10:00,tablet,home,317,155.02
U497,P097,click,2026-04-04 01:10:00,tablet,clothing,550,412.07
U432,P036,view,2026-04-04 01:10:00,mobile,beauty,141,303.1
U150,P075,click,2026-04-04 01:10:00,tablet,home,343,11.84
U102,P021,view,2026-04-04 01:11:00,mobile,clothing,100,246.29
U121,P040,click,2026-04-04 01:11:00,desktop,clothing,110,88.67
U109,P068,view,2026-04-04 01:12:00,desktop,beauty,28,461.64
U203,P001,view,2026-04-04 01:12:00,mobile,home,377,256.62
U058,P025,view,2026-04-04 01:15:00,desktop,beauty,14,24.47
U407,P063,view,2026-04-04 01:15:00,mobile,electronics,79,332.21
U448,P044,click,2026-04-04 01:21:00,desktop,clothing,68,200.44
U109,P036,view,2026-04-04 01:22:00,mobile,beauty,189,340.37
U415,P091,add_to_cart,2026-04-04 01:23:00,desktop,electronics,563,186.6
U193,P042,view,2026-04-04 01:23:00,tablet,home,74,91.26
U480,P031,view,2026-04-04 01:23:00,desktop,electronics,74,399.34
U281,P051,click,2026-04-04 01:25:00,desktop,electronics,147,44.36
U039,P054,click,2026-04-04 01:25:00,tablet,beauty,591,435.17
U474,P033,click,2026-04-04 01:26:00,mobile,electronics,276,159.23
U309,P086,view,2026-04-04 01:27:00,mobile,beauty,89,463.91
U089,P021,view,2026-04-04 01:28:00,tablet,electronics,75,232.34
U265,P088,view,2026-04-04 01:30:00,desktop,home,453,492.35
U499,P064,view,2026-04-04 01:30:00,mobile,clothing,114,261.03
U120,P073,view,2026-04-04 01:36:00,mobile,clothing,381,400.08
U341,P046,add_to_cart,2026-04-04 01:37:00,mobile,clothing,560,105.76
U115,P009,view,2026-04-04 01:38:00,desktop,clothing,86,436.12
U435,P004,view,2026-04-04 01:38:00,tablet,clothing,23,290.1
U212,P035,click,2026-04-04 01:39:00,desktop,electronics,35,151.33
U432,P083,view,2026-04-04 01:43:00,tablet,electronics,158,426.33
U338,P085,view,2026-04-04 01:43:00,desktop,clothing,130,207.41
U413,P042,view,2026-04-04 01:44:00,tablet,clothing,183,112.58
U043,P053,view,2026-04-04 01:45:00,mobile,electronics,106,418.91
U462,P045,view,2026-04-04 01:45:00,desktop,clothing,83,495.21
U324,P017,view,2026-04-04 01:46:00,tablet,beauty,228,202.9
U293,P099,click,2026-04-04 01:47:00,tablet,home,346,74.33
U029,P074,click,2026-04-04 01:48:00,tablet,beauty,567,212.21
U002,P016,view,2026-04-04 01:49:00,mobile,home,243,216.77
U403,P075,add_to_cart,2026-04-04 01:50:00,desktop,home,565,220.07
U097,P040,click,2026-04-04 01:52:00,desktop,beauty,521,389.63
U360,P039,click,2026-04-04 01:55:00,tablet,electronics,148,124.59
U356,P036,view,2026-04-04 01:56:00,mobile,home,364,280.8
U186,P068,view,2026-04-04 01:56:00,tablet,home,307,201.19
U470,P079,view,2026-04-04 01:58:00,tablet,home,105,191.77
U079,P074,view,2026-04-04 01:59:00,tablet,beauty,181,13.91
U425,P095,click,2026-04-04 02:02:00,tablet,electronics,260,206.02
U334,P082,add_to_cart,2026-04-04 02:03:00,desktop,beauty,508,118.26
U210,P066,view,2026-04-04 02:06:00,mobile,clothing,324,174.96
U472,P009,click,2026-04-04 02:06:00,mobile,clothing,450,348.42
U228,P058,click,2026-04-04 02:08:00,mobile,electronics,138,93.93
U092,P039,view,2026-04-04 02:11:00,mobile,home,334,424.27
U072,P075,view,2026-04-04 02:12:00,mobile,clothing,150,387.14
U194,P042,click,2026-04-04 02:12:00,mobile,home,588,470.34
U086,P016,view,2026-04-04 02:18:00,mobile,beauty,238,307.86
U224,P096,view,2026-04-04 02:18:00,mobile,clothing,213,248.37
U440,P089,add_to_cart,2026-04-04 02:18:00,desktop,electronics,466,403.28
U334,P067,view,2026-04-04 02:19:00,desktop,home,300,360.65
U033,P059,click,2026-04-04 02:19:00,desktop,electronics,188,267.36
U224,P025,view,2026-04-04 02:21:00,tablet,home,142,322.81
U048,P046,click,2026-04-04 02:21:00,desktop,home,133,198.12
U253,P048,view,2026-04-04 02:21:00,tablet,beauty,249,438.51
U257,P013,click,2026-04-04 02:21:00,mobile,beauty,315,33.59
U015,P010,click,2026-04-04 02:23:00,desktop,electronics,48,290.42
U221,P009,add_to_cart,2026-04-04 02:23:00,desktop,clothing,507,222.59
U259,P092,click,2026-04-04 02:25:00,tablet,home,297,67.66
U022,P074,view,2026-04-04 02:26:00,tablet,home,349,423.58
U195,P062,add_to_cart,2026-04-04 02:28:00,desktop,electronics,593,396.56
U436,P021,click,2026-04-04 02:30:00,tablet,home,459,263.39
U420,P034,click,2026-04-04 02:31:00,tablet,clothing,586,300.14
U280,P019,view,2026-04-04 02:31:00,mobile,electronics,93,137.54
U420,P002,add_to_cart,2026-04-04 02:32:00,mobile,beauty,521,157.7
U026,P051,click,2026-04-04 02:33:00,tablet,beauty,524,335.95
U005,P054,view,2026-04-04 02:33:00,mobile,home,34,71.77
U233,P057,click,2026-04-04 02:34:00,tablet,beauty,595,290.35
U189,P015,click,2026-04-04 02:34:00,tablet,beauty,487,198.19
U038,P069,click,2026-04-04 02:34:00,mobile,home,586,482.87
U494,P039,click,2026-04-04 02:35:00,desktop,beauty,332,161.21
U368,P040,click,2026-04-04 02:35:00,desktop,beauty,417,205.3
U493,P025,click,2026-04-04 02:36:00,tablet,clothing,230,81.19
U226,P093,click,2026-04-04 02:36:00,mobile,beauty,566,428.27
U023,P075,view,2026-04-04 02:37:00,mobile,clothing,121,203.67
U044,P023,view,2026-04-04 02:38:00,mobile,beauty,236,78.8
U428,P006,click,2026-04-04 02:40:00,mobile,electronics,277,197.7
U065,P075,click,2026-04-04 02:40:00,tablet,electronics,263,148.99
U236,P062,add_to_cart,2026-04-04 02:40:00,mobile,electronics,565,84.63
U130,P046,add_to_cart,2026-04-04 02:41:00,desktop,beauty,481,227.99
U090,P039,click,2026-04-04 02:41:00,desktop,electronics,137,191.41
U194,P093,click,2026-04-04 02:42:00,desktop,beauty,473,398.45
U008,P068,click,2026-04-04 02:44:00,desktop,beauty,491,451.42
U273,P084,click,2026-04-04 02:44:00,mobile,electronics,143,73.41
U070,P041,view,2026-04-04 02:44:00,desktop,electronics,141,476.5
U023,P098,add_to_cart,2026-04-04 02:48:00,desktop,clothing,533,350.57
U483,P081,view,2026-04-04 02:51:00,tablet,beauty,237,302.12
U248,P026,click,2026-04-04 02:53:00,mobile,beauty,546,315.7
U370,P084,view,2026-04-04 02:54:00,tablet,clothing,154,273.95
U093,P089,click,2026-04-04 02:55:00,tablet,home,383,52.34
U289,P031,view,2026-04-04 02:57:00,mobile,electronics,319,421.64
U153,P093,view,2026-04-04 02:57:00,mobile,clothing,259,79.42
U309,P059,click,2026-04-04 02:58:00,tablet,electronics,327,62.73
U103,P024,view,2026-04-04 03:00:00,mobile,clothing,98,167.2
U323,P082,click,2026-04-04 03:01:00,tablet,clothing,527,278.6
U060,P017,view,2026-04-04 03:03:00,mobile,electronics,139,343.78
U300,P092,view,2026-04-04 03:04:00,tablet,electronics,45,77.52
U216,P013,view,2026-04-04 03:05:00,desktop,beauty,120,477.42
U355,P006,add_to_cart,2026-04-04 03:05:00,desktop,home,542,36.22
U023,P094,add_to_cart,2026-04-04 03:05:00,desktop,clothing,579,76.71
U066,P092,view,2026-04-04 03:06:00,mobile,electronics,482,492.89
U039,P095,add_to_cart,2026-04-04 03:07:00,desktop,electronics,210,104.09
U283,P095,view,2026-04-04 03:07:00,mobile,beauty,180,383.03
U101,P049,click,2026-04-04 03:10:00,desktop,home,539,445.15
U013,P064,click,2026-04-04 03:10:00,tablet,beauty,523,148.74
U003,P068,view,2026-04-04 03:13:00,desktop,beauty,62,106.95
U145,P053,click,2026-04-04 03:14:00,mobile,beauty,472,194.07
U146,P011,click,2026-04-04 03:16:00,mobile,clothing,474,200.45
U303,P053,view,2026-04-04 03:16:00,desktop,clothing,165,287.51
U214,P099,view,2026-04-04 03:16:00,mobile,home,236,432.84
U129,P096,add_to_cart,2026-04-04 03:17:00,desktop,home,600,304.91
U003,P018,view,2026-04-04 03:18:00,mobile,electronics,336,368.19
U156,P048,click,2026-04-04 03:19:00,tablet,clothing,377,378.06
U431,P074,click,2026-04-04 03:20:00,desktop,home,258,171.23
U391,P006,click,2026-04-04 03:23:00,tablet,clothing,389,255.01
U402,P007,add_to_cart,2026-04-04 03:24:00,desktop,home,514,233.31
U281,P027,click,2026-04-04 03:25:00,desktop,clothing,254,178.2
U395,P099,click,2026-04-04 03:27:00,desktop,clothing,426,479.75
U248,P093,click,2026-04-04 03:32:00,mobile,home,362,87.88
U042,P040,view,2026-04-04 03:33:00,desktop,clothing,16,314.67
U308,P089,click,2026-04-04 03:33:00,desktop,beauty,259,303.07
U232,P097,view,2026-04-04 03:33:00,desktop,home,111,255.92
U237,P039,click,2026-04-04 03:33:00,mobile,home,502,198.51
U082,P061,click,2026-04-04 03:33:00,desktop,electronics,363,484.71
U041,P097,click,2026-04-04 03:34:00,desktop,clothing,409,413.73
U226,P055,add_to_cart,2026-04-04 03:35:00,tablet,electronics,502,31.02
U104,P070,view,2026-04-04 03:35:00,tablet,beauty,213,56.76
U088,P081,view,2026-04-04 03:35:00,desktop,beauty,193,493.92
U045,P066,view,2026-04-04 03:37:00,mobile,electronics,119,142.0
U020,P066,click,2026-04-04 03:37:00,desktop,beauty,177,123.01
U314,P023,view,2026-04-04 03:38:00,mobile,clothing,168,381.38
U233,P014,view,2026-04-04 03:38:00,mobile,home,413,434.71
U473,P058,click,2026-04-04 03:41:00,tablet,electronics,453,202.85
U450,P029,view,2026-04-04 03:42:00,tablet,home,56,222.77
U081,P066,click,2026-04-04 03:42:00,desktop,home,192,84.85
U087,P035,click,2026-04-04 03:42:00,mobile,electronics,506,414.24
U337,P057,view,2026-04-04 03:42:00,desktop,home,166,297.53
U141,P024,add_to_cart,2026-04-04 03:44:00,desktop,beauty,399,49.89
U316,P040,click,2026-04-04 03:44:00,desktop,clothing,260,249.31
U429,P049,view,2026-04-04 03:44:00,mobile,home,414,439.62
U116,P055,view,2026-04-04 03:44:00,tablet,electronics,255,323.32
U318,P010,view,2026-04-04 03:44:00,mobile,beauty,361,474.16
U437,P063,add_to_cart,2026-04-04 03:45:00,desktop,home,577,191.78
U300,P013,click,2026-04-04 03:47:00,desktop,electronics,273,177.18
U002,P081,click,2026-04-04 03:49:00,tablet,electronics,260,369.12
U428,P041,click,2026-04-04 03:49:00,mobile,home,401,120.47
U067,P084,view,2026-04-04 03:49:00,mobile,home,17,237.22
U162,P015,click,2026-04-04 03:49:00,desktop,beauty,308,218.78
U481,P006,click,2026-04-04 03:52:00,tablet,beauty,518,94.68
U192,P037,view,2026-04-04 03:54:00,desktop,clothing,91,322.09
U481,P045,click,2026-04-04 03:59:00,desktop,electronics,164,280.96
U131,P091,click,2026-04-04 04:00:00,tablet,electronics,263,40.6
U326,P074,view,2026-04-04 04:03:00,tablet,beauty,110,42.77
U114,P089,click,2026-04-04 04:03:00,mobile,beauty,557,486.06
U060,P017,click,2026-04-04 04:04:00,mobile,electronics,106,154.79
U272,P039,add_to_cart,2026-04-04 04:04:00,tablet,home,566,38.17
U274,P048,click,2026-04-04 04:04:00,tablet,beauty,447,53.45
U270,P038,click,2026-04-04 04:05:00,tablet,clothing,534,171.83
U444,P088,view,2026-04-04 04:07:00,mobile,electronics,125,223.84
U391,P044,view,2026-04-04 04:10:00,tablet,home,133,426.51
U445,P017,view,2026-04-04 04:10:00,mobile,beauty,159,443.48
U468,P049,view,2026-04-04 04:11:00,tablet,home,137,477.33
U188,P100,click,2026-04-04 04:14:00,mobile,clothing,269,208.45
U147,P087,click,2026-04-04 04:15:00,tablet,electronics,356,106.86
U231,P089,view,2026-04-04 04:18:00,desktop,home,191,255.43
U160,P059,view,2026-04-04 04:18:00,tablet,beauty,414,359.18
U233,P092,click,2026-04-04 04:19:00,desktop,home,498,364.02
U233,P073,view,2026-04-04 04:21:00,tablet,clothing,27,439.74
U243,P075,view,2026-04-04 04:25:00,mobile,home,26,492.06
U330,P068,click,2026-04-04 04:30:00,desktop,beauty,442,72.14
U207,P042,view,2026-04-04 04:31:00,mobile,clothing,26,70.33
U029,P051,click,2026-04-04 04:31:00,tablet,electronics,223,141.15
U172,P005,click,2026-04-04 04:33:00,tablet,clothing,333,194.5
U143,P094,view,2026-04-04 04:34:00,mobile,home,83,140.27
U403,P091,click,2026-04-04 04:35:00,tablet,electronics,547,492.47
U165,P071,view,2026-04-04 04:37:00,tablet,electronics,26,407.78
U412,P096,click,2026-04-04 04:37:00,mobile,electronics,445,361.44
U063,P001,click,2026-04-04 04:37:00,desktop,beauty,164,142.87
U359,P013,view,2026-04-04 04:38:00,desktop,home,76,147.88
U357,P073,click,2026-04-04 04:39:00,desktop,clothing,283,112.2
U080,P034,view,2026-04-04 04:39:00,mobile,home,328,248.95
U141,P036,view,2026-04-04 04:41:00,mobile,electronics,228,236.65
U498,P093,add_to_cart,2026-04-04 04:41:00,mobile,clothing,585,45.27
U357,P064,add_to_cart,2026-04-04 04:42:00,tablet,home,522,49.84
U225,P045,click,2026-04-04 04:42:00,desktop,home,289,48.47
U176,P015,click,2026-04-04 04:44:00,tablet,electronics,369,198.58
U177,P005,click,2026-04-04 04:46:00,mobile,home,341,16.64
U250,P094,click,2026-04-04 04:47:00,tablet,beauty,375,98.98
U280,P029,click,2026-04-04 04:48:00,tablet,home,470,261.64
U418,P097,click,2026-04-04 04:49:00,desktop,clothing,107,44.4
U232,P049,add_to_cart,2026-04-04 04:54:00,desktop,beauty,381,10.4
U071,P021,view,2026-04-04 04:55:00,mobile,beauty,46,27.35
U288,P049,add_to_cart,2026-04-04 04:55:00,desktop,electronics,472,81.95
U451,P014,click,2026-04-04 04:55:00,desktop,beauty,534,479.65
U330,P074,add_to_cart,2026-04-04 04:57:00,tablet,electronics,561,49.19
U380,P050,click,2026-04-04 04:58:00,desktop,clothing,327,267.81
U225,P025,view,2026-04-04 04:59:00,mobile,beauty,250,431.2
U249,P060,view,2026-04-04 05:03:00,tablet,home,474,470.36
U102,P006,add_to_cart,2026-04-04 05:03:00,desktop,beauty,357,65.44
U313,P070,click,2026-04-04 05:07:00,tablet,electronics,281,50.8
U321,P096,add_to_cart,2026-04-04 05:07:00,mobile,home,510,64.98
U221,P010,click,2026-04-04 05:08:00,tablet,electronics,216,68.0
U450,P019,view,2026-04-04 05:08:00,tablet,clothing,299,252.45
U046,P035,click,2026-04-04 05:10:00,mobile,clothing,335,172.35
U431,P069,add_to_cart,2026-04-04 05:10:00,desktop,home,345,18.83
U422,P017,view,2026-04-04 05:12:00,tablet,home,99,377.22
U148,P043,view,2026-04-04 05:13:00,desktop,clothing,196,481.53
U219,P069,click,2026-04-04 05:14:00,mobile,beauty,517,125.2
U204,P076,click,2026-04-04 05:15:00,mobile,home,342,32.24
U008,P074,view,2026-04-04 05:15:00,mobile,home,72,248.7
U178,P088,view,2026-04-04 05:15:00,tablet,beauty,65,44.01
U030,P030,click,2026-04-04 05:15:00,desktop,clothing,499,393.61
U369,P056,view,2026-04-04 05:16:00,mobile,beauty,366,399.62
U181,P082,click,2026-04-04 05:16:00,desktop,electronics,22,269.48
U499,P081,view,2026-04-04 05:18:00,desktop,electronics,71,426.44
U180,P023,click,2026-04-04 05:18:00,desktop,beauty,520,358.43
U092,P009,view,2026-04-04 05:19:00,mobile,beauty,27,498.36
U062,P028,click,2026-04-04 05:20:00,mobile,home,502,216.39
U466,P068,click,2026-04-04 05:28:00,tablet,beauty,367,62.37
U495,P089,view,2026-04-04 05:29:00,mobile,home,192,208.65
U466,P038,click,2026-04-04 05:30:00,desktop,beauty,289,71.32
U148,P034,view,2026-04-04 05:30:00,desktop,home,62,325.58
U167,P088,click,2026-04-04 05:32:00,tablet,beauty,565,84.21
U077,P049,add_to_cart,2026-04-04 05:33:00,desktop,electronics,333,78.99
U061,P048,view,2026-04-04 05:34:00,mobile,home,194,105.91
U010,P045,view,2026-04-04 05:34:00,desktop,electronics,106,180.59
U491,P081,view,2026-04-04 05:36:00,mobile,beauty,46,163.24
U254,P095,view,2026-04-04 05:36:00,desktop,clothing,121,245.83
U004,P070,click,2026-04-04 05:37:00,mobile,electronics,80,148.14
U050,P004,view,2026-04-04 05:37:00,mobile,clothing,377,493.54
U402,P087,click,2026-04-04 05:39:00,tablet,beauty,520,418.61
U127,P061,click,2026-04-04 05:39:00,desktop,beauty,189,361.66
U018,P065,click,2026-04-04 05:41:00,desktop,home,202,317.09
U181,P079,click,2026-04-04 05:44:00,tablet,electronics,320,25.75
U138,P082,add_to_cart,2026-04-04 05:45:00,desktop,electronics,536,196.14
U392,P035,click,2026-04-04 05:46:00,desktop,beauty,545,455.12
U074,P093,click,2026-04-04 05:47:00,desktop,clothing,369,433.46
U423,P083,click,2026-04-04 05:48:00,tablet,clothing,517,165.36
U127,P061,click,2026-04-04 05:48:00,desktop,electronics,86,20.94
U066,P051,click,2026-04-04 05:48:00,tablet,clothing,425,164.89
U188,P063,view,2026-04-04 05:48:00,tablet,home,143,352.03
U481,P043,view,2026-04-04 05:49:00,mobile,clothing,184,68.77
U230,P100,add_to_cart,2026-04-04 05:49:00,tablet,electronics,556,236.69
U215,P050,view,2026-04-04 05:51:00,mobile,clothing,235,410.81
U386,P096,view,2026-04-04 05:52:00,mobile,home,210,464.05
U127,P098,click,2026-04-04 05:53:00,tablet,electronics,228,92.89
U178,P009,click,2026-04-04 05:53:00,mobile,home,578,435.99
U188,P089,click,2026-04-04 05:54:00,mobile,clothing,417,416.31
U324,P037,add_to_cart,2026-04-04 05:54:00,desktop,clothing,512,276.98
U021,P022,click,2026-04-04 05:55:00,mobile,beauty,587,438.02
U109,P077,add_to_cart,2026-04-04 05:57:00,desktop,electronics,513,39.87
U386,P022,view,2026-04-04 05:58:00,desktop,clothing,236,483.64
U193,P035,view,2026-04-04 05:58:00,tablet,beauty,135,245.97
U489,P058,view,2026-04-04 05:59:00,tablet,beauty,117,396.39
U436,P073,view,2026-04-04 06:00:00,mobile,beauty,200,257.41
U208,P095,view,2026-04-04 06:00:00,desktop,clothing,261,475.14
U155,P024,view,2026-04-04 06:01:00,mobile,clothing,154,15.94
U260,P009,click,2026-04-04 06:03:00,desktop,electronics,22,163.62
U225,P049,view,2026-04-04 06:04:00,mobile,clothing,417,434.77
U392,P030,add_to_cart,2026-04-04 06:05:00,desktop,clothing,573,199.85
U110,P092,click,2026-04-04 06:06:00,tablet,clothing,547,293.98
U439,P097,view,2026-04-04 06:06:00,tablet,electronics,34,161.55
U409,P020,click,2026-04-04 06:07:00,desktop,beauty,183,279.85
U488,P091,view,2026-04-04 06:08:00,desktop,beauty,121,163.06
U226,P089,click,2026-04-04 06:09:00,tablet,home,465,187.63
U258,P066,click,2026-04-04 06:09:00,tablet,clothing,534,186.16
U241,P084,click,2026-04-04 06:09:00,mobile,electronics,315,449.11
U212,P055,click,2026-04-04 06:10:00,tablet,electronics,383,303.16
U103,P015,add_to_cart,2026-04-04 06:10:00,desktop,beauty,489,116.93
U259,P084,view,2026-04-04 06:12:00,mobile,home,87,126.89
U126,P075,view,2026-04-04 06:12:00,desktop,clothing,408,473.34
U252,P089,click,2026-04-04 06:18:00,tablet,electronics,130,17.02
U091,P099,click,2026-04-04 06:18:00,desktop,beauty,139,99.09
U120,P051,click,2026-04-04 06:19:00,tablet,clothing,424,179.13
U050,P002,view,2026-04-04 06:20:00,desktop,beauty,309,361.96
U130,P022,view,2026-04-04 06:21:00,desktop,home,122,302.15
U209,P008,click,2026-04-04 06:22:00,mobile,home,468,273.9
U405,P020,view,2026-04-04 06:22:00,mobile,electronics,37,191.34
U075,P004,view,2026-04-04 06:22:00,mobile,home,32,183.98
U112,P044,view,2026-04-04 06:23:00,tablet,clothing,181,394.92
U117,P052,click,2026-04-04 06:23:00,desktop,beauty,550,496.99
U251,P033,click,2026-04-04 06:24:00,desktop,home,387,243.97
U322,P045,view,2026-04-04 06:24:00,tablet,home,114,312.23
U125,P037,click,2026-04-04 06:25:00,desktop,clothing,275,292.63
U024,P004,view,2026-04-04 06:26:00,desktop,beauty,179,331.84
U284,P069,view,2026-04-04 06:29:00,mobile,home,386,482.7
U060,P074,view,2026-04-04 06:31:00,tablet,clothing,169,257.53
U375,P059,click,2026-04-04 06:31:00,mobile,home,239,55.95
U411,P008,click,2026-04-04 06:32:00,desktop,home,537,477.59
U025,P057,view,2026-04-04 06:33:00,desktop,home,119,313.39
U179,P001,click,2026-04-04 06:35:00,mobile,clothing,424,285.49
U251,P038,view,2026-04-04 06:36:00,tablet,clothing,233,193.5
U011,P062,view,2026-04-04 06:36:00,desktop,beauty,165,413.63
U062,P070,add_to_cart,2026-04-04 06:36:00,mobile,electronics,597,250.5
U308,P056,click,2026-04-04 06:39:00,tablet,home,122,22.2
U390,P050,click,2026-04-04 06:39:00,mobile,beauty,334,52.19
U011,P049,click,2026-04-04 06:39:00,tablet,clothing,474,204.59
U065,P042,view,2026-04-04 06:39:00,mobile,clothing,466,490.41
U132,P010,view,2026-04-04 06:45:00,desktop,clothing,201,491.83
U347,P034,add_to_cart,2026-04-04 06:47:00,mobile,beauty,577,190.93
U228,P026,click,2026-04-04 06:48:00,mobile,home,532,209.07
U350,P060,click,2026-04-04 06:48:00,desktop,beauty,121,225.32
U180,P013,view,2026-04-04 06:48:00,desktop,clothing,152,356.16
U453,P018,view,2026-04-04 06:50:00,mobile,home,104,489.21
U351,P029,view,2026-04-04 06:50:00,tablet,clothing,280,261.26
U297,P082,add_to_cart,2026-04-04 06:51:00,desktop,electronics,596,43.95
U336,P064,click,2026-04-04 06:54:00,desktop,clothing,213,251.52
U104,P035,click,2026-04-04 06:54:00,desktop,clothing,125,74.71
U060,P001,view,2026-04-04 06:54:00,tablet,home,366,452.35
U210,P010,view,2026-04-04 06:55:00,tablet,clothing,54,410.14
U428,P078,view,2026-04-04 06:58:00,mobile,home,89,219.3
U208,P040,add_to_cart,2026-04-04 06:58:00,desktop,beauty,434,185.11
U320,P043,view,2026-04-04 06:58:00,tablet,home,62,15.93
U279,P084,view,2026-04-04 07:00:00,mobile,home,204,408.91
U315,P009,add_to_cart,2026-04-04 07:05:00,desktop,electronics,519,214.75
U301,P004,click,2026-04-04 07:07:00,desktop,beauty,530,465.95
U154,P073,view,2026-04-04 07:07:00,tablet,beauty,167,105.53
U332,P067,click,2026-04-04 07:08:00,tablet,clothing,309,159.78
U302,P096,add_to_cart,2026-04-04 07:10:00,mobile,home,498,122.15
U486,P006,view,2026-04-04 07:10:00,desktop,home,173,379.7
U340,P058,view,2026-04-04 07:11:00,tablet,home,302,106.18
U312,P066,click,2026-04-04 07:11:00,desktop,clothing,517,223.52
U333,P075,click,2026-04-04 07:11:00,mobile,beauty,573,298.65
U210,P063,view,2026-04-04 07:12:00,mobile,beauty,281,410.32
U200,P041,view,2026-04-04 07:12:00,mobile,clothing,232,300.75
U368,P060,click,2026-04-04 07:13:00,desktop,home,420,331.78
U157,P015,view,2026-04-04 07:14:00,mobile,home,96,187.53
U315,P088,view,2026-04-04 07:15:00,tablet,home,89,77.45
U442,P014,click,2026-04-04 07:15:00,mobile,home,251,31.84
U497,P037,view,2026-04-04 07:16:00,tablet,beauty,265,499.19
U159,P059,view,2026-04-04 07:17:00,mobile,beauty,366,273.83
U359,P095,view,2026-04-04 07:17:00,tablet,clothing,35,407.92
U227,P018,view,2026-04-04 07:18:00,tablet,beauty,153,412.75
U193,P081,view,2026-04-04 07:18:00,desktop,home,153,467.12
U045,P099,click,2026-04-04 07:18:00,tablet,electronics,256,32.1
U126,P039,view,2026-04-04 07:19:00,tablet,electronics,133,433.52
U468,P080,click,2026-04-04 07:19:00,tablet,clothing,516,183.43
U043,P008,view,2026-04-04 07:20:00,tablet,electronics,172,415.35
U323,P011,view,2026-04-04 07:20:00,desktop,beauty,150,121.65
U445,P014,click,2026-04-04 07:20:00,desktop,beauty,532,307.61
U290,P011,add_to_cart,2026-04-04 07:20:00,mobile,electronics,443,148.27
U351,P025,add_to_cart,2026-04-04 07:20:00,desktop,beauty,592,298.66
U273,P026,click,2026-04-04 07:21:00,desktop,home,421,306.12
U266,P063,add_to_cart,2026-04-04 07:22:00,desktop,beauty,522,43.12
U338,P077,view,2026-04-04 07:22:00,tablet,electronics,23,117.32
U039,P009,click,2026-04-04 07:23:00,desktop,clothing,344,380.03
U069,P049,view,2026-04-04 07:26:00,mobile,home,81,464.48
U280,P056,view,2026-04-04 07:27:00,mobile,home,235,251.98
U291,P071,click,2026-04-04 07:28:00,desktop,beauty,343,327.43
U012,P019,view,2026-04-04 07:29:00,desktop,beauty,127,445.75
U474,P066,click,2026-04-04 07:31:00,mobile,home,557,177.36
U284,P082,click,2026-04-04 07:35:00,tablet,clothing,517,405.03
U211,P066,view,2026-04-04 07:36:00,tablet,beauty,157,245.45
U160,P097,add_to_cart,2026-04-04 07:37:00,desktop,home,591,203.89
U161,P020,click,2026-04-04 07:38:00,desktop,home,457,316.53
U246,P002,view,2026-04-04 07:40:00,mobile,clothing,273,227.2
U337,P065,view,2026-04-04 07:42:00,mobile,home,39,289.14
U027,P015,view,2026-04-04 07:42:00,tablet,beauty,325,430.99
U121,P025,click,2026-04-04 07:43:00,desktop,clothing,263,169.33
U140,P054,click,2026-04-04 07:44:00,tablet,home,414,205.78
U380,P091,view,2026-04-04 07:44:00,mobile,beauty,343,479.36
U336,P044,click,2026-04-04 07:45:00,mobile,clothing,471,154.94
U272,P092,click,2026-04-04 07:45:00,desktop,electronics,25,185.06
U422,P028,click,2026-04-04 07:47:00,mobile,electronics,448,433.15
U206,P081,click,2026-04-04 07:47:00,desktop,electronics,147,159.88
U187,P037,view,2026-04-04 07:47:00,tablet,home,275,305.44
U060,P033,click,2026-04-04 07:47:00,mobile,beauty,417,171.15
U276,P066,add_to_cart,2026-04-04 07:49:00,desktop,home,319,43.98
U319,P003,view,2026-04-04 07:50:00,desktop,clothing,221,495.15
U497,P068,add_to_cart,2026-04-04 07:50:00,desktop,home,583,175.94
U324,P060,click,2026-04-04 07:53:00,mobile,home,402,338.92
U176,P018,click,2026-04-04 07:53:00,tablet,electronics,219,295.76
U053,P097,click,2026-04-04 07:53:00,tablet,electronics,228,41.13
U029,P033,view,2026-04-04 07:54:00,tablet,electronics,35,144.37
U286,P087,click,2026-04-04 07:56:00,desktop,home,279,363.87
U437,P023,view,2026-04-04 07:56:00,mobile,clothing,216,302.04
U134,P016,view,2026-04-04 07:56:00,tablet,home,59,197.69
U152,P062,view,2026-04-04 07:57:00,tablet,electronics,278,414.71
U419,P049,add_to_cart,2026-04-04 08:00:00,mobile,clothing,538,65.8
U330,P063,view,2026-04-04 08:01:00,desktop,clothing,62,479.11
U047,P018,view,2026-04-04 08:02:00,desktop,home,257,470.58
U209,P100,view,2026-04-04 08:02:00,tablet,home,38,374.04
U432,P013,click,2026-04-04 08:04:00,mobile,electronics,294,310.3
U095,P051,view,2026-04-04 08:05:00,tablet,home,120,159.53
U312,P093,view,2026-04-04 08:05:00,desktop,home,116,145.27
U332,P005,view,2026-04-04 08:07:00,mobile,home,36,45.55
U313,P057,click,2026-04-04 08:09:00,desktop,electronics,149,176.38
U077,P094,view,2026-04-04 08:09:00,tablet,beauty,59,396.55
U104,P077,view,2026-04-04 08:09:00,tablet,beauty,434,407.17
U285,P099,click,2026-04-04 08:10:00,desktop,home,513,446.15
U031,P076,add_to_cart,2026-04-04 08:11:00,desktop,electronics,411,34.86
U209,P026,click,2026-04-04 08:13:00,desktop,electronics,292,463.17
U402,P035,click,2026-04-04 08:14:00,mobile,electronics,237,10.55
U056,P093,view,2026-04-04 08:15:00,mobile,beauty,220,439.63
U421,P054,click,2026-04-04 08:16:00,mobile,electronics,127,114.67
U302,P061,view,2026-04-04 08:16:00,mobile,beauty,254,145.93
U195,P011,click,2026-04-04 08:18:00,desktop,clothing,250,115.83
U082,P022,add_to_cart,2026-04-04 08:19:00,desktop,electronics,409,102.45
U150,P089,add_to_cart,2026-04-04 08:19:00,desktop,clothing,590,216.94
U136,P029,view,2026-04-04 08:22:00,desktop,clothing,89,147.91
U491,P039,click,2026-04-04 08:23:00,desktop,beauty,331,374.13
U039,P063,view,2026-04-04 08:26:00,mobile,home,39,77.55
U435,P026,click,2026-04-04 08:28:00,tablet,beauty,467,174.58
U164,P003,click,2026-04-04 08:29:00,tablet,beauty,233,31.88
U011,P078,add_to_cart,2026-04-04 08:31:00,desktop,beauty,561,63.79
U004,P047,click,2026-04-04 08:31:00,desktop,electronics,222,164.01
U058,P012,view,2026-04-04 08:31:00,mobile,beauty,18,199.47
U045,P029,click,2026-04-04 08:32:00,tablet,home,512,197.16
U002,P037,view,2026-04-04 08:33:00,tablet,home,77,95.83
U384,P085,view,2026-04-04 08:36:00,desktop,electronics,31,433.96
U051,P022,add_to_cart,2026-04-04 08:39:00,desktop,clothing,479,62.88
U018,P035,click,2026-04-04 08:41:00,mobile,electronics,472,235.07
U151,P077,click,2026-04-04 08:44:00,desktop,home,270,497.07
U204,P084,click,2026-04-04 08:45:00,mobile,home,417,203.87
U195,P084,view,2026-04-04 08:45:00,tablet,clothing,223,273.13
U262,P093,view,2026-04-04 08:46:00,tablet,beauty,380,483.76
U218,P058,click,2026-04-04 08:46:00,desktop,clothing,421,332.25
U024,P067,add_to_cart,2026-04-04 08:47:00,desktop,clothing,552,169.85
U438,P012,click,2026-04-04 08:48:00,mobile,home,599,108.42
U290,P073,view,2026-04-04 08:49:00,tablet,beauty,164,48.9
U253,P013,click,2026-04-04 08:50:00,tablet,home,529,279.31
U182,P099,click,2026-04-04 08:51:00,tablet,clothing,502,184.58
U433,P080,view,2026-04-04 08:52:00,mobile,clothing,247,491.86
U125,P026,view,2026-04-04 08:54:00,desktop,home,173,427.62
U008,P022,click,2026-04-04 08:55:00,desktop,electronics,515,449.35
U216,P060,view,2026-04-04 08:56:00,tablet,beauty,132,153.91
U374,P005,click,2026-04-04 08:58:00,desktop,beauty,381,275.94
U332,P026,click,2026-04-04 08:58:00,mobile,beauty,285,199.85
U224,P017,add_to_cart,2026-04-04 09:00:00,desktop,beauty,582,326.24
U455,P004,view,2026-04-04 09:00:00,mobile,beauty,285,235.92
U482,P072,click,2026-04-04 09:01:00,tablet,home,267,132.64
U195,P003,click,2026-04-04 09:02:00,desktop,home,448,361.18
U102,P099,view,2026-04-04 09:03:00,tablet,clothing,159,375.6
U035,P094,view,2026-04-04 09:06:00,tablet,clothing,301,112.26
U371,P010,view,2026-04-04 09:07:00,desktop,home,38,138.52
U311,P010,click,2026-04-04 09:08:00,desktop,clothing,291,128.91
U276,P033,view,2026-04-04 09:08:00,mobile,clothing,57,338.52
U334,P070,click,2026-04-04 09:09:00,mobile,beauty,519,114.07
U316,P090,view,2026-04-04 09:09:00,mobile,clothing,201,14.77
U063,P032,add_to_cart,2026-04-04 09:14:00,desktop,electronics,593,73.15
U403,P075,click,2026-04-04 09:15:00,mobile,electronics,149,63.53
U055,P037,view,2026-04-04 09:17:00,tablet,electronics,133,327.54
U254,P074,view,2026-04-04 09:17:00,desktop,home,288,337.04
U232,P053,click,2026-04-04 09:19:00,tablet,clothing,471,178.51
U279,P060,click,2026-04-04 09:21:00,desktop,beauty,563,488.05
U236,P017,click,2026-04-04 09:22:00,mobile,home,578,353.72
U360,P092,click,2026-04-04 09:23:00,tablet,beauty,118,25.01
U036,P088,add_to_cart,2026-04-04 09:23:00,mobile,beauty,491,18.31
U054,P003,click,2026-04-04 09:24:00,desktop,electronics,412,492.75
U287,P048,view,2026-04-04 09:25:00,tablet,home,203,135.18
U144,P021,view,2026-04-04 09:25:00,tablet,home,172,368.15
U337,P060,view,2026-04-04 09:25:00,tablet,clothing,62,349.57
U240,P031,click,2026-04-04 09:26:00,mobile,beauty,507,268.64
U261,P097,view,2026-04-04 09:26:00,tablet,electronics,278,470.08
U311,P073,click,2026-04-04 09:27:00,mobile,beauty,366,344.31
U264,P021,click,2026-04-04 09:27:00,mobile,electronics,393,271.7
U209,P095,click,2026-04-04 09:28:00,desktop,electronics,55,223.54
U170,P015,click,2026-04-04 09:29:00,tablet,beauty,402,293.09
U127,P057,click,2026-04-04 09:29:00,tablet,home,531,381.53
U476,P050,view,2026-04-04 09:29:00,mobile,beauty,444,437.72
U287,P093,view,2026-04-04 09:32:00,desktop,clothing,20,21.42
U137,P100,add_to_cart,2026-04-04 09:34:00,tablet,electronics,512,44.03
U309,P097,click,2026-04-04 09:34:00,mobile,home,567,146.4
U446,P074,add_to_cart,2026-04-04 09:37:00,desktop,electronics,273,66.6
U228,P022,add_to_cart,2026-04-04 09:37:00,desktop,electronics,570,111.83
U136,P012,view,2026-04-04 09:37:00,mobile,clothing,314,492.8
U322,P055,click,2026-04-04 09:38:00,tablet,clothing,407,266.14
U488,P003,view,2026-04-04 09:40:00,desktop,home,85,166.05
U472,P088,click,2026-04-04 09:40:00,tablet,home,537,238.61
U400,P024,click,2026-04-04 09:41:00,mobile,electronics,339,143.25
U388,P093,click,2026-04-04 09:41:00,tablet,beauty,223,34.32
U359,P006,click,2026-04-04 09:42:00,desktop,home,377,31.46
U410,P053,click,2026-04-04 09:42:00,desktop,home,258,369.83
U089,P037,click,2026-04-04 09:43:00,mobile,home,599,352.44
U037,P056,view,2026-04-04 09:43:00,desktop,home,79,333.26
U371,P005,view,2026-04-04 09:44:00,tablet,beauty,64,73.19
U150,P018,click,2026-04-04 09:44:00,tablet,electronics,451,211.91
U483,P041,view,2026-04-04 09:45:00,mobile,clothing,325,341.46
U382,P056,view,2026-04-04 09:45:00,mobile,home,129,377.77
U067,P005,click,2026-04-04 09:45:00,desktop,electronics,335,408.99
U474,P023,view,2026-04-04 09:45:00,tablet,home,368,421.86
U493,P055,view,2026-04-04 09:45:00,tablet,clothing,171,376.09
U093,P015,view,2026-04-04 09:45:00,tablet,electronics,315,495.7
U406,P012,click,2026-04-04 09:45:00,desktop,home,458,330.88
U038,P095,view,2026-04-04 09:47:00,desktop,beauty,143,323.0
U420,P064,add_to_cart,2026-04-04 09:51:00,mobile,clothing,532,135.0
U102,P073,click,2026-04-04 09:52:00,mobile,beauty,545,363.91
U106,P028,click,2026-04-04 09:53:00,tablet,clothing,348,156.05
U218,P045,view,2026-04-04 09:53:00,mobile,clothing,78,432.01
U199,P066,view,2026-04-04 09:53:00,desktop,home,51,272.76
U146,P072,add_to_cart,2026-04-04 09:54:00,desktop,home,368,40.01
U157,P055,click,2026-04-04 09:55:00,tablet,clothing,503,90.54
U364,P028,view,2026-04-04 09:58:00,tablet,beauty,326,410.49
U380,P043,click,2026-04-04 09:59:00,desktop,electronics,126,148.46
U310,P100,view,2026-04-04 10:00:00,tablet,clothing,17,50.14
U002,P050,click,2026-04-04 10:01:00,desktop,home,313,212.6
U020,P062,click,2026-04-04 10:01:00,tablet,home,508,269.87
U215,P096,view,2026-04-04 10:03:00,mobile,home,50,304.11
U080,P074,view,2026-04-04 10:04:00,desktop,electronics,61,298.0
U016,P024,view,2026-04-04 10:04:00,tablet,home,258,280.94
U399,P045,add_to_cart,2026-04-04 10:05:00,desktop,beauty,441,104.06
U442,P014,view,2026-04-04 10:05:00,tablet,beauty,372,379.96
U067,P020,view,2026-04-04 10:06:00,tablet,home,89,221.53
U337,P012,click,2026-04-04 10:06:00,desktop,home,355,297.91
U309,P018,click,2026-04-04 10:06:00,mobile,home,362,271.5
U103,P067,view,2026-04-04 10:08:00,tablet,home,236,289.27
U147,P052,view,2026-04-04 10:09:00,mobile,home,403,379.58
U109,P013,view,2026-04-04 10:10:00,mobile,electronics,155,400.72
U050,P024,click,2026-04-04 10:11:00,desktop,home,557,471.85
U313,P038,view,2026-04-04 10:12:00,mobile,beauty,288,466.13
U391,P077,view,2026-04-04 10:14:00,mobile,clothing,322,290.5
U356,P096,click,2026-04-04 10:14:00,mobile,beauty,543,207.8
U245,P019,view,2026-04-04 10:15:00,tablet,clothing,153,435.88
U278,P070,add_to_cart,2026-04-04 10:16:00,desktop,home,543,110.81
U195,P002,view,2026-04-04 10:18:00,mobile,beauty,69,401.98
U160,P071,add_to_cart,2026-04-04 10:20:00,desktop,home,382,31.53
U360,P019,click,2026-04-04 10:21:00,mobile,home,453,194.56
U415,P046,view,2026-04-04 10:22:00,mobile,beauty,253,168.28
U011,P039,view,2026-04-04 10:22:00,mobile,beauty,251,480.83
U131,P084,view,2026-04-04 10:23:00,mobile,clothing,232,249.59
U482,P017,click,2026-04-04 10:23:00,desktop,home,377,457.77
U041,P057,add_to_cart,2026-04-04 10:24:00,tablet,home,586,166.49
U167,P020,view,2026-04-04 10:25:00,mobile,home,11,157.54
U125,P004,add_to_cart,2026-04-04 10:29:00,mobile,electronics,596,391.56
U127,P085,click,2026-04-04 10:29:00,desktop,electronics,401,444.61
U459,P015,view,2026-04-04 10:32:00,mobile,clothing,33,471.7
U112,P021,view,2026-04-04 10:34:00,tablet,clothing,416,464.29
U422,P054,add_to_cart,2026-04-04 10:36:00,desktop,clothing,488,158.69
U369,P046,add_to_cart,2026-04-04 10:38:00,desktop,electronics,334,100.27
U273,P083,view,2026-04-04 10:38:00,mobile,clothing,303,489.36
U418,P054,view,2026-04-04 10:39:00,desktop,clothing,176,289.38
U292,P043,view,2026-04-04 10:40:00,tablet,beauty,127,442.46
U153,P079,click,2026-04-04 10:40:00,mobile,beauty,516,302.27
U344,P001,view,2026-04-04 10:40:00,mobile,home,366,141.5
U479,P029,view,2026-04-04 10:42:00,mobile,home,199,388.06
U404,P048,view,2026-04-04 10:43:00,tablet,beauty,102,455.5
U073,P032,view,2026-04-04 10:44:00,tablet,clothing,209,222.31
U200,P045,click,2026-04-04 10:44:00,mobile,electronics,210,321.57
U428,P081,view,2026-04-04 10:45:00,mobile,beauty,314,424.22
U281,P076,click,2026-04-04 10:46:00,tablet,home,532,424.36
U423,P055,click,2026-04-04 10:46:00,tablet,beauty,169,137.21
U234,P074,click,2026-04-04 10:48:00,desktop,electronics,512,450.27
U438,P024,click,2026-04-04 10:48:00,desktop,beauty,159,111.52
U218,P025,view,2026-04-04 10:50:00,tablet,clothing,302,483.97
U460,P070,click,2026-04-04 10:50:00,desktop,clothing,417,25.21
U025,P049,click,2026-04-04 10:51:00,tablet,home,449,144.9
U374,P054,click,2026-04-04 10:52:00,tablet,electronics,227,175.54
U497,P007,click,2026-04-04 10:55:00,mobile,electronics,375,203.79
U395,P028,view,2026-04-04 10:55:00,tablet,beauty,482,331.75
U086,P045,view,2026-04-04 10:57:00,tablet,home,57,25.3
U158,P045,view,2026-04-04 10:57:00,tablet,beauty,441,338.29
U381,P014,click,2026-04-04 10:57:00,desktop,home,500,499.62
U338,P012,click,2026-04-04 11:01:00,tablet,clothing,256,64.26
U270,P095,view,2026-04-04 11:02:00,mobile,beauty,204,463.3
U186,P075,view,2026-04-04 11:04:00,mobile,clothing,50,308.18
U349,P098,add_to_cart,2026-04-04 11:05:00,desktop,electronics,238,73.89
U356,P043,click,2026-04-04 11:06:00,desktop,electronics,135,323.44
U213,P008,click,2026-04-04 11:07:00,mobile,clothing,545,18.79
U188,P026,click,2026-04-04 11:08:00,mobile,clothing,393,338.31
U251,P098,click,2026-04-04 11:08:00,desktop,home,502,366.95
U136,P099,click,2026-04-04 11:09:00,desktop,clothing,280,372.76
U462,P092,view,2026-04-04 11:09:00,tablet,home,198,379.19
U398,P021,click,2026-04-04 11:09:00,desktop,beauty,214,22.08
U409,P003,click,2026-04-04 11:09:00,mobile,electronics,250,280.56
U328,P065,view,2026-04-04 11:11:00,mobile,beauty,30,332.5
U210,P043,click,2026-04-04 11:12:00,desktop,electronics,490,497.26
U284,P089,view,2026-04-04 11:13:00,mobile,clothing,90,349.18
U136,P079,add_to_cart,2026-04-04 11:14:00,desktop,clothing,532,344.49
U110,P092,click,2026-04-04 11:15:00,desktop,clothing,392,346.75
U237,P098,click,2026-04-04 11:18:00,desktop,home,542,401.77
U056,P018,add_to_cart,2026-04-04 11:20:00,desktop,electronics,425,160.29
U275,P086,click,2026-04-04 11:22:00,tablet,clothing,476,156.48
U380,P005,click,2026-04-04 11:23:00,mobile,beauty,392,120.44
U075,P050,add_to_cart,2026-04-04 11:27:00,desktop,clothing,572,230.08
U135,P064,view,2026-04-04 11:27:00,desktop,clothing,166,315.26
U033,P011,view,2026-04-04 11:29:00,tablet,electronics,50,18.92
U228,P046,view,2026-04-04 11:29:00,mobile,beauty,93,225.42
U004,P044,view,2026-04-04 11:30:00,mobile,beauty,248,362.71
U376,P021,click,2026-04-04 11:30:00,desktop,electronics,320,307.69
U329,P059,view,2026-04-04 11:31:00,tablet,clothing,169,160.22
U085,P010,view,2026-04-04 11:31:00,tablet,beauty,171,296.65
U021,P093,click,2026-04-04 11:32:00,tablet,electronics,313,142.9
U473,P096,view,2026-04-04 11:33:00,tablet,beauty,271,274.6
U117,P100,view,2026-04-04 11:34:00,mobile,home,405,336.51
U145,P089,click,2026-04-04 11:34:00,desktop,electronics,523,470.25
U317,P019,view,2026-04-04 11:35:00,desktop,beauty,197,240.98
U425,P043,view,2026-04-04 11:35:00,tablet,clothing,24,142.91
U046,P083,click,2026-04-04 11:36:00,desktop,beauty,374,296.74
U292,P050,view,2026-04-04 11:38:00,tablet,home,512,391.93
U099,P032,add_to_cart,2026-04-04 11:38:00,desktop,beauty,495,25.04
U021,P078,view,2026-04-04 11:39:00,desktop,home,58,260.75
U437,P089,view,2026-04-04 11:41:00,mobile,electronics,149,436.44
U131,P036,view,2026-04-04 11:42:00,mobile,electronics,70,331.45
U256,P003,view,2026-04-04 11:43:00,tablet,home,277,410.19
U013,P027,view,2026-04-04 11:43:00,desktop,clothing,68,381.43
U204,P038,add_to_cart,2026-04-04 11:43:00,desktop,clothing,354,12.89
U238,P068,view,2026-04-04 11:44:00,tablet,clothing,175,465.22
U491,P086,click,2026-04-04 11:45:00,tablet,clothing,439,85.81
U130,P094,click,2026-04-04 11:48:00,mobile,home,569,224.14
U279,P037,view,2026-04-04 11:48:00,mobile,clothing,501,365.24
U052,P056,add_to_cart,2026-04-04 11:49:00,mobile,home,502,179.62
U196,P068,view,2026-04-04 11:50:00,tablet,home,298,268.62
U449,P078,view,2026-04-04 11:53:00,tablet,electronics,186,437.48
U108,P017,click,2026-04-04 11:55:00,desktop,home,222,167.87
U165,P059,view,2026-04-04 11:55:00,mobile,beauty,179,152.96
U093,P058,view,2026-04-04 11:55:00,tablet,beauty,185,157.38
U034,P025,view,2026-04-04 11:56:00,tablet,home,44,378.89
U136,P061,add_to_cart,2026-04-04 11:57:00,mobile,electronics,462,56.32
U246,P008,view,2026-04-04 11:57:00,mobile,clothing,390,317.1
U393,P069,add_to_cart,2026-04-04 12:01:00,desktop,electronics,219,68.23
U039,P084,click,2026-04-04 12:02:00,desktop,clothing,147,56.53
U072,P076,add_to_cart,2026-04-04 12:02:00,desktop,home,452,345.39
U368,P059,click,2026-04-04 12:03:00,desktop,home,349,274.02
U429,P008,view,2026-04-04 12:04:00,tablet,home,81,203.6
U413,P022,view,2026-04-04 12:05:00,tablet,home,237,171.72
U273,P045,click,2026-04-04 12:06:00,tablet,home,287,183.2
U229,P086,click,2026-04-04 12:06:00,mobile,electronics,316,127.81
U032,P019,add_to_cart,2026-04-04 12:08:00,desktop,beauty,593,65.7
U361,P071,view,2026-04-04 12:08:00,desktop,electronics,163,444.91
U341,P097,view,2026-04-04 12:09:00,tablet,electronics,275,451.91
U233,P079,view,2026-04-04 12:10:00,desktop,electronics,125,220.11
U166,P036,view,2026-04-04 12:10:00,tablet,clothing,394,470.73
U191,P085,view,2026-04-04 12:10:00,mobile,home,310,317.87
U056,P074,click,2026-04-04 12:11:00,desktop,home,466,494.06
U467,P081,view,2026-04-04 12:14:00,tablet,electronics,112,180.83
U238,P059,view,2026-04-04 12:14:00,mobile,clothing,126,387.3
U423,P022,add_to_cart,2026-04-04 12:17:00,mobile,clothing,475,23.01
U408,P058,click,2026-04-04 12:18:00,desktop,clothing,172,193.63
U081,P003,click,2026-04-04 12:20:00,desktop,beauty,311,474.76
U174,P013,click,2026-04-04 12:21:00,tablet,beauty,462,420.15
U467,P031,add_to_cart,2026-04-04 12:22:00,desktop,electronics,563,326.54
U085,P082,view,2026-04-04 12:25:00,mobile,home,215,290.06
U326,P017,click,2026-04-04 12:26:00,tablet,home,466,248.69
U079,P087,add_to_cart,2026-04-04 12:26:00,desktop,clothing,528,392.68
U435,P037,add_to_cart,2026-04-04 12:28:00,mobile,electronics,384,61.59
U349,P082,click,2026-04-04 12:31:00,desktop,beauty,589,369.48
U143,P007,add_to_cart,2026-04-04 12:31:00,desktop,clothing,425,55.18
U484,P039,view,2026-04-04 12:33:00,desktop,beauty,269,421.99
U382,P015,click,2026-04-04 12:33:00,mobile,home,484,20.03
U209,P076,view,2026-04-04 12:34:00,mobile,clothing,253,62.65
U351,P037,view,2026-04-04 12:35:00,desktop,beauty,200,321.26
U173,P037,click,2026-04-04 12:35:00,mobile,beauty,407,302.07
U365,P069,click,2026-04-04 12:36:00,mobile,electronics,347,402.62
U489,P019,click,2026-04-04 12:37:00,mobile,beauty,459,108.55
U263,P067,view,2026-04-04 12:37:00,mobile,beauty,102,347.47
U408,P062,click,2026-04-04 12:38:00,desktop,beauty,581,461.42
U082,P019,add_to_cart,2026-04-04 12:38:00,desktop,beauty,460,31.76
U273,P027,click,2026-04-04 12:38:00,mobile,home,309,302.43
U340,P072,click,2026-04-04 12:38:00,tablet,clothing,493,121.17
U399,P007,view,2026-04-04 12:39:00,tablet,beauty,496,452.88
U073,P084,view,2026-04-04 12:42:00,tablet,beauty,265,393.85
U152,P100,click,2026-04-04 12:42:00,desktop,electronics,253,468.17
U086,P069,click,2026-04-04 12:43:00,mobile,electronics,468,462.44
U022,P095,click,2026-04-04 12:43:00,desktop,home,149,130.55
U179,P040,add_to_cart,2026-04-04 12:44:00,mobile,electronics,555,89.58
U242,P079,add_to_cart,2026-04-04 12:45:00,desktop,electronics,475,42.53
U079,P053,click,2026-04-04 12:45:00,desktop,clothing,393,340.23
U420,P016,view,2026-04-04 12:49:00,tablet,home,102,171.15
U462,P093,click,2026-04-04 12:50:00,desktop,clothing,290,444.51
U138,P048,click,2026-04-04 12:50:00,tablet,clothing,401,151.87
U122,P037,view,2026-04-04 12:51:00,desktop,electronics,38,190.41
U095,P070,view,2026-04-04 12:51:00,mobile,clothing,181,304.48
U079,P028,add_to_cart,2026-04-04 12:53:00,tablet,electronics,566,255.87
U064,P033,view,2026-04-04 12:54:00,mobile,electronics,89,110.98
U347,P012,add_to_cart,2026-04-04 12:55:00,mobile,clothing,588,112.11
U010,P007,add_to_cart,2026-04-04 12:55:00,mobile,clothing,557,114.35
U443,P076,view,2026-04-04 12:55:00,desktop,clothing,18,276.11
U191,P050,click,2026-04-04 12:56:00,desktop,beauty,297,168.92
U339,P036,view,2026-04-04 12:56:00,tablet,electronics,216,278.36
U290,P091,click,2026-04-04 12:57:00,desktop,beauty,477,247.79
U093,P010,click,2026-04-04 12:57:00,mobile,home,302,95.74
U237,P033,view,2026-04-04 12:57:00,desktop,clothing,174,302.84
U266,P005,view,2026-04-04 12:57:00,desktop,clothing,169,455.92
U252,P043,add_to_cart,2026-04-04 12:58:00,desktop,electronics,558,98.63
U304,P039,click,2026-04-04 12:59:00,desktop,beauty,200,125.33
U099,P084,view,2026-04-04 12:59:00,desktop,beauty,87,478.72
U037,P059,click,2026-04-04 13:01:00,mobile,electronics,429,204.84
U311,P094,view,2026-04-04 13:03:00,desktop,home,185,195.14
U395,P020,view,2026-04-04 13:04:00,desktop,home,232,438.35
U033,P075,view,2026-04-04 13:04:00,mobile,beauty,80,421.18
U104,P072,click,2026-04-04 13:07:00,desktop,beauty,324,203.45
U033,P031,add_to_cart,2026-04-04 13:08:00,mobile,home,518,176.22
U013,P026,view,2026-04-04 13:09:00,tablet,home,286,373.3
U139,P017,view,2026-04-04 13:13:00,desktop,beauty,117,230.24
U083,P093,view,2026-04-04 13:14:00,desktop,clothing,224,478.64
U426,P018,click,2026-04-04 13:16:00,tablet,home,521,231.05
U108,P026,view,2026-04-04 13:17:00,tablet,clothing,199,497.09
U403,P076,view,2026-04-04 13:18:00,desktop,beauty,69,453.49
U222,P054,click,2026-04-04 13:18:00,mobile,beauty,573,314.18
U352,P089,click,2026-04-04 13:23:00,desktop,electronics,387,392.33
U389,P006,view,2026-04-04 13:23:00,tablet,home,21,242.7
U482,P034,click,2026-04-04 13:23:00,desktop,home,349,271.57
U259,P079,view,2026-04-04 13:24:00,mobile,clothing,379,422.25
U101,P043,view,2026-04-04 13:25:00,tablet,beauty,337,375.48
U392,P071,click,2026-04-04 13:26:00,tablet,electronics,290,326.41
U415,P011,click,2026-04-04 13:27:00,tablet,electronics,483,419.86
U486,P001,click,2026-04-04 13:28:00,desktop,clothing,529,321.69
U499,P071,click,2026-04-04 13:30:00,desktop,clothing,422,179.93
U468,P064,view,2026-04-04 13:31:00,tablet,clothing,203,304.09
U449,P017,view,2026-04-04 13:33:00,tablet,beauty,311,477.19
U405,P032,click,2026-04-04 13:34:00,desktop,electronics,313,284.79
U139,P086,view,2026-04-04 13:34:00,mobile,beauty,364,357.12
U448,P052,view,2026-04-04 13:36:00,mobile,clothing,347,392.78
U388,P058,add_to_cart,2026-04-04 13:36:00,desktop,home,490,210.18
U099,P065,view,2026-04-04 13:36:00,mobile,beauty,340,372.82
U378,P040,view,2026-04-04 13:37:00,desktop,home,86,418.07
U337,P060,click,2026-04-04 13:37:00,mobile,clothing,119,22.64
U305,P055,click,2026-04-04 13:38:00,desktop,home,176,296.16
U406,P072,add_to_cart,2026-04-04 13:38:00,desktop,beauty,418,172.32
U488,P099,click,2026-04-04 13:38:00,desktop,electronics,226,425.83
U197,P024,view,2026-04-04 13:41:00,desktop,beauty,113,443.91
U074,P038,click,2026-04-04 13:42:00,desktop,beauty,166,56.24
U302,P093,view,2026-04-04 13:43:00,mobile,beauty,77,171.55
U144,P091,view,2026-04-04 13:43:00,mobile,home,264,330.52
U491,P048,click,2026-04-04 13:45:00,desktop,beauty,116,99.43
U328,P040,view,2026-04-04 13:45:00,tablet,clothing,59,155.02
U246,P080,click,2026-04-04 13:46:00,mobile,home,418,163.06
U009,P085,click,2026-04-04 13:47:00,desktop,electronics,175,197.46
U492,P032,add_to_cart,2026-04-04 13:48:00,desktop,clothing,520,310.7
U230,P072,add_to_cart,2026-04-04 13:48:00,mobile,home,533,12.58
U325,P023,view,2026-04-04 13:50:00,mobile,clothing,54,231.48
U102,P054,view,2026-04-04 13:51:00,tablet,clothing,24,202.36
U316,P060,click,2026-04-04 13:51:00,tablet,home,483,26.51
U203,P092,click,2026-04-04 13:51:00,tablet,clothing,344,239.69
U019,P043,view,2026-04-04 13:52:00,tablet,home,178,431.09
U356,P030,click,2026-04-04 13:52:00,mobile,home,588,202.93
U270,P052,view,2026-04-04 13:53:00,mobile,home,184,365.98
U130,P050,click,2026-04-04 13:54:00,desktop,beauty,409,337.29
U010,P061,click,2026-04-04 13:57:00,tablet,beauty,363,202.66
U238,P066,view,2026-04-04 13:57:00,mobile,home,351,155.5
U333,P003,view,2026-04-04 13:57:00,tablet,home,396,286.8
U447,P030,view,2026-04-04 13:57:00,desktop,home,77,265.24
U283,P067,view,2026-04-04 13:59:00,tablet,beauty,43,436.77
U130,P094,click,2026-04-04 14:01:00,desktop,home,188,178.23
U004,P071,click,2026-04-04 14:02:00,tablet,electronics,540,335.56
U227,P017,click,2026-04-04 14:03:00,tablet,clothing,504,54.28
U369,P097,view,2026-04-04 14:05:00,tablet,beauty,59,66.15
U396,P086,view,2026-04-04 14:06:00,mobile,electronics,185,288.07
U222,P051,click,2026-04-04 14:06:00,tablet,home,387,331.85
U495,P088,view,2026-04-04 14:07:00,tablet,beauty,28,476.87
U381,P081,view,2026-04-04 14:07:00,tablet,electronics,435,410.73
U224,P076,click,2026-04-04 14:07:00,desktop,home,531,243.32
U445,P002,view,2026-04-04 14:08:00,mobile,home,337,229.05
U123,P044,view,2026-04-04 14:09:00,mobile,home,206,446.56
U102,P004,view,2026-04-04 14:09:00,tablet,beauty,299,196.63
U041,P030,add_to_cart,2026-04-04 14:12:00,desktop,electronics,358,41.88
U277,P080,view,2026-04-04 14:13:00,mobile,clothing,92,489.14
U422,P021,click,2026-04-04 14:14:00,desktop,clothing,391,338.87
U390,P098,click,2026-04-04 14:15:00,mobile,electronics,367,469.84
U375,P027,view,2026-04-04 14:16:00,mobile,beauty,150,200.99
U437,P079,view,2026-04-04 14:18:00,desktop,home,110,251.29
U070,P008,view,2026-04-04 14:20:00,tablet,home,527,498.62
U462,P039,click,2026-04-04 14:21:00,mobile,clothing,292,45.06
U204,P006,view,2026-04-04 14:22:00,mobile,clothing,280,406.6
U321,P060,click,2026-04-04 14:23:00,mobile,beauty,504,321.36
U087,P042,view,2026-04-04 14:23:00,desktop,beauty,40,317.76
U391,P059,click,2026-04-04 14:23:00,tablet,home,319,60.56
U425,P065,click,2026-04-04 14:24:00,mobile,home,328,121.34
U294,P097,click,2026-04-04 14:27:00,mobile,electronics,409,421.23
U432,P083,add_to_cart,2026-04-04 14:27:00,tablet,electronics,597,134.2
U309,P083,view,2026-04-04 14:28:00,mobile,home,159,128.68
U077,P001,click,2026-04-04 14:28:00,tablet,electronics,575,377.94
U478,P018,view,2026-04-04 14:30:00,tablet,beauty,195,62.67
U208,P038,click,2026-04-04 14:30:00,desktop,home,165,150.29
U389,P056,view,2026-04-04 14:32:00,mobile,home,217,303.04
U007,P063,click,2026-04-04 14:34:00,mobile,electronics,538,296.72
U346,P037,add_to_cart,2026-04-04 14:36:00,desktop,electronics,287,238.63
U441,P057,view,2026-04-04 14:37:00,tablet,home,133,225.65
U131,P092,add_to_cart,2026-04-04 14:38:00,tablet,clothing,596,22.4
U388,P090,view,2026-04-04 14:39:00,desktop,clothing,189,460.11
U059,P001,click,2026-04-04 14:40:00,desktop,beauty,518,484.29
U478,P095,view,2026-04-04 14:42:00,tablet,home,139,34.85
U138,P084,click,2026-04-04 14:43:00,desktop,electronics,586,486.74
U322,P067,click,2026-04-04 14:45:00,tablet,electronics,594,376.0
U161,P039,add_to_cart,2026-04-04 14:45:00,desktop,electronics,473,55.73
U169,P060,view,2026-04-04 14:45:00,mobile,beauty,197,201.75
U183,P056,view,2026-04-04 14:46:00,tablet,home,351,295.62
U114,P082,view,2026-04-04 14:46:00,tablet,clothing,116,240.89
U425,P059,view,2026-04-04 14:49:00,tablet,electronics,46,490.74
U037,P047,view,2026-04-04 14:49:00,mobile,clothing,61,203.44
U457,P059,view,2026-04-04 14:49:00,desktop,beauty,207,301.85
U479,P053,add_to_cart,2026-04-04 14:50:00,desktop,beauty,443,77.18
U100,P081,view,2026-04-04 14:52:00,desktop,beauty,27,228.31
U334,P027,click,2026-04-04 14:52:00,tablet,home,336,93.28
U253,P098,view,2026-04-04 14:52:00,tablet,clothing,578,484.13
U465,P088,add_to_cart,2026-04-04 14:55:00,tablet,beauty,530,195.29
U050,P062,view,2026-04-04 14:55:00,mobile,clothing,181,40.86
U020,P056,click,2026-04-04 14:55:00,tablet,home,470,438.72
U166,P087,click,2026-04-04 14:59:00,desktop,electronics,55,65.48
U078,P049,view,2026-04-04 15:02:00,tablet,clothing,21,460.57
U451,P091,click,2026-04-04 15:03:00,tablet,electronics,381,174.2
U259,P056,click,2026-04-04 15:07:00,desktop,clothing,377,378.88
U357,P095,view,2026-04-04 15:07:00,mobile,beauty,51,476.11
U247,P039,add_to_cart,2026-04-04 15:07:00,desktop,electronics,452,44.2
U061,P050,click,2026-04-04 15:07:00,tablet,electronics,243,182.32
U198,P035,add_to_cart,2026-04-04 15:10:00,desktop,clothing,534,163.64
U183,P072,view,2026-04-04 15:10:00,mobile,electronics,50,296.52
U001,P030,view,2026-04-04 15:11:00,mobile,home,264,475.1
U233,P051,add_to_cart,2026-04-04 15:11:00,desktop,electronics,581,239.51
U016,P054,view,2026-04-04 15:12:00,desktop,clothing,146,202.79
U272,P063,view,2026-04-04 15:12:00,desktop,clothing,177,421.96
U332,P041,click,2026-04-04 15:16:00,tablet,beauty,577,482.87
U068,P023,view,2026-04-04 15:17:00,tablet,clothing,378,238.73
U187,P052,view,2026-04-04 15:17:00,mobile,clothing,373,291.33
U269,P060,click,2026-04-04 15:18:00,tablet,electronics,576,376.66
U357,P042,view,2026-04-04 15:21:00,tablet,beauty,49,476.63
U226,P096,view,2026-04-04 15:23:00,tablet,clothing,68,51.88
U329,P083,add_to_cart,2026-04-04 15:24:00,desktop,beauty,584,77.33
U375,P049,add_to_cart,2026-04-04 15:29:00,desktop,electronics,414,66.53
U342,P033,add_to_cart,2026-04-04 15:30:00,desktop,electronics,500,173.51
U248,P056,click,2026-04-04 15:31:00,desktop,electronics,335,365.77
U434,P047,add_to_cart,2026-04-04 15:32:00,desktop,home,425,300.69
U228,P036,view,2026-04-04 15:33:00,tablet,beauty,109,83.28
U414,P006,view,2026-04-04 15:34:00,desktop,home,106,494.95
U063,P076,view,2026-04-04 15:36:00,desktop,home,13,415.82
U402,P024,view,2026-04-04 15:37:00,desktop,beauty,38,391.07
U192,P078,view,2026-04-04 15:37:00,tablet,clothing,361,456.5
U326,P021,view,2026-04-04 15:38:00,tablet,home,415,278.96
U051,P036,view,2026-04-04 15:42:00,desktop,home,272,444.94
U213,P002,add_to_cart,2026-04-04 15:44:00,desktop,electronics,458,260.62
U387,P068,view,2026-04-04 15:44:00,mobile,beauty,239,401.84
U316,P058,click,2026-04-04 15:44:00,desktop,electronics,324,180.83
U096,P012,add_to_cart,2026-04-04 15:44:00,desktop,clothing,488,317.21
U250,P098,view,2026-04-04 15:45:00,tablet,home,293,279.49
U278,P049,click,2026-04-04 15:46:00,desktop,home,317,196.41
U208,P034,click,2026-04-04 15:48:00,desktop,electronics,197,194.05
U263,P090,click,2026-04-04 15:49:00,mobile,electronics,408,192.59
U221,P062,view,2026-04-04 15:50:00,tablet,home,147,178.26
U201,P029,view,2026-04-04 15:50:00,mobile,home,140,308.34
U318,P076,click,2026-04-04 15:52:00,tablet,home,315,29.48
U016,P094,view,2026-04-04 15:53:00,tablet,home,166,380.56
U090,P074,add_to_cart,2026-04-04 15:54:00,desktop,clothing,528,27.43
U347,P088,add_to_cart,2026-04-04 15:54:00,mobile,electronics,463,38.76
U084,P095,click,2026-04-04 15:55:00,desktop,clothing,94,193.8
U409,P051,click,2026-04-04 15:56:00,mobile,beauty,474,453.25
U421,P050,click,2026-04-04 15:56:00,desktop,beauty,515,490.64
U436,P016,view,2026-04-04 15:57:00,tablet,home,316,175.25
U093,P026,click,2026-04-04 15:57:00,mobile,home,358,224.89
U148,P075,view,2026-04-04 16:00:00,mobile,clothing,387,269.84
U223,P051,add_to_cart,2026-04-04 16:00:00,mobile,clothing,474,26.87
U446,P044,click,2026-04-04 16:01:00,desktop,home,257,402.6
U087,P072,view,2026-04-04 16:01:00,tablet,clothing,192,369.59
U110,P017,click,2026-04-04 16:02:00,mobile,clothing,339,84.42
U084,P061,view,2026-04-04 16:02:00,tablet,clothing,371,371.95
U362,P041,view,2026-04-04 16:03:00,mobile,home,76,221.74
U075,P098,view,2026-04-04 16:03:00,tablet,home,389,478.28
U468,P073,click,2026-04-04 16:04:00,desktop,clothing,462,343.24
U487,P084,click,2026-04-04 16:04:00,tablet,electronics,362,130.08
U013,P069,click,2026-04-04 16:05:00,tablet,clothing,317,102.24
U268,P083,click,2026-04-04 16:07:00,desktop,beauty,242,130.87
U143,P050,click,2026-04-04 16:08:00,mobile,beauty,363,282.63
U495,P088,view,2026-04-04 16:09:00,mobile,beauty,45,128.63
U410,P068,click,2026-04-04 16:11:00,mobile,clothing,445,67.35
U059,P028,view,2026-04-04 16:12:00,mobile,beauty,195,246.47
U192,P035,view,2026-04-04 16:13:00,tablet,home,94,322.9
U095,P072,view,2026-04-04 16:13:00,tablet,beauty,200,283.11
U284,P059,view,2026-04-04 16:14:00,tablet,electronics,10,161.71
U459,P061,add_to_cart,2026-04-04 16:15:00,tablet,electronics,559,63.57
U437,P054,click,2026-04-04 16:15:00,desktop,clothing,445,422.36
U038,P012,click,2026-04-04 16:15:00,mobile,clothing,329,115.86
U262,P027,add_to_cart,2026-04-04 16:16:00,desktop,clothing,452,210.94
U407,P001,view,2026-04-04 16:16:00,desktop,home,178,355.06
U451,P099,view,2026-04-04 16:16:00,tablet,electronics,122,424.81
U177,P018,click,2026-04-04 16:17:00,desktop,electronics,200,179.37
U410,P007,view,2026-04-04 16:18:00,mobile,home,204,244.31
U398,P012,click,2026-04-04 16:18:00,mobile,electronics,567,349.33
U174,P006,add_to_cart,2026-04-04 16:19:00,desktop,electronics,568,412.13
U204,P096,view,2026-04-04 16:21:00,tablet,clothing,28,436.44
U107,P028,view,2026-04-04 16:23:00,tablet,beauty,128,311.51
U442,P032,click,2026-04-04 16:23:00,mobile,home,255,125.64
U440,P087,click,2026-04-04 16:23:00,desktop,beauty,354,312.6
U142,P047,click,2026-04-04 16:23:00,tablet,beauty,492,387.62
U345,P086,view,2026-04-04 16:25:00,mobile,clothing,288,471.56
U214,P043,add_to_cart,2026-04-04 16:25:00,mobile,electronics,572,222.21
U221,P067,add_to_cart,2026-04-04 16:27:00,mobile,electronics,538,93.37
U395,P072,click,2026-04-04 16:28:00,desktop,clothing,543,399.52
U285,P020,add_to_cart,2026-04-04 16:28:00,mobile,electronics,412,84.61
U433,P061,view,2026-04-04 16:30:00,mobile,electronics,49,318.67
U080,P071,click,2026-04-04 16:30:00,mobile,beauty,423,88.37
U123,P097,add_to_cart,2026-04-04 16:31:00,desktop,electronics,513,223.32
U085,P056,view,2026-04-04 16:31:00,tablet,clothing,135,14.55
U161,P056,view,2026-04-04 16:32:00,mobile,home,207,441.39
U131,P091,view,2026-04-04 16:36:00,mobile,beauty,23,79.12
U014,P030,click,2026-04-04 16:36:00,mobile,clothing,487,480.94
U435,P006,view,2026-04-04 16:36:00,mobile,clothing,17,44.07
U364,P033,add_to_cart,2026-04-04 16:36:00,desktop,electronics,571,31.51
U006,P022,click,2026-04-04 16:37:00,tablet,beauty,545,174.18
U454,P017,add_to_cart,2026-04-04 16:37:00,desktop,electronics,596,291.73
U402,P026,view,2026-04-04 16:39:00,tablet,electronics,57,192.59
U464,P057,view,2026-04-04 16:41:00,desktop,home,59,487.54
U447,P014,click,2026-04-04 16:41:00,mobile,clothing,497,372.56
U257,P021,click,2026-04-04 16:47:00,mobile,clothing,531,148.74
U189,P040,view,2026-04-04 16:48:00,tablet,beauty,243,482.55
U090,P013,click,2026-04-04 16:50:00,desktop,electronics,69,334.48
U321,P053,view,2026-04-04 16:52:00,tablet,beauty,353,387.66
U133,P033,add_to_cart,2026-04-04 16:53:00,desktop,clothing,297,140.15
U152,P066,view,2026-04-04 16:55:00,tablet,home,205,294.98
U186,P046,click,2026-04-04 16:55:00,mobile,home,475,360.75
U340,P083,click,2026-04-04 16:55:00,mobile,electronics,571,366.67
U203,P065,click,2026-04-04 16:57:00,mobile,electronics,466,105.91
U125,P056,view,2026-04-04 16:59:00,mobile,beauty,211,334.99
U325,P019,add_to_cart,2026-04-04 17:01:00,desktop,home,471,231.34
U258,P060,click,2026-04-04 17:02:00,desktop,beauty,353,414.84
U453,P017,add_to_cart,2026-04-04 17:03:00,desktop,home,406,218.09
U122,P036,view,2026-04-04 17:03:00,tablet,home,37,74.86
U424,P089,view,2026-04-04 17:05:00,desktop,electronics,98,275.09
U366,P083,view,2026-04-04 17:05:00,mobile,clothing,278,230.54
U173,P065,click,2026-04-04 17:05:00,tablet,home,536,302.04
U427,P033,view,2026-04-04 17:07:00,tablet,electronics,198,433.62
U075,P006,view,2026-04-04 17:08:00,desktop,home,47,230.24
U091,P053,view,2026-04-04 17:10:00,desktop,home,185,435.73
U220,P086,view,2026-04-04 17:11:00,mobile,beauty,253,250.5
U493,P052,add_to_cart,2026-04-04 17:11:00,mobile,electronics,587,36.59
U174,P080,view,2026-04-04 17:11:00,desktop,clothing,129,173.72
U236,P089,view,2026-04-04 17:11:00,desktop,home,219,454.0
U143,P069,click,2026-04-04 17:14:00,mobile,electronics,163,110.48
U180,P028,click,2026-04-04 17:15:00,mobile,home,399,72.93
U203,P084,view,2026-04-04 17:18:00,desktop,clothing,96,374.89
U276,P042,view,2026-04-04 17:20:00,mobile,electronics,180,425.56
U215,P099,view,2026-04-04 17:21:00,tablet,electronics,34,313.15
U212,P092,view,2026-04-04 17:23:00,tablet,home,216,420.01
U156,P001,view,2026-04-04 17:24:00,tablet,beauty,50,190.79
U146,P082,add_to_cart,2026-04-04 17:26:00,desktop,electronics,485,372.08
U216,P026,add_to_cart,2026-04-04 17:28:00,desktop,beauty,534,207.15
U334,P076,click,2026-04-04 17:29:00,tablet,clothing,368,140.61
U410,P097,view,2026-04-04 17:30:00,desktop,clothing,28,199.68
U272,P002,click,2026-04-04 17:30:00,tablet,clothing,370,110.06
U313,P034,view,2026-04-04 17:31:00,mobile,home,351,303.74
U060,P012,click,2026-04-04 17:32:00,tablet,beauty,497,95.67
U220,P070,click,2026-04-04 17:35:00,desktop,clothing,191,303.53
U010,P055,click,2026-04-04 17:36:00,tablet,electronics,553,306.88
U440,P032,click,2026-04-04 17:36:00,tablet,clothing,404,137.18
U273,P044,view,2026-04-04 17:37:00,tablet,beauty,101,300.3
U260,P064,view,2026-04-04 17:42:00,desktop,beauty,21,158.31
U072,P038,view,2026-04-04 17:42:00,tablet,home,265,452.42
U332,P087,view,2026-04-04 17:44:00,mobile,home,429,454.84
U169,P017,click,2026-04-04 17:46:00,mobile,home,420,59.7
U277,P094,view,2026-04-04 17:47:00,mobile,electronics,363,346.86
U086,P023,view,2026-04-04 17:48:00,mobile,clothing,57,42.79
U126,P082,view,2026-04-04 17:48:00,mobile,home,307,141.59
U078,P024,view,2026-04-04 17:49:00,mobile,clothing,405,323.46
U141,P065,view,2026-04-04 17:49:00,mobile,beauty,275,493.79
U299,P035,view,2026-04-04 17:51:00,tablet,home,240,494.24
U083,P048,view,2026-04-04 17:51:00,desktop,clothing,336,478.81
U032,P069,click,2026-04-04 17:51:00,tablet,home,263,38.02
U500,P092,view,2026-04-04 17:52:00,desktop,clothing,271,291.06
U145,P068,view,2026-04-04 17:56:00,tablet,home,401,366.33
U133,P017,click,2026-04-04 17:57:00,tablet,electronics,255,101.03
U293,P024,click,2026-04-04 17:58:00,tablet,beauty,337,217.82
U456,P086,click,2026-04-04 17:59:00,tablet,electronics,37,77.42
U225,P003,view,2026-04-04 17:59:00,mobile,clothing,319,257.56
U326,P031,add_to_cart,2026-04-04 17:59:00,desktop,beauty,562,133.6
U261,P014,view,2026-04-04 17:59:00,mobile,beauty,201,169.32
U053,P033,click,2026-04-04 18:03:00,tablet,electronics,433,424.43
U130,P089,click,2026-04-04 18:05:00,mobile,beauty,310,21.68
U340,P052,add_to_cart,2026-04-04 18:05:00,desktop,home,486,234.29
U389,P037,view,2026-04-04 18:07:00,mobile,home,115,76.59
U314,P048,view,2026-04-04 18:08:00,mobile,clothing,301,302.98
U457,P004,view,2026-04-04 18:08:00,mobile,clothing,415,418.66
U129,P044,view,2026-04-04 18:10:00,mobile,home,121,398.63
U349,P024,add_to_cart,2026-04-04 18:10:00,desktop,beauty,560,134.11
U241,P028,view,2026-04-04 18:10:00,mobile,clothing,51,11.36
U484,P011,view,2026-04-04 18:13:00,mobile,clothing,30,195.95
U100,P092,view,2026-04-04 18:15:00,tablet,home,58,438.73
U294,P072,view,2026-04-04 18:16:00,tablet,beauty,114,425.8
U398,P023,view,2026-04-04 18:17:00,desktop,beauty,221,305.1
U390,P037,click,2026-04-04 18:19:00,mobile,electronics,207,147.15
U475,P024,click,2026-04-04 18:20:00,tablet,clothing,273,77.98
U420,P097,click,2026-04-04 18:20:00,tablet,beauty,266,137.27
U411,P030,view,2026-04-04 18:23:00,mobile,beauty,138,251.16
U027,P061,add_to_cart,2026-04-04 18:24:00,mobile,electronics,559,326.6
U067,P071,view,2026-04-04 18:25:00,desktop,beauty,115,428.83
U160,P064,add_to_cart,2026-04-04 18:27:00,desktop,electronics,386,22.4
U376,P099,view,2026-04-04 18:27:00,desktop,home,133,491.45
U278,P062,click,2026-04-04 18:28:00,tablet,home,397,284.8
U498,P068,click,2026-04-04 18:31:00,desktop,beauty,219,244.97
U456,P077,view,2026-04-04 18:32:00,tablet,beauty,354,252.83
U295,P056,click,2026-04-04 18:33:00,tablet,home,432,45.65
U077,P026,view,2026-04-04 18:34:00,tablet,beauty,124,360.83
U339,P098,view,2026-04-04 18:34:00,mobile,home,101,129.44
U209,P095,click,2026-04-04 18:35:00,mobile,electronics,347,79.07
U316,P032,click,2026-04-04 18:39:00,tablet,clothing,353,20.23
U007,P031,click,2026-04-04 18:39:00,desktop,electronics,377,448.87
U410,P086,click,2026-04-04 18:40:00,mobile,beauty,436,306.51
U422,P026,click,2026-04-04 18:40:00,tablet,electronics,258,28.66
U053,P077,view,2026-04-04 18:42:00,tablet,electronics,111,345.02
U455,P006,view,2026-04-04 18:43:00,desktop,beauty,147,422.98
U465,P041,view,2026-04-04 18:43:00,tablet,electronics,288,458.84
U436,P012,add_to_cart,2026-04-04 18:43:00,desktop,electronics,599,435.08
U380,P100,add_to_cart,2026-04-04 18:43:00,desktop,electronics,335,38.67
U372,P037,click,2026-04-04 18:45:00,tablet,clothing,487,393.97
U061,P005,view,2026-04-04 18:45:00,desktop,home,166,462.18
U326,P031,view,2026-04-04 18:45:00,mobile,beauty,360,499.53
U102,P076,add_to_cart,2026-04-04 18:45:00,mobile,clothing,567,169.33
U387,P085,view,2026-04-04 18:46:00,mobile,electronics,233,365.31
U014,P073,click,2026-04-04 18:48:00,desktop,electronics,38,28.53
U145,P085,click,2026-04-04 18:49:00,tablet,electronics,253,212.12
U418,P046,view,2026-04-04 18:55:00,tablet,beauty,435,369.91
U453,P100,view,2026-04-04 18:58:00,tablet,beauty,102,117.7
U128,P060,view,2026-04-04 18:58:00,mobile,clothing,221,92.67
U030,P069,view,2026-04-04 18:59:00,mobile,beauty,367,244.81
U015,P099,click,2026-04-04 19:00:00,tablet,electronics,590,379.03
U277,P006,add_to_cart,2026-04-04 19:00:00,mobile,electronics,455,93.51
U258,P041,view,2026-04-04 19:00:00,mobile,home,336,389.31
U493,P090,view,2026-04-04 19:01:00,mobile,clothing,127,187.85
U418,P045,click,2026-04-04 19:02:00,desktop,beauty,266,114.06
U211,P078,click,2026-04-04 19:02:00,mobile,beauty,340,18.21
U093,P001,click,2026-04-04 19:03:00,desktop,clothing,91,92.44
U310,P013,click,2026-04-04 19:03:00,tablet,clothing,418,369.04
U233,P032,click,2026-04-04 19:04:00,tablet,beauty,555,253.79
U213,P089,click,2026-04-04 19:04:00,tablet,home,438,186.82
U005,P008,view,2026-04-04 19:04:00,tablet,beauty,132,298.19
U356,P018,add_to_cart,2026-04-04 19:05:00,desktop,beauty,508,269.92
U035,P039,view,2026-04-04 19:07:00,mobile,clothing,110,446.35
U466,P030,add_to_cart,2026-04-04 19:07:00,desktop,beauty,439,60.65
U499,P045,view,2026-04-04 19:09:00,tablet,beauty,338,445.77
U193,P061,add_to_cart,2026-04-04 19:09:00,desktop,electronics,564,107.31
U073,P078,view,2026-04-04 19:09:00,desktop,home,159,385.37
U140,P077,add_to_cart,2026-04-04 19:11:00,desktop,electronics,425,76.46
U153,P092,view,2026-04-04 19:13:00,mobile,beauty,281,421.93
U223,P035,view,2026-04-04 19:15:00,tablet,clothing,92,298.33
U458,P083,click,2026-04-04 19:15:00,desktop,home,544,418.25
U105,P025,click,2026-04-04 19:16:00,tablet,home,201,78.77
U109,P086,add_to_cart,2026-04-04 19:17:00,desktop,electronics,580,257.11
U156,P081,click,2026-04-04 19:17:00,tablet,electronics,271,159.21
U222,P096,click,2026-04-04 19:18:00,tablet,home,365,55.38
U279,P017,add_to_cart,2026-04-04 19:19:00,desktop,electronics,544,109.65
U104,P049,view,2026-04-04 19:19:00,mobile,electronics,70,315.52
U091,P053,view,2026-04-04 19:19:00,desktop,clothing,11,469.25
U401,P009,click,2026-04-04 19:20:00,desktop,beauty,514,447.4
U026,P055,click,2026-04-04 19:21:00,desktop,clothing,470,342.72
U157,P046,add_to_cart,2026-04-04 19:25:00,desktop,electronics,550,205.22
U100,P093,view,2026-04-04 19:25:00,desktop,electronics,80,413.16
U463,P072,click,2026-04-04 19:26:00,tablet,electronics,377,318.61
U041,P037,click,2026-04-04 19:33:00,desktop,beauty,328,293.08
U327,P011,view,2026-04-04 19:35:00,mobile,home,464,302.51
U451,P052,click,2026-04-04 19:35:00,desktop,beauty,369,459.08
U379,P097,add_to_cart,2026-04-04 19:36:00,mobile,beauty,427,34.35
U234,P041,view,2026-04-04 19:38:00,mobile,electronics,414,425.08
U023,P002,view,2026-04-04 19:39:00,tablet,clothing,85,163.58
U454,P012,view,2026-04-04 19:40:00,mobile,clothing,274,367.26
U233,P060,click,2026-04-04 19:41:00,tablet,beauty,261,12.09
U352,P046,view,2026-04-04 19:42:00,desktop,home,58,304.63
U106,P053,click,2026-04-04 19:42:00,desktop,clothing,290,142.07
U356,P051,click,2026-04-04 19:43:00,mobile,clothing,518,332.88
U349,P079,view,2026-04-04 19:44:00,tablet,clothing,224,210.04
U361,P023,view,2026-04-04 19:44:00,mobile,clothing,283,176.96
U337,P071,click,2026-04-04 19:45:00,desktop,clothing,119,117.67
U270,P028,view,2026-04-04 19:46:00,mobile,clothing,47,170.53
U434,P016,view,2026-04-04 19:47:00,mobile,beauty,200,256.84
U406,P079,view,2026-04-04 19:48:00,tablet,beauty,163,474.06
U191,P046,click,2026-04-04 19:48:00,desktop,electronics,392,458.82
U019,P004,click,2026-04-04 19:48:00,tablet,home,249,35.23
U305,P043,view,2026-04-04 19:48:00,mobile,home,472,428.15
U422,P071,view,2026-04-04 19:49:00,desktop,clothing,20,149.15
U340,P096,view,2026-04-04 19:51:00,desktop,clothing,60,74.15
U213,P047,view,2026-04-04 19:51:00,tablet,home,45,385.69
U322,P053,click,2026-04-04 19:51:00,mobile,clothing,486,423.6
U062,P013,click,2026-04-04 19:52:00,mobile,beauty,356,233.11
U499,P081,click,2026-04-04 19:54:00,desktop,home,121,72.98
U404,P011,click,2026-04-04 19:54:00,desktop,electronics,454,376.79
U340,P040,view,2026-04-04 19:56:00,tablet,beauty,61,300.91
U183,P079,click,2026-04-04 19:56:00,desktop,electronics,180,131.07
U162,P003,click,2026-04-04 20:00:00,desktop,home,271,254.55
U346,P087,view,2026-04-04 20:01:00,tablet,clothing,88,475.87
U350,P090,click,2026-04-04 20:01:00,mobile,home,300,19.55
U273,P088,click,2026-04-04 20:01:00,desktop,home,446,353.33
U103,P046,add_to_cart,2026-04-04 20:02:00,desktop,electronics,528,52.76
U256,P016,click,2026-04-04 20:03:00,tablet,clothing,475,271.51
U204,P057,click,2026-04-04 20:04:00,desktop,electronics,226,370.13
U358,P073,add_to_cart,2026-04-04 20:05:00,desktop,home,547,335.38
U022,P002,view,2026-04-04 20:06:00,desktop,beauty,176,107.98
U084,P040,click,2026-04-04 20:07:00,tablet,home,371,62.34
U401,P002,click,2026-04-04 20:07:00,desktop,home,261,261.12
U026,P084,view,2026-04-04 20:09:00,tablet,beauty,508,487.15
U233,P066,click,2026-04-04 20:11:00,desktop,home,332,276.35
U345,P038,click,2026-04-04 20:11:00,desktop,beauty,98,48.54
U458,P087,view,2026-04-04 20:12:00,tablet,home,186,401.43
U040,P098,click,2026-04-04 20:12:00,tablet,clothing,450,356.36
U148,P039,click,2026-04-04 20:12:00,desktop,clothing,42,64.05
U046,P096,view,2026-04-04 20:13:00,mobile,beauty,311,324.51
U110,P034,view,2026-04-04 20:13:00,mobile,electronics,50,110.07
U171,P042,view,2026-04-04 20:14:00,mobile,home,231,194.48
U414,P070,view,2026-04-04 20:15:00,mobile,beauty,143,146.56
U344,P045,view,2026-04-04 20:16:00,tablet,electronics,293,484.07
U152,P087,view,2026-04-04 20:17:00,tablet,electronics,150,121.4
U316,P057,add_to_cart,2026-04-04 20:17:00,desktop,beauty,570,156.33
U256,P079,click,2026-04-04 20:18:00,desktop,clothing,18,55.24
U407,P076,click,2026-04-04 20:21:00,tablet,electronics,353,258.89
U214,P075,click,2026-04-04 20:21:00,tablet,clothing,501,424.25
U450,P019,add_to_cart,2026-04-04 20:21:00,desktop,beauty,519,304.3
U142,P031,view,2026-04-04 20:22:00,mobile,beauty,303,471.06
U188,P009,click,2026-04-04 20:22:00,mobile,electronics,411,197.53
U339,P023,add_to_cart,2026-04-04 20:24:00,desktop,beauty,320,83.88
U480,P088,click,2026-04-04 20:25:00,desktop,home,186,143.93
U248,P040,click,2026-04-04 20:26:00,desktop,home,288,418.96
U408,P019,click,2026-04-04 20:28:00,tablet,beauty,239,84.91
U441,P084,click,2026-04-04 20:28:00,desktop,clothing,406,466.94
U128,P005,click,2026-04-04 20:31:00,tablet,beauty,381,211.47
U461,P072,view,2026-04-04 20:31:00,mobile,beauty,155,404.77
U176,P057,view,2026-04-04 20:32:00,mobile,beauty,131,461.41
U208,P014,click,2026-04-04 20:32:00,tablet,clothing,557,264.88
U385,P094,add_to_cart,2026-04-04 20:33:00,desktop,clothing,440,50.85
U237,P095,view,2026-04-04 20:33:00,mobile,beauty,380,441.91
U012,P075,click,2026-04-04 20:36:00,tablet,clothing,437,101.87
U087,P039,click,2026-04-04 20:36:00,tablet,home,421,240.54
U313,P042,click,2026-04-04 20:37:00,mobile,beauty,227,99.59
U349,P014,click,2026-04-04 20:37:00,desktop,home,193,69.61
U457,P049,click,2026-04-04 20:38:00,mobile,clothing,546,497.76
U362,P058,click,2026-04-04 20:39:00,tablet,electronics,215,75.65
U070,P019,view,2026-04-04 20:40:00,tablet,home,250,469.29
U047,P064,add_to_cart,2026-04-04 20:40:00,desktop,clothing,545,169.7
U431,P058,click,2026-04-04 20:41:00,desktop,home,377,271.43
U040,P046,click,2026-04-04 20:43:00,desktop,beauty,29,151.43
U180,P021,add_to_cart,2026-04-04 20:43:00,desktop,home,493,233.23
U178,P078,view,2026-04-04 20:44:00,mobile,home,10,459.81
U214,P081,view,2026-04-04 20:44:00,tablet,beauty,256,314.68
U453,P001,click,2026-04-04 20:45:00,tablet,beauty,556,152.29
U431,P057,view,2026-04-04 20:45:00,mobile,home,122,287.36
U111,P091,add_to_cart,2026-04-04 20:46:00,desktop,electronics,461,252.97
U043,P097,click,2026-04-04 20:47:00,mobile,beauty,470,247.41
U131,P032,add_to_cart,2026-04-04 20:48:00,desktop,electronics,497,278.44
U120,P014,view,2026-04-04 20:48:00,tablet,electronics,240,256.46
U134,P060,view,2026-04-04 20:50:00,mobile,electronics,161,303.99
U418,P097,click,2026-04-04 20:50:00,desktop,clothing,432,363.88
U337,P004,add_to_cart,2026-04-04 20:50:00,desktop,home,579,416.25
U123,P058,click,2026-04-04 20:53:00,mobile,home,493,325.68
U038,P093,click,2026-04-04 20:54:00,mobile,electronics,494,469.63
U144,P001,click,2026-04-04 20:57:00,desktop,clothing,585,398.89
U356,P062,view,2026-04-04 20:59:00,desktop,electronics,29,289.77
U445,P012,click,2026-04-04 21:00:00,tablet,electronics,507,401.55
U232,P015,view,2026-04-04 21:01:00,tablet,electronics,36,77.71
U076,P085,view,2026-04-04 21:02:00,mobile,electronics,57,179.71
U058,P060,click,2026-04-04 21:05:00,mobile,beauty,418,96.45
U071,P065,view,2026-04-04 21:09:00,tablet,electronics,240,459.74
U258,P090,click,2026-04-04 21:09:00,tablet,electronics,350,169.25
U449,P097,view,2026-04-04 21:10:00,desktop,beauty,184,412.66
U108,P013,view,2026-04-04 21:11:00,desktop,home,206,397.21
U116,P069,view,2026-04-04 21:12:00,mobile,clothing,308,280.2
U092,P039,click,2026-04-04 21:14:00,desktop,home,71,77.61
U336,P088,click,2026-04-04 21:14:00,mobile,electronics,256,381.89
U243,P028,add_to_cart,2026-04-04 21:16:00,desktop,beauty,494,365.6
U117,P017,click,2026-04-04 21:18:00,mobile,electronics,237,356.46
U323,P055,click,2026-04-04 21:18:00,tablet,beauty,555,90.84
U269,P041,click,2026-04-04 21:20:00,desktop,electronics,317,421.43
U493,P004,view,2026-04-04 21:21:00,desktop,home,277,346.94
U427,P068,add_to_cart,2026-04-04 21:23:00,desktop,home,592,427.57
U371,P017,click,2026-04-04 21:23:00,tablet,electronics,191,267.52
U448,P097,add_to_cart,2026-04-04 21:25:00,mobile,clothing,575,83.72
U440,P073,view,2026-04-04 21:26:00,tablet,beauty,148,206.41
U442,P004,add_to_cart,2026-04-04 21:26:00,desktop,beauty,581,252.24
U230,P071,view,2026-04-04 21:26:00,mobile,electronics,168,485.51
U034,P005,click,2026-04-04 21:27:00,tablet,electronics,201,240.05
U035,P062,view,2026-04-04 21:28:00,mobile,clothing,470,484.73
U073,P091,add_to_cart,2026-04-04 21:28:00,desktop,clothing,596,149.52
U227,P054,view,2026-04-04 21:28:00,mobile,electronics,292,238.38
U045,P083,click,2026-04-04 21:29:00,tablet,beauty,533,305.07
U140,P083,view,2026-04-04 21:29:00,desktop,home,58,371.19
U482,P022,click,2026-04-04 21:30:00,desktop,clothing,355,282.03
U344,P028,click,2026-04-04 21:31:00,desktop,electronics,212,388.48
U018,P022,click,2026-04-04 21:32:00,mobile,electronics,498,133.69
U266,P041,view,2026-04-04 21:32:00,tablet,clothing,32,190.57
U189,P054,view,2026-04-04 21:32:00,tablet,clothing,19,36.57
U485,P004,view,2026-04-04 21:33:00,tablet,beauty,425,383.81
U031,P001,view,2026-04-04 21:33:00,mobile,home,418,279.96
U466,P052,view,2026-04-04 21:33:00,tablet,home,241,252.24
U459,P044,click,2026-04-04 21:35:00,desktop,home,470,370.23
U170,P055,click,2026-04-04 21:35:00,desktop,beauty,240,247.9
U254,P052,click,2026-04-04 21:37:00,desktop,clothing,561,475.65
U462,P072,click,2026-04-04 21:37:00,mobile,electronics,450,140.12
U027,P019,add_to_cart,2026-04-04 21:37:00,desktop,beauty,513,39.09
U122,P075,view,2026-04-04 21:39:00,tablet,clothing,226,494.05
U370,P062,add_to_cart,2026-04-04 21:41:00,desktop,beauty,462,96.35
U108,P061,view,2026-04-04 21:42:00,desktop,clothing,96,254.59
U136,P033,view,2026-04-04 21:42:00,desktop,home,59,241.51
U370,P091,view,2026-04-04 21:44:00,desktop,beauty,76,125.97
U480,P063,click,2026-04-04 21:46:00,desktop,home,213,97.23
U234,P062,view,2026-04-04 21:46:00,tablet,electronics,354,399.15
U141,P011,view,2026-04-04 21:48:00,mobile,clothing,114,489.88
U280,P041,click,2026-04-04 21:51:00,desktop,electronics,87,144.37
U261,P089,view,2026-04-04 21:52:00,mobile,home,205,338.9
U354,P002,view,2026-04-04 21:52:00,tablet,beauty,417,378.62
U351,P092,click,2026-04-04 21:53:00,mobile,beauty,243,129.2
U366,P077,click,2026-04-04 21:54:00,tablet,clothing,237,100.96
U001,P083,click,2026-04-04 21:55:00,mobile,electronics,522,240.04
U462,P001,click,2026-04-04 21:55:00,desktop,beauty,386,56.59
U396,P100,view,2026-04-04 21:55:00,mobile,electronics,126,428.64
U289,P017,click,2026-04-04 21:55:00,mobile,clothing,358,378.91
U234,P089,click,2026-04-04 21:58:00,desktop,home,429,225.5
U101,P081,click,2026-04-04 21:58:00,tablet,electronics,428,146.18
U109,P081,view,2026-04-04 21:59:00,tablet,clothing,266,335.23
U466,P049,click,2026-04-04 22:00:00,mobile,home,316,117.13
U013,P082,view,2026-04-04 22:00:00,mobile,home,523,499.66
U469,P016,click,2026-04-04 22:00:00,tablet,clothing,405,277.59
U239,P068,click,2026-04-04 22:00:00,mobile,clothing,591,120.5
U158,P026,add_to_cart,2026-04-04 22:01:00,desktop,electronics,589,69.98
U381,P019,click,2026-04-04 22:01:00,mobile,beauty,472,152.11
U457,P009,click,2026-04-04 22:01:00,mobile,home,305,56.27
U098,P024,click,2026-04-04 22:02:00,tablet,home,278,62.24
U227,P093,add_to_cart,2026-04-04 22:04:00,desktop,electronics,223,177.34
U354,P053,click,2026-04-04 22:05:00,tablet,beauty,466,82.92
U050,P097,view,2026-04-04 22:06:00,tablet,clothing,138,108.48
U493,P084,add_to_cart,2026-04-04 22:07:00,desktop,electronics,323,28.21
U304,P053,click,2026-04-04 22:08:00,tablet,electronics,261,105.54
U169,P056,view,2026-04-04 22:08:00,mobile,beauty,316,481.05
U003,P087,view,2026-04-04 22:09:00,mobile,beauty,205,375.38
U240,P052,view,2026-04-04 22:11:00,tablet,home,72,352.02
U276,P096,add_to_cart,2026-04-04 22:11:00,tablet,electronics,448,27.85
U041,P061,view,2026-04-04 22:11:00,tablet,electronics,166,329.78
U228,P017,view,2026-04-04 22:11:00,mobile,beauty,496,370.95
U083,P039,add_to_cart,2026-04-04 22:11:00,desktop,electronics,298,14.68
U172,P096,view,2026-04-04 22:12:00,tablet,home,267,140.18
U440,P098,click,2026-04-04 22:13:00,tablet,home,280,77.29
U433,P022,view,2026-04-04 22:13:00,mobile,electronics,25,204.1
U121,P066,view,2026-04-04 22:14:00,tablet,beauty,37,341.66
U339,P038,click,2026-04-04 22:15:00,desktop,electronics,477,396.08
U124,P083,view,2026-04-04 22:16:00,mobile,home,168,130.66
U164,P022,view,2026-04-04 22:16:00,tablet,home,374,217.44
U459,P063,add_to_cart,2026-04-04 22:20:00,mobile,clothing,422,35.07
U086,P032,add_to_cart,2026-04-04 22:22:00,tablet,electronics,493,11.81
U291,P099,add_to_cart,2026-04-04 22:23:00,desktop,clothing,566,38.06
U196,P084,click,2026-04-04 22:24:00,mobile,clothing,467,300.86
U352,P047,click,2026-04-04 22:24:00,tablet,electronics,143,78.5
U321,P014,view,2026-04-04 22:28:00,tablet,home,70,318.24
U402,P096,view,2026-04-04 22:29:00,desktop,clothing,197,337.34
U261,P018,view,2026-04-04 22:34:00,tablet,clothing,252,308.86
U398,P094,view,2026-04-04 22:34:00,tablet,home,264,282.08
U006,P022,view,2026-04-04 22:35:00,tablet,home,103,189.91
U256,P056,click,2026-04-04 22:40:00,mobile,beauty,433,306.53
U259,P009,view,2026-04-04 22:45:00,tablet,clothing,301,492.6
U452,P076,click,2026-04-04 22:46:00,desktop,beauty,330,336.83
U252,P031,click,2026-04-04 22:47:00,mobile,electronics,486,302.01
U145,P090,view,2026-04-04 22:47:00,mobile,beauty,459,326.49
U182,P024,add_to_cart,2026-04-04 22:47:00,desktop,electronics,222,100.56
U149,P090,click,2026-04-04 22:48:00,mobile,beauty,552,214.14
U199,P026,view,2026-04-04 22:50:00,desktop,home,151,442.89
U050,P047,click,2026-04-04 22:50:00,mobile,beauty,252,36.84
U485,P095,add_to_cart,2026-04-04 22:50:00,desktop,beauty,409,248.38
U131,P034,click,2026-04-04 22:50:00,desktop,electronics,414,324.13
U267,P045,view,2026-04-04 22:51:00,tablet,beauty,134,369.47
U079,P009,click,2026-04-04 22:53:00,mobile,electronics,503,318.88
U126,P013,view,2026-04-04 22:54:00,desktop,home,80,289.48
U024,P033,view,2026-04-04 22:54:00,mobile,home,413,373.43
U422,P073,add_to_cart,2026-04-04 22:55:00,desktop,home,598,101.84
U029,P050,click,2026-04-04 22:58:00,desktop,home,253,191.31
U142,P098,add_to_cart,2026-04-04 22:58:00,desktop,electronics,348,92.78
U310,P024,view,2026-04-04 22:58:00,tablet,clothing,103,367.77
U089,P053,click,2026-04-04 22:58:00,desktop,beauty,202,197.8
U374,P062,view,2026-04-04 22:59:00,desktop,electronics,147,423.0
U029,P077,click,2026-04-04 23:01:00,desktop,electronics,200,66.8
U312,P080,view,2026-04-04 23:02:00,tablet,home,60,373.27
U043,P061,view,2026-04-04 23:05:00,mobile,beauty,155,190.45
U047,P027,click,2026-04-04 23:05:00,desktop,beauty,500,394.48
U487,P030,click,2026-04-04 23:06:00,desktop,clothing,530,376.62
U329,P084,click,2026-04-04 23:06:00,tablet,beauty,351,19.76
U101,P031,view,2026-04-04 23:07:00,mobile,electronics,43,374.01
U071,P056,add_to_cart,2026-04-04 23:11:00,desktop,electronics,490,272.44
U357,P020,view,2026-04-04 23:11:00,tablet,beauty,244,100.81
U337,P042,click,2026-04-04 23:13:00,tablet,clothing,426,122.22
U145,P074,click,2026-04-04 23:14:00,desktop,beauty,498,410.62
U112,P014,click,2026-04-04 23:15:00,mobile,home,445,28.49
U032,P057,view,2026-04-04 23:16:00,mobile,clothing,357,404.67
U327,P097,add_to_cart,2026-04-04 23:16:00,mobile,electronics,569,53.84
U209,P047,view,2026-04-04 23:19:00,tablet,home,334,179.58
U477,P090,click,2026-04-04 23:20:00,mobile,electronics,270,239.62
U026,P078,click,2026-04-04 23:20:00,desktop,beauty,412,259.06
U107,P067,view,2026-04-04 23:20:00,desktop,beauty,132,265.96
U146,P065,view,2026-04-04 23:20:00,mobile,beauty,461,463.4
U278,P003,click,2026-04-04 23:21:00,mobile,electronics,448,303.86
U449,P060,view,2026-04-04 23:22:00,tablet,clothing,44,38.53
U215,P080,add_to_cart,2026-04-04 23:24:00,mobile,home,567,117.75
U383,P022,view,2026-04-04 23:25:00,mobile,clothing,429,497.61
U484,P058,view,2026-04-04 23:27:00,mobile,clothing,15,200.44
U179,P079,click,2026-04-04 23:28:00,desktop,clothing,363,223.89
U437,P072,add_to_cart,2026-04-04 23:32:00,desktop,home,548,220.1
U406,P064,view,2026-04-04 23:33:00,tablet,beauty,155,142.19
U010,P020,view,2026-04-04 23:34:00,mobile,beauty,51,264.89
U265,P081,view,2026-04-04 23:34:00,mobile,home,173,405.95
U105,P043,view,2026-04-04 23:38:00,mobile,beauty,117,430.65
U123,P051,click,2026-04-04 23:41:00,mobile,home,532,306.47
U281,P062,click,2026-04-04 23:43:00,mobile,electronics,135,213.4
U282,P024,view,2026-04-04 23:44:00,tablet,clothing,157,494.61
U060,P080,view,2026-04-04 23:45:00,mobile,home,97,457.91
U342,P009,click,2026-04-04 23:47:00,mobile,electronics,405,10.75
U080,P050,click,2026-04-04 23:48:00,desktop,clothing,541,475.77
U237,P067,click,2026-04-04 23:48:00,tablet,electronics,49,12.89
U151,P077,click,2026-04-04 23:48:00,mobile,home,283,102.23
U360,P063,click,2026-04-04 23:48:00,desktop,clothing,165,58.22
U082,P038,add_to_cart,2026-04-04 23:49:00,tablet,electronics,435,76.76
U227,P011,view,2026-04-04 23:50:00,desktop,beauty,228,182.09
U429,P008,click,2026-04-04 23:52:00,desktop,home,516,443.59
U343,P061,click,2026-04-04 23:52:00,desktop,electronics,233,13.72
U311,P036,click,2026-04-04 23:52:00,mobile,electronics,402,185.37
U387,P063,add_to_cart,2026-04-04 23:53:00,desktop,electronics,422,45.58
U134,P045,view,2026-04-04 23:55:00,desktop,beauty,63,222.09
U137,P032,click,2026-04-04 23:55:00,desktop,beauty,259,121.71
U243,P053,click,2026-04-04 23:56:00,mobile,home,584,201.55
U354,P029,view,2026-04-04 23:57:00,mobile,electronics,35,141.96
U291,P084,click,2026-04-04 23:58:00,mobile,electronics,314,112.64
U204,P033,click,2026-04-04 23:59:00,tablet,clothing,597,266.55
U158,P045,view,2026-04-05 00:01:00,tablet,clothing,248,260.48
U318,P097,view,2026-04-05 00:04:00,desktop,beauty,334,492.36
U222,P047,view,2026-04-05 00:04:00,tablet,home,147,422.27
U219,P007,view,2026-04-05 00:05:00,mobile,beauty,166,244.37
U319,P055,view,2026-04-05 00:06:00,tablet,electronics,50,406.07
U275,P081,click,2026-04-05 00:06:00,mobile,clothing,325,73.06
U308,P067,add_to_cart,2026-04-05 00:08:00,desktop,electronics,566,407.44
U228,P079,view,2026-04-05 00:09:00,mobile,home,30,31.84
U464,P026,view,2026-04-05 00:14:00,mobile,home,306,473.37
U105,P042,view,2026-04-05 00:14:00,desktop,home,11,163.07
U034,P021,view,2026-04-05 00:14:00,mobile,clothing,227,46.37
U026,P060,view,2026-04-05 00:16:00,mobile,clothing,288,305.8
U479,P031,view,2026-04-05 00:16:00,desktop,electronics,104,246.53
U079,P010,view,2026-04-05 00:17:00,tablet,clothing,442,337.76
U097,P026,view,2026-04-05 00:18:00,desktop,home,32,111.83
U109,P027,view,2026-04-05 00:18:00,tablet,clothing,505,446.51
U353,P014,view,2026-04-05 00:18:00,mobile,beauty,98,11.59
U442,P100,view,2026-04-05 00:20:00,mobile,clothing,305,471.79
U357,P077,add_to_cart,2026-04-05 00:20:00,desktop,home,469,49.36
U358,P012,view,2026-04-05 00:20:00,tablet,electronics,132,195.63
U041,P071,view,2026-04-05 00:21:00,mobile,home,147,256.71
U109,P042,view,2026-04-05 00:22:00,mobile,clothing,142,253.26
U064,P051,view,2026-04-05 00:22:00,tablet,beauty,465,244.33
U123,P070,click,2026-04-05 00:22:00,desktop,home,461,390.68
U369,P039,click,2026-04-05 00:25:00,desktop,beauty,433,369.45
U385,P094,view,2026-04-05 00:27:00,tablet,home,455,427.03
U375,P089,view,2026-04-05 00:27:00,tablet,home,218,71.51
U078,P032,click,2026-04-05 00:28:00,mobile,home,483,439.62
U415,P017,view,2026-04-05 00:28:00,mobile,clothing,43,467.53
U447,P092,click,2026-04-05 00:28:00,desktop,home,280,442.59
U047,P037,view,2026-04-05 00:31:00,mobile,home,330,203.67
U458,P093,view,2026-04-05 00:31:00,mobile,clothing,154,411.56
U111,P018,view,2026-04-05 00:32:00,mobile,home,63,346.92
U353,P071,click,2026-04-05 00:33:00,mobile,home,479,413.43
U471,P083,add_to_cart,2026-04-05 00:34:00,desktop,electronics,597,15.68
U304,P036,view,2026-04-05 00:35:00,mobile,beauty,141,48.53
U040,P009,view,2026-04-05 00:36:00,mobile,clothing,29,267.97
U178,P035,click,2026-04-05 00:37:00,mobile,home,177,84.33
U199,P024,click,2026-04-05 00:38:00,desktop,home,449,202.53
U300,P054,view,2026-04-05 00:39:00,tablet,beauty,219,51.55
U022,P059,click,2026-04-05 00:39:00,tablet,beauty,387,208.73
U124,P026,view,2026-04-05 00:40:00,desktop,beauty,107,88.52
U079,P063,view,2026-04-05 00:41:00,tablet,electronics,152,385.91
U233,P069,view,2026-04-05 00:41:00,tablet,clothing,12,158.29
U376,P099,view,2026-04-05 00:43:00,mobile,electronics,368,492.61
U049,P016,click,2026-04-05 00:44:00,tablet,beauty,356,146.35
U492,P002,view,2026-04-05 00:45:00,mobile,clothing,412,384.24
U479,P057,click,2026-04-05 00:46:00,desktop,home,250,450.61
U161,P021,view,2026-04-05 00:48:00,tablet,electronics,228,228.33
U489,P070,view,2026-04-05 00:48:00,tablet,beauty,197,457.59
U322,P085,click,2026-04-05 00:48:00,desktop,clothing,387,447.05
U261,P026,click,2026-04-05 00:50:00,desktop,electronics,116,243.19
U338,P008,click,2026-04-05 00:50:00,mobile,beauty,481,435.99
U273,P061,view,2026-04-05 00:51:00,mobile,clothing,136,72.98
U191,P060,view,2026-04-05 00:51:00,mobile,clothing,128,368.37
U219,P016,click,2026-04-05 00:52:00,mobile,beauty,556,346.41
U197,P090,click,2026-04-05 00:54:00,tablet,beauty,126,23.61
U294,P072,click,2026-04-05 00:54:00,mobile,beauty,549,150.15
U244,P041,click,2026-04-05 00:55:00,mobile,electronics,288,72.93
U150,P039,view,2026-04-05 00:55:00,mobile,beauty,126,133.48
U134,P033,add_to_cart,2026-04-05 00:57:00,desktop,electronics,481,347.24
U155,P043,view,2026-04-05 00:59:00,tablet,home,272,473.76
U379,P072,view,2026-04-05 01:01:00,mobile,home,391,402.7
U203,P048,add_to_cart,2026-04-05 01:02:00,desktop,electronics,445,157.61
U476,P050,click,2026-04-05 01:02:00,tablet,home,363,285.08
U302,P058,view,2026-04-05 01:02:00,tablet,electronics,289,497.47
U410,P024,add_to_cart,2026-04-05 01:03:00,mobile,electronics,542,145.19
U497,P036,click,2026-04-05 01:05:00,mobile,home,566,184.44
U051,P077,add_to_cart,2026-04-05 01:05:00,tablet,clothing,526,54.02
U042,P096,view,2026-04-05 01:05:00,tablet,home,307,327.17
U219,P023,add_to_cart,2026-04-05 01:06:00,desktop,home,584,178.57
U069,P047,click,2026-04-05 01:06:00,mobile,beauty,472,59.93
U284,P026,click,2026-04-05 01:08:00,desktop,home,324,321.74
U442,P004,view,2026-04-05 01:08:00,tablet,home,326,238.91
U447,P069,click,2026-04-05 01:09:00,mobile,home,528,273.2
U170,P093,click,2026-04-05 01:11:00,tablet,clothing,490,81.99
U127,P099,click,2026-04-05 01:11:00,mobile,home,357,183.57
U263,P085,view,2026-04-05 01:14:00,mobile,home,249,402.26
U251,P097,click,2026-04-05 01:15:00,tablet,clothing,501,100.69
U012,P009,add_to_cart,2026-04-05 01:15:00,desktop,clothing,345,80.36
U070,P099,click,2026-04-05 01:17:00,desktop,electronics,274,363.13
U186,P035,click,2026-04-05 01:23:00,desktop,clothing,494,268.28
U250,P042,view,2026-04-05 01:23:00,mobile,beauty,206,323.9
U366,P017,add_to_cart,2026-04-05 01:23:00,desktop,beauty,488,394.6
U038,P061,view,2026-04-05 01:25:00,mobile,beauty,171,498.09
U119,P053,click,2026-04-05 01:27:00,mobile,home,378,86.06
U204,P052,click,2026-04-05 01:30:00,tablet,home,378,372.54
U415,P017,view,2026-04-05 01:31:00,tablet,clothing,400,354.99
U379,P019,view,2026-04-05 01:31:00,mobile,electronics,407,467.94
U331,P092,view,2026-04-05 01:32:00,desktop,clothing,73,298.94
U405,P074,click,2026-04-05 01:33:00,desktop,clothing,462,221.23
U357,P070,view,2026-04-05 01:34:00,mobile,beauty,205,279.55
U366,P078,view,2026-04-05 01:36:00,tablet,electronics,59,432.24
U453,P090,click,2026-04-05 01:36:00,tablet,electronics,229,265.05
U056,P052,view,2026-04-05 01:36:00,tablet,home,117,409.25
U446,P072,click,2026-04-05 01:36:00,desktop,electronics,319,451.66
U064,P090,click,2026-04-05 01:37:00,tablet,electronics,589,291.71
U305,P020,click,2026-04-05 01:38:00,tablet,clothing,445,387.29
U155,P044,click,2026-04-05 01:40:00,desktop,clothing,500,443.09
U361,P050,click,2026-04-05 01:41:00,desktop,beauty,73,39.88
U200,P090,view,2026-04-05 01:42:00,tablet,home,124,112.53
U248,P050,view,2026-04-05 01:42:00,tablet,clothing,149,148.33
U259,P074,view,2026-04-05 01:42:00,tablet,beauty,79,351.84
U227,P043,add_to_cart,2026-04-05 01:43:00,desktop,home,554,75.92
U070,P089,view,2026-04-05 01:43:00,tablet,clothing,460,489.44
U216,P026,click,2026-04-05 01:44:00,desktop,home,383,450.47
U190,P020,click,2026-04-05 01:44:00,tablet,clothing,479,288.17
U279,P084,add_to_cart,2026-04-05 01:44:00,desktop,electronics,450,229.49
U065,P090,view,2026-04-05 01:45:00,mobile,clothing,170,131.57
U069,P046,click,2026-04-05 01:46:00,tablet,beauty,447,203.4
U244,P086,view,2026-04-05 01:47:00,tablet,home,238,432.93
U285,P014,view,2026-04-05 01:48:00,tablet,home,49,218.67
U023,P032,view,2026-04-05 01:48:00,desktop,clothing,391,419.04
U275,P097,click,2026-04-05 01:49:00,desktop,electronics,226,42.05
U382,P096,view,2026-04-05 01:50:00,mobile,home,175,313.88
U233,P049,click,2026-04-05 01:51:00,tablet,electronics,480,82.64
U360,P005,click,2026-04-05 01:51:00,tablet,electronics,438,301.57
U105,P047,view,2026-04-05 01:51:00,mobile,electronics,155,482.79
U496,P089,click,2026-04-05 01:53:00,mobile,electronics,191,118.25
U200,P074,view,2026-04-05 01:56:00,desktop,beauty,189,360.81
U038,P031,view,2026-04-05 01:56:00,mobile,beauty,139,370.6
U139,P047,view,2026-04-05 01:56:00,desktop,beauty,104,440.11
U249,P078,view,2026-04-05 01:57:00,mobile,beauty,33,303.67
U258,P057,click,2026-04-05 01:57:00,mobile,beauty,408,59.14
U064,P098,view,2026-04-05 02:01:00,tablet,electronics,29,415.24
U460,P040,click,2026-04-05 02:01:00,desktop,electronics,195,185.32
U425,P010,view,2026-04-05 02:02:00,desktop,home,181,420.25
U293,P001,view,2026-04-05 02:03:00,tablet,beauty,281,145.48
U376,P055,click,2026-04-05 02:05:00,desktop,clothing,395,495.04
U150,P044,click,2026-04-05 02:06:00,tablet,beauty,511,110.67
U009,P049,add_to_cart,2026-04-05 02:06:00,desktop,home,489,137.04
U305,P064,view,2026-04-05 02:07:00,tablet,clothing,62,394.42
U071,P028,click,2026-04-05 02:07:00,mobile,electronics,450,269.17
U487,P032,view,2026-04-05 02:08:00,mobile,clothing,243,419.25
U499,P031,add_to_cart,2026-04-05 02:09:00,desktop,electronics,378,162.98
U138,P028,click,2026-04-05 02:10:00,tablet,clothing,393,141.41
U116,P050,add_to_cart,2026-04-05 02:10:00,desktop,electronics,247,10.22
U250,P043,click,2026-04-05 02:11:00,desktop,beauty,330,119.26
U077,P014,view,2026-04-05 02:11:00,mobile,home,247,143.67
U410,P069,add_to_cart,2026-04-05 02:12:00,desktop,clothing,433,242.13
U035,P035,view,2026-04-05 02:13:00,mobile,clothing,273,499.85
U455,P038,click,2026-04-05 02:15:00,mobile,clothing,550,358.02
U486,P010,view,2026-04-05 02:16:00,mobile,home,181,355.92
U068,P086,add_to_cart,2026-04-05 02:19:00,desktop,electronics,477,219.43
U373,P064,view,2026-04-05 02:22:00,mobile,clothing,241,82.27
U140,P080,view,2026-04-05 02:30:00,mobile,beauty,372,354.74
U500,P095,click,2026-04-05 02:30:00,mobile,electronics,544,341.46
U463,P028,click,2026-04-05 02:30:00,desktop,electronics,261,336.85
U294,P038,view,2026-04-05 02:30:00,tablet,home,250,248.74
U254,P036,click,2026-04-05 02:30:00,mobile,beauty,242,226.69
U033,P040,view,2026-04-05 02:33:00,mobile,clothing,374,468.06
U042,P083,view,2026-04-05 02:35:00,tablet,electronics,214,311.47
U288,P035,click,2026-04-05 02:36:00,mobile,home,265,110.49
U264,P097,view,2026-04-05 02:37:00,mobile,clothing,270,283.87
U331,P084,view,2026-04-05 02:39:00,tablet,clothing,104,260.84
U485,P084,view,2026-04-05 02:41:00,mobile,electronics,392,352.47
U226,P081,click,2026-04-05 02:41:00,desktop,beauty,315,463.34
U326,P041,view,2026-04-05 02:42:00,mobile,home,327,141.47
U282,P079,click,2026-04-05 02:43:00,desktop,beauty,275,321.87
U076,P065,add_to_cart,2026-04-05 02:43:00,desktop,electronics,376,133.17
U092,P097,view,2026-04-05 02:49:00,mobile,home,229,452.81
U488,P058,view,2026-04-05 02:49:00,mobile,home,31,408.81
U049,P086,click,2026-04-05 02:50:00,tablet,home,229,99.72
U138,P096,view,2026-04-05 02:50:00,mobile,beauty,336,474.98
U486,P079,view,2026-04-05 02:51:00,tablet,electronics,241,419.34
U118,P065,click,2026-04-05 02:51:00,tablet,beauty,269,100.38
U389,P064,click,2026-04-05 02:54:00,tablet,beauty,302,233.55
U422,P015,view,2026-04-05 02:54:00,mobile,clothing,193,54.72
U059,P043,add_to_cart,2026-04-05 02:55:00,mobile,beauty,541,80.88
U084,P011,view,2026-04-05 02:55:00,tablet,beauty,544,462.22
U427,P096,view,2026-04-05 02:55:00,tablet,home,195,461.51
U088,P033,view,2026-04-05 02:56:00,mobile,beauty,93,408.91
U044,P026,add_to_cart,2026-04-05 02:56:00,mobile,clothing,599,46.21
U426,P035,view,2026-04-05 02:57:00,tablet,electronics,14,317.7
U158,P035,click,2026-04-05 02:58:00,mobile,home,440,271.83
U150,P097,view,2026-04-05 02:59:00,desktop,clothing,39,193.25
U436,P078,view,2026-04-05 03:01:00,desktop,beauty,136,257.28
U080,P097,click,2026-04-05 03:02:00,mobile,electronics,390,92.82
U498,P027,add_to_cart,2026-04-05 03:02:00,tablet,home,582,186.53
U204,P017,view,2026-04-05 03:06:00,desktop,clothing,26,249.75
U062,P099,click,2026-04-05 03:07:00,desktop,home,456,329.03
U474,P002,view,2026-04-05 03:07:00,mobile,beauty,189,371.5
U350,P045,click,2026-04-05 03:08:00,desktop,clothing,263,353.69
U077,P043,view,2026-04-05 03:09:00,mobile,beauty,207,46.59
U466,P057,click,2026-04-05 03:09:00,tablet,home,502,52.95
U403,P038,view,2026-04-05 03:09:00,mobile,home,202,478.14
U329,P093,click,2026-04-05 03:11:00,tablet,clothing,244,16.06
U259,P096,view,2026-04-05 03:11:00,mobile,electronics,166,395.49
U387,P024,click,2026-04-05 03:11:00,desktop,clothing,121,219.83
U010,P044,click,2026-04-05 03:12:00,mobile,electronics,181,155.24
U152,P024,view,2026-04-05 03:12:00,mobile,home,234,406.89
U406,P056,add_to_cart,2026-04-05 03:12:00,mobile,home,592,93.65
U350,P007,add_to_cart,2026-04-05 03:12:00,mobile,home,564,20.46
U139,P096,click,2026-04-05 03:12:00,tablet,electronics,338,229.96
U162,P075,click,2026-04-05 03:14:00,mobile,home,221,47.59
U055,P005,view,2026-04-05 03:15:00,mobile,electronics,225,444.59
U442,P027,click,2026-04-05 03:19:00,tablet,beauty,548,337.81
U148,P078,view,2026-04-05 03:21:00,tablet,home,241,377.89
U002,P083,view,2026-04-05 03:24:00,tablet,electronics,179,489.23
U018,P004,click,2026-04-05 03:24:00,tablet,beauty,594,471.71
U147,P032,click,2026-04-05 03:24:00,mobile,electronics,210,63.1
U003,P058,add_to_cart,2026-04-05 03:25:00,desktop,clothing,475,19.62
U271,P057,click,2026-04-05 03:26:00,desktop,clothing,285,16.96
U338,P098,click,2026-04-05 03:27:00,mobile,beauty,318,19.99
U141,P027,view,2026-04-05 03:27:00,tablet,beauty,268,391.96
U387,P081,view,2026-04-05 03:28:00,desktop,electronics,130,375.58
U016,P088,click,2026-04-05 03:28:00,desktop,clothing,334,452.36
U056,P046,add_to_cart,2026-04-05 03:29:00,desktop,electronics,506,203.2
U160,P069,click,2026-04-05 03:30:00,desktop,electronics,93,267.06
U270,P037,click,2026-04-05 03:30:00,mobile,electronics,404,267.58
U431,P039,view,2026-04-05 03:31:00,mobile,beauty,214,286.13
U245,P025,click,2026-04-05 03:32:00,tablet,clothing,304,259.06
U406,P089,click,2026-04-05 03:36:00,desktop,clothing,326,46.87
U312,P044,add_to_cart,2026-04-05 03:36:00,tablet,beauty,571,56.58
U057,P067,view,2026-04-05 03:39:00,mobile,home,23,299.02
U459,P084,click,2026-04-05 03:39:00,mobile,clothing,299,242.86
U184,P068,click,2026-04-05 03:39:00,desktop,electronics,51,26.3
U201,P005,view,2026-04-05 03:40:00,mobile,home,129,48.2
U288,P067,add_to_cart,2026-04-05 03:43:00,tablet,clothing,483,10.48
U497,P012,click,2026-04-05 03:44:00,mobile,electronics,491,437.61
U156,P027,add_to_cart,2026-04-05 03:45:00,desktop,electronics,597,49.7
U403,P023,view,2026-04-05 03:46:00,desktop,home,261,362.82
U348,P043,click,2026-04-05 03:46:00,mobile,clothing,256,75.74
U167,P091,click,2026-04-05 03:47:00,desktop,home,239,193.39
U409,P038,click,2026-04-05 03:48:00,desktop,home,331,384.58
U046,P006,view,2026-04-05 03:48:00,desktop,beauty,211,411.78
U161,P028,click,2026-04-05 03:48:00,desktop,home,423,197.52
U007,P047,view,2026-04-05 03:49:00,tablet,home,200,414.94
U372,P028,click,2026-04-05 03:51:00,mobile,electronics,335,457.92
U418,P089,view,2026-04-05 03:51:00,mobile,electronics,321,454.14
U019,P060,view,2026-04-05 03:52:00,mobile,beauty,345,384.53
U312,P099,view,2026-04-05 03:54:00,mobile,beauty,150,182.26
U164,P017,click,2026-04-05 03:55:00,desktop,electronics,63,170.42
U482,P029,click,2026-04-05 03:55:00,mobile,clothing,497,172.0
U458,P087,view,2026-04-05 03:55:00,tablet,clothing,252,469.79
U241,P047,click,2026-04-05 03:58:00,mobile,clothing,552,325.71
U486,P062,view,2026-04-05 03:58:00,tablet,clothing,193,355.48
U263,P045,click,2026-04-05 03:58:00,desktop,clothing,161,22.67
U166,P029,view,2026-04-05 03:59:00,mobile,electronics,142,487.29
U372,P003,view,2026-04-05 03:59:00,desktop,beauty,155,412.89
U350,P016,click,2026-04-05 04:00:00,desktop,beauty,165,42.62
U313,P020,click,2026-04-05 04:00:00,desktop,electronics,398,226.72
U434,P014,add_to_cart,2026-04-05 04:00:00,desktop,clothing,362,44.4
U387,P027,view,2026-04-05 04:03:00,tablet,electronics,75,425.44
U406,P065,add_to_cart,2026-04-05 04:03:00,desktop,home,432,14.44
U238,P023,click,2026-04-05 04:05:00,desktop,beauty,339,246.18
U276,P009,view,2026-04-05 04:06:00,tablet,clothing,260,455.48
U379,P098,click,2026-04-05 04:06:00,desktop,home,298,397.95
U202,P063,view,2026-04-05 04:06:00,mobile,beauty,247,162.31
U399,P024,click,2026-04-05 04:07:00,mobile,home,471,61.35
U492,P047,view,2026-04-05 04:11:00,mobile,home,75,452.2
U224,P034,view,2026-04-05 04:12:00,mobile,home,211,398.02
U410,P001,view,2026-04-05 04:12:00,mobile,beauty,187,191.41
U475,P060,view,2026-04-05 04:12:00,mobile,beauty,285,271.28
U232,P074,click,2026-04-05 04:13:00,tablet,beauty,431,227.16
U044,P094,click,2026-04-05 04:13:00,tablet,beauty,426,304.74
U474,P070,view,2026-04-05 04:13:00,tablet,beauty,296,444.84
U393,P066,click,2026-04-05 04:16:00,desktop,home,424,369.11
U036,P020,view,2026-04-05 04:17:00,mobile,clothing,253,418.59
U014,P051,view,2026-04-05 04:17:00,mobile,clothing,176,255.48
U311,P059,click,2026-04-05 04:21:00,mobile,beauty,503,331.16
U327,P015,view,2026-04-05 04:23:00,mobile,clothing,287,492.11
U468,P050,click,2026-04-05 04:23:00,tablet,clothing,584,99.43
U105,P077,click,2026-04-05 04:23:00,desktop,home,351,75.08
U269,P012,view,2026-04-05 04:24:00,mobile,electronics,235,415.93
U033,P042,click,2026-04-05 04:25:00,desktop,beauty,386,308.06
U487,P057,click,2026-04-05 04:25:00,desktop,beauty,475,341.54
U305,P021,view,2026-04-05 04:30:00,desktop,beauty,202,451.3
U006,P005,click,2026-04-05 04:30:00,desktop,clothing,343,239.38
U254,P097,view,2026-04-05 04:30:00,desktop,electronics,72,417.66
U056,P085,click,2026-04-05 04:31:00,mobile,clothing,585,466.31
U209,P071,view,2026-04-05 04:35:00,mobile,home,192,425.77
U216,P056,view,2026-04-05 04:37:00,tablet,beauty,188,133.37
U326,P076,view,2026-04-05 04:38:00,tablet,beauty,223,374.69
U342,P069,view,2026-04-05 04:40:00,desktop,beauty,103,153.99
U001,P032,view,2026-04-05 04:40:00,tablet,clothing,83,471.62
U100,P001,click,2026-04-05 04:40:00,mobile,beauty,215,93.99
U127,P057,view,2026-04-05 04:42:00,desktop,home,362,490.39
U044,P039,view,2026-04-05 04:42:00,tablet,beauty,47,395.52
U391,P019,view,2026-04-05 04:44:00,tablet,electronics,134,475.61
U273,P076,view,2026-04-05 04:44:00,mobile,home,419,460.11
U212,P031,click,2026-04-05 04:46:00,tablet,beauty,335,247.49
U380,P057,click,2026-04-05 04:47:00,desktop,electronics,216,224.0
U034,P037,click,2026-04-05 04:49:00,desktop,electronics,321,226.13
U404,P047,click,2026-04-05 04:49:00,tablet,electronics,275,457.02
U027,P005,click,2026-04-05 04:50:00,desktop,clothing,162,277.75
U460,P091,view,2026-04-05 04:51:00,mobile,home,313,459.0
U195,P018,add_to_cart,2026-04-05 04:51:00,tablet,electronics,547,76.68
U366,P060,click,2026-04-05 04:52:00,desktop,beauty,384,167.16
U211,P063,view,2026-04-05 04:53:00,desktop,electronics,181,462.68
U231,P043,view,2026-04-05 04:53:00,mobile,home,363,407.79
U028,P083,click,2026-04-05 04:53:00,mobile,electronics,574,368.18
U232,P032,view,2026-04-05 04:54:00,tablet,beauty,135,443.86
U261,P022,click,2026-04-05 04:54:00,tablet,home,354,100.65
U401,P083,view,2026-04-05 04:56:00,tablet,electronics,354,452.4
U219,P038,view,2026-04-05 04:58:00,tablet,electronics,108,286.62
U088,P002,click,2026-04-05 04:58:00,desktop,home,430,479.09
U056,P088,view,2026-04-05 04:59:00,mobile,electronics,134,72.58
U251,P057,view,2026-04-05 05:00:00,mobile,beauty,201,275.48
U021,P039,click,2026-04-05 05:00:00,mobile,electronics,573,402.14
U411,P025,add_to_cart,2026-04-05 05:00:00,mobile,electronics,405,24.62
U166,P068,click,2026-04-05 05:01:00,mobile,home,544,199.37
U070,P062,view,2026-04-05 05:01:00,mobile,beauty,94,476.28
U495,P021,view,2026-04-05 05:01:00,mobile,electronics,54,472.57
U403,P017,click,2026-04-05 05:02:00,mobile,beauty,572,455.44
U022,P027,view,2026-04-05 05:03:00,desktop,clothing,188,470.63
U333,P087,click,2026-04-05 05:04:00,tablet,clothing,517,54.91
U164,P077,add_to_cart,2026-04-05 05:05:00,desktop,home,490,148.41
U221,P025,view,2026-04-05 05:06:00,tablet,beauty,384,393.7
U149,P088,view,2026-04-05 05:08:00,tablet,home,48,430.36
U312,P054,view,2026-04-05 05:10:00,mobile,clothing,175,342.48
U256,P070,view,2026-04-05 05:10:00,tablet,clothing,319,278.98
U100,P082,view,2026-04-05 05:11:00,tablet,clothing,160,168.98
U423,P043,view,2026-04-05 05:13:00,mobile,clothing,434,312.75
U109,P054,view,2026-04-05 05:15:00,desktop,beauty,52,425.92
U477,P072,click,2026-04-05 05:18:00,tablet,home,592,245.75
U198,P053,view,2026-04-05 05:18:00,desktop,beauty,21,319.64
U134,P043,click,2026-04-05 05:19:00,tablet,clothing,334,141.5
U320,P056,view,2026-04-05 05:19:00,mobile,home,239,309.62
U480,P038,click,2026-04-05 05:20:00,desktop,electronics,332,369.22
U452,P092,view,2026-04-05 05:20:00,tablet,clothing,272,188.77
U277,P088,click,2026-04-05 05:22:00,mobile,electronics,404,170.88
U096,P067,click,2026-04-05 05:26:00,desktop,beauty,502,477.66
U133,P069,view,2026-04-05 05:28:00,mobile,home,280,390.29
U170,P071,add_to_cart,2026-04-05 05:28:00,mobile,beauty,571,37.83
U056,P006,view,2026-04-05 05:28:00,tablet,clothing,204,381.44
U363,P074,click,2026-04-05 05:28:00,tablet,beauty,449,73.28
U347,P017,click,2026-04-05 05:28:00,mobile,electronics,296,359.55
U154,P099,click,2026-04-05 05:29:00,tablet,home,385,51.13
U306,P040,view,2026-04-05 05:30:00,tablet,clothing,468,444.61
U172,P078,add_to_cart,2026-04-05 05:32:00,desktop,beauty,575,152.96
U009,P046,view,2026-04-05 05:33:00,mobile,electronics,232,309.96
U240,P048,click,2026-04-05 05:34:00,desktop,beauty,454,311.38
U048,P070,view,2026-04-05 05:34:00,mobile,beauty,89,236.39
U085,P019,view,2026-04-05 05:37:00,tablet,home,282,311.37
U144,P019,click,2026-04-05 05:38:00,tablet,clothing,446,265.67
U383,P023,view,2026-04-05 05:39:00,tablet,beauty,373,451.52
U032,P029,click,2026-04-05 05:39:00,desktop,home,416,422.37
U305,P075,click,2026-04-05 05:40:00,mobile,beauty,398,96.44
U264,P069,view,2026-04-05 05:40:00,tablet,home,70,68.21
U057,P048,view,2026-04-05 05:42:00,tablet,home,312,164.64
U021,P028,view,2026-04-05 05:43:00,mobile,clothing,13,67.13
U357,P041,click,2026-04-05 05:43:00,desktop,clothing,258,401.66
U354,P098,click,2026-04-05 05:43:00,desktop,clothing,388,283.78
U488,P039,click,2026-04-05 05:44:00,mobile,home,375,112.35
U282,P066,click,2026-04-05 05:45:00,mobile,beauty,559,110.01
U443,P065,click,2026-04-05 05:48:00,desktop,home,405,325.42
U310,P026,view,2026-04-05 05:49:00,tablet,home,143,193.5
U330,P019,click,2026-04-05 05:49:00,mobile,electronics,245,194.23
U193,P091,click,2026-04-05 05:49:00,tablet,electronics,62,89.03
U153,P046,click,2026-04-05 05:49:00,desktop,electronics,45,135.64
U083,P079,view,2026-04-05 05:50:00,mobile,beauty,127,347.38
U498,P098,view,2026-04-05 05:50:00,mobile,beauty,215,174.0
U057,P032,view,2026-04-05 05:51:00,desktop,home,30,146.58
U394,P040,click,2026-04-05 05:52:00,tablet,home,327,35.27
U025,P077,view,2026-04-05 05:53:00,mobile,home,207,478.7
U406,P071,click,2026-04-05 05:54:00,mobile,clothing,200,120.15
U347,P093,view,2026-04-05 05:54:00,tablet,electronics,135,369.96
U114,P066,view,2026-04-05 05:55:00,desktop,electronics,56,132.55
U471,P062,view,2026-04-05 05:55:00,mobile,clothing,36,243.36
U180,P099,click,2026-04-05 05:57:00,tablet,home,324,37.5
U011,P088,view,2026-04-05 05:57:00,tablet,clothing,301,218.6
U193,P048,view,2026-04-05 05:58:00,tablet,clothing,95,379.55
U241,P080,click,2026-04-05 05:58:00,tablet,home,528,242.3
U126,P006,click,2026-04-05 05:58:00,mobile,electronics,370,199.3
U182,P072,view,2026-04-05 05:59:00,tablet,beauty,500,404.27
U191,P022,view,2026-04-05 05:59:00,desktop,clothing,53,298.52
U413,P087,view,2026-04-05 06:00:00,mobile,home,416,356.82
U290,P070,view,2026-04-05 06:01:00,mobile,beauty,165,161.84
U471,P040,click,2026-04-05 06:02:00,tablet,electronics,480,395.21
U492,P081,view,2026-04-05 06:03:00,tablet,beauty,435,392.81
U122,P003,add_to_cart,2026-04-05 06:03:00,desktop,beauty,527,254.95
U125,P088,click,2026-04-05 06:04:00,desktop,electronics,222,132.86
U474,P019,view,2026-04-05 06:06:00,mobile,clothing,66,97.91
U438,P028,click,2026-04-05 06:08:00,tablet,beauty,294,30.44
U477,P092,click,2026-04-05 06:08:00,tablet,beauty,584,334.94
U338,P067,click,2026-04-05 06:09:00,mobile,electronics,481,459.89
U014,P085,click,2026-04-05 06:10:00,desktop,beauty,497,333.14
U351,P079,click,2026-04-05 06:10:00,desktop,beauty,216,88.99
U161,P079,click,2026-04-05 06:13:00,mobile,home,442,185.36
U012,P030,click,2026-04-05 06:13:00,desktop,beauty,475,488.15
U399,P055,view,2026-04-05 06:14:00,desktop,beauty,15,134.48
U425,P041,click,2026-04-05 06:14:00,desktop,beauty,362,299.02
U259,P017,click,2026-04-05 06:15:00,mobile,beauty,589,383.43
U062,P038,click,2026-04-05 06:16:00,desktop,beauty,391,253.91
U232,P092,view,2026-04-05 06:16:00,tablet,beauty,197,344.94
U302,P073,view,2026-04-05 06:17:00,mobile,beauty,164,476.0
U013,P018,view,2026-04-05 06:17:00,mobile,clothing,288,480.57
U190,P030,view,2026-04-05 06:17:00,tablet,electronics,76,383.01
U107,P082,view,2026-04-05 06:18:00,tablet,electronics,85,336.26
U031,P095,view,2026-04-05 06:19:00,tablet,beauty,374,447.22
U036,P060,click,2026-04-05 06:22:00,mobile,home,413,88.7
U292,P028,add_to_cart,2026-04-05 06:23:00,desktop,clothing,545,458.15
U500,P049,view,2026-04-05 06:24:00,tablet,clothing,297,152.9
U268,P086,add_to_cart,2026-04-05 06:24:00,mobile,home,558,33.13
U291,P092,view,2026-04-05 06:26:00,tablet,clothing,184,491.97
U224,P056,click,2026-04-05 06:26:00,mobile,clothing,397,207.06
U396,P062,view,2026-04-05 06:27:00,mobile,beauty,106,482.42
U060,P066,add_to_cart,2026-04-05 06:27:00,desktop,electronics,505,56.01
U285,P006,view,2026-04-05 06:27:00,desktop,electronics,22,443.64
U113,P072,click,2026-04-05 06:28:00,mobile,clothing,481,396.71
U350,P050,add_to_cart,2026-04-05 06:28:00,desktop,beauty,574,110.92
U340,P005,click,2026-04-05 06:30:00,mobile,beauty,337,115.74
U085,P018,click,2026-04-05 06:30:00,tablet,electronics,532,438.19
U305,P024,click,2026-04-05 06:32:00,mobile,home,480,324.55
U373,P014,click,2026-04-05 06:32:00,tablet,home,448,444.27
U088,P043,add_to_cart,2026-04-05 06:33:00,desktop,electronics,404,401.97
U241,P050,click,2026-04-05 06:33:00,desktop,home,569,417.2
U133,P023,click,2026-04-05 06:34:00,tablet,home,391,243.07
U005,P035,view,2026-04-05 06:34:00,mobile,home,305,469.16
U499,P090,click,2026-04-05 06:35:00,desktop,clothing,320,436.49
U500,P061,view,2026-04-05 06:35:00,desktop,home,37,89.89
U104,P060,view,2026-04-05 06:35:00,mobile,home,253,411.64
U096,P032,view,2026-04-05 06:37:00,mobile,home,489,434.86
U464,P090,view,2026-04-05 06:37:00,desktop,electronics,65,431.43
U486,P099,view,2026-04-05 06:37:00,mobile,electronics,47,266.66
U314,P070,click,2026-04-05 06:38:00,mobile,clothing,543,347.89
U168,P013,add_to_cart,2026-04-05 06:38:00,desktop,electronics,452,166.74
U060,P010,click,2026-04-05 06:38:00,tablet,home,487,32.19
U198,P094,view,2026-04-05 06:38:00,tablet,beauty,175,238.43
U248,P026,click,2026-04-05 06:38:00,tablet,beauty,423,79.97
U300,P079,view,2026-04-05 06:39:00,desktop,beauty,18,464.11
U133,P075,add_to_cart,2026-04-05 06:41:00,tablet,electronics,520,167.6
U057,P012,click,2026-04-05 06:42:00,desktop,home,207,75.37
U264,P006,view,2026-04-05 06:42:00,mobile,clothing,437,456.66
U389,P026,add_to_cart,2026-04-05 06:43:00,desktop,clothing,414,142.0
U452,P098,add_to_cart,2026-04-05 06:50:00,mobile,electronics,563,247.4
U082,P040,click,2026-04-05 06:52:00,mobile,electronics,271,181.6
U135,P050,view,2026-04-05 06:54:00,tablet,clothing,412,337.74
U027,P078,click,2026-04-05 06:57:00,desktop,clothing,76,76.83
U071,P052,view,2026-04-05 06:58:00,desktop,clothing,152,193.66
U106,P073,click,2026-04-05 07:00:00,mobile,home,390,136.0
U085,P092,click,2026-04-05 07:01:00,desktop,home,315,15.2
U081,P021,click,2026-04-05 07:01:00,tablet,home,564,413.93
U419,P044,view,2026-04-05 07:02:00,tablet,beauty,24,106.68
U220,P021,click,2026-04-05 07:03:00,mobile,home,530,155.97
U352,P016,view,2026-04-05 07:03:00,desktop,electronics,46,451.52
U143,P093,view,2026-04-05 07:03:00,tablet,clothing,163,476.26
U124,P071,view,2026-04-05 07:04:00,tablet,clothing,160,158.9
U286,P032,view,2026-04-05 07:04:00,tablet,clothing,47,441.04
U003,P092,view,2026-04-05 07:05:00,tablet,clothing,130,363.59
U135,P086,view,2026-04-05 07:08:00,tablet,beauty,307,130.68
U069,P044,view,2026-04-05 07:08:00,desktop,beauty,223,375.52
U041,P070,view,2026-04-05 07:08:00,mobile,clothing,324,278.29
U423,P070,view,2026-04-05 07:08:00,tablet,home,399,368.45
U287,P083,click,2026-04-05 07:09:00,tablet,clothing,453,344.69
U001,P069,click,2026-04-05 07:10:00,tablet,home,338,151.44
U092,P005,add_to_cart,2026-04-05 07:10:00,desktop,home,598,319.77
U155,P018,view,2026-04-05 07:10:00,tablet,beauty,480,419.22
U161,P039,view,2026-04-05 07:11:00,tablet,electronics,118,153.01
U349,P019,view,2026-04-05 07:12:00,mobile,beauty,94,313.97
U358,P004,view,2026-04-05 07:13:00,mobile,clothing,226,461.47
U363,P033,view,2026-04-05 07:13:00,tablet,electronics,211,336.43
U253,P036,click,2026-04-05 07:13:00,mobile,beauty,501,476.42
U145,P013,view,2026-04-05 07:16:00,tablet,home,133,56.05
U341,P046,click,2026-04-05 07:17:00,tablet,clothing,434,290.64
U244,P029,view,2026-04-05 07:18:00,mobile,clothing,291,462.43
U091,P006,view,2026-04-05 07:19:00,desktop,beauty,21,162.95
U370,P037,view,2026-04-05 07:20:00,mobile,electronics,139,104.96
U322,P034,click,2026-04-05 07:20:00,desktop,clothing,324,387.66
U383,P012,click,2026-04-05 07:24:00,desktop,electronics,505,472.3
U265,P083,click,2026-04-05 07:24:00,desktop,clothing,351,311.12
U484,P003,view,2026-04-05 07:25:00,mobile,beauty,166,165.17
U297,P075,view,2026-04-05 07:27:00,tablet,beauty,475,344.35
U308,P066,click,2026-04-05 07:28:00,mobile,clothing,443,39.8
U424,P067,view,2026-04-05 07:28:00,tablet,beauty,390,365.68
U354,P065,view,2026-04-05 07:28:00,mobile,home,75,365.95
U052,P041,click,2026-04-05 07:31:00,desktop,beauty,256,106.02
U235,P083,view,2026-04-05 07:31:00,desktop,beauty,195,358.48
U011,P058,view,2026-04-05 07:32:00,tablet,beauty,234,142.56
U445,P100,click,2026-04-05 07:33:00,desktop,clothing,351,61.32
U406,P039,view,2026-04-05 07:33:00,tablet,home,32,453.85
U290,P037,view,2026-04-05 07:34:00,tablet,beauty,347,461.13
U124,P040,click,2026-04-05 07:34:00,desktop,beauty,229,341.2
U163,P031,view,2026-04-05 07:34:00,mobile,beauty,70,241.63
U301,P034,view,2026-04-05 07:36:00,tablet,home,356,356.09
U182,P086,click,2026-04-05 07:37:00,desktop,home,327,327.15
U448,P061,click,2026-04-05 07:37:00,desktop,beauty,159,123.58
U430,P050,view,2026-04-05 07:37:00,tablet,clothing,109,346.51
U055,P071,click,2026-04-05 07:38:00,desktop,electronics,188,230.76
U209,P055,add_to_cart,2026-04-05 07:39:00,desktop,electronics,524,54.32
U337,P072,click,2026-04-05 07:43:00,mobile,beauty,367,20.94
U018,P078,add_to_cart,2026-04-05 07:43:00,desktop,electronics,477,154.93
U054,P002,view,2026-04-05 07:44:00,tablet,beauty,155,420.47
U124,P074,add_to_cart,2026-04-05 07:46:00,tablet,clothing,538,140.47
U353,P094,click,2026-04-05 07:46:00,desktop,home,437,96.09
U172,P016,add_to_cart,2026-04-05 07:46:00,mobile,clothing,597,83.94
U139,P052,view,2026-04-05 07:46:00,tablet,clothing,369,238.69
U374,P019,click,2026-04-05 07:48:00,desktop,clothing,285,271.5
U080,P065,click,2026-04-05 07:48:00,desktop,home,245,253.2
U293,P041,view,2026-04-05 07:48:00,desktop,home,32,326.11
U286,P075,click,2026-04-05 07:52:00,desktop,home,381,396.96
U486,P046,view,2026-04-05 07:54:00,mobile,electronics,170,303.16
U164,P003,view,2026-04-05 07:55:00,desktop,home,62,470.6
U363,P061,view,2026-04-05 07:58:00,desktop,beauty,11,136.87
U387,P047,view,2026-04-05 07:59:00,mobile,beauty,306,101.33
U359,P093,view,2026-04-05 07:59:00,desktop,home,141,371.28
U048,P023,view,2026-04-05 08:01:00,tablet,home,26,36.82
U211,P026,click,2026-04-05 08:02:00,tablet,electronics,401,258.82
U227,P023,view,2026-04-05 08:03:00,mobile,electronics,214,369.38
U289,P084,view,2026-04-05 08:03:00,tablet,home,278,191.97
U269,P078,view,2026-04-05 08:03:00,mobile,clothing,72,344.99
U205,P006,click,2026-04-05 08:05:00,tablet,clothing,563,132.32
U273,P001,view,2026-04-05 08:08:00,desktop,electronics,50,291.66
U130,P018,add_to_cart,2026-04-05 08:08:00,desktop,electronics,567,91.91
U209,P046,click,2026-04-05 08:10:00,tablet,beauty,477,38.03
U440,P009,view,2026-04-05 08:10:00,tablet,beauty,22,397.46
U091,P065,view,2026-04-05 08:11:00,mobile,clothing,53,333.22
U087,P047,click,2026-04-05 08:12:00,mobile,electronics,454,285.58
U270,P090,add_to_cart,2026-04-05 08:12:00,desktop,clothing,378,21.42
U074,P027,add_to_cart,2026-04-05 08:15:00,mobile,electronics,464,231.49
U080,P098,click,2026-04-05 08:16:00,desktop,electronics,79,262.71
U365,P058,view,2026-04-05 08:18:00,tablet,clothing,93,303.88
U436,P021,view,2026-04-05 08:18:00,tablet,beauty,96,318.59
U336,P041,click,2026-04-05 08:19:00,desktop,electronics,201,346.72
U475,P020,add_to_cart,2026-04-05 08:20:00,mobile,clothing,557,51.9
U031,P005,view,2026-04-05 08:21:00,mobile,home,300,320.71
U031,P027,click,2026-04-05 08:22:00,desktop,beauty,119,82.46
U184,P088,click,2026-04-05 08:24:00,mobile,electronics,401,460.16
U018,P074,click,2026-04-05 08:24:00,mobile,electronics,568,480.62
U273,P040,click,2026-04-05 08:25:00,tablet,electronics,185,26.15
U145,P047,view,2026-04-05 08:27:00,mobile,beauty,24,146.13
U370,P066,click,2026-04-05 08:28:00,desktop,home,274,384.41
U395,P025,view,2026-04-05 08:29:00,tablet,home,163,371.78
U321,P069,click,2026-04-05 08:29:00,desktop,electronics,91,287.72
U421,P016,add_to_cart,2026-04-05 08:29:00,mobile,beauty,530,192.34
U040,P084,click,2026-04-05 08:29:00,desktop,beauty,347,205.46
U443,P039,view,2026-04-05 08:30:00,tablet,beauty,39,368.38
U030,P046,view,2026-04-05 08:31:00,desktop,clothing,274,453.59
U127,P069,click,2026-04-05 08:31:00,tablet,beauty,351,19.82
U358,P041,view,2026-04-05 08:32:00,desktop,clothing,22,271.82
U087,P045,click,2026-04-05 08:33:00,desktop,electronics,254,349.2
U085,P043,click,2026-04-05 08:34:00,desktop,electronics,93,66.95
U394,P036,view,2026-04-05 08:36:00,tablet,clothing,496,387.19
U019,P094,view,2026-04-05 08:37:00,desktop,clothing,297,389.42
U357,P030,view,2026-04-05 08:37:00,tablet,home,289,185.59
U464,P032,view,2026-04-05 08:38:00,mobile,home,73,303.76
U208,P027,view,2026-04-05 08:39:00,mobile,electronics,10,449.3
U149,P019,view,2026-04-05 08:40:00,tablet,clothing,297,205.11
U161,P086,click,2026-04-05 08:41:00,mobile,electronics,455,459.72
U184,P025,click,2026-04-05 08:42:00,desktop,beauty,181,205.89
U227,P016,add_to_cart,2026-04-05 08:42:00,mobile,beauty,596,111.55
U210,P079,click,2026-04-05 08:43:00,mobile,beauty,469,187.59
U468,P027,add_to_cart,2026-04-05 08:44:00,mobile,electronics,586,216.85
U228,P024,view,2026-04-05 08:45:00,mobile,clothing,432,386.91
U275,P073,view,2026-04-05 08:46:00,mobile,home,349,295.1
U161,P018,view,2026-04-05 08:46:00,mobile,electronics,96,461.28
U074,P037,click,2026-04-05 08:46:00,desktop,home,241,233.39
U356,P034,view,2026-04-05 08:46:00,mobile,beauty,527,447.71
U276,P007,view,2026-04-05 08:47:00,mobile,beauty,311,307.32
U148,P016,click,2026-04-05 08:47:00,mobile,electronics,482,471.99
U198,P082,click,2026-04-05 08:48:00,desktop,electronics,360,316.86
U319,P005,click,2026-04-05 08:48:00,mobile,clothing,459,255.65
U217,P035,view,2026-04-05 08:49:00,tablet,home,25,311.11
U061,P051,click,2026-04-05 08:51:00,desktop,home,282,118.14
U070,P016,click,2026-04-05 08:51:00,desktop,electronics,82,72.78
U413,P042,click,2026-04-05 08:51:00,desktop,beauty,418,395.83
U440,P033,click,2026-04-05 08:52:00,desktop,beauty,122,79.76
U463,P001,click,2026-04-05 08:52:00,tablet,electronics,343,216.02
U344,P046,click,2026-04-05 08:52:00,desktop,electronics,78,47.03
U082,P051,view,2026-04-05 08:55:00,mobile,home,86,207.93
U431,P058,view,2026-04-05 08:57:00,mobile,electronics,93,231.95
U081,P066,view,2026-04-05 08:58:00,desktop,home,453,499.62
U354,P006,add_to_cart,2026-04-05 08:58:00,tablet,clothing,569,26.89
U305,P023,click,2026-04-05 08:58:00,desktop,home,474,317.8
U409,P073,view,2026-04-05 09:01:00,tablet,clothing,25,307.77
U098,P023,click,2026-04-05 09:01:00,tablet,beauty,565,408.62
U062,P090,view,2026-04-05 09:02:00,tablet,beauty,209,118.98
U066,P073,view,2026-04-05 09:03:00,tablet,clothing,212,412.24
U265,P024,view,2026-04-05 09:03:00,mobile,home,220,265.51
U041,P019,view,2026-04-05 09:04:00,mobile,home,155,265.21
U352,P046,view,2026-04-05 09:05:00,tablet,electronics,278,254.21
U203,P041,view,2026-04-05 09:06:00,tablet,electronics,151,171.76
U373,P099,click,2026-04-05 09:07:00,tablet,electronics,315,471.44
U329,P015,view,2026-04-05 09:08:00,mobile,beauty,18,446.27
U239,P061,click,2026-04-05 09:09:00,mobile,beauty,563,258.53
U194,P071,add_to_cart,2026-04-05 09:09:00,desktop,beauty,369,128.53
U239,P037,view,2026-04-05 09:10:00,tablet,clothing,107,406.37
U481,P012,click,2026-04-05 09:10:00,desktop,beauty,293,417.81
U228,P038,click,2026-04-05 09:11:00,mobile,electronics,495,82.79
U387,P056,view,2026-04-05 09:11:00,tablet,home,43,230.03
U145,P016,click,2026-04-05 09:12:00,desktop,home,347,426.46
U074,P005,view,2026-04-05 09:12:00,mobile,clothing,27,454.62
U341,P056,click,2026-04-05 09:15:00,tablet,clothing,533,237.84
U033,P085,view,2026-04-05 09:16:00,mobile,beauty,132,112.02
U113,P057,click,2026-04-05 09:17:00,mobile,beauty,279,22.18
U425,P086,click,2026-04-05 09:17:00,desktop,electronics,161,97.65
U011,P023,view,2026-04-05 09:18:00,tablet,beauty,325,454.68
U477,P095,add_to_cart,2026-04-05 09:20:00,desktop,electronics,487,380.22
U331,P073,view,2026-04-05 09:21:00,tablet,beauty,101,334.6
U118,P057,view,2026-04-05 09:22:00,desktop,clothing,181,431.33
U381,P071,view,2026-04-05 09:24:00,desktop,home,298,372.03
U271,P012,click,2026-04-05 09:24:00,tablet,beauty,480,341.19
U124,P049,view,2026-04-05 09:25:00,tablet,beauty,301,350.87
U411,P078,view,2026-04-05 09:25:00,mobile,clothing,143,455.07
U439,P095,click,2026-04-05 09:26:00,mobile,beauty,405,393.46
U112,P031,view,2026-04-05 09:27:00,tablet,electronics,154,280.93
U244,P059,view,2026-04-05 09:28:00,mobile,clothing,209,175.28
U345,P001,view,2026-04-05 09:28:00,mobile,beauty,332,473.07
U173,P037,add_to_cart,2026-04-05 09:30:00,desktop,home,525,252.0
U238,P075,click,2026-04-05 09:30:00,desktop,electronics,202,212.68
U450,P091,add_to_cart,2026-04-05 09:30:00,desktop,electronics,379,391.57
U040,P099,view,2026-04-05 09:31:00,mobile,beauty,487,344.32
U295,P066,click,2026-04-05 09:32:00,tablet,clothing,390,247.65
U410,P066,click,2026-04-05 09:34:00,tablet,electronics,353,192.76
U029,P058,click,2026-04-05 09:35:00,desktop,home,333,186.16
U037,P028,click,2026-04-05 09:35:00,tablet,clothing,275,71.63
U065,P049,view,2026-04-05 09:35:00,mobile,home,450,332.64
U021,P037,add_to_cart,2026-04-05 09:36:00,tablet,electronics,585,90.6
U092,P048,click,2026-04-05 09:40:00,desktop,home,475,353.85
U485,P093,click,2026-04-05 09:41:00,tablet,clothing,380,336.54
U453,P044,add_to_cart,2026-04-05 09:41:00,desktop,electronics,347,64.87
U279,P096,add_to_cart,2026-04-05 09:42:00,desktop,electronics,535,435.95
U231,P052,view,2026-04-05 09:43:00,tablet,beauty,174,294.55
U300,P002,click,2026-04-05 09:43:00,desktop,home,460,238.56
U120,P075,click,2026-04-05 09:45:00,mobile,home,276,29.75
U158,P006,click,2026-04-05 09:45:00,desktop,home,230,125.99
U345,P077,view,2026-04-05 09:46:00,desktop,beauty,137,472.14
U110,P060,view,2026-04-05 09:48:00,tablet,beauty,51,355.69
U106,P044,view,2026-04-05 09:48:00,tablet,electronics,116,448.8
U024,P078,click,2026-04-05 09:48:00,desktop,home,327,269.75
U286,P056,click,2026-04-05 09:49:00,desktop,home,344,312.42
U436,P021,view,2026-04-05 09:50:00,tablet,home,477,354.15
U155,P091,add_to_cart,2026-04-05 09:52:00,desktop,clothing,543,318.84
U161,P065,click,2026-04-05 09:52:00,desktop,clothing,322,83.38
U159,P089,view,2026-04-05 09:52:00,tablet,electronics,271,494.87
U277,P044,add_to_cart,2026-04-05 09:54:00,desktop,beauty,373,164.92
U033,P060,view,2026-04-05 09:56:00,tablet,clothing,201,116.38
U445,P081,add_to_cart,2026-04-05 09:56:00,desktop,beauty,585,315.58
U170,P014,click,2026-04-05 09:57:00,desktop,beauty,287,53.36
U024,P020,click,2026-04-05 09:57:00,mobile,electronics,402,419.49
U008,P063,view,2026-04-05 09:57:00,desktop,clothing,303,456.15
U015,P006,add_to_cart,2026-04-05 09:58:00,desktop,clothing,505,285.11
U376,P067,add_to_cart,2026-04-05 10:00:00,tablet,beauty,588,142.74
U204,P038,view,2026-04-05 10:00:00,tablet,clothing,104,153.54
U082,P015,click,2026-04-05 10:00:00,desktop,home,301,25.23
U066,P052,view,2026-04-05 10:02:00,mobile,home,376,282.04
U400,P064,view,2026-04-05 10:03:00,mobile,clothing,130,497.68
U415,P078,click,2026-04-05 10:04:00,desktop,home,402,315.56
U276,P046,click,2026-04-05 10:04:00,mobile,electronics,261,94.8
U062,P044,view,2026-04-05 10:08:00,desktop,electronics,52,266.09
U434,P099,view,2026-04-05 10:09:00,tablet,clothing,253,38.72
U298,P019,view,2026-04-05 10:09:00,tablet,electronics,278,445.79
U230,P001,click,2026-04-05 10:10:00,mobile,electronics,579,217.43
U316,P044,click,2026-04-05 10:13:00,mobile,home,557,152.86
U447,P018,click,2026-04-05 10:15:00,tablet,clothing,539,276.51
U447,P060,view,2026-04-05 10:16:00,mobile,clothing,195,475.27
U453,P082,view,2026-04-05 10:18:00,mobile,beauty,107,138.85
U444,P042,click,2026-04-05 10:20:00,desktop,beauty,277,234.59
U454,P027,view,2026-04-05 10:20:00,tablet,clothing,120,403.02
U327,P066,view,2026-04-05 10:20:00,tablet,electronics,87,274.65
U439,P031,click,2026-04-05 10:21:00,tablet,home,423,77.84
U259,P057,view,2026-04-05 10:21:00,mobile,home,133,471.97
U042,P082,click,2026-04-05 10:21:00,mobile,clothing,506,227.97
U290,P039,click,2026-04-05 10:22:00,desktop,home,487,182.56
U319,P011,click,2026-04-05 10:23:00,desktop,beauty,106,132.2
U372,P068,view,2026-04-05 10:26:00,tablet,home,219,144.68
U246,P018,add_to_cart,2026-04-05 10:27:00,desktop,clothing,443,89.25
U376,P025,view,2026-04-05 10:28:00,desktop,electronics,17,84.58
U424,P060,view,2026-04-05 10:30:00,mobile,home,209,106.04
U336,P069,click,2026-04-05 10:30:00,desktop,home,379,332.9
U029,P079,view,2026-04-05 10:31:00,desktop,clothing,11,461.5
U487,P047,view,2026-04-05 10:31:00,tablet,beauty,511,425.25
U493,P087,view,2026-04-05 10:32:00,mobile,clothing,15,420.43
U277,P069,view,2026-04-05 10:32:00,tablet,beauty,166,193.33
U274,P090,click,2026-04-05 10:32:00,desktop,home,371,258.58
U430,P006,view,2026-04-05 10:32:00,mobile,beauty,200,154.07
U025,P062,add_to_cart,2026-04-05 10:33:00,desktop,electronics,116,25.89
U271,P024,view,2026-04-05 10:34:00,mobile,beauty,228,448.97
U103,P052,add_to_cart,2026-04-05 10:34:00,mobile,electronics,481,78.82
U007,P028,click,2026-04-05 10:35:00,tablet,electronics,476,330.61
U023,P078,click,2026-04-05 10:36:00,mobile,clothing,589,289.08
U483,P025,view,2026-04-05 10:36:00,tablet,electronics,267,310.7
U212,P070,click,2026-04-05 10:36:00,mobile,beauty,486,71.5
U272,P040,add_to_cart,2026-04-05 10:38:00,desktop,clothing,447,138.66
U055,P007,view,2026-04-05 10:40:00,tablet,beauty,307,272.37
U427,P097,click,2026-04-05 10:41:00,desktop,electronics,235,441.57
U348,P060,click,2026-04-05 10:42:00,tablet,clothing,218,65.99
U093,P043,add_to_cart,2026-04-05 10:42:00,mobile,electronics,579,157.65
U180,P079,view,2026-04-05 10:45:00,mobile,home,78,251.09
U380,P082,click,2026-04-05 10:45:00,tablet,clothing,374,43.4
U417,P076,view,2026-04-05 10:46:00,tablet,clothing,297,144.04
U021,P044,click,2026-04-05 10:49:00,mobile,beauty,571,192.91
U296,P072,add_to_cart,2026-04-05 10:51:00,mobile,electronics,436,107.77
U082,P027,add_to_cart,2026-04-05 10:51:00,desktop,clothing,581,219.41
U265,P068,add_to_cart,2026-04-05 10:51:00,desktop,electronics,550,496.85
U381,P008,add_to_cart,2026-04-05 10:52:00,desktop,electronics,553,86.1
U247,P038,view,2026-04-05 10:52:00,mobile,clothing,464,319.45
U451,P057,add_to_cart,2026-04-05 10:52:00,desktop,home,474,182.13
U344,P091,click,2026-04-05 10:52:00,mobile,home,475,464.4
U091,P080,view,2026-04-05 10:53:00,tablet,home,184,452.3
U477,P073,view,2026-04-05 10:55:00,tablet,home,25,126.26
U028,P066,click,2026-04-05 10:56:00,desktop,beauty,296,198.76
U423,P051,click,2026-04-05 10:56:00,tablet,beauty,488,398.41
U022,P005,view,2026-04-05 10:58:00,desktop,home,266,266.66
U190,P050,view,2026-04-05 10:58:00,mobile,electronics,44,472.18
U475,P094,click,2026-04-05 10:59:00,desktop,home,391,311.93
U085,P028,view,2026-04-05 10:59:00,tablet,home,57,367.53
U206,P015,click,2026-04-05 10:59:00,mobile,beauty,245,21.02
U315,P035,view,2026-04-05 11:00:00,mobile,home,97,251.91
U409,P068,click,2026-04-05 11:03:00,tablet,clothing,566,186.65
U018,P022,click,2026-04-05 11:03:00,mobile,clothing,377,11.9
U422,P071,click,2026-04-05 11:04:00,mobile,beauty,255,181.87
U252,P016,view,2026-04-05 11:04:00,desktop,electronics,15,255.95
U049,P056,view,2026-04-05 11:05:00,tablet,clothing,277,352.53
U311,P018,view,2026-04-05 11:08:00,mobile,beauty,179,135.99
U162,P075,view,2026-04-05 11:12:00,tablet,home,80,364.89
U379,P068,click,2026-04-05 11:13:00,tablet,home,487,392.68
U080,P049,view,2026-04-05 11:17:00,tablet,electronics,285,413.86
U278,P083,view,2026-04-05 11:20:00,mobile,home,221,357.0
U058,P030,click,2026-04-05 11:20:00,desktop,electronics,376,362.24
U080,P076,add_to_cart,2026-04-05 11:20:00,mobile,electronics,448,179.36
U135,P039,click,2026-04-05 11:22:00,desktop,electronics,172,111.54
U271,P069,view,2026-04-05 11:23:00,desktop,beauty,209,474.58
U377,P099,click,2026-04-05 11:25:00,mobile,electronics,441,389.62
U238,P098,add_to_cart,2026-04-05 11:25:00,desktop,home,515,173.35
U116,P052,add_to_cart,2026-04-05 11:26:00,tablet,electronics,589,57.57
U285,P028,view,2026-04-05 11:26:00,desktop,electronics,24,366.21
U306,P066,click,2026-04-05 11:26:00,mobile,beauty,471,213.91
U002,P091,click,2026-04-05 11:27:00,desktop,electronics,450,399.86
U374,P029,click,2026-04-05 11:28:00,tablet,home,552,113.15
U078,P063,click,2026-04-05 11:29:00,tablet,home,530,141.63
U214,P043,click,2026-04-05 11:35:00,desktop,electronics,353,257.32
U445,P098,view,2026-04-05 11:35:00,mobile,beauty,83,423.04
U191,P062,click,2026-04-05 11:35:00,desktop,home,284,281.8
U420,P029,click,2026-04-05 11:39:00,desktop,clothing,248,176.06
U098,P049,view,2026-04-05 11:39:00,desktop,clothing,267,275.02
U061,P090,click,2026-04-05 11:40:00,mobile,home,161,56.28
U385,P062,click,2026-04-05 11:41:00,mobile,home,491,333.32
U247,P050,view,2026-04-05 11:41:00,tablet,home,401,211.45
U354,P031,click,2026-04-05 11:45:00,desktop,clothing,375,288.27
U112,P022,view,2026-04-05 11:46:00,desktop,beauty,194,169.31
U228,P093,view,2026-04-05 11:47:00,mobile,clothing,124,370.56
U345,P047,click,2026-04-05 11:47:00,desktop,home,398,432.24
U140,P094,view,2026-04-05 11:47:00,tablet,electronics,63,177.02
U384,P047,add_to_cart,2026-04-05 11:49:00,desktop,electronics,405,56.06
U050,P056,view,2026-04-05 11:50:00,mobile,electronics,79,366.54
U381,P095,add_to_cart,2026-04-05 11:52:00,mobile,home,563,90.66
U165,P073,click,2026-04-05 11:53:00,desktop,electronics,490,397.92
U321,P056,click,2026-04-05 11:55:00,desktop,beauty,176,82.73
U075,P034,view,2026-04-05 11:56:00,mobile,beauty,362,364.4
U017,P073,click,2026-04-05 11:56:00,mobile,electronics,462,483.99
U126,P073,click,2026-04-05 11:57:00,mobile,home,501,121.84
U049,P052,click,2026-04-05 11:58:00,tablet,home,360,285.36
U029,P054,view,2026-04-05 11:58:00,desktop,home,133,388.58
U018,P084,view,2026-04-05 11:59:00,tablet,electronics,93,161.61
U256,P056,click,2026-04-05 11:59:00,mobile,clothing,447,140.94
U024,P070,click,2026-04-05 12:00:00,mobile,home,193,166.88
U255,P082,view,2026-04-05 12:00:00,desktop,clothing,65,280.3
U495,P085,view,2026-04-05 12:00:00,desktop,beauty,272,411.46
U165,P100,click,2026-04-05 12:01:00,mobile,beauty,452,123.71
U289,P017,view,2026-04-05 12:03:00,tablet,clothing,186,99.27
U173,P015,view,2026-04-05 12:04:00,desktop,beauty,19,168.98
U066,P085,click,2026-04-05 12:06:00,tablet,clothing,378,51.78
U498,P022,add_to_cart,2026-04-05 12:07:00,desktop,clothing,542,363.95
U169,P065,add_to_cart,2026-04-05 12:07:00,desktop,beauty,547,387.15
U237,P089,view,2026-04-05 12:10:00,tablet,home,125,82.09
U212,P079,view,2026-04-05 12:12:00,tablet,home,99,459.34
U443,P057,click,2026-04-05 12:12:00,desktop,home,501,382.13
U282,P040,click,2026-04-05 12:13:00,desktop,home,467,329.12
U105,P014,view,2026-04-05 12:14:00,tablet,clothing,195,153.15
U192,P086,add_to_cart,2026-04-05 12:15:00,desktop,home,561,230.21
U415,P014,click,2026-04-05 12:17:00,tablet,home,598,392.57
U325,P065,click,2026-04-05 12:17:00,tablet,beauty,584,243.45
U491,P052,click,2026-04-05 12:19:00,desktop,clothing,380,211.71
U311,P085,click,2026-04-05 12:21:00,tablet,clothing,282,73.59
U216,P064,view,2026-04-05 12:23:00,mobile,clothing,289,286.39
U191,P091,click,2026-04-05 12:23:00,tablet,electronics,529,380.9
U026,P001,view,2026-04-05 12:23:00,tablet,electronics,29,432.63
U336,P048,click,2026-04-05 12:24:00,desktop,beauty,411,262.21
U089,P079,click,2026-04-05 12:27:00,desktop,beauty,154,198.02
U251,P031,add_to_cart,2026-04-05 12:28:00,desktop,electronics,583,153.39
U362,P063,click,2026-04-05 12:29:00,mobile,beauty,432,189.97
U496,P024,click,2026-04-05 12:30:00,tablet,clothing,482,365.3
U293,P024,view,2026-04-05 12:30:00,tablet,home,385,405.81
U429,P009,click,2026-04-05 12:30:00,desktop,beauty,334,386.18
U352,P071,view,2026-04-05 12:31:00,mobile,beauty,430,491.74
U323,P097,click,2026-04-05 12:33:00,desktop,home,356,296.52
U282,P046,click,2026-04-05 12:33:00,tablet,electronics,370,465.14
U165,P090,click,2026-04-05 12:34:00,tablet,home,304,55.23
U380,P020,click,2026-04-05 12:36:00,mobile,home,482,376.6
U100,P017,click,2026-04-05 12:36:00,desktop,clothing,375,323.02
U006,P098,click,2026-04-05 12:37:00,tablet,electronics,373,366.08
U343,P049,click,2026-04-05 12:38:00,desktop,home,132,115.64
U419,P030,view,2026-04-05 12:39:00,desktop,beauty,108,345.4
U460,P025,click,2026-04-05 12:39:00,tablet,electronics,465,334.31
U491,P098,click,2026-04-05 12:40:00,desktop,clothing,450,414.6
U026,P031,view,2026-04-05 12:41:00,mobile,clothing,108,125.22
U381,P062,click,2026-04-05 12:41:00,desktop,home,206,157.66
U439,P029,view,2026-04-05 12:41:00,tablet,beauty,172,207.39
U069,P045,click,2026-04-05 12:41:00,tablet,beauty,425,153.72
U418,P029,view,2026-04-05 12:42:00,mobile,beauty,214,185.75
U456,P019,click,2026-04-05 12:42:00,desktop,clothing,531,421.88
U109,P016,view,2026-04-05 12:43:00,mobile,beauty,354,458.77
U028,P003,view,2026-04-05 12:44:00,mobile,beauty,258,340.14
U369,P093,click,2026-04-05 12:44:00,desktop,beauty,411,424.55
U409,P082,view,2026-04-05 12:44:00,tablet,beauty,313,387.5
U104,P019,view,2026-04-05 12:44:00,mobile,clothing,126,423.47
U098,P047,view,2026-04-05 12:44:00,mobile,electronics,94,361.93
U373,P010,add_to_cart,2026-04-05 12:47:00,desktop,electronics,455,487.54
U145,P078,click,2026-04-05 12:48:00,tablet,beauty,595,407.24
U179,P092,click,2026-04-05 12:48:00,tablet,electronics,381,259.97
U210,P005,click,2026-04-05 12:50:00,mobile,clothing,490,266.64
U474,P002,view,2026-04-05 12:50:00,mobile,home,224,257.03
U388,P013,view,2026-04-05 12:51:00,mobile,beauty,128,411.98
U249,P066,click,2026-04-05 12:52:00,tablet,home,484,338.09
U226,P073,view,2026-04-05 12:58:00,tablet,home,68,105.19
U079,P018,add_to_cart,2026-04-05 12:59:00,tablet,electronics,373,21.7
U113,P044,click,2026-04-05 12:59:00,mobile,home,303,44.5
U027,P061,view,2026-04-05 12:59:00,mobile,clothing,280,411.25
U136,P036,click,2026-04-05 12:59:00,desktop,electronics,330,463.19
U044,P044,click,2026-04-05 13:01:00,desktop,clothing,402,374.25
U343,P036,add_to_cart,2026-04-05 13:01:00,mobile,clothing,600,83.67
U294,P037,view,2026-04-05 13:05:00,desktop,electronics,106,325.18
U201,P086,view,2026-04-05 13:07:00,tablet,electronics,107,328.11
U452,P090,click,2026-04-05 13:07:00,mobile,electronics,350,91.63
U069,P099,add_to_cart,2026-04-05 13:07:00,desktop,electronics,562,186.56
U398,P010,add_to_cart,2026-04-05 13:08:00,mobile,electronics,569,167.09
U268,P004,add_to_cart,2026-04-05 13:09:00,desktop,home,556,95.41
U232,P020,click,2026-04-05 13:10:00,mobile,beauty,528,220.09
U219,P039,click,2026-04-05 13:11:00,desktop,electronics,209,279.08
U009,P054,click,2026-04-05 13:11:00,mobile,electronics,329,266.73
U249,P097,view,2026-04-05 13:15:00,desktop,home,152,487.26
U229,P071,click,2026-04-05 13:15:00,desktop,beauty,209,134.54
U446,P092,view,2026-04-05 13:16:00,tablet,clothing,79,310.72
U410,P031,view,2026-04-05 13:16:00,mobile,home,500,496.45
U247,P066,view,2026-04-05 13:18:00,desktop,beauty,330,431.73
U319,P075,view,2026-04-05 13:18:00,desktop,beauty,117,362.81
U019,P050,click,2026-04-05 13:19:00,desktop,beauty,438,372.88
U408,P092,view,2026-04-05 13:19:00,desktop,home,255,273.7
U440,P099,view,2026-04-05 13:19:00,mobile,electronics,375,375.43
U396,P100,click,2026-04-05 13:19:00,desktop,beauty,326,89.5
U084,P044,view,2026-04-05 13:19:00,tablet,electronics,69,174.56
U469,P065,view,2026-04-05 13:20:00,mobile,home,428,238.14
U306,P063,click,2026-04-05 13:22:00,desktop,electronics,294,442.53
U075,P099,view,2026-04-05 13:25:00,tablet,electronics,135,420.3
U135,P068,view,2026-04-05 13:25:00,mobile,clothing,373,228.15
U019,P099,view,2026-04-05 13:25:00,mobile,clothing,196,398.33
U203,P084,view,2026-04-05 13:26:00,tablet,clothing,302,496.98
U387,P088,click,2026-04-05 13:27:00,desktop,beauty,192,166.28
U498,P067,view,2026-04-05 13:29:00,desktop,home,211,392.85
U308,P072,add_to_cart,2026-04-05 13:29:00,desktop,beauty,478,215.18
U415,P014,view,2026-04-05 13:29:00,tablet,beauty,447,474.76
U054,P077,click,2026-04-05 13:29:00,tablet,electronics,185,23.4
U451,P042,view,2026-04-05 13:30:00,tablet,clothing,328,255.09
U318,P008,view,2026-04-05 13:30:00,mobile,clothing,192,118.34
U490,P009,add_to_cart,2026-04-05 13:31:00,mobile,electronics,561,153.78
U146,P043,view,2026-04-05 13:31:00,tablet,clothing,405,401.38
U341,P051,click,2026-04-05 13:31:00,mobile,electronics,476,219.53
U217,P069,view,2026-04-05 13:32:00,mobile,clothing,262,101.59
U374,P080,view,2026-04-05 13:32:00,tablet,clothing,58,267.5
U480,P001,view,2026-04-05 13:32:00,mobile,electronics,103,38.95
U294,P051,view,2026-04-05 13:33:00,mobile,clothing,164,489.11
U050,P070,add_to_cart,2026-04-05 13:33:00,tablet,electronics,540,97.4
U368,P079,view,2026-04-05 13:34:00,desktop,electronics,321,492.23
U062,P049,view,2026-04-05 13:34:00,mobile,beauty,285,301.41
U190,P093,view,2026-04-05 13:35:00,tablet,home,365,475.36
U224,P042,add_to_cart,2026-04-05 13:36:00,desktop,beauty,563,354.93
U277,P084,view,2026-04-05 13:36:00,tablet,clothing,140,317.04
U207,P046,add_to_cart,2026-04-05 13:38:00,desktop,beauty,346,47.83
U228,P068,add_to_cart,2026-04-05 13:38:00,desktop,beauty,426,327.65
U272,P055,view,2026-04-05 13:38:00,desktop,home,51,472.73
U377,P049,view,2026-04-05 13:41:00,desktop,home,256,380.38
U035,P062,click,2026-04-05 13:42:00,mobile,electronics,401,315.9
U066,P042,view,2026-04-05 13:42:00,tablet,electronics,70,421.7
U199,P076,click,2026-04-05 13:42:00,desktop,home,472,292.71
U360,P094,click,2026-04-05 13:42:00,mobile,electronics,445,442.62
U180,P042,view,2026-04-05 13:42:00,tablet,clothing,245,439.47
U334,P003,click,2026-04-05 13:44:00,mobile,beauty,424,167.62
U211,P057,view,2026-04-05 13:46:00,mobile,beauty,51,319.42
U389,P100,add_to_cart,2026-04-05 13:46:00,tablet,electronics,571,210.82
U170,P097,click,2026-04-05 13:47:00,tablet,beauty,423,126.71
U152,P022,view,2026-04-05 13:47:00,desktop,clothing,96,306.53
U361,P098,view,2026-04-05 13:48:00,tablet,home,130,406.47
U184,P054,view,2026-04-05 13:49:00,desktop,beauty,57,343.17
U028,P046,click,2026-04-05 13:49:00,desktop,home,238,72.76
U083,P066,click,2026-04-05 13:49:00,desktop,home,492,290.76
U261,P036,click,2026-04-05 13:50:00,mobile,electronics,357,35.67
U035,P051,view,2026-04-05 13:51:00,tablet,home,164,418.94
U255,P023,click,2026-04-05 13:53:00,mobile,beauty,518,363.79
U497,P032,click,2026-04-05 13:54:00,mobile,home,476,294.01
U344,P047,view,2026-04-05 13:54:00,desktop,electronics,166,494.03
U144,P031,view,2026-04-05 13:54:00,desktop,beauty,126,437.27
U163,P067,click,2026-04-05 13:54:00,desktop,electronics,144,35.4
U450,P024,click,2026-04-05 13:59:00,desktop,beauty,536,472.99
U161,P037,view,2026-04-05 14:00:00,tablet,electronics,299,346.88
U335,P012,view,2026-04-05 14:02:00,tablet,home,331,405.71
U276,P080,view,2026-04-05 14:03:00,desktop,home,282,389.53
U472,P052,view,2026-04-05 14:05:00,tablet,beauty,107,299.58
U285,P069,click,2026-04-05 14:05:00,tablet,clothing,485,358.12
U163,P001,click,2026-04-05 14:05:00,mobile,electronics,377,446.25
U416,P100,click,2026-04-05 14:07:00,mobile,electronics,432,360.17
U493,P004,add_to_cart,2026-04-05 14:08:00,desktop,home,586,59.24
U019,P057,view,2026-04-05 14:13:00,mobile,clothing,394,439.06
U288,P008,click,2026-04-05 14:13:00,desktop,electronics,416,387.39
U347,P070,click,2026-04-05 14:14:00,tablet,home,582,157.27
U060,P041,click,2026-04-05 14:14:00,tablet,home,300,30.59
U072,P076,view,2026-04-05 14:14:00,tablet,home,137,159.52
U348,P044,click,2026-04-05 14:15:00,desktop,home,244,208.25
U326,P018,view,2026-04-05 14:17:00,tablet,beauty,86,214.0
U347,P036,click,2026-04-05 14:18:00,tablet,electronics,361,24.76
U170,P036,add_to_cart,2026-04-05 14:18:00,desktop,beauty,573,186.51
U355,P056,view,2026-04-05 14:19:00,tablet,home,65,366.12
U027,P066,add_to_cart,2026-04-05 14:20:00,desktop,clothing,596,59.94
U086,P070,view,2026-04-05 14:21:00,desktop,beauty,98,379.4
U082,P062,click,2026-04-05 14:21:00,desktop,home,586,330.11
U472,P036,view,2026-04-05 14:22:00,mobile,clothing,87,207.71
U068,P010,click,2026-04-05 14:22:00,tablet,beauty,378,232.58
U135,P015,click,2026-04-05 14:23:00,desktop,clothing,502,399.93
U241,P012,click,2026-04-05 14:25:00,tablet,home,443,124.06
U245,P076,click,2026-04-05 14:25:00,mobile,electronics,349,322.75
U134,P089,view,2026-04-05 14:26:00,mobile,electronics,13,396.71
U141,P005,view,2026-04-05 14:26:00,mobile,home,105,80.84
U248,P086,click,2026-04-05 14:28:00,desktop,home,217,59.15
U286,P085,view,2026-04-05 14:28:00,tablet,beauty,292,430.01
U432,P087,add_to_cart,2026-04-05 14:29:00,desktop,home,569,189.28
U320,P095,add_to_cart,2026-04-05 14:30:00,tablet,clothing,578,69.94
U312,P085,add_to_cart,2026-04-05 14:31:00,desktop,home,536,164.74
U258,P020,click,2026-04-05 14:32:00,mobile,beauty,561,447.02
U170,P053,view,2026-04-05 14:32:00,tablet,clothing,212,197.96
U235,P073,click,2026-04-05 14:32:00,tablet,beauty,498,94.22
U234,P048,click,2026-04-05 14:33:00,tablet,beauty,463,18.35
U281,P002,view,2026-04-05 14:33:00,mobile,electronics,47,142.83
U323,P091,click,2026-04-05 14:35:00,tablet,home,425,275.92
U087,P088,add_to_cart,2026-04-05 14:37:00,mobile,electronics,465,210.92
U088,P004,view,2026-04-05 14:37:00,mobile,clothing,252,448.04
U466,P043,click,2026-04-05 14:37:00,mobile,electronics,535,305.79
U006,P023,view,2026-04-05 14:37:00,mobile,clothing,131,126.56
U040,P071,view,2026-04-05 14:38:00,mobile,home,132,70.32
U273,P001,click,2026-04-05 14:38:00,tablet,electronics,229,97.58
U134,P045,view,2026-04-05 14:41:00,mobile,home,26,199.72
U316,P094,click,2026-04-05 14:41:00,desktop,clothing,228,230.51
U345,P053,view,2026-04-05 14:42:00,desktop,beauty,184,254.93
U040,P061,click,2026-04-05 14:43:00,tablet,beauty,382,365.38
U263,P089,view,2026-04-05 14:44:00,desktop,beauty,11,155.99
U482,P059,click,2026-04-05 14:45:00,tablet,beauty,399,233.44
U481,P084,add_to_cart,2026-04-05 14:45:00,mobile,electronics,532,11.78
U269,P081,view,2026-04-05 14:46:00,tablet,electronics,152,339.72
U480,P005,click,2026-04-05 14:46:00,mobile,beauty,380,217.9
U395,P038,click,2026-04-05 14:49:00,desktop,clothing,421,176.75
U233,P013,view,2026-04-05 14:50:00,mobile,beauty,85,233.83
U015,P035,add_to_cart,2026-04-05 14:52:00,mobile,electronics,597,272.14
U332,P020,click,2026-04-05 14:54:00,mobile,home,597,114.11
U302,P042,view,2026-04-05 14:55:00,tablet,home,30,175.18
U446,P002,click,2026-04-05 14:55:00,desktop,clothing,383,294.75
U332,P036,view,2026-04-05 14:55:00,tablet,beauty,347,465.28
U307,P071,click,2026-04-05 14:56:00,mobile,beauty,348,129.85
U270,P033,view,2026-04-05 14:56:00,mobile,beauty,50,310.1
U403,P047,view,2026-04-05 14:57:00,tablet,home,85,370.31
U406,P027,view,2026-04-05 14:58:00,tablet,home,149,129.75
U139,P027,view,2026-04-05 14:59:00,desktop,home,201,410.17
U075,P084,click,2026-04-05 14:59:00,mobile,electronics,212,127.88
U121,P007,add_to_cart,2026-04-05 15:01:00,desktop,beauty,426,245.0
U362,P019,add_to_cart,2026-04-05 15:01:00,desktop,clothing,370,15.16
U284,P021,view,2026-04-05 15:05:00,mobile,beauty,61,35.51
U059,P072,add_to_cart,2026-04-05 15:05:00,desktop,clothing,392,135.23
U385,P078,view,2026-04-05 15:05:00,tablet,clothing,162,193.99
U108,P038,view,2026-04-05 15:06:00,mobile,home,159,453.86
U326,P065,click,2026-04-05 15:08:00,mobile,home,511,437.53
U310,P039,view,2026-04-05 15:09:00,mobile,electronics,62,462.02
U010,P056,view,2026-04-05 15:10:00,desktop,clothing,11,407.29
U480,P051,click,2026-04-05 15:10:00,mobile,home,509,343.08
U446,P099,click,2026-04-05 15:11:00,desktop,clothing,75,41.22
U463,P072,click,2026-04-05 15:11:00,desktop,clothing,367,261.36
U145,P013,add_to_cart,2026-04-05 15:12:00,tablet,electronics,541,104.9
U378,P042,click,2026-04-05 15:12:00,desktop,electronics,463,444.72
U314,P026,add_to_cart,2026-04-05 15:13:00,desktop,electronics,575,285.11
U286,P055,view,2026-04-05 15:14:00,desktop,clothing,52,452.49
U456,P004,click,2026-04-05 15:26:00,desktop,electronics,467,479.4
U461,P047,click,2026-04-05 15:26:00,tablet,clothing,446,201.94
U380,P096,click,2026-04-05 15:27:00,desktop,clothing,421,468.75
U061,P029,click,2026-04-05 15:28:00,desktop,home,382,108.89
U231,P006,view,2026-04-05 15:28:00,desktop,clothing,229,306.07
U432,P037,view,2026-04-05 15:29:00,mobile,clothing,44,434.96
U095,P059,view,2026-04-05 15:30:00,tablet,clothing,16,11.13
U343,P090,view,2026-04-05 15:30:00,desktop,clothing,121,284.24
U391,P028,click,2026-04-05 15:31:00,desktop,clothing,53,164.38
U195,P081,view,2026-04-05 15:31:00,tablet,beauty,85,412.28
U450,P029,view,2026-04-05 15:31:00,desktop,home,133,58.59
U066,P018,view,2026-04-05 15:32:00,mobile,beauty,223,70.14
U293,P048,add_to_cart,2026-04-05 15:33:00,desktop,electronics,298,54.14
U351,P008,click,2026-04-05 15:34:00,tablet,beauty,314,246.98
U399,P057,click,2026-04-05 15:34:00,tablet,home,561,455.96
U165,P058,add_to_cart,2026-04-05 15:34:00,tablet,beauty,566,54.9
U074,P079,add_to_cart,2026-04-05 15:36:00,tablet,home,547,11.88
U466,P094,click,2026-04-05 15:39:00,desktop,clothing,457,395.7
U184,P086,click,2026-04-05 15:41:00,mobile,home,275,13.31
U336,P086,click,2026-04-05 15:42:00,mobile,beauty,479,269.17
U289,P074,click,2026-04-05 15:44:00,desktop,electronics,270,325.9
U211,P068,click,2026-04-05 15:44:00,desktop,beauty,131,302.81
U230,P005,click,2026-04-05 15:47:00,tablet,electronics,540,454.05
U417,P073,view,2026-04-05 15:47:00,tablet,electronics,109,178.82
U404,P015,click,2026-04-05 15:50:00,desktop,beauty,476,496.03
U392,P010,click,2026-04-05 15:51:00,mobile,home,514,445.11
U170,P017,click,2026-04-05 15:53:00,tablet,home,380,222.82
U248,P013,click,2026-04-05 15:54:00,tablet,home,457,371.22
U186,P083,click,2026-04-05 15:54:00,desktop,beauty,163,95.72
U285,P075,view,2026-04-05 15:54:00,mobile,clothing,429,458.88
U020,P056,view,2026-04-05 15:57:00,desktop,clothing,356,475.65
U004,P097,click,2026-04-05 15:57:00,tablet,clothing,308,63.15
U287,P003,view,2026-04-05 15:57:00,desktop,clothing,177,401.08
U138,P009,view,2026-04-05 15:57:00,tablet,electronics,432,486.54
U372,P088,view,2026-04-05 16:00:00,mobile,home,90,390.28
U017,P033,click,2026-04-05 16:00:00,desktop,beauty,229,103.86
U056,P091,view,2026-04-05 16:01:00,mobile,home,220,221.72
U181,P053,view,2026-04-05 16:02:00,tablet,clothing,135,246.6
U448,P066,add_to_cart,2026-04-05 16:03:00,mobile,electronics,580,158.56
U380,P046,click,2026-04-05 16:04:00,desktop,clothing,579,422.68
U062,P015,view,2026-04-05 16:04:00,desktop,home,44,331.82
U446,P070,view,2026-04-05 16:04:00,mobile,beauty,19,223.29
U294,P036,view,2026-04-05 16:05:00,tablet,electronics,151,428.96
U348,P076,view,2026-04-05 16:05:00,desktop,beauty,201,360.11
U171,P065,view,2026-04-05 16:06:00,mobile,clothing,190,435.21
U244,P048,add_to_cart,2026-04-05 16:08:00,desktop,clothing,402,221.76
U452,P028,view,2026-04-05 16:08:00,mobile,electronics,428,498.19
U418,P076,view,2026-04-05 16:11:00,mobile,home,371,436.25
U423,P045,view,2026-04-05 16:11:00,mobile,clothing,217,40.5
U399,P022,click,2026-04-05 16:11:00,tablet,electronics,499,335.54
U279,P013,add_to_cart,2026-04-05 16:11:00,desktop,home,461,352.11
U376,P088,view,2026-04-05 16:13:00,desktop,electronics,12,478.47
U318,P072,click,2026-04-05 16:15:00,mobile,home,558,243.37
U014,P029,click,2026-04-05 16:17:00,mobile,home,600,486.8
U209,P025,view,2026-04-05 16:17:00,mobile,beauty,185,325.52
U334,P009,view,2026-04-05 16:17:00,mobile,electronics,215,284.0
U500,P081,click,2026-04-05 16:18:00,desktop,beauty,46,117.69
U418,P076,add_to_cart,2026-04-05 16:18:00,desktop,electronics,573,150.29
U171,P040,view,2026-04-05 16:21:00,tablet,electronics,122,268.88
U056,P089,view,2026-04-05 16:21:00,tablet,beauty,147,49.03
U116,P002,click,2026-04-05 16:21:00,desktop,electronics,130,138.59
U253,P038,click,2026-04-05 16:21:00,desktop,electronics,28,203.02
U034,P028,click,2026-04-05 16:23:00,desktop,home,343,212.32
U210,P034,click,2026-04-05 16:26:00,tablet,home,509,140.27
U434,P061,view,2026-04-05 16:26:00,mobile,beauty,169,293.44
U486,P098,click,2026-04-05 16:27:00,desktop,beauty,189,66.38
U017,P064,view,2026-04-05 16:28:00,desktop,beauty,235,253.82
U496,P081,view,2026-04-05 16:29:00,mobile,home,273,212.89
U385,P018,view,2026-04-05 16:31:00,mobile,beauty,133,94.72
U289,P087,view,2026-04-05 16:32:00,tablet,home,506,467.22
U453,P049,view,2026-04-05 16:37:00,mobile,home,240,445.28
U120,P022,click,2026-04-05 16:38:00,desktop,beauty,377,206.29
U195,P070,view,2026-04-05 16:40:00,desktop,clothing,193,395.43
U289,P015,view,2026-04-05 16:41:00,desktop,beauty,228,495.32
U015,P010,click,2026-04-05 16:42:00,desktop,clothing,204,324.17
U054,P072,view,2026-04-05 16:43:00,tablet,home,167,421.64
U347,P036,click,2026-04-05 16:43:00,mobile,beauty,544,117.39
U402,P054,view,2026-04-05 16:43:00,mobile,electronics,22,373.71
U091,P035,click,2026-04-05 16:45:00,tablet,electronics,427,245.2
U284,P076,click,2026-04-05 16:46:00,tablet,electronics,322,307.15
U072,P057,view,2026-04-05 16:47:00,tablet,clothing,354,424.9
U060,P083,view,2026-04-05 16:47:00,mobile,home,190,313.37
U084,P012,view,2026-04-05 16:47:00,tablet,beauty,221,474.14
U472,P085,click,2026-04-05 16:47:00,desktop,beauty,302,124.87
U077,P088,view,2026-04-05 16:49:00,desktop,beauty,186,445.0
U343,P090,add_to_cart,2026-04-05 16:52:00,desktop,electronics,153,63.83
U415,P046,add_to_cart,2026-04-05 16:52:00,mobile,electronics,428,49.95
U284,P050,click,2026-04-05 16:53:00,mobile,clothing,598,179.93
U123,P011,view,2026-04-05 16:53:00,mobile,clothing,125,303.68
U385,P014,click,2026-04-05 16:53:00,tablet,electronics,218,138.35
U219,P078,view,2026-04-05 16:54:00,mobile,clothing,411,447.53
U286,P060,click,2026-04-05 16:54:00,desktop,electronics,283,360.01
U343,P073,view,2026-04-05 16:54:00,tablet,beauty,40,274.76
U458,P044,view,2026-04-05 16:55:00,tablet,home,102,218.91
U105,P057,view,2026-04-05 16:59:00,desktop,beauty,260,492.7
U382,P069,view,2026-04-05 16:59:00,tablet,beauty,341,495.14
U358,P085,view,2026-04-05 17:03:00,mobile,beauty,176,300.63
U176,P003,view,2026-04-05 17:03:00,mobile,beauty,213,135.84
U108,P074,add_to_cart,2026-04-05 17:04:00,desktop,electronics,505,341.35
U042,P059,click,2026-04-05 17:04:00,desktop,electronics,234,179.02
U488,P097,click,2026-04-05 17:05:00,mobile,home,271,80.94
U352,P016,view,2026-04-05 17:05:00,tablet,beauty,14,221.85
U399,P055,view,2026-04-05 17:06:00,tablet,electronics,19,496.16
U025,P024,click,2026-04-05 17:06:00,tablet,electronics,388,62.32
U139,P008,add_to_cart,2026-04-05 17:07:00,desktop,home,404,137.91
U018,P062,view,2026-04-05 17:08:00,mobile,beauty,349,428.31
U277,P048,view,2026-04-05 17:09:00,mobile,clothing,349,434.2
U228,P016,add_to_cart,2026-04-05 17:11:00,desktop,home,589,82.62
U374,P086,click,2026-04-05 17:13:00,tablet,clothing,346,136.85
U033,P049,add_to_cart,2026-04-05 17:13:00,tablet,electronics,536,76.59
U212,P067,click,2026-04-05 17:13:00,desktop,clothing,490,266.53
U493,P053,click,2026-04-05 17:14:00,mobile,clothing,453,343.43
U251,P079,click,2026-04-05 17:14:00,tablet,home,512,40.62
U028,P056,view,2026-04-05 17:14:00,tablet,electronics,39,290.29
U334,P072,click,2026-04-05 17:17:00,desktop,clothing,371,308.07
U253,P092,view,2026-04-05 17:19:00,tablet,beauty,260,230.24
U051,P094,view,2026-04-05 17:19:00,mobile,electronics,137,292.91
U076,P078,view,2026-04-05 17:19:00,tablet,home,81,490.65
U362,P048,click,2026-04-05 17:20:00,desktop,electronics,130,130.01
U161,P029,view,2026-04-05 17:20:00,mobile,beauty,195,373.61
U441,P015,click,2026-04-05 17:22:00,tablet,clothing,474,218.33
U411,P070,view,2026-04-05 17:22:00,mobile,clothing,228,158.98
U380,P076,view,2026-04-05 17:23:00,desktop,clothing,98,49.46
U423,P045,add_to_cart,2026-04-05 17:23:00,desktop,home,562,165.72
U336,P050,click,2026-04-05 17:23:00,desktop,clothing,285,80.91
U470,P024,view,2026-04-05 17:23:00,desktop,clothing,198,407.35
U175,P052,click,2026-04-05 17:24:00,desktop,clothing,420,496.56
U236,P057,view,2026-04-05 17:25:00,mobile,home,163,112.76
U030,P023,view,2026-04-05 17:26:00,desktop,home,166,160.65
U321,P015,view,2026-04-05 17:26:00,tablet,electronics,261,371.87
U444,P075,click,2026-04-05 17:27:00,desktop,electronics,562,441.88
U422,P085,click,2026-04-05 17:28:00,tablet,home,564,71.88
U046,P003,view,2026-04-05 17:30:00,mobile,beauty,65,438.16
U016,P029,click,2026-04-05 17:31:00,desktop,clothing,368,425.69
U014,P047,add_to_cart,2026-04-05 17:33:00,tablet,clothing,595,50.38
U297,P008,view,2026-04-05 17:34:00,tablet,beauty,140,292.61
U115,P014,click,2026-04-05 17:36:00,desktop,electronics,126,286.45
U441,P058,view,2026-04-05 17:36:00,mobile,clothing,297,345.55
U243,P031,add_to_cart,2026-04-05 17:38:00,desktop,electronics,533,481.67
U493,P047,click,2026-04-05 17:39:00,tablet,home,491,402.83
U299,P020,add_to_cart,2026-04-05 17:40:00,desktop,electronics,479,71.15
U223,P034,view,2026-04-05 17:40:00,tablet,clothing,167,348.77
U043,P021,view,2026-04-05 17:41:00,mobile,beauty,281,218.72
U444,P049,view,2026-04-05 17:42:00,tablet,beauty,410,312.53
U206,P001,click,2026-04-05 17:43:00,desktop,home,526,272.01
U389,P090,add_to_cart,2026-04-05 17:45:00,mobile,home,594,152.42
U031,P034,click,2026-04-05 17:46:00,desktop,clothing,40,56.06
U412,P023,add_to_cart,2026-04-05 17:47:00,mobile,clothing,597,148.04
U367,P004,click,2026-04-05 17:49:00,mobile,clothing,309,157.37
U266,P052,add_to_cart,2026-04-05 17:49:00,mobile,clothing,564,100.47
U023,P009,click,2026-04-05 17:51:00,tablet,clothing,316,58.65
U093,P094,click,2026-04-05 17:51:00,tablet,electronics,338,42.84
U180,P036,click,2026-04-05 17:52:00,desktop,home,120,57.77
U391,P066,click,2026-04-05 17:52:00,tablet,beauty,591,302.35
U007,P029,view,2026-04-05 17:52:00,tablet,beauty,198,439.68
U152,P012,view,2026-04-05 17:53:00,tablet,clothing,68,145.51
U335,P099,click,2026-04-05 17:54:00,mobile,electronics,420,425.62
U267,P057,add_to_cart,2026-04-05 17:54:00,desktop,clothing,537,75.38
U206,P035,click,2026-04-05 17:57:00,desktop,home,555,499.21
U233,P096,click,2026-04-05 17:59:00,mobile,home,391,13.41
U278,P020,click,2026-04-05 17:59:00,mobile,electronics,256,161.1
U493,P038,view,2026-04-05 18:01:00,mobile,home,120,356.32
U056,P052,click,2026-04-05 18:02:00,tablet,electronics,289,44.83
U347,P014,view,2026-04-05 18:02:00,tablet,beauty,66,368.18
U243,P051,click,2026-04-05 18:03:00,mobile,home,575,455.04
U222,P019,view,2026-04-05 18:04:00,mobile,home,72,386.75
U375,P045,view,2026-04-05 18:04:00,tablet,clothing,170,328.91
U318,P084,add_to_cart,2026-04-05 18:05:00,desktop,electronics,558,61.97
U032,P044,view,2026-04-05 18:08:00,desktop,home,344,466.53
U169,P022,view,2026-04-05 18:08:00,mobile,home,434,454.8
U209,P055,view,2026-04-05 18:08:00,tablet,home,79,420.71
U422,P031,click,2026-04-05 18:09:00,mobile,clothing,385,186.44
U070,P008,view,2026-04-05 18:10:00,desktop,home,70,71.66
U273,P063,click,2026-04-05 18:11:00,desktop,beauty,418,335.77
U057,P021,add_to_cart,2026-04-05 18:11:00,desktop,clothing,513,78.14
U104,P074,view,2026-04-05 18:11:00,mobile,clothing,33,371.85
U213,P004,view,2026-04-05 18:13:00,tablet,electronics,122,355.89
U162,P075,view,2026-04-05 18:13:00,mobile,beauty,44,459.02
U301,P085,view,2026-04-05 18:14:00,mobile,beauty,304,452.77
U073,P073,view,2026-04-05 18:15:00,tablet,clothing,263,303.59
U027,P006,click,2026-04-05 18:15:00,desktop,electronics,266,445.85
U026,P043,click,2026-04-05 18:15:00,mobile,electronics,202,221.3
U262,P032,view,2026-04-05 18:17:00,tablet,beauty,509,308.22
U470,P092,click,2026-04-05 18:18:00,mobile,home,343,208.41
U068,P054,view,2026-04-05 18:19:00,mobile,home,33,347.16
U118,P076,add_to_cart,2026-04-05 18:21:00,tablet,electronics,493,260.01
U482,P093,add_to_cart,2026-04-05 18:24:00,tablet,home,477,88.92
U141,P033,click,2026-04-05 18:25:00,tablet,clothing,376,149.0
U475,P070,click,2026-04-05 18:25:00,mobile,home,400,206.87
U397,P025,view,2026-04-05 18:26:00,tablet,beauty,157,490.52
U143,P025,view,2026-04-05 18:26:00,tablet,clothing,99,111.12
U400,P076,view,2026-04-05 18:26:00,tablet,beauty,338,190.96
U103,P004,view,2026-04-05 18:26:00,tablet,home,213,412.0
U015,P019,click,2026-04-05 18:27:00,mobile,electronics,594,438.81
U219,P055,view,2026-04-05 18:28:00,mobile,electronics,91,362.52
U325,P070,click,2026-04-05 18:28:00,mobile,home,462,137.52
U477,P010,click,2026-04-05 18:29:00,desktop,home,374,91.84
U346,P053,add_to_cart,2026-04-05 18:30:00,tablet,home,481,20.25
U248,P085,view,2026-04-05 18:31:00,mobile,beauty,24,111.33
U001,P041,add_to_cart,2026-04-05 18:32:00,desktop,beauty,302,29.76
U236,P028,view,2026-04-05 18:34:00,tablet,clothing,361,103.3
U223,P018,click,2026-04-05 18:35:00,mobile,beauty,414,210.59
U358,P058,click,2026-04-05 18:35:00,tablet,home,578,498.91
U253,P033,click,2026-04-05 18:38:00,desktop,beauty,586,452.07
U083,P097,view,2026-04-05 18:39:00,mobile,home,283,158.03
U187,P089,add_to_cart,2026-04-05 18:40:00,tablet,electronics,567,103.82
U279,P067,view,2026-04-05 18:40:00,tablet,electronics,61,417.54
U280,P048,click,2026-04-05 18:41:00,desktop,clothing,539,342.05
U188,P033,click,2026-04-05 18:45:00,tablet,beauty,469,234.33
U085,P056,view,2026-04-05 18:47:00,tablet,clothing,106,267.6
U126,P024,click,2026-04-05 18:47:00,tablet,home,594,441.13
U408,P080,click,2026-04-05 18:48:00,mobile,home,574,28.21
U313,P017,click,2026-04-05 18:49:00,mobile,electronics,512,315.06
U030,P067,view,2026-04-05 18:50:00,tablet,electronics,37,105.15
U251,P097,view,2026-04-05 18:50:00,tablet,beauty,159,156.02
U239,P001,view,2026-04-05 18:51:00,mobile,electronics,79,365.51
U340,P070,click,2026-04-05 18:52:00,mobile,clothing,561,482.36
U308,P047,view,2026-04-05 18:53:00,mobile,beauty,33,221.46
U470,P006,view,2026-04-05 18:53:00,tablet,electronics,35,305.02
U317,P004,view,2026-04-05 18:55:00,tablet,clothing,74,340.38
U083,P002,click,2026-04-05 18:55:00,desktop,home,424,241.48
U383,P027,view,2026-04-05 18:55:00,mobile,beauty,73,462.94
U183,P049,click,2026-04-05 18:56:00,mobile,clothing,454,310.84
U149,P088,view,2026-04-05 19:00:00,desktop,beauty,193,346.82
U124,P019,add_to_cart,2026-04-05 19:00:00,tablet,home,526,204.49
U217,P017,view,2026-04-05 19:00:00,desktop,electronics,80,418.59
U472,P015,view,2026-04-05 19:01:00,tablet,beauty,435,470.6
U072,P044,add_to_cart,2026-04-05 19:01:00,desktop,electronics,596,12.04
U227,P005,view,2026-04-05 19:02:00,tablet,home,105,48.98
U310,P030,click,2026-04-05 19:05:00,desktop,clothing,202,186.8
U250,P033,click,2026-04-05 19:05:00,desktop,clothing,536,453.92
U314,P076,add_to_cart,2026-04-05 19:08:00,mobile,clothing,460,80.86
U273,P086,view,2026-04-05 19:08:00,tablet,electronics,26,447.17
U074,P047,view,2026-04-05 19:09:00,tablet,home,139,496.61
U498,P015,click,2026-04-05 19:09:00,tablet,electronics,286,225.95
U054,P097,view,2026-04-05 19:09:00,tablet,beauty,131,272.27
U319,P028,view,2026-04-05 19:09:00,desktop,clothing,186,321.62
U071,P046,click,2026-04-05 19:13:00,tablet,clothing,564,297.32
U214,P089,view,2026-04-05 19:14:00,desktop,electronics,43,329.96
U452,P070,view,2026-04-05 19:15:00,desktop,electronics,45,494.48
U073,P086,click,2026-04-05 19:15:00,mobile,home,520,225.87
U153,P016,click,2026-04-05 19:18:00,tablet,beauty,465,157.93
U240,P098,add_to_cart,2026-04-05 19:18:00,desktop,electronics,389,391.68
U072,P047,view,2026-04-05 19:20:00,mobile,electronics,174,309.03
U096,P027,view,2026-04-05 19:20:00,tablet,home,124,103.23
U487,P070,click,2026-04-05 19:20:00,tablet,beauty,370,21.24
U385,P083,click,2026-04-05 19:21:00,tablet,home,459,299.92
U250,P080,view,2026-04-05 19:21:00,tablet,beauty,441,332.92
U058,P063,view,2026-04-05 19:22:00,desktop,clothing,55,407.96
U147,P052,click,2026-04-05 19:22:00,mobile,home,572,438.99
U163,P025,click,2026-04-05 19:26:00,desktop,home,403,320.05
U171,P014,view,2026-04-05 19:27:00,tablet,beauty,169,438.68
U455,P024,click,2026-04-05 19:29:00,tablet,home,566,481.18
U107,P031,view,2026-04-05 19:29:00,tablet,home,240,120.31
U072,P072,click,2026-04-05 19:31:00,tablet,beauty,430,43.16
U171,P041,view,2026-04-05 19:34:00,mobile,home,201,328.93
U405,P067,add_to_cart,2026-04-05 19:36:00,mobile,home,484,58.15
U252,P003,view,2026-04-05 19:36:00,tablet,home,340,228.75
U432,P084,click,2026-04-05 19:37:00,mobile,home,324,98.07
U101,P068,view,2026-04-05 19:37:00,desktop,clothing,232,458.32
U002,P022,click,2026-04-05 19:38:00,desktop,beauty,381,289.97
U343,P035,click,2026-04-05 19:38:00,mobile,clothing,389,136.83
U035,P056,view,2026-04-05 19:39:00,mobile,home,96,450.64
U463,P056,add_to_cart,2026-04-05 19:41:00,mobile,home,595,133.72
U494,P061,click,2026-04-05 19:45:00,tablet,beauty,302,228.18
U302,P015,view,2026-04-05 19:46:00,mobile,electronics,227,446.6
U285,P057,click,2026-04-05 19:46:00,desktop,beauty,184,206.76
U492,P090,click,2026-04-05 19:48:00,desktop,home,149,199.85
U500,P051,click,2026-04-05 19:48:00,mobile,home,510,162.99
U019,P042,view,2026-04-05 19:49:00,mobile,electronics,280,406.45
U390,P009,view,2026-04-05 19:50:00,tablet,home,46,399.25
U166,P046,click,2026-04-05 19:50:00,desktop,beauty,251,121.31
U171,P013,click,2026-04-05 19:50:00,desktop,electronics,525,499.41
U484,P050,view,2026-04-05 19:51:00,tablet,clothing,336,489.95
U324,P044,add_to_cart,2026-04-05 19:51:00,mobile,electronics,559,18.1
U229,P059,click,2026-04-05 19:52:00,desktop,electronics,275,122.39
U305,P098,click,2026-04-05 19:53:00,desktop,home,394,233.92
U110,P028,view,2026-04-05 19:53:00,tablet,electronics,24,40.81
U009,P100,click,2026-04-05 19:54:00,tablet,electronics,436,159.96
U044,P039,view,2026-04-05 19:55:00,mobile,home,273,298.16
U422,P062,view,2026-04-05 19:56:00,tablet,clothing,134,241.98
U286,P015,view,2026-04-05 19:57:00,tablet,clothing,46,240.81
U099,P064,view,2026-04-05 19:57:00,mobile,home,113,326.04
U287,P022,add_to_cart,2026-04-05 19:59:00,desktop,electronics,388,262.56
U013,P044,view,2026-04-05 20:01:00,mobile,home,408,455.65
U308,P085,view,2026-04-05 20:02:00,tablet,home,15,45.32
U014,P003,click,2026-04-05 20:04:00,mobile,electronics,140,23.22
U083,P005,view,2026-04-05 20:04:00,mobile,beauty,74,339.85
U469,P017,click,2026-04-05 20:04:00,mobile,home,543,256.21
U156,P012,click,2026-04-05 20:05:00,mobile,clothing,346,127.26
U160,P052,view,2026-04-05 20:07:00,desktop,home,150,480.55
U234,P073,view,2026-04-05 20:09:00,desktop,clothing,90,322.25
U463,P011,click,2026-04-05 20:11:00,mobile,clothing,351,193.16
U051,P061,view,2026-04-05 20:12:00,tablet,clothing,487,385.06
U133,P057,click,2026-04-05 20:12:00,desktop,clothing,265,162.4
U220,P083,view,2026-04-05 20:13:00,mobile,home,64,167.1
U316,P063,click,2026-04-05 20:18:00,mobile,clothing,396,14.87
U039,P074,click,2026-04-05 20:21:00,desktop,beauty,285,282.24
U192,P025,click,2026-04-05 20:21:00,desktop,electronics,27,18.29
U068,P038,click,2026-04-05 20:22:00,desktop,home,294,99.36
U072,P075,click,2026-04-05 20:22:00,desktop,home,168,118.52
U495,P057,click,2026-04-05 20:25:00,desktop,home,187,35.96
U272,P049,click,2026-04-05 20:26:00,desktop,electronics,399,354.54
U177,P030,click,2026-04-05 20:27:00,tablet,beauty,301,267.08
U261,P023,click,2026-04-05 20:28:00,desktop,home,449,155.06
U322,P076,view,2026-04-05 20:29:00,tablet,beauty,363,490.79
U299,P018,click,2026-04-05 20:30:00,tablet,electronics,563,482.97
U363,P085,click,2026-04-05 20:30:00,tablet,electronics,451,253.22
U479,P039,view,2026-04-05 20:32:00,desktop,electronics,51,436.34
U499,P084,view,2026-04-05 20:35:00,tablet,electronics,166,142.23
U322,P100,click,2026-04-05 20:36:00,desktop,beauty,215,23.29
U370,P023,click,2026-04-05 20:37:00,tablet,electronics,266,53.77
U089,P091,add_to_cart,2026-04-05 20:38:00,desktop,electronics,425,115.93
U360,P091,click,2026-04-05 20:39:00,mobile,home,534,401.42
U236,P028,view,2026-04-05 20:39:00,mobile,clothing,220,407.64
U187,P009,click,2026-04-05 20:39:00,tablet,clothing,332,111.31
U093,P009,click,2026-04-05 20:39:00,desktop,home,414,389.5
U031,P006,click,2026-04-05 20:41:00,mobile,clothing,344,286.39
U051,P061,click,2026-04-05 20:41:00,desktop,clothing,436,329.63
U190,P049,click,2026-04-05 20:41:00,tablet,electronics,310,44.03
U095,P070,click,2026-04-05 20:42:00,tablet,electronics,593,234.36
U150,P061,view,2026-04-05 20:48:00,mobile,home,164,212.33
U107,P027,view,2026-04-05 20:48:00,tablet,clothing,424,330.92
U272,P085,view,2026-04-05 20:49:00,tablet,clothing,76,236.35
U393,P011,click,2026-04-05 20:51:00,desktop,home,306,144.86
U039,P057,view,2026-04-05 20:55:00,tablet,beauty,59,172.74
U237,P080,view,2026-04-05 20:55:00,tablet,home,31,17.51
U394,P060,view,2026-04-05 20:56:00,mobile,home,355,322.92
U193,P047,click,2026-04-05 20:57:00,mobile,electronics,371,236.02
U045,P081,click,2026-04-05 20:57:00,mobile,home,537,308.16
U007,P066,add_to_cart,2026-04-05 20:58:00,desktop,electronics,439,216.86
U340,P043,click,2026-04-05 20:59:00,desktop,clothing,446,181.99
U095,P004,click,2026-04-05 21:00:00,tablet,home,368,140.53
U125,P032,click,2026-04-05 21:01:00,mobile,electronics,456,181.89
U188,P004,click,2026-04-05 21:02:00,desktop,electronics,158,211.8
U354,P034,click,2026-04-05 21:03:00,tablet,clothing,222,39.32
U452,P028,view,2026-04-05 21:05:00,tablet,clothing,112,238.77
U270,P050,click,2026-04-05 21:06:00,desktop,electronics,213,173.43
U351,P060,view,2026-04-05 21:06:00,tablet,home,256,299.74
U002,P074,add_to_cart,2026-04-05 21:09:00,desktop,clothing,365,57.39
U431,P058,click,2026-04-05 21:10:00,mobile,home,472,183.8
U401,P099,click,2026-04-05 21:10:00,mobile,electronics,269,150.3
U422,P079,click,2026-04-05 21:11:00,tablet,electronics,414,389.73
U437,P019,view,2026-04-05 21:11:00,tablet,electronics,166,378.37
U083,P056,view,2026-04-05 21:12:00,tablet,clothing,270,275.71
U185,P006,view,2026-04-05 21:12:00,mobile,home,330,419.2
U100,P055,add_to_cart,2026-04-05 21:14:00,desktop,electronics,500,313.22
U146,P094,view,2026-04-05 21:15:00,tablet,clothing,145,281.19
U220,P024,click,2026-04-05 21:15:00,tablet,clothing,562,347.52
U438,P085,add_to_cart,2026-04-05 21:16:00,desktop,home,403,157.46
U395,P095,view,2026-04-05 21:16:00,tablet,clothing,94,98.22
U121,P042,view,2026-04-05 21:16:00,desktop,beauty,15,10.13
U346,P007,view,2026-04-05 21:16:00,desktop,home,194,252.79
U202,P070,view,2026-04-05 21:17:00,mobile,beauty,13,194.02
U400,P044,view,2026-04-05 21:18:00,tablet,home,259,378.01
U177,P032,view,2026-04-05 21:18:00,tablet,clothing,157,46.41
U282,P039,view,2026-04-05 21:20:00,tablet,electronics,225,317.76
U035,P075,click,2026-04-05 21:21:00,tablet,beauty,376,145.66
U354,P070,view,2026-04-05 21:21:00,tablet,beauty,527,363.5
U215,P066,click,2026-04-05 21:22:00,mobile,electronics,583,481.13
U247,P035,click,2026-04-05 21:23:00,desktop,beauty,489,320.69
U360,P045,view,2026-04-05 21:24:00,desktop,home,184,383.68
U471,P090,click,2026-04-05 21:26:00,tablet,electronics,164,210.15
U245,P017,click,2026-04-05 21:26:00,desktop,clothing,339,127.13
U387,P055,click,2026-04-05 21:26:00,mobile,electronics,518,212.68
U027,P059,view,2026-04-05 21:28:00,desktop,home,265,490.38
U465,P032,click,2026-04-05 21:30:00,tablet,beauty,239,89.9
U237,P034,click,2026-04-05 21:30:00,mobile,electronics,236,50.24
U375,P094,click,2026-04-05 21:31:00,mobile,electronics,299,376.76
U071,P036,add_to_cart,2026-04-05 21:33:00,desktop,beauty,484,158.07
U122,P043,view,2026-04-05 21:34:00,mobile,beauty,238,195.45
U071,P040,click,2026-04-05 21:34:00,mobile,beauty,229,192.72
U108,P087,click,2026-04-05 21:35:00,mobile,electronics,454,442.27
U382,P070,click,2026-04-05 21:36:00,desktop,clothing,511,475.16
U123,P087,click,2026-04-05 21:36:00,mobile,home,215,11.05
U135,P059,add_to_cart,2026-04-05 21:37:00,tablet,beauty,581,194.75
U470,P031,view,2026-04-05 21:38:00,mobile,clothing,27,447.04
U416,P035,view,2026-04-05 21:39:00,tablet,home,228,496.24
U226,P008,click,2026-04-05 21:39:00,mobile,home,558,298.32
U022,P056,add_to_cart,2026-04-05 21:39:00,tablet,home,550,117.41
U292,P042,view,2026-04-05 21:40:00,desktop,electronics,284,472.74
U291,P008,click,2026-04-05 21:41:00,tablet,clothing,528,215.71
U216,P051,view,2026-04-05 21:43:00,tablet,clothing,379,410.19
U187,P082,click,2026-04-05 21:47:00,desktop,beauty,95,159.05
U475,P074,view,2026-04-05 21:47:00,mobile,home,113,228.97
U424,P008,view,2026-04-05 21:47:00,tablet,clothing,278,383.41
U181,P068,view,2026-04-05 21:48:00,tablet,clothing,548,450.75
U293,P038,add_to_cart,2026-04-05 21:49:00,tablet,electronics,432,60.09
U168,P090,add_to_cart,2026-04-05 21:50:00,mobile,clothing,503,23.71
U361,P099,view,2026-04-05 21:52:00,mobile,electronics,257,414.15
U114,P010,add_to_cart,2026-04-05 21:56:00,desktop,home,562,139.79
U299,P060,view,2026-04-05 21:56:00,mobile,clothing,111,116.92
U409,P092,view,2026-04-05 21:56:00,mobile,electronics,14,96.77
U181,P052,view,2026-04-05 21:56:00,desktop,clothing,16,359.22
U304,P011,view,2026-04-05 21:58:00,mobile,beauty,169,303.43
U445,P010,view,2026-04-05 21:58:00,tablet,beauty,481,444.42
U047,P026,add_to_cart,2026-04-05 21:58:00,desktop,electronics,273,31.28
U445,P092,view,2026-04-05 21:59:00,desktop,beauty,52,428.97
U353,P084,view,2026-04-05 22:01:00,mobile,electronics,82,283.46
U111,P059,view,2026-04-05 22:01:00,tablet,clothing,325,376.99
U290,P079,add_to_cart,2026-04-05 22:02:00,desktop,beauty,523,81.01
U159,P012,click,2026-04-05 22:03:00,tablet,beauty,421,89.52
U011,P096,click,2026-04-05 22:03:00,tablet,home,345,133.12
U442,P090,click,2026-04-05 22:04:00,tablet,clothing,475,343.72
U254,P075,view,2026-04-05 22:05:00,mobile,home,88,36.47
U361,P060,add_to_cart,2026-04-05 22:05:00,desktop,electronics,291,51.74
U464,P022,view,2026-04-05 22:05:00,tablet,electronics,310,407.22
U251,P020,view,2026-04-05 22:05:00,tablet,clothing,324,473.61
U434,P007,click,2026-04-05 22:06:00,desktop,home,363,474.14
U412,P002,view,2026-04-05 22:08:00,desktop,beauty,338,406.24
U413,P020,view,2026-04-05 22:09:00,tablet,clothing,103,23.76
U012,P039,click,2026-04-05 22:10:00,desktop,electronics,209,389.2
U281,P095,view,2026-04-05 22:10:00,desktop,electronics,76,397.91
U327,P099,click,2026-04-05 22:11:00,desktop,home,72,114.78
U373,P054,add_to_cart,2026-04-05 22:11:00,desktop,electronics,531,34.48
U499,P025,view,2026-04-05 22:12:00,mobile,electronics,416,494.81
U083,P045,click,2026-04-05 22:13:00,tablet,home,431,81.57
U119,P100,add_to_cart,2026-04-05 22:13:00,desktop,beauty,588,305.8
U043,P044,view,2026-04-05 22:13:00,tablet,electronics,35,289.91
U258,P060,view,2026-04-05 22:13:00,tablet,electronics,157,31.03
U094,P002,click,2026-04-05 22:13:00,tablet,home,532,367.49
U167,P100,view,2026-04-05 22:16:00,desktop,beauty,354,472.63
U195,P005,view,2026-04-05 22:16:00,mobile,home,194,205.52
U124,P049,add_to_cart,2026-04-05 22:17:00,desktop,beauty,528,41.68
U153,P097,click,2026-04-05 22:18:00,tablet,clothing,503,171.47
U419,P037,click,2026-04-05 22:18:00,mobile,home,569,314.07
U378,P013,view,2026-04-05 22:19:00,tablet,electronics,60,382.02
U219,P042,click,2026-04-05 22:20:00,desktop,clothing,511,469.94
U276,P035,click,2026-04-05 22:20:00,mobile,beauty,438,146.21
U086,P052,add_to_cart,2026-04-05 22:21:00,mobile,home,579,136.19
U416,P072,click,2026-04-05 22:22:00,desktop,home,323,194.28
U243,P028,view,2026-04-05 22:22:00,desktop,home,196,494.72
U279,P057,view,2026-04-05 22:23:00,tablet,beauty,200,288.39
U338,P014,view,2026-04-05 22:27:00,mobile,clothing,57,449.57
U186,P081,view,2026-04-05 22:29:00,tablet,home,11,219.32
U471,P084,click,2026-04-05 22:31:00,mobile,home,523,211.63
U253,P064,view,2026-04-05 22:32:00,tablet,clothing,182,436.34
U335,P055,click,2026-04-05 22:32:00,desktop,electronics,464,453.11
U431,P052,view,2026-04-05 22:32:00,mobile,beauty,378,430.08
U330,P011,click,2026-04-05 22:32:00,mobile,beauty,337,89.91
U244,P066,click,2026-04-05 22:34:00,tablet,clothing,474,384.94
U492,P092,add_to_cart,2026-04-05 22:34:00,tablet,beauty,500,79.31
U452,P070,view,2026-04-05 22:37:00,desktop,electronics,205,388.23
U470,P069,view,2026-04-05 22:38:00,desktop,electronics,66,369.52
U344,P070,view,2026-04-05 22:40:00,tablet,home,93,449.79
U124,P076,add_to_cart,2026-04-05 22:40:00,desktop,electronics,402,193.72
U032,P031,click,2026-04-05 22:40:00,tablet,clothing,566,193.51
U122,P062,add_to_cart,2026-04-05 22:40:00,tablet,clothing,574,122.6
U116,P073,add_to_cart,2026-04-05 22:40:00,desktop,home,561,185.62
U398,P019,add_to_cart,2026-04-05 22:42:00,desktop,electronics,431,249.41
U088,P071,view,2026-04-05 22:42:00,desktop,beauty,376,449.39
U496,P097,view,2026-04-05 22:42:00,mobile,beauty,159,206.72
U263,P071,view,2026-04-05 22:46:00,tablet,clothing,161,262.19
U023,P008,view,2026-04-05 22:47:00,tablet,clothing,332,335.47
U086,P044,click,2026-04-05 22:47:00,tablet,beauty,490,75.05
U036,P100,view,2026-04-05 22:48:00,mobile,clothing,99,135.98
U232,P012,view,2026-04-05 22:49:00,desktop,clothing,19,330.94
U373,P015,click,2026-04-05 22:52:00,desktop,electronics,115,165.91
U390,P035,view,2026-04-05 22:54:00,mobile,electronics,140,435.81
U063,P040,click,2026-04-05 22:55:00,mobile,electronics,450,38.1
U214,P045,view,2026-04-05 22:56:00,tablet,beauty,231,461.75
U288,P040,click,2026-04-05 22:57:00,desktop,beauty,509,203.56
U185,P021,click,2026-04-05 22:57:00,mobile,home,339,273.97
U110,P032,add_to_cart,2026-04-05 23:00:00,desktop,beauty,571,470.65
U136,P084,click,2026-04-05 23:01:00,mobile,clothing,576,242.59
U423,P046,view,2026-04-05 23:01:00,mobile,electronics,51,32.9
U477,P020,click,2026-04-05 23:01:00,mobile,home,426,288.02
U062,P015,view,2026-04-05 23:03:00,tablet,home,310,380.01
U224,P030,view,2026-04-05 23:03:00,mobile,clothing,331,349.08
U139,P032,click,2026-04-05 23:03:00,desktop,electronics,353,433.07
U490,P042,click,2026-04-05 23:04:00,tablet,clothing,501,156.75
U387,P056,view,2026-04-05 23:05:00,mobile,clothing,195,319.01
U341,P016,click,2026-04-05 23:07:00,tablet,electronics,456,369.25
U062,P028,view,2026-04-05 23:07:00,desktop,beauty,23,348.77
U311,P004,view,2026-04-05 23:09:00,desktop,beauty,205,338.37
U426,P087,click,2026-04-05 23:09:00,desktop,home,391,380.27
U060,P038,view,2026-04-05 23:09:00,tablet,home,143,343.47
U333,P097,view,2026-04-05 23:11:00,mobile,electronics,120,68.98
U338,P059,view,2026-04-05 23:12:00,tablet,beauty,125,425.01
U363,P058,click,2026-04-05 23:12:00,mobile,clothing,477,41.47
U087,P039,view,2026-04-05 23:13:00,tablet,home,67,410.71
U482,P076,click,2026-04-05 23:13:00,mobile,beauty,512,394.08
U140,P090,view,2026-04-05 23:14:00,mobile,clothing,282,199.51
U119,P027,view,2026-04-05 23:14:00,tablet,clothing,198,348.48
U434,P086,view,2026-04-05 23:14:00,mobile,electronics,26,284.75
U384,P099,click,2026-04-05 23:15:00,mobile,electronics,216,224.25
U029,P028,add_to_cart,2026-04-05 23:15:00,desktop,electronics,519,247.74
U329,P027,click,2026-04-05 23:16:00,tablet,clothing,276,26.05
U306,P034,view,2026-04-05 23:17:00,mobile,clothing,218,115.39
U155,P073,add_to_cart,2026-04-05 23:17:00,desktop,home,466,27.5
U231,P100,view,2026-04-05 23:19:00,mobile,beauty,251,163.99
U253,P027,click,2026-04-05 23:21:00,tablet,home,512,24.45
U461,P068,click,2026-04-05 23:22:00,tablet,home,404,65.58
U270,P043,view,2026-04-05 23:23:00,mobile,clothing,130,189.59
U345,P005,view,2026-04-05 23:23:00,tablet,electronics,173,79.55
U163,P057,click,2026-04-05 23:26:00,desktop,home,276,68.85
U158,P017,view,2026-04-05 23:27:00,mobile,electronics,12,253.08
U083,P061,view,2026-04-05 23:29:00,desktop,beauty,139,264.97
U393,P025,view,2026-04-05 23:29:00,tablet,beauty,264,291.69
U077,P049,click,2026-04-05 23:30:00,desktop,electronics,238,64.16
U074,P012,view,2026-04-05 23:30:00,tablet,electronics,169,432.87
U113,P061,view,2026-04-05 23:32:00,desktop,beauty,129,266.86
U095,P098,view,2026-04-05 23:40:00,tablet,electronics,397,471.04
U481,P092,add_to_cart,2026-04-05 23:41:00,mobile,electronics,585,235.31
U020,P080,click,2026-04-05 23:42:00,mobile,beauty,503,188.55
U036,P085,click,2026-04-05 23:43:00,tablet,clothing,150,72.64
U233,P039,click,2026-04-05 23:45:00,desktop,electronics,88,122.66
U033,P081,click,2026-04-05 23:45:00,tablet,clothing,418,257.9
U401,P033,view,2026-04-05 23:46:00,tablet,home,259,155.06
U180,P038,click,2026-04-05 23:47:00,desktop,clothing,484,131.79
U123,P005,add_to_cart,2026-04-05 23:47:00,mobile,electronics,538,123.94
U114,P046,click,2026-04-05 23:50:00,mobile,beauty,465,322.92
U286,P069,view,2026-04-05 23:50:00,mobile,home,143,320.5
U447,P098,view,2026-04-05 23:51:00,mobile,home,324,407.65
U233,P041,view,2026-04-05 23:51:00,tablet,clothing,335,164.26
U285,P043,view,2026-04-05 23:51:00,tablet,beauty,75,432.47
U072,P075,view,2026-04-05 23:52:00,mobile,clothing,23,357.73
U085,P097,view,2026-04-05 23:53:00,desktop,home,331,485.45
U045,P032,click,2026-04-05 23:54:00,tablet,electronics,149,221.67
U019,P063,view,2026-04-05 23:55:00,tablet,electronics,12,190.64
U364,P046,click,2026-04-05 23:56:00,desktop,electronics,344,319.52
U072,P082,view,2026-04-05 23:58:00,mobile,electronics,191,465.07
U419,P027,click,2026-04-05 23:58:00,tablet,beauty,483,232.46
U202,P006,click,2026-04-05 23:59:00,desktop,clothing,373,409.57
U241,P087,add_to_cart,2026-04-05 23:59:00,desktop,home,543,61.87
U148,P024,add_to_cart,2026-04-05 23:59:00,desktop,electronics,228,117.8
U397,P002,view,2026-04-05 23:59:00,mobile,beauty,93,291.39
U267,P054,click,2026-04-06 00:00:00,desktop,beauty,282,129.16
U201,P083,view,2026-04-06 00:02:00,tablet,clothing,155,56.6
U297,P099,view,2026-04-06 00:03:00,desktop,beauty,236,488.85
U393,P029,view,2026-04-06 00:04:00,tablet,beauty,263,236.91
U022,P016,add_to_cart,2026-04-06 00:04:00,desktop,beauty,530,249.04
U495,P037,add_to_cart,2026-04-06 00:05:00,desktop,home,409,77.52
U303,P011,view,2026-04-06 00:05:00,desktop,clothing,245,320.77
U485,P013,view,2026-04-06 00:05:00,desktop,home,305,476.59
U121,P082,click,2026-04-06 00:10:00,desktop,clothing,461,318.83
U082,P063,view,2026-04-06 00:10:00,desktop,electronics,146,387.41
U428,P098,view,2026-04-06 00:10:00,desktop,clothing,40,486.38
U028,P095,view,2026-04-06 00:11:00,mobile,beauty,401,238.09
U227,P025,view,2026-04-06 00:13:00,tablet,clothing,152,89.89
U059,P068,click,2026-04-06 00:14:00,mobile,clothing,600,178.77
U176,P092,click,2026-04-06 00:15:00,mobile,home,293,42.77
U389,P013,add_to_cart,2026-04-06 00:15:00,desktop,clothing,538,158.88
U176,P095,view,2026-04-06 00:16:00,tablet,beauty,132,24.83
U107,P098,view,2026-04-06 00:16:00,mobile,home,36,347.34
U231,P055,add_to_cart,2026-04-06 00:17:00,desktop,clothing,514,229.56
U341,P074,click,2026-04-06 00:18:00,mobile,beauty,302,32.26
U465,P045,add_to_cart,2026-04-06 00:18:00,desktop,clothing,469,58.24
U171,P099,click,2026-04-06 00:19:00,tablet,home,202,37.99
U322,P068,view,2026-04-06 00:22:00,mobile,home,219,44.73
U038,P026,view,2026-04-06 00:22:00,mobile,beauty,148,468.53
U468,P095,view,2026-04-06 00:22:00,tablet,clothing,46,293.0
U080,P008,add_to_cart,2026-04-06 00:23:00,mobile,home,574,155.83
U481,P063,click,2026-04-06 00:23:00,desktop,electronics,466,301.46
U121,P055,view,2026-04-06 00:24:00,desktop,beauty,42,243.85
U439,P014,view,2026-04-06 00:24:00,mobile,beauty,74,37.67
U257,P068,view,2026-04-06 00:27:00,mobile,home,26,117.42
U374,P021,click,2026-04-06 00:28:00,mobile,clothing,569,347.57
U016,P057,view,2026-04-06 00:28:00,tablet,beauty,104,256.54
U182,P035,view,2026-04-06 00:30:00,tablet,clothing,191,207.23
U039,P033,add_to_cart,2026-04-06 00:30:00,tablet,electronics,561,105.83
U339,P024,view,2026-04-06 00:31:00,mobile,home,316,195.3
U277,P094,view,2026-04-06 00:32:00,tablet,electronics,181,197.73
U494,P086,click,2026-04-06 00:32:00,mobile,clothing,447,68.29
U429,P027,view,2026-04-06 00:32:00,tablet,electronics,122,487.68
U360,P098,click,2026-04-06 00:34:00,mobile,home,368,10.49
U337,P069,click,2026-04-06 00:34:00,mobile,home,570,303.81
U365,P043,view,2026-04-06 00:34:00,mobile,beauty,498,460.59
U493,P028,view,2026-04-06 00:35:00,mobile,home,56,426.76
U396,P064,click,2026-04-06 00:36:00,tablet,beauty,222,41.15
U394,P038,click,2026-04-06 00:36:00,mobile,beauty,461,244.74
U135,P068,add_to_cart,2026-04-06 00:36:00,desktop,home,490,57.03
U389,P071,click,2026-04-06 00:38:00,tablet,electronics,336,398.6
U407,P046,view,2026-04-06 00:39:00,tablet,electronics,33,147.84
U022,P085,view,2026-04-06 00:42:00,tablet,home,280,109.56
U263,P006,view,2026-04-06 00:45:00,mobile,beauty,133,140.99
U006,P072,view,2026-04-06 00:45:00,desktop,beauty,104,300.14
U397,P007,click,2026-04-06 00:47:00,tablet,clothing,289,147.78
U305,P026,view,2026-04-06 00:48:00,tablet,electronics,137,404.16
U264,P014,click,2026-04-06 00:49:00,mobile,electronics,458,111.06
U312,P069,click,2026-04-06 00:49:00,desktop,home,441,260.46
U301,P055,view,2026-04-06 00:51:00,tablet,home,513,494.67
U153,P093,add_to_cart,2026-04-06 00:53:00,desktop,electronics,497,290.75
U219,P016,click,2026-04-06 00:56:00,mobile,electronics,418,361.66
U374,P054,add_to_cart,2026-04-06 00:56:00,tablet,beauty,593,133.41
U295,P055,click,2026-04-06 00:57:00,tablet,home,447,144.55
U460,P009,view,2026-04-06 00:57:00,mobile,clothing,256,195.68
U482,P060,click,2026-04-06 00:57:00,desktop,home,343,84.11
U436,P092,click,2026-04-06 00:57:00,mobile,beauty,483,167.29
U218,P025,view,2026-04-06 00:58:00,desktop,clothing,67,107.56
U384,P032,view,2026-04-06 00:58:00,desktop,clothing,171,363.73
U020,P065,click,2026-04-06 00:58:00,desktop,clothing,196,371.54
U018,P080,view,2026-04-06 00:59:00,mobile,clothing,213,240.97
U403,P081,add_to_cart,2026-04-06 01:00:00,tablet,clothing,435,60.81
U460,P071,view,2026-04-06 01:01:00,tablet,home,113,310.54
U344,P029,view,2026-04-06 01:04:00,desktop,clothing,314,379.8
U045,P031,view,2026-04-06 01:04:00,mobile,beauty,158,458.35
U173,P023,view,2026-04-06 01:04:00,desktop,beauty,241,406.49
U241,P096,view,2026-04-06 01:07:00,mobile,beauty,184,184.85
U238,P097,view,2026-04-06 01:07:00,tablet,electronics,20,182.87
U045,P015,view,2026-04-06 01:07:00,tablet,beauty,207,311.35
U437,P006,view,2026-04-06 01:08:00,mobile,clothing,442,363.74
U118,P015,view,2026-04-06 01:10:00,tablet,electronics,26,149.88
U065,P025,click,2026-04-06 01:10:00,desktop,electronics,209,194.82
U189,P057,view,2026-04-06 01:11:00,mobile,home,107,366.59
U083,P065,click,2026-04-06 01:12:00,desktop,electronics,182,326.07
U491,P035,click,2026-04-06 01:14:00,mobile,clothing,588,157.69
U287,P023,click,2026-04-06 01:14:00,mobile,beauty,348,44.95
U228,P076,view,2026-04-06 01:17:00,desktop,clothing,53,276.16
U055,P085,click,2026-04-06 01:17:00,mobile,electronics,432,129.64
U150,P016,view,2026-04-06 01:17:00,desktop,clothing,115,402.65
U153,P047,click,2026-04-06 01:18:00,desktop,home,239,199.8
U115,P056,view,2026-04-06 01:20:00,desktop,beauty,37,67.05
U154,P020,click,2026-04-06 01:22:00,desktop,home,417,496.4
U363,P027,click,2026-04-06 01:22:00,desktop,beauty,382,259.06
U010,P026,view,2026-04-06 01:22:00,tablet,beauty,156,478.01
U072,P033,view,2026-04-06 01:22:00,tablet,clothing,180,78.22
U075,P046,add_to_cart,2026-04-06 01:27:00,desktop,home,600,117.96
U459,P002,view,2026-04-06 01:27:00,mobile,clothing,525,489.32
U391,P080,click,2026-04-06 01:28:00,desktop,beauty,269,268.78
U001,P098,view,2026-04-06 01:28:00,tablet,beauty,427,456.51
U359,P082,click,2026-04-06 01:29:00,desktop,home,462,460.97
U010,P077,view,2026-04-06 01:30:00,mobile,home,329,392.24
U086,P026,click,2026-04-06 01:30:00,desktop,beauty,165,342.99
U332,P030,add_to_cart,2026-04-06 01:34:00,tablet,home,573,22.53
U143,P024,view,2026-04-06 01:36:00,tablet,clothing,253,135.79
U134,P071,view,2026-04-06 01:37:00,desktop,clothing,248,228.1
U421,P098,click,2026-04-06 01:37:00,mobile,electronics,291,100.23
U220,P097,click,2026-04-06 01:38:00,mobile,home,413,207.35
U177,P065,view,2026-04-06 01:39:00,tablet,home,196,476.39
U211,P047,view,2026-04-06 01:39:00,mobile,electronics,170,280.34
U014,P007,click,2026-04-06 01:40:00,mobile,electronics,565,427.81
U011,P084,click,2026-04-06 01:41:00,mobile,home,259,32.48
U488,P043,click,2026-04-06 01:45:00,tablet,clothing,438,271.41
U273,P010,view,2026-04-06 01:49:00,tablet,home,106,452.4
U127,P076,add_to_cart,2026-04-06 01:51:00,desktop,home,531,83.88
U451,P071,click,2026-04-06 01:53:00,desktop,home,509,358.92
U492,P054,view,2026-04-06 01:53:00,tablet,clothing,242,291.56
U429,P033,add_to_cart,2026-04-06 01:54:00,mobile,clothing,503,74.26
U177,P003,view,2026-04-06 01:55:00,tablet,electronics,315,307.75
U301,P030,view,2026-04-06 01:55:00,mobile,electronics,91,419.54
U235,P092,view,2026-04-06 01:57:00,mobile,clothing,330,360.45
U490,P046,view,2026-04-06 01:57:00,mobile,beauty,104,116.49
U316,P085,view,2026-04-06 01:58:00,desktop,clothing,12,74.93
U322,P024,click,2026-04-06 01:58:00,tablet,home,498,390.13
U169,P072,view,2026-04-06 01:59:00,tablet,home,106,380.19
U271,P057,click,2026-04-06 01:59:00,tablet,electronics,486,478.91
U380,P067,click,2026-04-06 02:01:00,mobile,clothing,303,43.81
U423,P066,click,2026-04-06 02:02:00,mobile,home,407,378.07
U360,P013,add_to_cart,2026-04-06 02:04:00,desktop,electronics,358,283.08
U243,P021,click,2026-04-06 02:04:00,desktop,home,505,320.46
U419,P086,view,2026-04-06 02:05:00,mobile,clothing,289,106.13
U293,P071,click,2026-04-06 02:06:00,mobile,electronics,482,466.13
U481,P086,click,2026-04-06 02:06:00,desktop,electronics,230,353.67
U302,P045,view,2026-04-06 02:07:00,mobile,home,312,469.15
U430,P010,view,2026-04-06 02:08:00,mobile,clothing,163,473.12
U396,P032,view,2026-04-06 02:09:00,desktop,beauty,126,303.13
U137,P064,view,2026-04-06 02:09:00,mobile,clothing,280,470.98
U105,P021,view,2026-04-06 02:10:00,tablet,beauty,50,321.46
U449,P049,click,2026-04-06 02:10:00,mobile,home,411,145.12
U338,P011,click,2026-04-06 02:13:00,desktop,clothing,594,338.15
U327,P049,click,2026-04-06 02:14:00,mobile,beauty,491,322.12
U413,P002,click,2026-04-06 02:17:00,mobile,home,494,375.91
U374,P042,add_to_cart,2026-04-06 02:18:00,mobile,electronics,483,100.1
U229,P027,click,2026-04-06 02:18:00,desktop,clothing,278,354.87
U039,P038,view,2026-04-06 02:19:00,desktop,home,179,322.55
U134,P080,click,2026-04-06 02:22:00,desktop,clothing,465,417.51
U331,P009,view,2026-04-06 02:22:00,tablet,clothing,115,28.14
U232,P056,click,2026-04-06 02:22:00,desktop,beauty,493,433.58
U185,P065,click,2026-04-06 02:23:00,desktop,clothing,300,376.23
U351,P014,view,2026-04-06 02:23:00,tablet,clothing,450,392.48
U200,P001,click,2026-04-06 02:26:00,mobile,clothing,427,151.24
U258,P086,view,2026-04-06 02:27:00,tablet,beauty,256,384.75
U127,P079,view,2026-04-06 02:28:00,tablet,clothing,22,415.65
U288,P012,view,2026-04-06 02:29:00,tablet,electronics,49,256.81
U290,P027,click,2026-04-06 02:30:00,tablet,beauty,264,76.57
U156,P075,view,2026-04-06 02:30:00,tablet,clothing,363,391.88
U366,P082,click,2026-04-06 02:31:00,mobile,clothing,377,232.07
U184,P053,add_to_cart,2026-04-06 02:32:00,desktop,electronics,563,24.67
U006,P030,click,2026-04-06 02:33:00,desktop,clothing,556,457.52
U292,P006,view,2026-04-06 02:35:00,tablet,home,337,299.64
U408,P087,view,2026-04-06 02:35:00,tablet,home,72,67.09
U415,P029,click,2026-04-06 02:37:00,desktop,electronics,338,499.93
U256,P048,view,2026-04-06 02:38:00,tablet,beauty,389,327.58
U277,P080,click,2026-04-06 02:39:00,tablet,electronics,337,425.52
U415,P027,view,2026-04-06 02:39:00,mobile,beauty,454,430.76
U149,P031,view,2026-04-06 02:39:00,mobile,beauty,143,41.37
U223,P073,click,2026-04-06 02:39:00,tablet,clothing,546,273.71
U145,P042,click,2026-04-06 02:40:00,mobile,electronics,486,428.08
U236,P084,view,2026-04-06 02:41:00,tablet,home,199,463.43
U345,P019,view,2026-04-06 02:41:00,mobile,beauty,163,441.46
U046,P020,click,2026-04-06 02:44:00,mobile,beauty,384,66.81
U382,P087,view,2026-04-06 02:44:00,mobile,home,159,416.42
U009,P031,click,2026-04-06 02:44:00,tablet,electronics,341,103.78
U354,P074,view,2026-04-06 02:46:00,tablet,clothing,239,258.21
U229,P095,click,2026-04-06 02:46:00,desktop,clothing,583,439.38
U021,P083,add_to_cart,2026-04-06 02:47:00,mobile,electronics,553,53.71
U169,P091,click,2026-04-06 02:47:00,desktop,electronics,160,148.06
U216,P024,add_to_cart,2026-04-06 02:49:00,desktop,clothing,560,351.02
U109,P075,click,2026-04-06 02:50:00,desktop,home,312,448.47
U354,P096,add_to_cart,2026-04-06 02:50:00,desktop,electronics,514,288.08
U175,P074,view,2026-04-06 02:50:00,tablet,clothing,188,129.48
U311,P044,click,2026-04-06 02:50:00,tablet,home,533,295.97
U336,P034,view,2026-04-06 02:51:00,tablet,beauty,91,230.38
U040,P027,click,2026-04-06 02:53:00,desktop,electronics,229,272.47
U108,P097,click,2026-04-06 02:55:00,desktop,clothing,572,217.41
U136,P020,click,2026-04-06 02:55:00,tablet,beauty,533,362.99
U202,P036,view,2026-04-06 02:57:00,mobile,clothing,182,429.42
U186,P053,click,2026-04-06 02:59:00,desktop,clothing,530,291.09
U226,P089,view,2026-04-06 03:00:00,mobile,clothing,114,119.43
U222,P086,click,2026-04-06 03:03:00,tablet,electronics,292,108.49
U170,P092,view,2026-04-06 03:03:00,tablet,clothing,271,473.24
U463,P006,add_to_cart,2026-04-06 03:03:00,desktop,beauty,548,23.36
U262,P045,click,2026-04-06 03:04:00,tablet,home,449,141.17
U184,P060,view,2026-04-06 03:04:00,mobile,beauty,184,337.93
U243,P072,view,2026-04-06 03:05:00,desktop,home,172,454.43
U482,P015,add_to_cart,2026-04-06 03:05:00,tablet,electronics,583,60.02
U159,P044,add_to_cart,2026-04-06 03:05:00,desktop,home,462,82.02
U150,P085,add_to_cart,2026-04-06 03:06:00,desktop,electronics,557,22.61
U128,P070,click,2026-04-06 03:06:00,tablet,home,506,204.95
U273,P079,click,2026-04-06 03:09:00,desktop,beauty,161,172.88
U097,P054,view,2026-04-06 03:09:00,mobile,clothing,119,81.81
U470,P009,view,2026-04-06 03:10:00,tablet,electronics,55,496.56
U116,P058,view,2026-04-06 03:11:00,tablet,clothing,145,99.75
U208,P032,view,2026-04-06 03:11:00,tablet,clothing,111,60.69
U451,P012,click,2026-04-06 03:11:00,desktop,beauty,279,230.03
U048,P037,click,2026-04-06 03:14:00,tablet,home,257,150.48
U137,P100,click,2026-04-06 03:14:00,desktop,beauty,307,357.36
U013,P073,click,2026-04-06 03:16:00,desktop,clothing,446,421.35
U365,P066,click,2026-04-06 03:16:00,tablet,beauty,454,146.42
U418,P099,click,2026-04-06 03:16:00,desktop,beauty,139,239.78
U472,P037,click,2026-04-06 03:17:00,desktop,clothing,549,421.01
U144,P038,click,2026-04-06 03:17:00,mobile,electronics,317,164.73
U391,P076,click,2026-04-06 03:19:00,desktop,clothing,544,324.57
U314,P091,click,2026-04-06 03:20:00,desktop,electronics,78,398.84
U219,P081,click,2026-04-06 03:21:00,tablet,electronics,103,45.3
U487,P033,add_to_cart,2026-04-06 03:21:00,desktop,beauty,467,206.2
U137,P004,view,2026-04-06 03:21:00,mobile,electronics,46,292.53
U157,P006,click,2026-04-06 03:24:00,mobile,electronics,456,305.62
U044,P023,click,2026-04-06 03:24:00,mobile,home,375,212.17
U276,P099,view,2026-04-06 03:26:00,mobile,electronics,393,481.56
U305,P057,view,2026-04-06 03:28:00,tablet,electronics,211,380.93
U116,P084,click,2026-04-06 03:30:00,tablet,electronics,326,459.12
U172,P070,add_to_cart,2026-04-06 03:32:00,desktop,home,547,53.64
U403,P091,click,2026-04-06 03:35:00,desktop,home,507,435.32
U085,P023,click,2026-04-06 03:36:00,tablet,electronics,287,21.87
U140,P061,click,2026-04-06 03:37:00,tablet,electronics,336,215.9
U113,P066,add_to_cart,2026-04-06 03:39:00,desktop,home,547,29.51
U463,P019,view,2026-04-06 03:40:00,mobile,home,219,429.69
U477,P021,view,2026-04-06 03:40:00,tablet,electronics,171,367.9
U087,P076,click,2026-04-06 03:40:00,tablet,beauty,301,99.77
U143,P087,add_to_cart,2026-04-06 03:41:00,desktop,electronics,309,232.39
U209,P055,add_to_cart,2026-04-06 03:42:00,mobile,electronics,458,248.77
U344,P076,view,2026-04-06 03:43:00,tablet,electronics,220,323.21
U220,P018,click,2026-04-06 03:43:00,desktop,electronics,433,427.44
U063,P096,view,2026-04-06 03:44:00,tablet,home,330,491.45
U031,P076,view,2026-04-06 03:45:00,mobile,home,292,225.25
U134,P002,click,2026-04-06 03:45:00,desktop,beauty,404,182.71
U216,P090,add_to_cart,2026-04-06 03:45:00,desktop,beauty,468,44.34
U057,P066,view,2026-04-06 03:46:00,tablet,beauty,232,302.71
U360,P006,click,2026-04-06 03:46:00,mobile,electronics,479,490.16
U223,P059,click,2026-04-06 03:47:00,desktop,clothing,270,359.72
U466,P027,view,2026-04-06 03:49:00,desktop,home,206,350.85
U171,P016,view,2026-04-06 03:49:00,tablet,clothing,11,292.53
U181,P059,view,2026-04-06 03:49:00,desktop,home,83,291.91
U345,P074,click,2026-04-06 03:50:00,tablet,beauty,268,148.97
U048,P072,click,2026-04-06 03:50:00,desktop,beauty,224,136.37
U393,P063,click,2026-04-06 03:50:00,mobile,clothing,472,309.3
U321,P012,add_to_cart,2026-04-06 03:50:00,mobile,beauty,565,97.92
U453,P017,add_to_cart,2026-04-06 03:53:00,tablet,clothing,581,169.62
U256,P074,view,2026-04-06 03:53:00,mobile,clothing,33,484.12
U427,P095,add_to_cart,2026-04-06 03:54:00,desktop,clothing,600,105.62
U391,P024,click,2026-04-06 03:56:00,mobile,beauty,237,116.42
U212,P020,click,2026-04-06 03:57:00,tablet,home,322,36.42
U107,P088,view,2026-04-06 03:57:00,mobile,home,274,382.57
U318,P002,view,2026-04-06 03:57:00,tablet,clothing,353,499.75
U138,P005,add_to_cart,2026-04-06 03:58:00,desktop,electronics,482,217.1
U175,P019,view,2026-04-06 03:58:00,tablet,clothing,85,16.67
U255,P087,add_to_cart,2026-04-06 04:00:00,desktop,home,571,93.42
U050,P044,click,2026-04-06 04:00:00,mobile,beauty,455,332.8
U410,P073,add_to_cart,2026-04-06 04:00:00,tablet,electronics,548,43.49
U370,P080,view,2026-04-06 04:01:00,desktop,clothing,175,389.16
U065,P016,click,2026-04-06 04:01:00,desktop,beauty,230,289.87
U076,P005,view,2026-04-06 04:03:00,mobile,clothing,125,439.9
U168,P027,click,2026-04-06 04:03:00,desktop,beauty,10,23.62
U491,P099,click,2026-04-06 04:04:00,desktop,home,350,126.59
U056,P035,click,2026-04-06 04:05:00,desktop,beauty,321,350.97
U334,P049,click,2026-04-06 04:06:00,desktop,home,253,74.65
U232,P014,add_to_cart,2026-04-06 04:07:00,desktop,home,516,50.54
U007,P092,view,2026-04-06 04:08:00,mobile,electronics,142,299.94
U476,P018,view,2026-04-06 04:08:00,mobile,clothing,232,488.05
U194,P030,view,2026-04-06 04:09:00,mobile,home,105,68.06
U472,P031,view,2026-04-06 04:11:00,desktop,home,221,453.09
U216,P020,view,2026-04-06 04:11:00,tablet,home,21,58.25
U194,P076,add_to_cart,2026-04-06 04:13:00,desktop,electronics,549,319.78
U372,P025,view,2026-04-06 04:13:00,desktop,beauty,66,44.83
U331,P082,click,2026-04-06 04:14:00,tablet,beauty,541,322.45
U398,P049,click,2026-04-06 04:15:00,tablet,electronics,348,93.73
U265,P029,click,2026-04-06 04:16:00,mobile,beauty,451,317.51
U380,P054,view,2026-04-06 04:17:00,mobile,beauty,157,141.42
U015,P063,view,2026-04-06 04:17:00,tablet,electronics,113,227.27
U174,P004,add_to_cart,2026-04-06 04:17:00,tablet,beauty,589,25.7
U488,P074,click,2026-04-06 04:20:00,mobile,electronics,384,335.9
U084,P016,click,2026-04-06 04:21:00,mobile,electronics,358,229.6
U023,P087,click,2026-04-06 04:22:00,mobile,beauty,574,467.6
U371,P006,click,2026-04-06 04:24:00,mobile,clothing,192,24.48
U121,P092,click,2026-04-06 04:24:00,tablet,beauty,367,212.25
U167,P020,view,2026-04-06 04:25:00,mobile,beauty,81,176.37
U413,P036,add_to_cart,2026-04-06 04:25:00,desktop,electronics,432,359.96
U111,P097,click,2026-04-06 04:25:00,mobile,clothing,290,71.38
U228,P011,view,2026-04-06 04:25:00,mobile,home,68,210.61
U046,P005,click,2026-04-06 04:26:00,desktop,home,370,297.79
U317,P061,click,2026-04-06 04:26:00,tablet,beauty,432,139.11
U500,P012,view,2026-04-06 04:26:00,mobile,electronics,242,395.49
U083,P092,click,2026-04-06 04:29:00,desktop,home,333,187.77
U179,P010,add_to_cart,2026-04-06 04:32:00,desktop,electronics,262,13.68
U366,P032,view,2026-04-06 04:32:00,mobile,home,37,337.08
U118,P063,click,2026-04-06 04:33:00,mobile,beauty,548,309.13
U302,P081,click,2026-04-06 04:34:00,mobile,home,549,293.21
U169,P031,click,2026-04-06 04:34:00,tablet,beauty,558,220.06
U011,P086,view,2026-04-06 04:35:00,mobile,home,217,335.18
U205,P066,click,2026-04-06 04:36:00,desktop,beauty,248,317.45
U040,P052,view,2026-04-06 04:37:00,mobile,clothing,203,254.51
U026,P090,add_to_cart,2026-04-06 04:38:00,tablet,beauty,534,20.45
U341,P089,view,2026-04-06 04:40:00,tablet,home,71,286.72
U496,P010,view,2026-04-06 04:40:00,mobile,home,81,26.8
U362,P087,view,2026-04-06 04:42:00,mobile,clothing,221,311.92
U436,P031,add_to_cart,2026-04-06 04:42:00,desktop,home,571,123.1
U483,P010,add_to_cart,2026-04-06 04:42:00,tablet,beauty,550,138.06
U125,P041,click,2026-04-06 04:43:00,desktop,clothing,400,334.99
U091,P096,click,2026-04-06 04:44:00,tablet,electronics,365,256.01
U357,P010,add_to_cart,2026-04-06 04:47:00,desktop,electronics,581,184.44
U176,P083,click,2026-04-06 04:48:00,tablet,clothing,387,141.62
U055,P066,view,2026-04-06 04:49:00,mobile,electronics,104,241.61
U457,P081,view,2026-04-06 04:50:00,tablet,electronics,108,397.0
U419,P069,click,2026-04-06 04:54:00,desktop,home,455,241.39
U133,P025,click,2026-04-06 04:56:00,desktop,beauty,164,45.51
U245,P035,view,2026-04-06 04:56:00,tablet,home,52,493.53
U040,P097,add_to_cart,2026-04-06 04:57:00,desktop,clothing,412,32.65
U163,P009,view,2026-04-06 04:59:00,desktop,beauty,153,403.63
U143,P016,view,2026-04-06 04:59:00,mobile,clothing,272,419.98
U465,P038,add_to_cart,2026-04-06 05:00:00,mobile,electronics,592,14.31
U130,P093,click,2026-04-06 05:01:00,desktop,clothing,450,379.77
U387,P016,click,2026-04-06 05:01:00,mobile,home,581,97.64
U321,P045,view,2026-04-06 05:01:00,mobile,clothing,311,174.24
U475,P038,view,2026-04-06 05:01:00,tablet,beauty,180,177.98
U443,P062,view,2026-04-06 05:03:00,tablet,home,61,334.37
U002,P097,view,2026-04-06 05:03:00,tablet,beauty,251,239.72
U230,P056,view,2026-04-06 05:05:00,mobile,electronics,203,179.89
U102,P042,click,2026-04-06 05:05:00,mobile,clothing,498,179.32
U120,P012,click,2026-04-06 05:07:00,tablet,beauty,285,212.89
U429,P085,view,2026-04-06 05:09:00,mobile,home,214,143.1
U380,P099,view,2026-04-06 05:16:00,mobile,clothing,256,390.19
U026,P097,click,2026-04-06 05:18:00,tablet,electronics,400,418.74
U284,P029,view,2026-04-06 05:21:00,tablet,beauty,69,58.98
U436,P019,click,2026-04-06 05:21:00,tablet,home,256,60.92
U221,P026,view,2026-04-06 05:22:00,tablet,electronics,97,312.85
U017,P060,view,2026-04-06 05:23:00,tablet,clothing,328,150.27
U074,P057,view,2026-04-06 05:25:00,mobile,beauty,308,299.67
U383,P070,click,2026-04-06 05:26:00,tablet,home,548,168.95
U175,P077,view,2026-04-06 05:26:00,mobile,clothing,236,474.9
U065,P006,view,2026-04-06 05:27:00,desktop,clothing,114,344.85
U153,P027,click,2026-04-06 05:27:00,desktop,electronics,303,468.17
U224,P092,view,2026-04-06 05:27:00,tablet,electronics,204,297.11
U228,P006,view,2026-04-06 05:28:00,tablet,electronics,94,274.36
U039,P058,click,2026-04-06 05:28:00,desktop,clothing,224,396.09
U035,P092,view,2026-04-06 05:31:00,desktop,beauty,46,151.53
U433,P092,add_to_cart,2026-04-06 05:34:00,desktop,clothing,422,225.62
U476,P050,view,2026-04-06 05:35:00,tablet,home,312,478.2
U100,P050,click,2026-04-06 05:35:00,desktop,home,281,322.51
U206,P091,click,2026-04-06 05:36:00,desktop,home,430,381.72
U412,P018,add_to_cart,2026-04-06 05:37:00,desktop,electronics,482,148.32
U059,P098,view,2026-04-06 05:38:00,mobile,clothing,283,294.79
U007,P086,view,2026-04-06 05:39:00,tablet,home,36,369.9
U476,P020,click,2026-04-06 05:40:00,mobile,beauty,321,240.03
U202,P033,click,2026-04-06 05:40:00,desktop,beauty,452,491.76
U242,P099,click,2026-04-06 05:44:00,desktop,beauty,267,305.62
U069,P085,add_to_cart,2026-04-06 05:47:00,mobile,electronics,441,26.53
U325,P051,view,2026-04-06 05:49:00,mobile,home,420,389.37
U384,P040,click,2026-04-06 05:51:00,desktop,clothing,265,339.69
U474,P088,view,2026-04-06 05:52:00,mobile,beauty,292,465.03
U280,P087,click,2026-04-06 05:53:00,mobile,electronics,513,338.02
U310,P062,click,2026-04-06 05:54:00,tablet,home,526,485.9
U061,P049,view,2026-04-06 05:56:00,mobile,beauty,210,170.82
U043,P002,click,2026-04-06 05:57:00,desktop,beauty,240,260.55
U106,P065,view,2026-04-06 06:00:00,mobile,electronics,393,404.06
U266,P053,click,2026-04-06 06:05:00,tablet,beauty,442,105.75
U401,P085,click,2026-04-06 06:05:00,tablet,clothing,435,114.6
U443,P062,click,2026-04-06 06:06:00,mobile,clothing,516,410.11
U310,P045,click,2026-04-06 06:06:00,desktop,electronics,400,459.64
U271,P003,view,2026-04-06 06:07:00,desktop,clothing,247,496.72
U226,P084,click,2026-04-06 06:09:00,desktop,electronics,120,60.11
U036,P020,add_to_cart,2026-04-06 06:10:00,mobile,electronics,570,176.28
U427,P028,click,2026-04-06 06:11:00,tablet,beauty,196,91.26
U122,P065,click,2026-04-06 06:11:00,desktop,beauty,113,21.85
U160,P076,add_to_cart,2026-04-06 06:12:00,desktop,home,452,50.32
U014,P047,click,2026-04-06 06:13:00,mobile,beauty,556,333.12
U095,P074,view,2026-04-06 06:14:00,tablet,electronics,38,270.06
U265,P010,add_to_cart,2026-04-06 06:15:00,mobile,beauty,506,153.95
U475,P051,view,2026-04-06 06:16:00,mobile,beauty,157,240.78
U058,P064,click,2026-04-06 06:16:00,desktop,beauty,37,29.61
U478,P078,add_to_cart,2026-04-06 06:17:00,mobile,electronics,511,83.96
U232,P013,view,2026-04-06 06:18:00,tablet,beauty,127,384.26
U394,P026,click,2026-04-06 06:18:00,mobile,home,495,324.1
U049,P078,view,2026-04-06 06:19:00,mobile,home,91,413.76
U295,P093,click,2026-04-06 06:19:00,mobile,home,539,219.31
U463,P077,view,2026-04-06 06:19:00,mobile,electronics,137,201.02
U265,P079,view,2026-04-06 06:21:00,mobile,clothing,241,306.43
U090,P038,add_to_cart,2026-04-06 06:21:00,desktop,home,553,150.07
U353,P078,add_to_cart,2026-04-06 06:23:00,desktop,electronics,536,185.24
U190,P052,click,2026-04-06 06:23:00,tablet,beauty,304,333.1
U018,P031,view,2026-04-06 06:25:00,mobile,home,61,109.37
U495,P010,view,2026-04-06 06:25:00,tablet,electronics,415,355.59
U427,P030,click,2026-04-06 06:25:00,tablet,beauty,464,105.45
U114,P001,click,2026-04-06 06:26:00,desktop,beauty,392,479.57
U001,P006,add_to_cart,2026-04-06 06:27:00,desktop,clothing,487,135.21
U032,P013,view,2026-04-06 06:29:00,desktop,clothing,337,465.72
U080,P062,click,2026-04-06 06:30:00,tablet,home,533,370.86
U401,P053,click,2026-04-06 06:30:00,mobile,electronics,583,415.13
U059,P047,click,2026-04-06 06:31:00,mobile,home,588,120.66
U379,P020,view,2026-04-06 06:31:00,desktop,home,196,175.85
U499,P005,view,2026-04-06 06:32:00,mobile,clothing,46,473.43
U444,P038,click,2026-04-06 06:32:00,mobile,beauty,334,80.73
U246,P056,view,2026-04-06 06:33:00,mobile,home,379,375.34
U410,P097,add_to_cart,2026-04-06 06:33:00,desktop,clothing,585,444.76
U389,P042,view,2026-04-06 06:34:00,mobile,electronics,13,248.97
U268,P057,view,2026-04-06 06:34:00,mobile,electronics,69,251.78
U005,P051,click,2026-04-06 06:34:00,mobile,beauty,570,489.01
U202,P071,click,2026-04-06 06:35:00,desktop,beauty,389,220.07
U037,P072,view,2026-04-06 06:35:00,desktop,clothing,153,232.37
U374,P071,click,2026-04-06 06:35:00,mobile,electronics,353,355.15
U329,P077,click,2026-04-06 06:37:00,mobile,beauty,204,26.21
U463,P085,view,2026-04-06 06:37:00,mobile,electronics,127,328.36
U025,P091,add_to_cart,2026-04-06 06:37:00,desktop,electronics,382,87.12
U498,P005,add_to_cart,2026-04-06 06:38:00,desktop,electronics,333,26.47
U460,P036,view,2026-04-06 06:38:00,tablet,electronics,96,496.87
U492,P042,add_to_cart,2026-04-06 06:38:00,desktop,beauty,480,256.82
U354,P016,view,2026-04-06 06:38:00,mobile,clothing,157,442.8
U206,P058,add_to_cart,2026-04-06 06:40:00,desktop,electronics,287,81.77
U172,P086,click,2026-04-06 06:40:00,mobile,home,472,309.57
U083,P076,view,2026-04-06 06:41:00,desktop,home,40,198.56
U245,P020,add_to_cart,2026-04-06 06:41:00,desktop,beauty,389,37.09
U246,P059,view,2026-04-06 06:41:00,mobile,home,283,21.66
U052,P018,view,2026-04-06 06:42:00,mobile,home,101,404.73
U274,P057,view,2026-04-06 06:42:00,tablet,beauty,54,329.53
U317,P051,view,2026-04-06 06:42:00,tablet,clothing,145,385.31
U241,P020,view,2026-04-06 06:44:00,tablet,home,319,171.57
U362,P087,view,2026-04-06 06:46:00,tablet,home,183,212.02
U240,P083,view,2026-04-06 06:47:00,desktop,home,237,467.14
U419,P072,view,2026-04-06 06:48:00,tablet,beauty,120,423.28
U295,P022,view,2026-04-06 06:48:00,tablet,electronics,49,114.62
U449,P040,add_to_cart,2026-04-06 06:49:00,mobile,electronics,474,112.1
U464,P068,click,2026-04-06 06:50:00,mobile,clothing,343,26.7
U283,P035,click,2026-04-06 06:51:00,tablet,electronics,534,328.48
U485,P042,add_to_cart,2026-04-06 06:51:00,tablet,electronics,533,272.26
U466,P012,click,2026-04-06 06:51:00,mobile,electronics,302,136.57
U079,P031,view,2026-04-06 06:51:00,mobile,clothing,46,182.21
U340,P021,click,2026-04-06 06:52:00,desktop,electronics,180,304.24
U450,P020,add_to_cart,2026-04-06 06:52:00,desktop,home,567,302.53
U282,P069,view,2026-04-06 06:52:00,tablet,home,132,322.55
U307,P065,view,2026-04-06 06:54:00,desktop,clothing,82,373.3
U052,P027,view,2026-04-06 06:54:00,tablet,electronics,10,265.34
U309,P002,add_to_cart,2026-04-06 06:56:00,tablet,electronics,529,169.37
U452,P019,view,2026-04-06 06:56:00,desktop,home,149,462.7
U303,P020,view,2026-04-06 06:57:00,tablet,beauty,121,146.39
U472,P077,view,2026-04-06 06:58:00,tablet,electronics,121,393.43
U204,P041,click,2026-04-06 06:58:00,mobile,electronics,265,98.26
U476,P019,view,2026-04-06 06:59:00,desktop,electronics,77,376.84
U149,P060,add_to_cart,2026-04-06 06:59:00,desktop,home,492,151.71
U233,P075,view,2026-04-06 07:01:00,mobile,clothing,61,122.73
U290,P098,view,2026-04-06 07:02:00,desktop,electronics,67,288.53
U146,P039,view,2026-04-06 07:02:00,mobile,clothing,66,475.14
U348,P089,click,2026-04-06 07:02:00,mobile,home,594,258.17
U242,P039,view,2026-04-06 07:03:00,tablet,beauty,301,379.79
U487,P080,click,2026-04-06 07:05:00,desktop,home,484,474.18
U435,P098,click,2026-04-06 07:06:00,tablet,home,397,159.63
U495,P034,view,2026-04-06 07:06:00,tablet,home,152,244.74
U380,P063,add_to_cart,2026-04-06 07:07:00,desktop,electronics,463,30.53
U402,P049,view,2026-04-06 07:09:00,desktop,home,111,381.48
U354,P097,view,2026-04-06 07:09:00,mobile,beauty,183,212.13
U059,P045,view,2026-04-06 07:10:00,mobile,home,207,451.21
U252,P019,view,2026-04-06 07:13:00,tablet,home,304,152.72
U305,P048,click,2026-04-06 07:14:00,tablet,beauty,453,229.28
U053,P064,view,2026-04-06 07:14:00,desktop,beauty,182,457.51
U289,P025,click,2026-04-06 07:14:00,mobile,electronics,525,167.43
U055,P023,view,2026-04-06 07:15:00,mobile,electronics,182,412.8
U166,P084,click,2026-04-06 07:17:00,desktop,home,88,149.53
U041,P078,view,2026-04-06 07:17:00,tablet,home,98,342.02
U074,P074,click,2026-04-06 07:21:00,tablet,beauty,348,48.99
U129,P074,add_to_cart,2026-04-06 07:22:00,mobile,home,567,126.45
U021,P060,click,2026-04-06 07:23:00,desktop,beauty,86,21.96
U009,P072,view,2026-04-06 07:23:00,tablet,electronics,107,376.51
U400,P072,click,2026-04-06 07:23:00,tablet,electronics,333,143.05
U278,P021,view,2026-04-06 07:25:00,tablet,clothing,189,494.53
U054,P003,view,2026-04-06 07:27:00,tablet,home,39,311.16
U350,P043,add_to_cart,2026-04-06 07:27:00,desktop,home,389,177.39
U214,P086,add_to_cart,2026-04-06 07:28:00,desktop,beauty,559,85.97
U144,P038,click,2026-04-06 07:28:00,mobile,home,521,320.31
U323,P075,view,2026-04-06 07:29:00,desktop,home,205,414.08
U169,P005,click,2026-04-06 07:30:00,tablet,clothing,567,141.68
U371,P068,view,2026-04-06 07:30:00,mobile,beauty,162,153.61
U465,P032,click,2026-04-06 07:32:00,mobile,electronics,86,48.02
U002,P099,view,2026-04-06 07:33:00,mobile,electronics,362,373.85
U103,P100,click,2026-04-06 07:33:00,mobile,electronics,362,328.95
U124,P058,click,2026-04-06 07:38:00,desktop,electronics,216,205.17
U284,P029,click,2026-04-06 07:39:00,tablet,electronics,449,257.12
U494,P094,add_to_cart,2026-04-06 07:39:00,desktop,electronics,491,362.76
U420,P082,click,2026-04-06 07:40:00,desktop,beauty,304,141.89
U320,P086,view,2026-04-06 07:41:00,mobile,clothing,218,306.8
U393,P029,view,2026-04-06 07:42:00,mobile,home,90,349.83
U456,P063,add_to_cart,2026-04-06 07:42:00,mobile,clothing,572,51.74
U117,P078,view,2026-04-06 07:42:00,mobile,electronics,241,441.7
U081,P052,click,2026-04-06 07:44:00,mobile,clothing,469,293.17
U202,P097,add_to_cart,2026-04-06 07:44:00,desktop,electronics,396,149.95
U119,P061,view,2026-04-06 07:44:00,tablet,clothing,119,111.66
U284,P041,view,2026-04-06 07:47:00,mobile,beauty,59,274.08
U480,P056,click,2026-04-06 07:47:00,tablet,clothing,429,114.0
U215,P093,click,2026-04-06 07:47:00,mobile,beauty,540,360.75
U252,P079,click,2026-04-06 07:49:00,desktop,beauty,378,398.52
U186,P093,click,2026-04-06 07:50:00,desktop,electronics,84,105.37
U015,P061,view,2026-04-06 07:50:00,tablet,beauty,351,381.05
U293,P043,add_to_cart,2026-04-06 07:51:00,mobile,home,489,106.09
U286,P045,click,2026-04-06 07:51:00,tablet,electronics,314,309.17
U354,P040,view,2026-04-06 07:52:00,tablet,home,274,430.12
U025,P045,click,2026-04-06 07:54:00,desktop,home,301,168.45
U032,P068,view,2026-04-06 07:55:00,desktop,beauty,72,143.98
U043,P070,view,2026-04-06 07:55:00,mobile,beauty,112,449.98
U369,P045,view,2026-04-06 07:56:00,desktop,home,33,195.76
U101,P011,view,2026-04-06 07:56:00,mobile,home,74,188.32
U476,P037,click,2026-04-06 07:57:00,tablet,home,542,391.72
U154,P018,add_to_cart,2026-04-06 07:57:00,desktop,home,425,32.26
U133,P099,view,2026-04-06 07:57:00,tablet,clothing,199,451.43
U152,P074,add_to_cart,2026-04-06 07:57:00,desktop,clothing,351,101.07
U011,P098,view,2026-04-06 07:58:00,desktop,beauty,304,366.03
U386,P027,click,2026-04-06 07:59:00,desktop,electronics,151,441.43
U183,P051,view,2026-04-06 08:00:00,tablet,electronics,330,499.52
U198,P058,click,2026-04-06 08:01:00,tablet,beauty,344,127.71
U427,P070,view,2026-04-06 08:01:00,tablet,beauty,219,354.9
U095,P069,view,2026-04-06 08:02:00,mobile,electronics,70,418.37
U485,P060,click,2026-04-06 08:07:00,mobile,clothing,445,172.06
U078,P099,view,2026-04-06 08:08:00,tablet,electronics,344,335.83
U070,P063,view,2026-04-06 08:09:00,mobile,beauty,218,201.63
U493,P091,click,2026-04-06 08:11:00,tablet,electronics,366,59.19
U434,P024,click,2026-04-06 08:12:00,mobile,electronics,385,222.42
U089,P047,click,2026-04-06 08:12:00,desktop,clothing,316,194.18
U214,P058,view,2026-04-06 08:12:00,mobile,clothing,393,415.52
U219,P065,add_to_cart,2026-04-06 08:12:00,tablet,home,532,117.51
U276,P093,click,2026-04-06 08:13:00,desktop,home,478,451.25
U280,P053,click,2026-04-06 08:14:00,desktop,beauty,289,288.57
U128,P017,view,2026-04-06 08:15:00,mobile,home,117,150.53
U352,P009,click,2026-04-06 08:16:00,desktop,home,358,117.14
U369,P047,click,2026-04-06 08:16:00,mobile,clothing,355,82.53
U218,P045,click,2026-04-06 08:18:00,mobile,electronics,228,111.2
U171,P074,view,2026-04-06 08:18:00,desktop,clothing,221,440.11
U184,P061,view,2026-04-06 08:19:00,mobile,beauty,307,260.51
U441,P049,click,2026-04-06 08:21:00,desktop,home,376,317.66
U285,P001,view,2026-04-06 08:22:00,tablet,beauty,194,328.05
U374,P077,click,2026-04-06 08:23:00,tablet,electronics,390,296.57
U096,P041,view,2026-04-06 08:23:00,desktop,beauty,337,462.31
U067,P098,click,2026-04-06 08:25:00,desktop,clothing,292,393.58
U325,P043,add_to_cart,2026-04-06 08:25:00,desktop,clothing,436,59.01
U043,P038,view,2026-04-06 08:26:00,mobile,beauty,64,81.41
U288,P091,click,2026-04-06 08:26:00,tablet,clothing,444,42.95
U168,P094,click,2026-04-06 08:27:00,tablet,electronics,315,213.77
U224,P099,click,2026-04-06 08:27:00,tablet,electronics,324,134.15
U047,P054,click,2026-04-06 08:27:00,tablet,electronics,398,223.7
U345,P020,view,2026-04-06 08:28:00,mobile,electronics,487,460.39
U106,P087,add_to_cart,2026-04-06 08:29:00,desktop,beauty,407,135.99
U247,P038,view,2026-04-06 08:30:00,tablet,electronics,163,397.73
U245,P070,click,2026-04-06 08:30:00,tablet,clothing,427,318.72
U005,P066,view,2026-04-06 08:31:00,mobile,clothing,36,114.83
U203,P039,view,2026-04-06 08:31:00,tablet,clothing,173,158.88
U442,P088,click,2026-04-06 08:31:00,desktop,home,587,429.49
U379,P047,view,2026-04-06 08:32:00,mobile,clothing,414,486.43
U113,P025,add_to_cart,2026-04-06 08:33:00,desktop,electronics,437,192.83
U481,P013,click,2026-04-06 08:33:00,tablet,electronics,359,397.18
U316,P071,view,2026-04-06 08:34:00,desktop,clothing,192,279.58
U427,P095,add_to_cart,2026-04-06 08:35:00,mobile,electronics,560,170.78
U090,P036,view,2026-04-06 08:35:00,desktop,clothing,64,292.73
U270,P025,view,2026-04-06 08:36:00,tablet,home,325,207.58
U046,P029,view,2026-04-06 08:36:00,desktop,beauty,121,397.51
U024,P024,view,2026-04-06 08:36:00,mobile,beauty,88,423.17
U120,P026,click,2026-04-06 08:37:00,mobile,electronics,333,66.72
U108,P021,view,2026-04-06 08:38:00,tablet,home,50,285.33
U243,P047,add_to_cart,2026-04-06 08:38:00,desktop,clothing,498,88.78
U266,P060,view,2026-04-06 08:38:00,desktop,clothing,82,239.31
U486,P044,view,2026-04-06 08:40:00,mobile,beauty,386,299.13
U012,P059,view,2026-04-06 08:45:00,tablet,beauty,112,172.27
U245,P083,click,2026-04-06 08:47:00,desktop,beauty,526,274.41
U247,P033,add_to_cart,2026-04-06 08:47:00,mobile,beauty,563,109.34
U247,P042,click,2026-04-06 08:48:00,mobile,beauty,506,177.79
U475,P070,view,2026-04-06 08:48:00,mobile,beauty,49,384.08
U332,P073,click,2026-04-06 08:50:00,tablet,beauty,507,98.36
U313,P039,view,2026-04-06 08:51:00,tablet,clothing,284,63.61
U248,P070,click,2026-04-06 08:53:00,tablet,beauty,241,52.81
U266,P058,add_to_cart,2026-04-06 08:55:00,desktop,home,486,39.97
U459,P057,click,2026-04-06 08:55:00,desktop,clothing,358,329.77
U152,P011,click,2026-04-06 08:57:00,desktop,electronics,19,59.55
U066,P038,click,2026-04-06 08:57:00,mobile,clothing,438,262.27
U480,P053,click,2026-04-06 08:58:00,mobile,electronics,453,277.38
U199,P029,click,2026-04-06 08:58:00,tablet,clothing,349,278.48
U447,P011,view,2026-04-06 08:59:00,tablet,beauty,305,205.56
U135,P065,add_to_cart,2026-04-06 08:59:00,mobile,electronics,577,197.65
U347,P054,view,2026-04-06 09:00:00,mobile,beauty,149,433.85
U264,P097,click,2026-04-06 09:00:00,mobile,clothing,460,293.83
U198,P033,view,2026-04-06 09:01:00,tablet,beauty,188,212.72
U313,P009,view,2026-04-06 09:03:00,tablet,home,53,171.31
U257,P033,click,2026-04-06 09:03:00,desktop,home,391,220.09
U378,P013,click,2026-04-06 09:04:00,tablet,electronics,437,169.32
U375,P053,click,2026-04-06 09:06:00,tablet,home,339,33.68
U357,P010,view,2026-04-06 09:09:00,mobile,beauty,312,402.12
U025,P097,click,2026-04-06 09:09:00,desktop,beauty,223,95.41
U429,P060,click,2026-04-06 09:10:00,tablet,clothing,586,494.95
U461,P081,view,2026-04-06 09:10:00,tablet,home,101,191.3
U181,P007,view,2026-04-06 09:12:00,tablet,beauty,42,384.61
U364,P055,click,2026-04-06 09:13:00,desktop,beauty,479,351.68
U437,P097,add_to_cart,2026-04-06 09:13:00,mobile,home,539,67.06
U139,P082,add_to_cart,2026-04-06 09:15:00,desktop,electronics,578,269.92
U125,P032,click,2026-04-06 09:16:00,tablet,electronics,557,370.87
U397,P040,view,2026-04-06 09:17:00,tablet,electronics,29,100.56
U012,P035,view,2026-04-06 09:18:00,mobile,electronics,311,421.27
U117,P069,view,2026-04-06 09:18:00,desktop,clothing,130,454.13
U282,P078,click,2026-04-06 09:19:00,mobile,beauty,497,383.3
U090,P018,view,2026-04-06 09:19:00,mobile,home,228,192.25
U206,P013,view,2026-04-06 09:20:00,tablet,clothing,277,184.68
U055,P062,view,2026-04-06 09:21:00,mobile,home,187,77.08
U102,P031,view,2026-04-06 09:21:00,mobile,home,100,167.26
U280,P017,view,2026-04-06 09:21:00,mobile,home,255,424.33
U275,P084,click,2026-04-06 09:22:00,tablet,clothing,538,224.78
U466,P069,click,2026-04-06 09:26:00,tablet,clothing,255,99.93
U429,P059,add_to_cart,2026-04-06 09:28:00,mobile,clothing,576,288.71
U079,P020,view,2026-04-06 09:29:00,tablet,electronics,33,391.17
U482,P025,view,2026-04-06 09:31:00,mobile,clothing,76,349.99
U164,P090,view,2026-04-06 09:31:00,mobile,home,345,187.4
U086,P050,view,2026-04-06 09:34:00,tablet,home,325,321.34
U193,P095,click,2026-04-06 09:35:00,mobile,electronics,486,290.28
U263,P026,add_to_cart,2026-04-06 09:36:00,mobile,beauty,460,89.64
U313,P063,click,2026-04-06 09:38:00,desktop,electronics,184,30.39
U056,P031,click,2026-04-06 09:38:00,desktop,home,219,75.55
U200,P076,click,2026-04-06 09:38:00,tablet,clothing,451,285.42
U301,P089,view,2026-04-06 09:39:00,mobile,beauty,169,289.76
U422,P007,click,2026-04-06 09:41:00,mobile,beauty,413,249.2
U480,P057,view,2026-04-06 09:43:00,mobile,clothing,68,102.87
U173,P034,view,2026-04-06 09:44:00,tablet,beauty,21,39.77
U416,P024,view,2026-04-06 09:44:00,tablet,electronics,44,79.53
U006,P092,view,2026-04-06 09:45:00,mobile,beauty,134,143.27
U451,P007,view,2026-04-06 09:46:00,mobile,electronics,89,62.11
U123,P043,click,2026-04-06 09:47:00,desktop,beauty,308,210.07
U331,P036,view,2026-04-06 09:48:00,mobile,home,171,69.65
U448,P099,view,2026-04-06 09:48:00,tablet,clothing,212,390.85
U244,P055,view,2026-04-06 09:49:00,tablet,home,263,382.29
U493,P059,view,2026-04-06 09:49:00,desktop,beauty,173,421.85
U079,P048,click,2026-04-06 09:49:00,tablet,home,581,276.83
U319,P042,view,2026-04-06 09:51:00,mobile,beauty,356,439.51
U280,P039,view,2026-04-06 09:54:00,tablet,beauty,62,317.05
U190,P064,add_to_cart,2026-04-06 09:56:00,mobile,beauty,540,30.88
U476,P043,view,2026-04-06 09:56:00,desktop,beauty,69,330.78
U278,P100,view,2026-04-06 09:57:00,tablet,clothing,262,355.86
U135,P086,click,2026-04-06 09:58:00,tablet,clothing,223,10.77
U197,P023,click,2026-04-06 09:58:00,tablet,electronics,344,193.62
U011,P031,click,2026-04-06 09:59:00,tablet,beauty,532,418.81
U307,P100,add_to_cart,2026-04-06 10:00:00,desktop,electronics,577,295.49
U311,P067,click,2026-04-06 10:00:00,desktop,clothing,123,62.12
U236,P075,view,2026-04-06 10:00:00,tablet,home,183,80.74
U013,P045,view,2026-04-06 10:01:00,mobile,electronics,125,130.25
U456,P021,click,2026-04-06 10:04:00,mobile,electronics,311,349.02
U121,P016,click,2026-04-06 10:04:00,mobile,home,358,11.1
U450,P086,click,2026-04-06 10:05:00,tablet,electronics,377,12.19
U167,P009,view,2026-04-06 10:05:00,tablet,clothing,55,293.94
U085,P029,view,2026-04-06 10:06:00,tablet,home,306,378.52
U220,P035,click,2026-04-06 10:07:00,desktop,clothing,185,45.23
U340,P036,click,2026-04-06 10:07:00,tablet,beauty,191,27.46
U115,P034,view,2026-04-06 10:07:00,desktop,beauty,25,125.35
U068,P061,click,2026-04-06 10:08:00,mobile,clothing,574,345.69
U349,P056,click,2026-04-06 10:09:00,desktop,clothing,361,460.26
U155,P087,view,2026-04-06 10:12:00,mobile,clothing,171,403.99
U288,P068,view,2026-04-06 10:13:00,mobile,home,480,377.97
U082,P016,click,2026-04-06 10:13:00,tablet,electronics,552,322.34
U395,P015,click,2026-04-06 10:14:00,desktop,clothing,368,261.34
U093,P058,click,2026-04-06 10:14:00,tablet,beauty,530,147.17
U390,P080,view,2026-04-06 10:17:00,tablet,beauty,439,426.47
U297,P036,click,2026-04-06 10:18:00,desktop,beauty,570,386.75
U118,P024,click,2026-04-06 10:21:00,tablet,electronics,537,173.88
U359,P071,view,2026-04-06 10:21:00,mobile,home,207,474.44
U366,P023,click,2026-04-06 10:23:00,tablet,home,389,227.97
U300,P037,view,2026-04-06 10:24:00,tablet,clothing,145,120.93
U394,P048,view,2026-04-06 10:26:00,tablet,home,203,256.24
U279,P016,view,2026-04-06 10:27:00,desktop,home,105,473.37
U147,P051,add_to_cart,2026-04-06 10:28:00,desktop,electronics,514,164.71
U376,P064,click,2026-04-06 10:29:00,desktop,electronics,173,303.55
U209,P092,view,2026-04-06 10:29:00,mobile,home,199,310.03
U269,P014,add_to_cart,2026-04-06 10:29:00,desktop,beauty,385,18.76
U401,P027,click,2026-04-06 10:30:00,tablet,clothing,193,34.28
U127,P006,click,2026-04-06 10:33:00,tablet,clothing,444,107.1
U467,P066,click,2026-04-06 10:33:00,tablet,clothing,551,207.83
U163,P038,add_to_cart,2026-04-06 10:34:00,desktop,beauty,389,260.17
U405,P045,view,2026-04-06 10:34:00,mobile,beauty,476,431.32
U357,P057,add_to_cart,2026-04-06 10:34:00,mobile,beauty,551,200.18
U091,P063,click,2026-04-06 10:35:00,mobile,home,189,36.89
U130,P019,view,2026-04-06 10:36:00,desktop,clothing,278,348.15
U422,P059,click,2026-04-06 10:37:00,tablet,beauty,596,362.42
U276,P044,add_to_cart,2026-04-06 10:40:00,desktop,clothing,586,16.15
U177,P054,click,2026-04-06 10:41:00,desktop,beauty,354,323.45
U228,P025,click,2026-04-06 10:42:00,mobile,electronics,221,105.4
U334,P087,click,2026-04-06 10:42:00,mobile,home,499,332.09
U270,P009,add_to_cart,2026-04-06 10:42:00,tablet,beauty,529,12.77
U302,P051,add_to_cart,2026-04-06 10:42:00,desktop,electronics,471,73.83
U091,P014,click,2026-04-06 10:43:00,mobile,beauty,298,118.94
U083,P040,view,2026-04-06 10:44:00,mobile,electronics,188,254.99
U348,P044,view,2026-04-06 10:45:00,mobile,home,122,13.1
U414,P065,view,2026-04-06 10:45:00,tablet,home,151,259.05
U408,P046,add_to_cart,2026-04-06 10:46:00,desktop,beauty,592,162.59
U431,P084,view,2026-04-06 10:46:00,mobile,beauty,354,299.93
U431,P044,click,2026-04-06 10:47:00,desktop,home,308,318.55
U454,P071,click,2026-04-06 10:47:00,desktop,clothing,272,392.8
U257,P015,click,2026-04-06 10:47:00,mobile,electronics,432,476.27
U335,P035,view,2026-04-06 10:48:00,desktop,home,121,476.05
U106,P051,click,2026-04-06 10:49:00,tablet,electronics,255,243.79
U404,P067,view,2026-04-06 10:49:00,tablet,clothing,115,200.52
U006,P073,add_to_cart,2026-04-06 10:50:00,desktop,electronics,371,123.3
U127,P004,view,2026-04-06 10:51:00,desktop,home,159,495.37
U007,P100,view,2026-04-06 10:52:00,desktop,home,31,324.8
U117,P027,add_to_cart,2026-04-06 10:53:00,desktop,home,542,156.6
U202,P063,add_to_cart,2026-04-06 10:53:00,tablet,electronics,570,105.43
U004,P092,view,2026-04-06 10:53:00,mobile,home,126,392.36
U413,P034,click,2026-04-06 10:54:00,mobile,home,518,93.34
U036,P094,view,2026-04-06 10:54:00,desktop,beauty,103,43.81
U213,P052,click,2026-04-06 10:56:00,mobile,clothing,208,167.0
U121,P070,add_to_cart,2026-04-06 10:58:00,desktop,beauty,471,358.86
U376,P050,add_to_cart,2026-04-06 10:59:00,desktop,electronics,443,414.02
U408,P006,view,2026-04-06 11:01:00,tablet,clothing,518,328.91
U248,P061,view,2026-04-06 11:01:00,desktop,beauty,106,461.15
U310,P010,add_to_cart,2026-04-06 11:02:00,mobile,beauty,587,84.92
U286,P089,click,2026-04-06 11:04:00,desktop,home,286,274.37
U371,P073,click,2026-04-06 11:05:00,desktop,home,403,472.34
U149,P067,click,2026-04-06 11:06:00,desktop,home,423,383.89
U406,P096,view,2026-04-06 11:06:00,mobile,electronics,180,262.18
U481,P035,click,2026-04-06 11:08:00,desktop,home,194,178.82
U301,P017,view,2026-04-06 11:08:00,mobile,beauty,37,328.98
U186,P060,view,2026-04-06 11:08:00,tablet,electronics,94,22.18
U078,P076,add_to_cart,2026-04-06 11:10:00,desktop,electronics,247,16.61
U185,P091,view,2026-04-06 11:10:00,tablet,beauty,328,465.8
U006,P077,view,2026-04-06 11:11:00,mobile,beauty,32,396.61
U400,P002,view,2026-04-06 11:12:00,mobile,clothing,223,466.18
U243,P043,add_to_cart,2026-04-06 11:13:00,mobile,electronics,565,125.92
U484,P080,click,2026-04-06 11:16:00,tablet,electronics,498,338.92
U107,P011,view,2026-04-06 11:17:00,mobile,clothing,73,114.86
U407,P091,view,2026-04-06 11:17:00,tablet,clothing,352,162.43
U251,P023,click,2026-04-06 11:20:00,mobile,beauty,413,217.06
U431,P072,add_to_cart,2026-04-06 11:24:00,desktop,clothing,596,30.99
U100,P091,click,2026-04-06 11:25:00,tablet,beauty,428,97.16
U400,P076,view,2026-04-06 11:27:00,tablet,clothing,107,277.58
U222,P007,add_to_cart,2026-04-06 11:27:00,mobile,beauty,517,155.39
U214,P084,click,2026-04-06 11:28:00,desktop,beauty,271,461.98
U073,P074,add_to_cart,2026-04-06 11:28:00,mobile,electronics,533,362.55
U274,P037,view,2026-04-06 11:28:00,desktop,beauty,14,179.59
U359,P085,view,2026-04-06 11:29:00,tablet,clothing,100,210.09
U193,P066,view,2026-04-06 11:29:00,tablet,home,218,304.7
U280,P006,view,2026-04-06 11:31:00,mobile,beauty,38,135.11
U180,P100,view,2026-04-06 11:33:00,tablet,clothing,151,353.35
U115,P076,view,2026-04-06 11:33:00,tablet,clothing,559,460.01
U214,P012,view,2026-04-06 11:37:00,mobile,beauty,527,384.13
U003,P041,view,2026-04-06 11:39:00,tablet,electronics,242,325.35
U078,P004,view,2026-04-06 11:39:00,desktop,clothing,168,404.77
U420,P091,click,2026-04-06 11:41:00,tablet,clothing,274,50.55
U408,P023,click,2026-04-06 11:42:00,mobile,beauty,422,98.05
U423,P094,view,2026-04-06 11:45:00,mobile,electronics,122,297.87
U224,P097,click,2026-04-06 11:45:00,tablet,beauty,343,52.85
U125,P082,view,2026-04-06 11:48:00,mobile,home,263,454.37
U008,P047,view,2026-04-06 11:48:00,mobile,electronics,193,262.38
U149,P019,view,2026-04-06 11:49:00,tablet,clothing,338,299.59
U238,P050,add_to_cart,2026-04-06 11:50:00,desktop,beauty,443,212.15
U460,P046,click,2026-04-06 11:50:00,mobile,beauty,292,76.39
U422,P085,view,2026-04-06 11:51:00,tablet,beauty,93,36.26
U006,P075,view,2026-04-06 11:52:00,mobile,clothing,68,486.01
U081,P031,view,2026-04-06 11:52:00,tablet,clothing,236,271.76
U224,P004,add_to_cart,2026-04-06 11:53:00,mobile,electronics,565,214.54
U446,P020,click,2026-04-06 11:53:00,tablet,beauty,550,344.4
U295,P055,view,2026-04-06 11:54:00,desktop,home,192,415.39
U341,P024,click,2026-04-06 11:55:00,desktop,beauty,563,471.23
U422,P059,click,2026-04-06 11:55:00,mobile,clothing,554,381.55
U335,P009,add_to_cart,2026-04-06 11:57:00,desktop,home,441,58.59
U134,P065,view,2026-04-06 11:59:00,tablet,home,197,388.22
U310,P039,view,2026-04-06 11:59:00,tablet,home,25,360.5
U386,P024,view,2026-04-06 12:00:00,desktop,home,37,234.9
U322,P045,click,2026-04-06 12:00:00,desktop,electronics,22,57.7
U168,P096,view,2026-04-06 12:01:00,tablet,home,371,298.9
U449,P026,click,2026-04-06 12:02:00,mobile,electronics,534,391.42
U141,P037,click,2026-04-06 12:03:00,mobile,electronics,337,174.24
U225,P005,view,2026-04-06 12:03:00,mobile,electronics,74,428.02
U071,P026,view,2026-04-06 12:04:00,tablet,clothing,289,256.72
U489,P074,click,2026-04-06 12:04:00,desktop,electronics,160,247.98
U169,P027,view,2026-04-06 12:05:00,tablet,clothing,77,162.03
U338,P010,view,2026-04-06 12:05:00,desktop,clothing,319,358.83
U183,P038,click,2026-04-06 12:06:00,tablet,clothing,546,16.03
U112,P053,click,2026-04-06 12:06:00,tablet,home,544,346.03
U490,P071,view,2026-04-06 12:08:00,tablet,home,157,493.11
U138,P029,view,2026-04-06 12:08:00,tablet,home,29,444.39
U078,P004,click,2026-04-06 12:08:00,desktop,beauty,331,315.21
U255,P034,click,2026-04-06 12:12:00,mobile,clothing,591,254.54
U087,P036,view,2026-04-06 12:14:00,tablet,home,163,236.66
U219,P013,click,2026-04-06 12:15:00,desktop,clothing,529,303.86
U293,P008,view,2026-04-06 12:16:00,mobile,home,89,44.53
U366,P033,click,2026-04-06 12:17:00,desktop,beauty,318,191.84
U203,P078,click,2026-04-06 12:18:00,mobile,electronics,479,280.46
U203,P052,click,2026-04-06 12:18:00,desktop,clothing,346,421.35
U317,P066,view,2026-04-06 12:19:00,tablet,beauty,179,130.8
U164,P073,click,2026-04-06 12:19:00,desktop,clothing,279,49.15
U465,P019,click,2026-04-06 12:20:00,tablet,electronics,470,190.68
U204,P099,click,2026-04-06 12:24:00,tablet,beauty,421,310.2
U463,P049,view,2026-04-06 12:26:00,desktop,beauty,64,74.26
U216,P008,view,2026-04-06 12:27:00,mobile,clothing,132,93.25
U266,P009,view,2026-04-06 12:27:00,mobile,clothing,81,359.02
U044,P010,view,2026-04-06 12:28:00,desktop,beauty,48,410.53
U500,P041,click,2026-04-06 12:28:00,tablet,electronics,362,113.73
U345,P039,click,2026-04-06 12:29:00,desktop,clothing,283,240.07
U468,P005,view,2026-04-06 12:29:00,mobile,beauty,402,350.88
U458,P002,view,2026-04-06 12:29:00,mobile,electronics,33,479.81
U434,P059,view,2026-04-06 12:31:00,desktop,clothing,195,177.37
U468,P098,view,2026-04-06 12:34:00,tablet,home,126,71.48
U366,P003,add_to_cart,2026-04-06 12:36:00,desktop,electronics,242,71.32
U138,P069,view,2026-04-06 12:37:00,mobile,clothing,112,366.33
U090,P002,click,2026-04-06 12:39:00,desktop,home,352,365.94
U285,P070,view,2026-04-06 12:39:00,tablet,electronics,459,442.41
U114,P053,view,2026-04-06 12:41:00,mobile,beauty,255,424.04
U363,P069,view,2026-04-06 12:42:00,tablet,clothing,298,372.73
U143,P085,view,2026-04-06 12:43:00,desktop,clothing,53,22.56
U216,P007,view,2026-04-06 12:43:00,mobile,electronics,88,351.94
U160,P030,click,2026-04-06 12:43:00,desktop,home,451,397.94
U419,P042,click,2026-04-06 12:43:00,tablet,beauty,396,185.71
U029,P054,view,2026-04-06 12:47:00,tablet,clothing,302,327.15
U274,P020,click,2026-04-06 12:48:00,tablet,electronics,571,260.27
U324,P055,click,2026-04-06 12:49:00,mobile,clothing,474,333.44
U217,P083,click,2026-04-06 12:51:00,mobile,beauty,239,139.49
U404,P074,click,2026-04-06 12:52:00,tablet,electronics,261,44.87
U442,P011,click,2026-04-06 12:53:00,mobile,home,577,219.3
U470,P044,view,2026-04-06 12:53:00,tablet,home,302,424.64
U331,P095,click,2026-04-06 12:56:00,tablet,electronics,474,189.27
U255,P025,click,2026-04-06 12:56:00,tablet,home,535,455.95
U483,P052,view,2026-04-06 12:57:00,tablet,beauty,255,308.45
U322,P074,add_to_cart,2026-04-06 12:59:00,desktop,electronics,468,396.59
U469,P077,click,2026-04-06 13:00:00,mobile,electronics,250,73.43
U432,P084,view,2026-04-06 13:00:00,tablet,beauty,127,101.77
U041,P018,click,2026-04-06 13:00:00,desktop,beauty,383,290.68
U430,P011,click,2026-04-06 13:01:00,mobile,home,359,130.49
U336,P090,add_to_cart,2026-04-06 13:02:00,tablet,electronics,554,280.94
U416,P022,view,2026-04-06 13:02:00,tablet,beauty,25,88.39
U491,P022,view,2026-04-06 13:03:00,desktop,clothing,200,372.87
U182,P072,view,2026-04-06 13:04:00,desktop,beauty,29,245.27
U171,P018,add_to_cart,2026-04-06 13:05:00,mobile,electronics,558,95.66
U188,P063,view,2026-04-06 13:06:00,mobile,beauty,112,431.94
U434,P044,view,2026-04-06 13:07:00,tablet,electronics,74,466.51
U451,P054,view,2026-04-06 13:08:00,mobile,electronics,20,23.75
U115,P079,click,2026-04-06 13:10:00,mobile,clothing,462,172.58
U050,P014,view,2026-04-06 13:10:00,tablet,electronics,174,480.74
U201,P048,click,2026-04-06 13:10:00,desktop,home,534,486.25
U328,P077,view,2026-04-06 13:11:00,mobile,home,57,302.25
U151,P095,click,2026-04-06 13:15:00,tablet,beauty,306,83.16
U406,P064,click,2026-04-06 13:16:00,mobile,home,374,185.14
U095,P024,view,2026-04-06 13:16:00,mobile,home,158,309.11
U348,P047,add_to_cart,2026-04-06 13:16:00,desktop,home,363,97.03
U415,P020,view,2026-04-06 13:17:00,desktop,clothing,80,479.45
U184,P034,click,2026-04-06 13:19:00,desktop,clothing,458,353.38
U109,P015,view,2026-04-06 13:20:00,mobile,clothing,240,439.49
U349,P069,add_to_cart,2026-04-06 13:22:00,mobile,electronics,373,63.67
U451,P089,view,2026-04-06 13:22:00,tablet,clothing,460,384.92
U241,P060,click,2026-04-06 13:24:00,desktop,electronics,224,186.02
U091,P078,click,2026-04-06 13:24:00,mobile,electronics,466,310.47
U438,P032,click,2026-04-06 13:26:00,mobile,beauty,565,474.23
U466,P056,add_to_cart,2026-04-06 13:28:00,desktop,electronics,488,138.21
U471,P025,view,2026-04-06 13:29:00,mobile,clothing,110,340.94
U079,P009,view,2026-04-06 13:29:00,mobile,home,32,445.69
U132,P043,view,2026-04-06 13:29:00,mobile,beauty,294,209.22
U260,P053,view,2026-04-06 13:30:00,mobile,beauty,118,148.65
U209,P015,view,2026-04-06 13:30:00,mobile,beauty,53,336.97
U274,P082,view,2026-04-06 13:31:00,tablet,beauty,77,92.84
U048,P066,add_to_cart,2026-04-06 13:32:00,desktop,beauty,512,114.6
U384,P026,click,2026-04-06 13:33:00,tablet,clothing,236,133.74
U181,P083,view,2026-04-06 13:34:00,mobile,home,329,462.02
U157,P004,click,2026-04-06 13:35:00,tablet,electronics,196,212.57
U211,P047,view,2026-04-06 13:36:00,mobile,home,459,311.15
U077,P094,view,2026-04-06 13:37:00,tablet,home,122,345.45
U013,P069,click,2026-04-06 13:38:00,desktop,home,544,357.17
U408,P077,click,2026-04-06 13:38:00,desktop,home,478,473.46
U469,P020,view,2026-04-06 13:39:00,tablet,home,292,362.6
U473,P014,view,2026-04-06 13:39:00,mobile,clothing,34,217.77
U395,P079,click,2026-04-06 13:40:00,tablet,beauty,363,157.31
U001,P037,view,2026-04-06 13:40:00,desktop,beauty,273,318.94
U039,P023,view,2026-04-06 13:43:00,tablet,home,70,362.39
U047,P057,view,2026-04-06 13:45:00,mobile,beauty,355,381.3
U102,P022,view,2026-04-06 13:46:00,desktop,clothing,140,423.99
U435,P080,view,2026-04-06 13:48:00,tablet,beauty,103,428.61
U475,P013,view,2026-04-06 13:48:00,mobile,beauty,337,170.12
U276,P067,click,2026-04-06 13:49:00,mobile,clothing,451,364.84
U432,P070,click,2026-04-06 13:49:00,tablet,electronics,315,230.48
U244,P036,view,2026-04-06 13:49:00,tablet,electronics,270,271.94
U093,P037,view,2026-04-06 13:52:00,tablet,beauty,506,393.75
U136,P063,view,2026-04-06 13:55:00,mobile,clothing,546,410.85
U385,P080,view,2026-04-06 13:55:00,mobile,clothing,462,425.3
U226,P011,view,2026-04-06 13:55:00,desktop,home,16,291.98
U162,P063,view,2026-04-06 13:55:00,mobile,home,182,167.86
U108,P068,view,2026-04-06 13:57:00,tablet,home,121,27.74
U346,P021,view,2026-04-06 13:59:00,tablet,clothing,134,24.41
U094,P080,view,2026-04-06 13:59:00,desktop,beauty,45,462.3
U438,P041,view,2026-04-06 14:00:00,tablet,beauty,223,165.62
U103,P003,view,2026-04-06 14:02:00,mobile,beauty,174,401.28
U238,P023,click,2026-04-06 14:02:00,desktop,beauty,574,376.61
U364,P049,view,2026-04-06 14:02:00,mobile,beauty,52,79.64
U060,P070,view,2026-04-06 14:02:00,tablet,electronics,75,359.47
U293,P023,click,2026-04-06 14:02:00,mobile,beauty,430,61.15
U441,P067,view,2026-04-06 14:04:00,tablet,electronics,33,191.91
U227,P003,view,2026-04-06 14:04:00,mobile,home,15,406.24
U281,P100,click,2026-04-06 14:04:00,desktop,beauty,302,111.39
U068,P074,click,2026-04-06 14:04:00,desktop,beauty,178,169.81
U382,P007,view,2026-04-06 14:05:00,desktop,beauty,176,194.84
U460,P037,click,2026-04-06 14:05:00,mobile,home,547,206.11
U277,P099,click,2026-04-06 14:05:00,mobile,beauty,308,98.64
U334,P097,click,2026-04-06 14:06:00,desktop,beauty,404,263.14
U196,P043,view,2026-04-06 14:06:00,desktop,clothing,130,177.83
U041,P080,click,2026-04-06 14:06:00,desktop,clothing,394,420.35
U251,P038,click,2026-04-06 14:07:00,tablet,home,358,218.84
U292,P075,view,2026-04-06 14:08:00,tablet,clothing,508,343.17
U289,P069,click,2026-04-06 14:10:00,tablet,clothing,479,230.49
U255,P037,view,2026-04-06 14:12:00,tablet,clothing,143,472.55
U374,P043,view,2026-04-06 14:13:00,tablet,beauty,375,343.78
U029,P044,click,2026-04-06 14:16:00,mobile,beauty,463,277.42
U130,P077,click,2026-04-06 14:16:00,tablet,beauty,540,199.66
U429,P043,click,2026-04-06 14:17:00,desktop,clothing,434,282.09
U135,P041,add_to_cart,2026-04-06 14:17:00,desktop,electronics,424,145.6
U433,P005,view,2026-04-06 14:20:00,desktop,electronics,85,457.06
U152,P006,add_to_cart,2026-04-06 14:20:00,mobile,home,519,75.8
U120,P005,add_to_cart,2026-04-06 14:20:00,tablet,electronics,372,73.66
U489,P032,view,2026-04-06 14:20:00,tablet,electronics,26,25.01
U071,P041,click,2026-04-06 14:23:00,tablet,clothing,563,425.52
U437,P086,click,2026-04-06 14:23:00,mobile,home,287,244.34
U115,P017,view,2026-04-06 14:28:00,tablet,clothing,273,390.72
U317,P011,add_to_cart,2026-04-06 14:28:00,desktop,home,478,329.0
U427,P039,add_to_cart,2026-04-06 14:29:00,desktop,home,533,92.53
U221,P097,view,2026-04-06 14:29:00,tablet,beauty,227,438.7
U128,P089,click,2026-04-06 14:29:00,desktop,clothing,433,450.69
U125,P090,view,2026-04-06 14:31:00,mobile,clothing,116,331.03
U173,P006,click,2026-04-06 14:31:00,tablet,clothing,419,70.05
U289,P098,view,2026-04-06 14:33:00,tablet,electronics,115,256.07
U476,P074,view,2026-04-06 14:34:00,tablet,clothing,61,327.88
U154,P028,view,2026-04-06 14:36:00,mobile,home,35,133.22
U270,P100,view,2026-04-06 14:36:00,desktop,home,98,372.31
U051,P005,click,2026-04-06 14:37:00,desktop,home,293,320.58
U109,P064,view,2026-04-06 14:37:00,mobile,clothing,145,191.08
U254,P081,click,2026-04-06 14:37:00,desktop,beauty,243,320.81
U484,P030,view,2026-04-06 14:37:00,tablet,electronics,16,180.2
U183,P001,click,2026-04-06 14:39:00,desktop,clothing,408,468.39
U495,P045,view,2026-04-06 14:39:00,desktop,beauty,129,475.52
U149,P056,view,2026-04-06 14:40:00,tablet,home,231,434.46
U298,P044,view,2026-04-06 14:42:00,mobile,beauty,316,283.31
U152,P044,view,2026-04-06 14:42:00,tablet,clothing,204,270.69
U394,P050,click,2026-04-06 14:43:00,tablet,home,577,177.26
U026,P045,click,2026-04-06 14:44:00,tablet,home,393,18.33
U264,P083,click,2026-04-06 14:45:00,tablet,electronics,398,62.93
U320,P014,view,2026-04-06 14:47:00,mobile,home,169,347.09
U355,P068,click,2026-04-06 14:50:00,desktop,home,284,235.26
U397,P071,click,2026-04-06 14:50:00,mobile,electronics,228,20.76
U338,P032,click,2026-04-06 14:50:00,desktop,electronics,42,251.45
U350,P079,click,2026-04-06 14:51:00,tablet,clothing,546,282.4
U402,P077,add_to_cart,2026-04-06 14:53:00,desktop,clothing,494,195.42
U244,P010,view,2026-04-06 14:55:00,desktop,home,73,391.52
U356,P095,click,2026-04-06 14:56:00,tablet,home,155,37.13
U073,P085,view,2026-04-06 14:57:00,tablet,clothing,227,31.64
U272,P022,view,2026-04-06 14:57:00,mobile,beauty,90,21.03
U349,P018,click,2026-04-06 14:58:00,tablet,beauty,355,19.0
U457,P004,add_to_cart,2026-04-06 14:59:00,mobile,electronics,581,178.25
U329,P050,view,2026-04-06 14:59:00,tablet,electronics,183,384.37
U119,P004,view,2026-04-06 15:00:00,mobile,home,211,275.86
U250,P080,view,2026-04-06 15:05:00,tablet,beauty,89,226.94
U269,P069,view,2026-04-06 15:06:00,tablet,clothing,479,295.26
U088,P093,view,2026-04-06 15:06:00,tablet,electronics,274,405.47
U169,P091,view,2026-04-06 15:07:00,mobile,clothing,82,451.95
U079,P024,view,2026-04-06 15:07:00,mobile,home,103,255.02
U390,P047,add_to_cart,2026-04-06 15:08:00,desktop,electronics,399,199.28
U161,P060,click,2026-04-06 15:08:00,mobile,electronics,447,119.58
U281,P030,add_to_cart,2026-04-06 15:09:00,desktop,beauty,452,103.5
U056,P049,click,2026-04-06 15:09:00,mobile,electronics,292,146.26
U176,P069,click,2026-04-06 15:10:00,tablet,home,397,11.07
U314,P020,view,2026-04-06 15:11:00,tablet,clothing,236,54.19
U257,P053,click,2026-04-06 15:11:00,mobile,home,599,153.03
U069,P093,view,2026-04-06 15:13:00,mobile,clothing,407,183.49
U326,P097,view,2026-04-06 15:14:00,tablet,beauty,179,351.44
U432,P044,click,2026-04-06 15:14:00,desktop,electronics,587,428.78
U006,P068,click,2026-04-06 15:16:00,desktop,beauty,166,34.73
U414,P006,click,2026-04-06 15:17:00,mobile,beauty,443,207.91
U046,P021,click,2026-04-06 15:21:00,mobile,electronics,101,40.06
U335,P017,view,2026-04-06 15:22:00,tablet,home,209,458.18
U191,P038,view,2026-04-06 15:23:00,desktop,home,134,298.36
U402,P055,add_to_cart,2026-04-06 15:23:00,desktop,electronics,573,368.16
U324,P097,view,2026-04-06 15:25:00,tablet,beauty,328,430.94
U118,P017,click,2026-04-06 15:25:00,mobile,electronics,448,111.49
U169,P034,view,2026-04-06 15:25:00,mobile,electronics,117,83.84
U168,P055,click,2026-04-06 15:26:00,tablet,beauty,560,224.28
U253,P056,click,2026-04-06 15:26:00,mobile,clothing,579,431.31
U217,P062,view,2026-04-06 15:26:00,tablet,beauty,52,468.98
U288,P044,view,2026-04-06 15:27:00,desktop,beauty,17,22.7
U150,P076,click,2026-04-06 15:27:00,tablet,clothing,477,275.95
U051,P041,view,2026-04-06 15:29:00,tablet,clothing,245,345.58
U460,P012,click,2026-04-06 15:29:00,tablet,clothing,466,349.2
U006,P061,click,2026-04-06 15:30:00,tablet,electronics,386,165.39
U037,P088,view,2026-04-06 15:30:00,mobile,beauty,76,350.64
U021,P094,click,2026-04-06 15:31:00,tablet,electronics,413,274.58
U494,P080,view,2026-04-06 15:32:00,tablet,home,151,492.48
U485,P029,view,2026-04-06 15:32:00,tablet,home,72,344.91
U349,P039,view,2026-04-06 15:33:00,tablet,home,129,66.06
U327,P049,click,2026-04-06 15:33:00,tablet,home,198,153.25
U291,P044,click,2026-04-06 15:35:00,desktop,electronics,499,379.09
U457,P096,click,2026-04-06 15:36:00,tablet,beauty,574,265.53
U329,P100,click,2026-04-06 15:37:00,desktop,home,413,369.4
U397,P007,view,2026-04-06 15:37:00,tablet,clothing,376,320.3
U183,P052,add_to_cart,2026-04-06 15:37:00,desktop,home,318,53.86
U447,P061,view,2026-04-06 15:40:00,tablet,electronics,253,469.36
U254,P062,click,2026-04-06 15:45:00,desktop,clothing,306,294.52
U189,P004,click,2026-04-06 15:45:00,tablet,beauty,528,189.44
U419,P047,click,2026-04-06 15:47:00,mobile,home,511,418.72
U226,P025,add_to_cart,2026-04-06 15:47:00,desktop,clothing,494,343.51
U198,P025,view,2026-04-06 15:47:00,tablet,clothing,174,342.35
U420,P049,click,2026-04-06 15:49:00,tablet,clothing,326,125.24
U032,P088,view,2026-04-06 15:50:00,desktop,beauty,131,227.83
U401,P072,view,2026-04-06 15:52:00,tablet,beauty,396,479.58
U165,P076,add_to_cart,2026-04-06 15:53:00,desktop,electronics,536,158.26
U017,P016,add_to_cart,2026-04-06 15:53:00,desktop,electronics,562,327.83
U033,P035,click,2026-04-06 15:53:00,tablet,clothing,406,136.74
U425,P074,view,2026-04-06 15:55:00,tablet,clothing,94,62.41
U159,P009,view,2026-04-06 15:56:00,tablet,clothing,113,392.2
U417,P089,view,2026-04-06 15:56:00,mobile,clothing,113,226.47
U373,P009,view,2026-04-06 15:57:00,desktop,clothing,349,371.35
U027,P039,click,2026-04-06 15:57:00,tablet,home,557,415.72
U312,P047,view,2026-04-06 15:58:00,mobile,electronics,178,324.85
U450,P073,click,2026-04-06 15:58:00,desktop,electronics,453,348.06
U389,P069,add_to_cart,2026-04-06 15:58:00,desktop,electronics,467,71.33
U409,P075,click,2026-04-06 15:58:00,mobile,electronics,493,407.9
U218,P093,view,2026-04-06 15:59:00,tablet,home,263,217.25
U072,P003,view,2026-04-06 16:00:00,tablet,home,397,424.75
U033,P045,click,2026-04-06 16:00:00,tablet,beauty,421,49.47
U281,P062,add_to_cart,2026-04-06 16:01:00,desktop,home,575,143.55
U067,P023,view,2026-04-06 16:02:00,tablet,home,240,238.35
U157,P049,view,2026-04-06 16:06:00,tablet,electronics,243,405.0
U390,P020,click,2026-04-06 16:08:00,desktop,clothing,298,273.53
U421,P091,click,2026-04-06 16:08:00,mobile,home,509,288.83
U294,P099,click,2026-04-06 16:10:00,mobile,clothing,479,40.53
U161,P014,view,2026-04-06 16:11:00,tablet,beauty,154,25.69
U154,P100,add_to_cart,2026-04-06 16:14:00,desktop,home,581,293.24
U107,P017,view,2026-04-06 16:14:00,tablet,clothing,246,290.07
U474,P056,click,2026-04-06 16:16:00,tablet,home,542,226.5
U451,P028,view,2026-04-06 16:17:00,mobile,clothing,331,422.95
U076,P059,add_to_cart,2026-04-06 16:17:00,desktop,home,519,106.42
U148,P083,view,2026-04-06 16:17:00,mobile,electronics,35,420.8
U141,P013,view,2026-04-06 16:18:00,mobile,home,219,194.15
U011,P038,view,2026-04-06 16:19:00,tablet,home,351,193.71
U323,P089,view,2026-04-06 16:21:00,mobile,home,67,178.29
U159,P036,click,2026-04-06 16:21:00,desktop,home,306,266.95
U387,P060,view,2026-04-06 16:22:00,tablet,electronics,181,179.73
U157,P081,view,2026-04-06 16:24:00,desktop,clothing,17,409.13
U238,P014,add_to_cart,2026-04-06 16:24:00,desktop,beauty,434,75.21
U151,P058,click,2026-04-06 16:25:00,desktop,clothing,164,50.6
U339,P009,view,2026-04-06 16:25:00,desktop,beauty,229,307.26
U398,P046,click,2026-04-06 16:26:00,desktop,electronics,340,367.55
U057,P064,click,2026-04-06 16:27:00,desktop,beauty,153,35.26
U051,P035,click,2026-04-06 16:28:00,desktop,home,312,117.73
U100,P050,view,2026-04-06 16:29:00,mobile,clothing,66,422.78
U014,P045,click,2026-04-06 16:29:00,tablet,electronics,531,405.3
U065,P078,add_to_cart,2026-04-06 16:30:00,desktop,electronics,335,260.58
U398,P025,view,2026-04-06 16:32:00,tablet,home,260,392.35
U083,P035,add_to_cart,2026-04-06 16:32:00,desktop,electronics,556,204.53
U484,P075,click,2026-04-06 16:33:00,tablet,home,589,417.42
U011,P004,view,2026-04-06 16:35:00,mobile,home,312,423.01
U376,P077,add_to_cart,2026-04-06 16:35:00,desktop,home,420,124.84
U291,P010,view,2026-04-06 16:36:00,desktop,clothing,54,336.55
U419,P066,view,2026-04-06 16:36:00,tablet,clothing,351,188.14
U239,P083,add_to_cart,2026-04-06 16:36:00,desktop,beauty,350,224.64
U076,P094,add_to_cart,2026-04-06 16:36:00,desktop,home,522,99.32
U139,P001,view,2026-04-06 16:37:00,mobile,beauty,133,416.89
U196,P004,add_to_cart,2026-04-06 16:42:00,desktop,home,519,36.15
U427,P079,view,2026-04-06 16:42:00,mobile,beauty,26,340.23
U500,P066,click,2026-04-06 16:43:00,mobile,electronics,326,37.25
U172,P016,add_to_cart,2026-04-06 16:43:00,desktop,electronics,574,275.79
U480,P068,view,2026-04-06 16:44:00,mobile,clothing,175,234.99
U047,P007,add_to_cart,2026-04-06 16:46:00,mobile,beauty,554,32.16
U394,P018,add_to_cart,2026-04-06 16:47:00,desktop,electronics,400,127.01
U491,P073,click,2026-04-06 16:47:00,tablet,beauty,431,201.64
U248,P061,add_to_cart,2026-04-06 16:49:00,desktop,clothing,587,477.52
U424,P096,click,2026-04-06 16:51:00,tablet,clothing,432,171.06
U368,P070,click,2026-04-06 16:53:00,mobile,electronics,276,381.21
U496,P028,view,2026-04-06 16:56:00,mobile,beauty,19,446.43
U201,P022,view,2026-04-06 16:56:00,tablet,home,517,476.6
U259,P014,click,2026-04-06 16:57:00,tablet,clothing,545,127.46
U076,P078,click,2026-04-06 16:58:00,mobile,clothing,382,106.94
U107,P071,view,2026-04-06 16:59:00,desktop,electronics,232,494.82
U180,P079,add_to_cart,2026-04-06 17:00:00,desktop,electronics,534,265.69
U101,P044,click,2026-04-06 17:00:00,mobile,clothing,565,267.63
U483,P008,click,2026-04-06 17:01:00,mobile,home,235,88.1
U378,P065,click,2026-04-06 17:02:00,desktop,electronics,242,156.14
U497,P028,click,2026-04-06 17:02:00,mobile,electronics,330,92.51
U409,P090,view,2026-04-06 17:02:00,mobile,electronics,104,417.67
U271,P093,click,2026-04-06 17:03:00,mobile,beauty,594,346.8
U022,P093,click,2026-04-06 17:04:00,desktop,clothing,330,163.68
U403,P045,view,2026-04-06 17:04:00,mobile,electronics,16,14.2
U399,P087,view,2026-04-06 17:08:00,tablet,home,372,449.93
U303,P028,view,2026-04-06 17:09:00,mobile,clothing,145,342.56
U422,P001,click,2026-04-06 17:09:00,tablet,electronics,423,211.37
U278,P022,click,2026-04-06 17:11:00,tablet,clothing,327,24.39
U334,P043,view,2026-04-06 17:11:00,tablet,home,114,477.37
U098,P064,view,2026-04-06 17:14:00,mobile,beauty,47,430.86
U113,P008,click,2026-04-06 17:14:00,desktop,electronics,240,256.32
U346,P082,click,2026-04-06 17:16:00,tablet,electronics,585,396.52
U481,P015,click,2026-04-06 17:16:00,tablet,electronics,191,221.61
U262,P037,view,2026-04-06 17:16:00,tablet,clothing,258,168.21
U284,P004,click,2026-04-06 17:17:00,desktop,home,471,127.24
U014,P072,add_to_cart,2026-04-06 17:17:00,tablet,electronics,582,18.45
U465,P059,view,2026-04-06 17:18:00,tablet,clothing,38,329.46
U175,P034,click,2026-04-06 17:20:00,tablet,clothing,342,155.09
U307,P008,add_to_cart,2026-04-06 17:23:00,desktop,home,385,97.82
U241,P081,click,2026-04-06 17:24:00,desktop,beauty,433,123.97
U025,P027,view,2026-04-06 17:24:00,mobile,beauty,67,304.77
U299,P050,click,2026-04-06 17:25:00,tablet,clothing,501,81.68
U152,P051,view,2026-04-06 17:27:00,mobile,electronics,185,297.69
U401,P035,click,2026-04-06 17:27:00,tablet,clothing,211,48.91
U405,P009,view,2026-04-06 17:29:00,mobile,home,137,117.03
U441,P070,view,2026-04-06 17:29:00,tablet,electronics,66,186.65
U492,P038,add_to_cart,2026-04-06 17:29:00,desktop,clothing,585,328.78
U339,P030,view,2026-04-06 17:29:00,tablet,home,413,417.48
U246,P013,click,2026-04-06 17:31:00,tablet,home,401,188.32
U488,P008,click,2026-04-06 17:32:00,tablet,home,435,257.21
U239,P063,view,2026-04-06 17:41:00,desktop,beauty,150,372.97
U405,P067,add_to_cart,2026-04-06 17:42:00,mobile,electronics,418,70.69
U063,P095,add_to_cart,2026-04-06 17:43:00,mobile,electronics,511,57.92
U338,P038,click,2026-04-06 17:44:00,desktop,clothing,391,222.95
U429,P004,click,2026-04-06 17:45:00,tablet,clothing,259,64.64
U258,P004,view,2026-04-06 17:45:00,tablet,beauty,16,347.38
U221,P018,view,2026-04-06 17:46:00,mobile,beauty,210,215.32
U321,P013,click,2026-04-06 17:46:00,mobile,electronics,403,105.51
U226,P072,click,2026-04-06 17:48:00,desktop,home,179,103.16
U152,P034,add_to_cart,2026-04-06 17:51:00,desktop,electronics,140,11.12
U183,P043,click,2026-04-06 17:53:00,desktop,clothing,576,350.1
U388,P017,view,2026-04-06 17:54:00,mobile,electronics,101,246.44
U078,P019,click,2026-04-06 17:56:00,desktop,electronics,300,128.83
U154,P079,view,2026-04-06 17:56:00,mobile,electronics,167,206.98
U093,P095,view,2026-04-06 18:00:00,tablet,beauty,347,482.94
U317,P092,click,2026-04-06 18:02:00,mobile,home,572,423.2
U100,P007,click,2026-04-06 18:04:00,tablet,electronics,332,149.56
U441,P019,click,2026-04-06 18:04:00,mobile,electronics,348,260.68
U110,P008,click,2026-04-06 18:05:00,desktop,electronics,250,333.67
U203,P081,view,2026-04-06 18:06:00,desktop,home,81,29.6
U066,P028,add_to_cart,2026-04-06 18:06:00,desktop,beauty,533,103.3
U138,P015,add_to_cart,2026-04-06 18:08:00,desktop,electronics,413,128.36
U408,P099,click,2026-04-06 18:09:00,mobile,home,418,184.44
U264,P022,view,2026-04-06 18:10:00,mobile,electronics,67,206.63
U395,P037,view,2026-04-06 18:11:00,tablet,beauty,107,463.55
U416,P005,click,2026-04-06 18:11:00,tablet,beauty,569,318.1
U393,P016,click,2026-04-06 18:11:00,mobile,electronics,551,424.71
U201,P009,click,2026-04-06 18:12:00,mobile,clothing,301,48.95
U081,P057,add_to_cart,2026-04-06 18:14:00,tablet,beauty,461,89.79
U298,P095,click,2026-04-06 18:14:00,desktop,home,316,292.02
U176,P074,click,2026-04-06 18:14:00,mobile,electronics,242,182.19
U123,P027,add_to_cart,2026-04-06 18:16:00,tablet,beauty,537,21.25
U256,P033,click,2026-04-06 18:17:00,desktop,beauty,338,337.12
U002,P018,click,2026-04-06 18:17:00,desktop,home,551,350.4
U297,P046,click,2026-04-06 18:18:00,tablet,beauty,482,133.08
U124,P090,click,2026-04-06 18:19:00,desktop,electronics,317,461.64
U015,P015,click,2026-04-06 18:20:00,desktop,beauty,382,495.57
U378,P005,click,2026-04-06 18:22:00,desktop,electronics,201,395.69
U426,P046,click,2026-04-06 18:23:00,tablet,clothing,435,213.43
U160,P040,view,2026-04-06 18:25:00,desktop,beauty,238,444.9
U343,P031,view,2026-04-06 18:28:00,tablet,beauty,34,128.35
U395,P038,click,2026-04-06 18:30:00,tablet,electronics,553,461.71
U485,P075,add_to_cart,2026-04-06 18:30:00,desktop,electronics,481,434.91
U245,P020,click,2026-04-06 18:32:00,desktop,electronics,296,463.67
U034,P091,click,2026-04-06 18:34:00,desktop,electronics,486,488.23
U050,P056,view,2026-04-06 18:34:00,mobile,beauty,333,230.38
U314,P067,click,2026-04-06 18:35:00,desktop,electronics,338,417.61
U232,P010,click,2026-04-06 18:36:00,desktop,beauty,542,457.98
U241,P046,click,2026-04-06 18:37:00,desktop,home,576,486.2
U411,P016,view,2026-04-06 18:38:00,mobile,beauty,122,63.66
U450,P061,click,2026-04-06 18:39:00,desktop,clothing,400,420.9
U455,P093,add_to_cart,2026-04-06 18:41:00,tablet,electronics,547,305.41
U463,P041,click,2026-04-06 18:41:00,tablet,clothing,565,130.42
U268,P016,click,2026-04-06 18:41:00,tablet,home,590,483.83
U377,P027,click,2026-04-06 18:42:00,mobile,electronics,557,400.89
U438,P015,add_to_cart,2026-04-06 18:44:00,desktop,home,430,25.07
U029,P028,click,2026-04-06 18:44:00,mobile,home,447,373.28
U472,P062,view,2026-04-06 18:45:00,tablet,home,14,18.21
U248,P028,add_to_cart,2026-04-06 18:46:00,desktop,home,438,292.93
U032,P011,view,2026-04-06 18:47:00,desktop,home,97,215.89
U096,P055,click,2026-04-06 18:49:00,desktop,home,63,90.67
U318,P012,click,2026-04-06 18:49:00,mobile,beauty,517,122.12
U432,P012,view,2026-04-06 18:50:00,tablet,beauty,110,476.08
U328,P089,click,2026-04-06 18:52:00,desktop,beauty,256,99.67
U120,P033,click,2026-04-06 18:54:00,desktop,home,416,403.78
U189,P087,click,2026-04-06 18:56:00,tablet,beauty,429,164.07
U131,P017,click,2026-04-06 18:58:00,tablet,clothing,584,347.27
U023,P059,click,2026-04-06 18:58:00,mobile,home,438,274.5
U429,P010,click,2026-04-06 18:58:00,tablet,beauty,495,82.31
U016,P080,click,2026-04-06 18:59:00,tablet,home,562,389.22
U143,P043,view,2026-04-06 18:59:00,mobile,clothing,10,68.5
U421,P067,click,2026-04-06 18:59:00,mobile,beauty,343,35.57
U117,P083,add_to_cart,2026-04-06 19:00:00,mobile,clothing,523,208.29
U035,P067,view,2026-04-06 19:01:00,mobile,electronics,309,257.58
U269,P037,click,2026-04-06 19:02:00,tablet,electronics,133,210.08
U428,P085,click,2026-04-06 19:04:00,mobile,electronics,336,224.69
U340,P046,view,2026-04-06 19:04:00,mobile,clothing,255,433.73
U344,P100,click,2026-04-06 19:04:00,mobile,clothing,446,201.65
U183,P063,view,2026-04-06 19:04:00,mobile,beauty,315,87.99
U137,P036,view,2026-04-06 19:05:00,tablet,electronics,66,124.46
U302,P007,click,2026-04-06 19:07:00,mobile,beauty,427,250.16
U040,P086,click,2026-04-06 19:08:00,desktop,beauty,360,380.23
U080,P059,view,2026-04-06 19:08:00,mobile,beauty,132,422.12
U395,P016,view,2026-04-06 19:09:00,mobile,electronics,23,167.37
U487,P085,view,2026-04-06 19:09:00,tablet,beauty,197,335.56
U058,P034,click,2026-04-06 19:10:00,desktop,home,444,459.07
U206,P036,view,2026-04-06 19:11:00,desktop,home,246,332.55
U280,P007,click,2026-04-06 19:11:00,mobile,home,230,182.25
U166,P025,view,2026-04-06 19:11:00,tablet,beauty,241,116.71
U004,P072,view,2026-04-06 19:13:00,mobile,home,179,440.27
U327,P049,add_to_cart,2026-04-06 19:13:00,desktop,beauty,505,131.75
U070,P024,add_to_cart,2026-04-06 19:16:00,tablet,electronics,478,41.25
U219,P085,click,2026-04-06 19:16:00,mobile,home,360,58.68
U280,P061,view,2026-04-06 19:16:00,tablet,electronics,99,310.64
U312,P036,view,2026-04-06 19:17:00,tablet,home,209,15.67
U361,P070,view,2026-04-06 19:17:00,tablet,electronics,220,315.07
U443,P011,view,2026-04-06 19:17:00,mobile,home,91,297.02
U061,P022,view,2026-04-06 19:18:00,mobile,home,33,388.85
U010,P050,click,2026-04-06 19:18:00,tablet,electronics,420,151.93
U055,P037,click,2026-04-06 19:20:00,tablet,home,461,366.66
U376,P097,click,2026-04-06 19:21:00,mobile,beauty,435,153.65
U440,P083,click,2026-04-06 19:23:00,tablet,home,346,116.59
U031,P037,click,2026-04-06 19:23:00,mobile,electronics,464,427.83
U175,P039,click,2026-04-06 19:23:00,mobile,beauty,148,32.27
U274,P003,click,2026-04-06 19:24:00,tablet,beauty,403,141.9
U373,P029,view,2026-04-06 19:25:00,tablet,home,502,450.58
U297,P014,view,2026-04-06 19:26:00,mobile,home,156,118.99
U182,P021,add_to_cart,2026-04-06 19:28:00,desktop,beauty,571,310.95
U373,P031,click,2026-04-06 19:29:00,mobile,beauty,475,151.82
U072,P028,view,2026-04-06 19:31:00,mobile,home,472,409.77
U029,P034,view,2026-04-06 19:32:00,mobile,beauty,53,319.86
U258,P074,add_to_cart,2026-04-06 19:33:00,desktop,electronics,512,293.36
U234,P049,view,2026-04-06 19:33:00,desktop,home,192,374.29
U208,P025,add_to_cart,2026-04-06 19:35:00,tablet,electronics,573,18.51
U041,P061,click,2026-04-06 19:35:00,mobile,electronics,354,177.22
U436,P052,click,2026-04-06 19:35:00,desktop,electronics,287,387.76
U105,P050,view,2026-04-06 19:36:00,tablet,electronics,223,426.43
U196,P051,view,2026-04-06 19:36:00,mobile,beauty,244,419.95
U074,P091,add_to_cart,2026-04-06 19:36:00,tablet,electronics,502,101.35
U117,P068,view,2026-04-06 19:37:00,desktop,home,194,464.02
U327,P031,add_to_cart,2026-04-06 19:39:00,desktop,electronics,415,434.13
U025,P042,click,2026-04-06 19:39:00,mobile,electronics,404,399.19
U202,P058,add_to_cart,2026-04-06 19:41:00,desktop,home,506,21.3
U319,P081,click,2026-04-06 19:41:00,tablet,beauty,445,162.81
U111,P082,add_to_cart,2026-04-06 19:42:00,desktop,clothing,424,126.52
U060,P006,view,2026-04-06 19:43:00,tablet,electronics,189,358.25
U032,P087,view,2026-04-06 19:44:00,tablet,beauty,303,50.28
U490,P060,view,2026-04-06 19:46:00,desktop,beauty,251,280.48
U259,P014,click,2026-04-06 19:47:00,mobile,clothing,277,160.31
U041,P063,click,2026-04-06 19:49:00,tablet,home,391,131.59
U459,P054,view,2026-04-06 19:49:00,desktop,beauty,42,334.03
U306,P030,add_to_cart,2026-04-06 19:51:00,mobile,electronics,531,261.29
U338,P025,click,2026-04-06 19:54:00,tablet,electronics,242,215.46
U295,P019,view,2026-04-06 19:55:00,desktop,clothing,20,155.86
U151,P069,click,2026-04-06 19:55:00,desktop,clothing,223,84.63
U107,P014,view,2026-04-06 19:55:00,desktop,clothing,60,303.7
U003,P082,click,2026-04-06 19:56:00,desktop,beauty,371,14.77
U458,P001,view,2026-04-06 19:57:00,tablet,beauty,18,448.37
U159,P006,add_to_cart,2026-04-06 19:57:00,desktop,home,592,194.1
U457,P021,click,2026-04-06 19:57:00,tablet,clothing,301,75.91
U271,P078,click,2026-04-06 19:58:00,desktop,home,600,482.19
U478,P072,view,2026-04-06 20:01:00,tablet,beauty,202,351.46
U432,P017,add_to_cart,2026-04-06 20:03:00,mobile,electronics,310,11.41
U078,P065,view,2026-04-06 20:05:00,tablet,beauty,420,232.9
U173,P073,click,2026-04-06 20:06:00,desktop,beauty,129,276.57
U091,P027,click,2026-04-06 20:08:00,mobile,beauty,349,15.68
U282,P052,click,2026-04-06 20:09:00,desktop,beauty,204,189.16
U494,P095,view,2026-04-06 20:10:00,desktop,clothing,333,332.38
U076,P041,click,2026-04-06 20:11:00,mobile,home,533,191.56
U102,P016,add_to_cart,2026-04-06 20:11:00,desktop,clothing,320,76.86
U407,P014,click,2026-04-06 20:11:00,mobile,electronics,403,320.16
U176,P019,view,2026-04-06 20:14:00,mobile,beauty,132,417.28
U126,P038,view,2026-04-06 20:14:00,mobile,home,251,295.19
U119,P022,click,2026-04-06 20:15:00,desktop,home,575,484.92
U383,P007,view,2026-04-06 20:15:00,mobile,clothing,63,47.83
U416,P079,click,2026-04-06 20:15:00,mobile,home,362,19.18
U099,P093,view,2026-04-06 20:17:00,tablet,clothing,461,302.41
U377,P020,view,2026-04-06 20:18:00,tablet,electronics,281,185.59
U407,P037,click,2026-04-06 20:19:00,tablet,electronics,478,16.0
U356,P057,add_to_cart,2026-04-06 20:19:00,mobile,beauty,550,28.76
U286,P070,click,2026-04-06 20:20:00,mobile,clothing,545,394.39
U184,P028,click,2026-04-06 20:21:00,desktop,electronics,141,198.07
U030,P073,add_to_cart,2026-04-06 20:23:00,mobile,clothing,537,38.32
U500,P088,click,2026-04-06 20:24:00,mobile,beauty,299,22.44
U202,P022,click,2026-04-06 20:24:00,tablet,beauty,525,454.78
U075,P065,click,2026-04-06 20:25:00,tablet,clothing,597,137.9
U404,P003,view,2026-04-06 20:26:00,mobile,clothing,102,227.86
U014,P027,view,2026-04-06 20:26:00,mobile,home,34,261.9
U060,P043,click,2026-04-06 20:26:00,mobile,beauty,408,43.18
U234,P023,click,2026-04-06 20:27:00,mobile,beauty,542,185.85
U249,P087,click,2026-04-06 20:28:00,tablet,electronics,433,289.98
U016,P027,view,2026-04-06 20:32:00,tablet,beauty,11,333.5
U021,P015,add_to_cart,2026-04-06 20:36:00,tablet,clothing,599,23.45
U360,P037,add_to_cart,2026-04-06 20:37:00,desktop,electronics,424,259.82
U312,P064,view,2026-04-06 20:40:00,tablet,clothing,178,225.42
U345,P071,click,2026-04-06 20:41:00,desktop,clothing,419,453.86
U218,P037,view,2026-04-06 20:42:00,desktop,home,58,262.81
U435,P047,click,2026-04-06 20:47:00,desktop,electronics,149,418.69
U452,P023,click,2026-04-06 20:47:00,mobile,beauty,474,371.11
U312,P076,click,2026-04-06 20:47:00,mobile,home,377,118.14
U033,P009,click,2026-04-06 20:48:00,mobile,electronics,343,462.19
U323,P052,click,2026-04-06 20:48:00,mobile,home,472,325.72
U162,P058,click,2026-04-06 20:51:00,mobile,home,376,210.13
U364,P078,view,2026-04-06 20:52:00,mobile,clothing,42,356.63
U409,P068,add_to_cart,2026-04-06 20:56:00,desktop,electronics,336,80.51
U071,P040,add_to_cart,2026-04-06 20:56:00,desktop,beauty,565,477.34
U078,P037,add_to_cart,2026-04-06 20:58:00,tablet,clothing,520,47.84
U460,P055,click,2026-04-06 20:59:00,tablet,beauty,473,148.29
U267,P010,click,2026-04-06 20:59:00,mobile,electronics,564,309.39
U220,P038,view,2026-04-06 21:00:00,desktop,beauty,36,153.0
U412,P038,add_to_cart,2026-04-06 21:01:00,tablet,electronics,555,258.93
U454,P053,click,2026-04-06 21:01:00,desktop,home,371,222.28
U351,P035,view,2026-04-06 21:02:00,mobile,clothing,227,176.87
U257,P008,add_to_cart,2026-04-06 21:03:00,desktop,electronics,498,59.48
U062,P088,view,2026-04-06 21:04:00,tablet,clothing,40,81.6
U269,P081,view,2026-04-06 21:05:00,mobile,beauty,187,296.23
U262,P051,click,2026-04-06 21:05:00,desktop,home,408,323.67
U263,P021,click,2026-04-06 21:06:00,tablet,home,542,238.65
U389,P080,click,2026-04-06 21:06:00,desktop,electronics,240,265.19
U097,P079,click,2026-04-06 21:07:00,desktop,beauty,222,266.98
U221,P073,view,2026-04-06 21:07:00,tablet,home,21,369.82
U402,P098,view,2026-04-06 21:08:00,tablet,clothing,325,202.86
U338,P002,click,2026-04-06 21:08:00,desktop,electronics,27,80.41
U433,P024,view,2026-04-06 21:09:00,desktop,clothing,333,498.44
U082,P093,view,2026-04-06 21:09:00,tablet,clothing,383,469.89
U235,P019,click,2026-04-06 21:10:00,mobile,home,456,270.13
U088,P029,click,2026-04-06 21:13:00,mobile,beauty,555,218.52
U348,P072,click,2026-04-06 21:13:00,mobile,home,311,109.83
U225,P020,click,2026-04-06 21:15:00,mobile,home,200,89.63
U333,P069,view,2026-04-06 21:15:00,tablet,home,102,191.51
U319,P077,view,2026-04-06 21:18:00,mobile,electronics,222,415.0
U412,P018,view,2026-04-06 21:18:00,mobile,beauty,73,246.6
U295,P086,view,2026-04-06 21:19:00,mobile,beauty,137,157.32
U317,P023,view,2026-04-06 21:20:00,desktop,beauty,242,304.61
U152,P028,view,2026-04-06 21:20:00,tablet,clothing,198,120.68
U380,P063,add_to_cart,2026-04-06 21:22:00,desktop,electronics,499,207.58
U346,P056,view,2026-04-06 21:22:00,tablet,home,126,102.24
U188,P078,view,2026-04-06 21:22:00,tablet,electronics,113,240.99
U030,P011,view,2026-04-06 21:24:00,mobile,home,80,75.71
U195,P041,view,2026-04-06 21:27:00,tablet,home,254,425.14
U441,P055,click,2026-04-06 21:28:00,tablet,home,357,217.92
U458,P082,click,2026-04-06 21:29:00,tablet,home,449,164.67
U089,P008,click,2026-04-06 21:30:00,tablet,home,398,91.23
U101,P063,view,2026-04-06 21:30:00,tablet,clothing,262,352.29
U155,P012,click,2026-04-06 21:31:00,desktop,beauty,203,90.42
U023,P075,view,2026-04-06 21:34:00,tablet,beauty,116,46.38
U405,P002,click,2026-04-06 21:36:00,mobile,home,349,11.9
U038,P061,view,2026-04-06 21:36:00,mobile,beauty,245,185.07
U140,P039,click,2026-04-06 21:37:00,tablet,electronics,548,282.64
U302,P077,click,2026-04-06 21:37:00,tablet,electronics,521,423.87
U349,P038,click,2026-04-06 21:37:00,mobile,electronics,290,187.37
U320,P010,click,2026-04-06 21:38:00,desktop,home,71,111.31
U180,P086,add_to_cart,2026-04-06 21:38:00,desktop,clothing,528,252.71
U114,P031,click,2026-04-06 21:41:00,tablet,home,434,147.53
U179,P027,click,2026-04-06 21:41:00,mobile,clothing,532,293.23
U335,P052,click,2026-04-06 21:42:00,mobile,beauty,589,418.28
U229,P023,click,2026-04-06 21:42:00,mobile,clothing,521,483.53
U351,P049,view,2026-04-06 21:42:00,mobile,beauty,239,407.23
U166,P088,view,2026-04-06 21:42:00,tablet,home,155,441.66
U435,P041,view,2026-04-06 21:43:00,mobile,electronics,261,481.72
U490,P065,view,2026-04-06 21:44:00,mobile,home,104,301.47
U076,P079,view,2026-04-06 21:45:00,tablet,home,212,279.71
U451,P070,view,2026-04-06 21:49:00,mobile,home,84,432.51
U233,P037,click,2026-04-06 21:49:00,tablet,electronics,331,239.78
U258,P012,add_to_cart,2026-04-06 21:50:00,desktop,home,526,42.91
U373,P030,click,2026-04-06 21:51:00,desktop,beauty,349,392.27
U450,P053,view,2026-04-06 21:53:00,mobile,electronics,203,211.79
U489,P083,add_to_cart,2026-04-06 21:53:00,mobile,beauty,566,125.68
U274,P083,click,2026-04-06 21:53:00,desktop,beauty,74,117.71
U108,P054,view,2026-04-06 22:00:00,mobile,clothing,197,318.14
U391,P023,view,2026-04-06 22:00:00,tablet,electronics,23,158.86
U133,P040,view,2026-04-06 22:01:00,mobile,home,131,68.45
U048,P073,add_to_cart,2026-04-06 22:02:00,desktop,electronics,421,128.73
U158,P096,view,2026-04-06 22:02:00,mobile,electronics,136,342.9
U327,P090,add_to_cart,2026-04-06 22:03:00,desktop,electronics,352,47.85
U253,P094,view,2026-04-06 22:03:00,mobile,home,340,279.22
U240,P067,click,2026-04-06 22:03:00,desktop,beauty,260,246.31
U181,P020,click,2026-04-06 22:04:00,mobile,home,229,15.05
U121,P091,click,2026-04-06 22:04:00,mobile,clothing,489,100.45
U318,P005,view,2026-04-06 22:04:00,tablet,electronics,195,359.93
U323,P086,add_to_cart,2026-04-06 22:04:00,desktop,electronics,594,475.05
U137,P075,click,2026-04-06 22:05:00,mobile,beauty,534,210.84
U179,P040,view,2026-04-06 22:06:00,tablet,beauty,495,448.9
U130,P054,click,2026-04-06 22:07:00,tablet,clothing,584,392.42
U494,P011,click,2026-04-06 22:07:00,desktop,beauty,509,256.81
U012,P009,click,2026-04-06 22:08:00,desktop,electronics,56,140.43
U023,P033,click,2026-04-06 22:08:00,desktop,beauty,362,488.81
U126,P012,view,2026-04-06 22:08:00,mobile,clothing,153,157.72
U359,P035,click,2026-04-06 22:11:00,tablet,beauty,364,361.19
U254,P010,click,2026-04-06 22:11:00,tablet,beauty,514,316.62
U491,P015,click,2026-04-06 22:13:00,desktop,clothing,277,261.25
U177,P005,view,2026-04-06 22:14:00,mobile,beauty,493,445.32
U170,P048,add_to_cart,2026-04-06 22:14:00,mobile,electronics,583,186.7
U247,P045,add_to_cart,2026-04-06 22:15:00,mobile,electronics,558,249.51
U405,P090,view,2026-04-06 22:16:00,tablet,clothing,246,303.72
U148,P083,view,2026-04-06 22:16:00,mobile,electronics,21,141.57
U118,P030,click,2026-04-06 22:19:00,tablet,clothing,489,303.61
U216,P058,click,2026-04-06 22:19:00,desktop,beauty,484,457.86
U261,P055,click,2026-04-06 22:23:00,tablet,electronics,587,427.5
U137,P076,click,2026-04-06 22:25:00,desktop,home,483,346.89
U255,P058,click,2026-04-06 22:25:00,desktop,beauty,332,227.27
U488,P008,view,2026-04-06 22:27:00,mobile,beauty,145,340.63
U014,P055,view,2026-04-06 22:28:00,mobile,beauty,12,210.9
U281,P087,click,2026-04-06 22:28:00,tablet,electronics,319,44.1
U106,P074,add_to_cart,2026-04-06 22:28:00,mobile,home,552,115.51
U184,P075,view,2026-04-06 22:29:00,tablet,clothing,87,400.67
U211,P084,click,2026-04-06 22:31:00,mobile,electronics,152,83.26
U034,P083,view,2026-04-06 22:32:00,tablet,beauty,232,494.87
U054,P018,view,2026-04-06 22:34:00,tablet,home,169,336.01
U181,P099,view,2026-04-06 22:34:00,mobile,beauty,128,170.01
U262,P007,click,2026-04-06 22:35:00,tablet,beauty,569,265.41
U078,P067,view,2026-04-06 22:36:00,tablet,clothing,281,451.86
U127,P051,click,2026-04-06 22:37:00,tablet,electronics,282,128.16
U289,P038,click,2026-04-06 22:37:00,tablet,home,591,327.83
U180,P079,view,2026-04-06 22:38:00,mobile,electronics,215,426.05
U100,P020,click,2026-04-06 22:39:00,tablet,electronics,367,130.02
U131,P001,view,2026-04-06 22:39:00,mobile,electronics,149,129.37
U361,P081,view,2026-04-06 22:40:00,desktop,beauty,19,68.83
U206,P004,click,2026-04-06 22:41:00,mobile,home,306,34.53
U373,P042,click,2026-04-06 22:42:00,mobile,home,448,156.98
U046,P057,view,2026-04-06 22:42:00,desktop,beauty,186,385.01
U353,P066,click,2026-04-06 22:43:00,tablet,clothing,520,282.09
U252,P015,click,2026-04-06 22:43:00,desktop,electronics,287,412.34
U161,P071,view,2026-04-06 22:44:00,desktop,beauty,88,122.76
U447,P015,view,2026-04-06 22:44:00,mobile,beauty,269,291.7
U477,P010,click,2026-04-06 22:44:00,tablet,beauty,279,71.95
U466,P070,click,2026-04-06 22:46:00,desktop,beauty,539,451.03
U027,P045,view,2026-04-06 22:46:00,mobile,beauty,20,408.89
U241,P019,click,2026-04-06 22:47:00,desktop,home,322,317.74
U033,P014,click,2026-04-06 22:47:00,tablet,beauty,377,246.39
U485,P011,click,2026-04-06 22:48:00,desktop,clothing,309,117.25
U208,P061,click,2026-04-06 22:48:00,tablet,home,427,45.75
U027,P050,view,2026-04-06 22:49:00,mobile,electronics,32,170.61
U303,P079,click,2026-04-06 22:49:00,tablet,beauty,463,147.07
U077,P033,click,2026-04-06 22:50:00,desktop,beauty,234,66.55
U359,P006,click,2026-04-06 22:50:00,tablet,beauty,240,10.46
U152,P016,click,2026-04-06 22:53:00,mobile,clothing,465,229.54
U486,P041,click,2026-04-06 22:53:00,desktop,home,518,292.79
U327,P060,view,2026-04-06 22:54:00,tablet,beauty,366,433.58
U396,P031,click,2026-04-06 22:54:00,desktop,beauty,309,54.12
U260,P022,click,2026-04-06 22:54:00,mobile,home,520,264.06
U339,P027,add_to_cart,2026-04-06 22:55:00,desktop,electronics,442,220.79
U121,P069,view,2026-04-06 22:55:00,mobile,beauty,35,62.07
U284,P087,view,2026-04-06 22:58:00,tablet,home,143,324.47
U031,P001,add_to_cart,2026-04-06 22:58:00,desktop,home,491,58.12
U062,P024,view,2026-04-06 22:59:00,tablet,electronics,38,435.55
U204,P038,view,2026-04-06 23:00:00,tablet,electronics,67,55.38
U373,P089,click,2026-04-06 23:06:00,desktop,home,521,457.2
U467,P098,view,2026-04-06 23:07:00,mobile,home,305,474.46
U179,P009,click,2026-04-06 23:12:00,tablet,beauty,540,310.37
U286,P033,view,2026-04-06 23:13:00,mobile,electronics,87,270.21
U465,P027,click,2026-04-06 23:13:00,tablet,home,576,238.62
U197,P027,add_to_cart,2026-04-06 23:17:00,tablet,electronics,569,267.97
U188,P025,click,2026-04-06 23:17:00,desktop,beauty,167,145.43
U357,P030,click,2026-04-06 23:17:00,mobile,electronics,404,265.61
U321,P047,view,2026-04-06 23:20:00,mobile,clothing,431,363.24
U372,P087,view,2026-04-06 23:23:00,tablet,clothing,262,407.4
U212,P097,view,2026-04-06 23:23:00,tablet,clothing,134,194.08
U121,P035,click,2026-04-06 23:25:00,mobile,electronics,188,85.61
U424,P091,click,2026-04-06 23:25:00,mobile,clothing,355,60.52
U421,P058,view,2026-04-06 23:27:00,desktop,beauty,109,430.57
U454,P072,click,2026-04-06 23:29:00,mobile,electronics,263,304.0
U453,P054,add_to_cart,2026-04-06 23:31:00,desktop,beauty,373,119.91
U185,P069,click,2026-04-06 23:31:00,mobile,clothing,546,238.86
U430,P032,add_to_cart,2026-04-06 23:33:00,mobile,clothing,539,176.92
U160,P090,click,2026-04-06 23:33:00,tablet,clothing,467,193.96
U216,P055,view,2026-04-06 23:34:00,desktop,beauty,128,155.35
U218,P032,click,2026-04-06 23:36:00,mobile,home,363,344.44
U155,P074,view,2026-04-06 23:37:00,tablet,clothing,367,235.07
U153,P052,click,2026-04-06 23:37:00,mobile,home,443,333.58
U370,P059,click,2026-04-06 23:38:00,desktop,beauty,238,81.86
U091,P057,click,2026-04-06 23:38:00,desktop,beauty,123,144.26
U245,P043,click,2026-04-06 23:38:00,tablet,clothing,305,79.8
U258,P073,view,2026-04-06 23:38:00,mobile,beauty,28,26.82
U412,P054,view,2026-04-06 23:38:00,mobile,electronics,246,160.34
U302,P020,view,2026-04-06 23:40:00,tablet,clothing,64,23.77
U036,P036,add_to_cart,2026-04-06 23:40:00,tablet,electronics,402,74.07
U054,P059,click,2026-04-06 23:41:00,tablet,clothing,595,413.32
U482,P072,view,2026-04-06 23:43:00,tablet,beauty,104,382.88
U108,P100,click,2026-04-06 23:44:00,tablet,clothing,235,91.31
U012,P077,view,2026-04-06 23:47:00,mobile,beauty,90,429.41
U016,P081,click,2026-04-06 23:49:00,mobile,home,453,219.71
U156,P058,view,2026-04-06 23:49:00,mobile,clothing,45,417.35
U215,P067,click,2026-04-06 23:49:00,tablet,home,435,284.38
U403,P034,view,2026-04-06 23:49:00,tablet,beauty,35,287.46
U317,P036,view,2026-04-06 23:50:00,mobile,beauty,81,158.2
U176,P050,add_to_cart,2026-04-06 23:51:00,desktop,beauty,507,225.91
U419,P008,click,2026-04-06 23:51:00,mobile,clothing,554,245.64
U438,P073,view,2026-04-06 23:53:00,tablet,home,290,218.67
U407,P051,view,2026-04-06 23:54:00,tablet,home,312,329.4
U261,P006,click,2026-04-06 23:55:00,desktop,clothing,531,327.12
U069,P027,view,2026-04-06 23:57:00,desktop,beauty,260,475.7
U108,P099,click,2026-04-06 23:57:00,mobile,clothing,219,47.32
U324,P066,view,2026-04-06 23:59:00,mobile,electronics,163,338.69
U072,P089,click,2026-04-06 23:59:00,desktop,electronics,373,337.73
U059,P056,view,2026-04-07 00:01:00,tablet,electronics,257,306.54
U131,P022,view,2026-04-07 00:01:00,mobile,home,83,83.29
U077,P080,view,2026-04-07 00:01:00,mobile,home,410,472.91
U463,P008,view,2026-04-07 00:02:00,mobile,electronics,57,417.0
U164,P086,click,2026-04-07 00:02:00,tablet,clothing,506,326.2
U201,P060,view,2026-04-07 00:03:00,tablet,beauty,262,265.86
U112,P086,click,2026-04-07 00:05:00,mobile,beauty,366,60.75
U051,P074,view,2026-04-07 00:07:00,desktop,beauty,162,210.18
U362,P076,add_to_cart,2026-04-07 00:08:00,desktop,clothing,568,321.91
U233,P029,view,2026-04-07 00:10:00,mobile,beauty,96,77.63
U238,P050,add_to_cart,2026-04-07 00:14:00,desktop,electronics,555,318.91
U229,P066,click,2026-04-07 00:15:00,mobile,clothing,552,319.04
U016,P051,view,2026-04-07 00:15:00,tablet,clothing,113,363.56
U318,P082,view,2026-04-07 00:16:00,desktop,beauty,102,315.45
U410,P055,view,2026-04-07 00:17:00,mobile,clothing,444,436.23
U011,P011,view,2026-04-07 00:17:00,desktop,home,185,224.56
U170,P013,click,2026-04-07 00:18:00,mobile,home,190,52.9
U235,P003,view,2026-04-07 00:21:00,mobile,beauty,27,332.47
U151,P049,view,2026-04-07 00:23:00,desktop,home,241,444.43
U325,P058,view,2026-04-07 00:24:00,mobile,home,30,424.5
U302,P068,add_to_cart,2026-04-07 00:25:00,desktop,home,380,141.16
U218,P032,click,2026-04-07 00:29:00,desktop,electronics,212,332.02
U119,P052,view,2026-04-07 00:29:00,tablet,home,368,426.58
U285,P014,view,2026-04-07 00:31:00,desktop,beauty,96,225.47
U306,P097,add_to_cart,2026-04-07 00:32:00,desktop,electronics,475,157.85
U375,P065,view,2026-04-07 00:33:00,tablet,clothing,313,162.4
U396,P052,view,2026-04-07 00:33:00,tablet,beauty,261,359.52
U334,P067,click,2026-04-07 00:33:00,tablet,clothing,569,378.9
U016,P064,view,2026-04-07 00:34:00,mobile,clothing,139,133.39
U360,P015,view,2026-04-07 00:34:00,tablet,beauty,61,463.5
U340,P023,view,2026-04-07 00:36:00,tablet,home,197,140.1
U142,P001,add_to_cart,2026-04-07 00:37:00,desktop,clothing,413,56.32
U032,P047,view,2026-04-07 00:37:00,tablet,clothing,68,177.72
U328,P081,view,2026-04-07 00:38:00,tablet,clothing,75,212.41
U490,P096,add_to_cart,2026-04-07 00:38:00,desktop,electronics,552,330.24
U018,P072,view,2026-04-07 00:41:00,tablet,electronics,64,198.79
U076,P069,view,2026-04-07 00:44:00,tablet,electronics,29,221.95
U372,P004,click,2026-04-07 00:44:00,tablet,electronics,158,31.73
U444,P018,view,2026-04-07 00:45:00,mobile,home,50,341.0
U191,P045,add_to_cart,2026-04-07 00:45:00,desktop,beauty,572,62.24
U487,P052,click,2026-04-07 00:47:00,desktop,clothing,306,419.79
U359,P100,click,2026-04-07 00:47:00,mobile,electronics,529,421.8
U099,P059,click,2026-04-07 00:48:00,desktop,beauty,23,85.85
U244,P009,view,2026-04-07 00:48:00,mobile,home,130,236.83
U054,P001,view,2026-04-07 00:49:00,desktop,home,33,438.23
U055,P032,add_to_cart,2026-04-07 00:50:00,mobile,electronics,424,112.63
U053,P087,click,2026-04-07 00:52:00,mobile,beauty,566,328.0
U068,P083,click,2026-04-07 00:53:00,tablet,beauty,559,461.22
U283,P033,click,2026-04-07 00:53:00,mobile,beauty,305,224.56
U378,P073,add_to_cart,2026-04-07 00:54:00,mobile,electronics,426,110.39
U185,P021,click,2026-04-07 00:54:00,tablet,home,522,338.82
U390,P002,add_to_cart,2026-04-07 00:57:00,mobile,clothing,578,84.38
U232,P050,view,2026-04-07 00:57:00,tablet,electronics,350,455.01
U488,P024,view,2026-04-07 00:58:00,desktop,electronics,22,461.6
U490,P091,click,2026-04-07 00:58:00,mobile,beauty,300,202.35
U334,P043,view,2026-04-07 00:58:00,tablet,beauty,137,70.24
U290,P027,click,2026-04-07 00:58:00,mobile,beauty,288,59.63
U363,P045,click,2026-04-07 00:59:00,desktop,beauty,97,55.2
U209,P071,click,2026-04-07 00:59:00,mobile,electronics,584,476.67
U208,P073,view,2026-04-07 01:00:00,tablet,beauty,123,481.74
U189,P078,view,2026-04-07 01:00:00,mobile,home,367,323.5
U098,P100,click,2026-04-07 01:00:00,tablet,electronics,75,11.03
U069,P012,view,2026-04-07 01:01:00,mobile,home,27,287.55
U180,P044,view,2026-04-07 01:01:00,tablet,beauty,500,384.18
U198,P036,view,2026-04-07 01:04:00,tablet,electronics,271,421.99
U007,P090,view,2026-04-07 01:07:00,tablet,clothing,228,438.57
U417,P087,view,2026-04-07 01:07:00,tablet,clothing,232,283.32
U035,P090,view,2026-04-07 01:07:00,mobile,home,155,417.05
U332,P032,view,2026-04-07 01:07:00,tablet,home,15,414.44
U024,P067,click,2026-04-07 01:08:00,tablet,electronics,343,205.03
U262,P092,click,2026-04-07 01:08:00,desktop,electronics,383,342.35
U481,P048,add_to_cart,2026-04-07 01:09:00,desktop,beauty,349,42.53
U420,P060,click,2026-04-07 01:11:00,tablet,electronics,373,396.59
U298,P092,view,2026-04-07 01:13:00,tablet,clothing,186,388.09
U264,P047,view,2026-04-07 01:15:00,tablet,home,172,473.25
U212,P067,view,2026-04-07 01:18:00,mobile,beauty,16,23.97
U299,P031,view,2026-04-07 01:19:00,tablet,electronics,43,349.95
U291,P022,view,2026-04-07 01:24:00,tablet,beauty,96,358.65
U017,P037,add_to_cart,2026-04-07 01:25:00,tablet,electronics,501,260.12
U315,P081,click,2026-04-07 01:25:00,desktop,electronics,56,37.56
U322,P001,view,2026-04-07 01:26:00,tablet,beauty,342,319.78
U090,P046,click,2026-04-07 01:27:00,tablet,beauty,386,147.12
U330,P002,view,2026-04-07 01:27:00,mobile,beauty,432,439.28
U361,P077,view,2026-04-07 01:27:00,tablet,electronics,59,33.13
U437,P065,click,2026-04-07 01:29:00,desktop,electronics,255,417.72
U061,P043,view,2026-04-07 01:29:00,mobile,beauty,235,192.13
U216,P074,click,2026-04-07 01:29:00,desktop,clothing,432,172.5
U198,P073,view,2026-04-07 01:30:00,tablet,electronics,61,74.8
U496,P052,view,2026-04-07 01:32:00,tablet,clothing,21,274.96
U061,P032,view,2026-04-07 01:33:00,tablet,home,256,363.67
U105,P054,view,2026-04-07 01:33:00,mobile,electronics,170,50.54
U437,P008,click,2026-04-07 01:34:00,tablet,beauty,566,383.77
U149,P084,view,2026-04-07 01:34:00,desktop,clothing,334,492.17
U405,P098,view,2026-04-07 01:34:00,mobile,home,131,475.14
U177,P023,view,2026-04-07 01:36:00,mobile,clothing,73,165.65
U362,P037,view,2026-04-07 01:37:00,tablet,beauty,223,162.18
U262,P028,click,2026-04-07 01:38:00,desktop,home,438,321.79
U291,P053,view,2026-04-07 01:41:00,mobile,electronics,12,86.66
U442,P012,click,2026-04-07 01:41:00,tablet,home,380,215.49
U045,P098,view,2026-04-07 01:41:00,tablet,clothing,298,326.26
U030,P091,add_to_cart,2026-04-07 01:42:00,desktop,beauty,414,201.67
U450,P041,add_to_cart,2026-04-07 01:42:00,desktop,home,491,183.79
U164,P054,add_to_cart,2026-04-07 01:44:00,desktop,electronics,531,411.57
U492,P040,view,2026-04-07 01:45:00,tablet,electronics,442,490.16
U300,P085,view,2026-04-07 01:46:00,desktop,clothing,43,206.87
U173,P070,click,2026-04-07 01:47:00,desktop,clothing,226,244.44
U345,P033,add_to_cart,2026-04-07 01:48:00,desktop,beauty,532,229.16
U214,P087,click,2026-04-07 01:48:00,desktop,electronics,355,489.08
U059,P001,view,2026-04-07 01:49:00,desktop,home,124,315.69
U072,P041,click,2026-04-07 01:50:00,tablet,beauty,275,150.39
U048,P084,view,2026-04-07 01:50:00,tablet,electronics,161,180.03
U205,P033,view,2026-04-07 01:51:00,desktop,home,84,313.2
U022,P024,click,2026-04-07 01:51:00,tablet,electronics,289,28.0
U437,P049,click,2026-04-07 01:52:00,desktop,clothing,484,386.71
U494,P037,add_to_cart,2026-04-07 01:52:00,desktop,electronics,552,180.47
U336,P020,click,2026-04-07 01:52:00,desktop,electronics,231,491.69
U480,P042,click,2026-04-07 01:54:00,mobile,electronics,392,195.22
U036,P057,click,2026-04-07 01:54:00,mobile,beauty,327,125.54
U438,P037,view,2026-04-07 01:56:00,desktop,home,10,478.75
U376,P055,click,2026-04-07 01:56:00,mobile,clothing,387,203.11
U246,P036,view,2026-04-07 01:56:00,tablet,electronics,60,316.27
U335,P055,click,2026-04-07 01:57:00,desktop,beauty,426,166.7
U362,P097,view,2026-04-07 01:59:00,mobile,home,561,442.49
U171,P082,view,2026-04-07 01:59:00,tablet,beauty,346,294.89
U193,P026,view,2026-04-07 01:59:00,tablet,home,172,31.38
U268,P093,view,2026-04-07 01:59:00,mobile,electronics,476,460.28
U126,P026,click,2026-04-07 02:00:00,tablet,beauty,290,210.1
U273,P091,view,2026-04-07 02:01:00,desktop,electronics,197,378.07
U063,P061,click,2026-04-07 02:02:00,desktop,clothing,404,426.67
U113,P025,view,2026-04-07 02:03:00,mobile,beauty,40,368.92
U082,P027,view,2026-04-07 02:03:00,tablet,beauty,331,231.12
U213,P084,click,2026-04-07 02:04:00,desktop,home,120,221.1
U022,P072,click,2026-04-07 02:06:00,mobile,electronics,265,103.77
U192,P085,click,2026-04-07 02:08:00,mobile,electronics,421,363.5
U457,P078,view,2026-04-07 02:08:00,tablet,clothing,226,109.67
U286,P043,view,2026-04-07 02:09:00,tablet,home,262,163.78
U368,P094,view,2026-04-07 02:09:00,tablet,clothing,106,196.09
U046,P037,click,2026-04-07 02:11:00,desktop,clothing,356,467.4
U461,P044,click,2026-04-07 02:12:00,desktop,electronics,94,56.42
U059,P005,view,2026-04-07 02:12:00,desktop,beauty,39,244.15
U151,P041,click,2026-04-07 02:13:00,mobile,electronics,372,180.36
U475,P100,view,2026-04-07 02:13:00,mobile,electronics,302,342.4
U042,P060,click,2026-04-07 02:13:00,tablet,clothing,474,141.79
U455,P077,click,2026-04-07 02:13:00,tablet,beauty,287,34.13
U228,P066,click,2026-04-07 02:16:00,tablet,beauty,486,80.01
U064,P013,click,2026-04-07 02:18:00,desktop,beauty,120,175.72
U465,P080,view,2026-04-07 02:21:00,mobile,electronics,67,94.79
U170,P071,view,2026-04-07 02:22:00,mobile,electronics,347,383.93
U498,P049,view,2026-04-07 02:23:00,desktop,home,56,401.46
U245,P085,view,2026-04-07 02:23:00,mobile,clothing,543,481.27
U457,P094,view,2026-04-07 02:25:00,desktop,electronics,69,431.35
U113,P083,click,2026-04-07 02:27:00,desktop,beauty,179,37.2
U244,P031,add_to_cart,2026-04-07 02:27:00,desktop,electronics,271,128.19
U377,P068,view,2026-04-07 02:27:00,tablet,beauty,226,475.41
U227,P004,view,2026-04-07 02:28:00,tablet,clothing,197,298.08
U013,P026,view,2026-04-07 02:29:00,mobile,electronics,268,405.04
U284,P095,click,2026-04-07 02:29:00,desktop,electronics,178,152.24
U476,P007,view,2026-04-07 02:31:00,mobile,electronics,163,285.83
U196,P095,click,2026-04-07 02:32:00,tablet,beauty,458,199.62
U156,P056,click,2026-04-07 02:32:00,desktop,beauty,130,14.03
U342,P015,view,2026-04-07 02:32:00,mobile,clothing,234,448.96
U464,P019,view,2026-04-07 02:33:00,tablet,clothing,72,89.27
U207,P014,view,2026-04-07 02:33:00,mobile,beauty,136,372.36
U227,P014,click,2026-04-07 02:40:00,tablet,home,346,62.29
U137,P051,view,2026-04-07 02:40:00,desktop,home,76,239.22
U187,P011,view,2026-04-07 02:41:00,tablet,clothing,91,274.75
U043,P026,view,2026-04-07 02:41:00,mobile,beauty,360,375.46
U206,P062,click,2026-04-07 02:42:00,tablet,beauty,590,448.65
U133,P009,view,2026-04-07 02:43:00,desktop,beauty,178,409.69
U018,P094,view,2026-04-07 02:44:00,tablet,clothing,67,489.26
U272,P083,view,2026-04-07 02:44:00,mobile,electronics,81,60.2
U139,P032,click,2026-04-07 02:44:00,mobile,electronics,360,132.16
U405,P059,view,2026-04-07 02:44:00,tablet,electronics,72,156.1
U343,P027,view,2026-04-07 02:45:00,mobile,clothing,137,103.93
U120,P068,add_to_cart,2026-04-07 02:46:00,tablet,electronics,590,179.7
U360,P065,view,2026-04-07 02:46:00,mobile,home,256,355.15
U057,P053,view,2026-04-07 02:48:00,mobile,home,317,303.27
U050,P095,click,2026-04-07 02:50:00,desktop,electronics,50,221.04
U132,P055,view,2026-04-07 02:50:00,mobile,beauty,102,322.13
U056,P093,view,2026-04-07 02:52:00,mobile,beauty,229,461.18
U025,P084,view,2026-04-07 02:54:00,tablet,clothing,287,469.55
U435,P059,view,2026-04-07 02:55:00,desktop,beauty,169,202.54
U433,P100,view,2026-04-07 02:57:00,mobile,electronics,118,337.49
U421,P079,view,2026-04-07 02:59:00,mobile,home,218,476.91
U051,P066,click,2026-04-07 02:59:00,tablet,home,499,283.11
U323,P043,add_to_cart,2026-04-07 02:59:00,desktop,electronics,225,32.59
U185,P034,view,2026-04-07 03:00:00,mobile,beauty,53,481.44
U025,P011,add_to_cart,2026-04-07 03:02:00,tablet,beauty,553,56.88
U127,P025,click,2026-04-07 03:02:00,tablet,beauty,576,392.86
U244,P026,click,2026-04-07 03:03:00,mobile,clothing,463,409.16
U126,P020,add_to_cart,2026-04-07 03:05:00,desktop,clothing,402,282.71
U427,P080,view,2026-04-07 03:06:00,mobile,beauty,35,417.13
U284,P016,click,2026-04-07 03:06:00,tablet,electronics,355,396.94
U063,P024,add_to_cart,2026-04-07 03:09:00,mobile,electronics,535,125.73
U180,P036,view,2026-04-07 03:10:00,tablet,clothing,116,300.92
U411,P079,view,2026-04-07 03:11:00,mobile,beauty,243,479.33
U058,P037,click,2026-04-07 03:13:00,desktop,beauty,347,93.16
U347,P002,view,2026-04-07 03:14:00,mobile,home,201,222.68
U142,P100,add_to_cart,2026-04-07 03:15:00,mobile,electronics,555,214.85
U248,P029,view,2026-04-07 03:17:00,mobile,home,17,480.28
U207,P089,view,2026-04-07 03:18:00,tablet,home,217,89.32
U162,P068,click,2026-04-07 03:19:00,mobile,beauty,528,174.22
U191,P061,view,2026-04-07 03:20:00,desktop,home,46,239.07
U105,P067,view,2026-04-07 03:21:00,desktop,home,140,230.31
U190,P092,view,2026-04-07 03:22:00,tablet,electronics,33,214.97
U472,P032,click,2026-04-07 03:25:00,mobile,home,310,215.73
U274,P071,view,2026-04-07 03:25:00,mobile,beauty,110,339.6
U411,P027,view,2026-04-07 03:26:00,mobile,clothing,58,162.62
U487,P045,view,2026-04-07 03:27:00,mobile,clothing,74,361.8
U248,P016,add_to_cart,2026-04-07 03:27:00,mobile,electronics,508,59.85
U251,P021,view,2026-04-07 03:27:00,tablet,home,93,438.11
U148,P070,click,2026-04-07 03:33:00,desktop,home,444,446.44
U017,P020,click,2026-04-07 03:34:00,desktop,clothing,468,429.91
U236,P073,view,2026-04-07 03:35:00,tablet,electronics,90,428.08
U373,P097,view,2026-04-07 03:35:00,tablet,home,158,280.65
U488,P067,add_to_cart,2026-04-07 03:35:00,desktop,electronics,526,143.42
U420,P041,view,2026-04-07 03:36:00,tablet,home,190,398.38
U498,P093,add_to_cart,2026-04-07 03:36:00,desktop,electronics,408,240.03
U213,P090,view,2026-04-07 03:38:00,desktop,beauty,425,490.23
U431,P026,view,2026-04-07 03:39:00,mobile,electronics,171,378.81
U110,P051,click,2026-04-07 03:43:00,desktop,electronics,29,77.39
U450,P021,click,2026-04-07 03:44:00,mobile,home,399,119.21
U096,P059,add_to_cart,2026-04-07 03:46:00,desktop,clothing,305,18.03
U065,P068,view,2026-04-07 03:46:00,desktop,home,69,278.34
U433,P087,click,2026-04-07 03:46:00,mobile,electronics,484,287.44
U384,P045,view,2026-04-07 03:47:00,mobile,clothing,122,406.33
U359,P037,view,2026-04-07 03:48:00,tablet,electronics,131,456.83
U486,P072,click,2026-04-07 03:49:00,desktop,beauty,182,25.06
U303,P031,view,2026-04-07 03:50:00,mobile,beauty,299,401.79
U119,P077,add_to_cart,2026-04-07 03:51:00,tablet,clothing,550,15.77
U487,P068,click,2026-04-07 03:51:00,mobile,electronics,447,263.35
U319,P041,view,2026-04-07 03:51:00,desktop,electronics,148,389.16
U437,P028,view,2026-04-07 03:53:00,desktop,home,341,481.82
U241,P076,click,2026-04-07 03:55:00,tablet,home,338,12.32
U352,P066,view,2026-04-07 03:56:00,mobile,clothing,317,463.08
U380,P071,view,2026-04-07 03:56:00,mobile,electronics,311,401.53
U443,P062,view,2026-04-07 03:56:00,tablet,electronics,36,350.35
U008,P055,view,2026-04-07 03:56:00,tablet,electronics,97,482.42
U102,P042,add_to_cart,2026-04-07 03:58:00,desktop,electronics,372,51.13
U083,P013,view,2026-04-07 03:59:00,tablet,clothing,233,349.64
U221,P048,click,2026-04-07 04:01:00,mobile,electronics,345,98.42
U463,P006,click,2026-04-07 04:01:00,tablet,beauty,437,300.18
U235,P009,click,2026-04-07 04:02:00,desktop,home,424,427.71
U338,P072,click,2026-04-07 04:02:00,mobile,home,466,201.58
U314,P022,click,2026-04-07 04:03:00,tablet,home,392,248.62
U431,P013,click,2026-04-07 04:03:00,desktop,beauty,330,272.79
U298,P051,view,2026-04-07 04:03:00,mobile,clothing,327,411.47
U129,P014,click,2026-04-07 04:04:00,desktop,clothing,217,12.01
U318,P039,view,2026-04-07 04:04:00,mobile,clothing,179,430.09
U363,P020,add_to_cart,2026-04-07 04:04:00,desktop,home,386,219.94
U110,P085,view,2026-04-07 04:08:00,mobile,beauty,520,472.19
U222,P091,view,2026-04-07 04:09:00,mobile,clothing,184,271.46
U431,P064,click,2026-04-07 04:10:00,tablet,electronics,430,379.83
U252,P007,add_to_cart,2026-04-07 04:10:00,desktop,electronics,182,48.29
U241,P025,add_to_cart,2026-04-07 04:11:00,desktop,clothing,371,53.63
U147,P032,view,2026-04-07 04:13:00,tablet,electronics,81,100.17
U491,P047,view,2026-04-07 04:14:00,mobile,clothing,235,299.07
U177,P021,add_to_cart,2026-04-07 04:15:00,desktop,electronics,422,376.38
U085,P058,click,2026-04-07 04:17:00,tablet,clothing,394,136.09
U073,P052,view,2026-04-07 04:17:00,mobile,clothing,69,93.51
U069,P084,click,2026-04-07 04:18:00,desktop,electronics,494,296.94
U074,P025,add_to_cart,2026-04-07 04:21:00,tablet,clothing,503,156.51
U079,P003,add_to_cart,2026-04-07 04:22:00,desktop,beauty,571,67.79
U394,P036,view,2026-04-07 04:23:00,mobile,home,292,445.55
U371,P048,add_to_cart,2026-04-07 04:24:00,tablet,home,506,69.85
U131,P035,view,2026-04-07 04:26:00,mobile,beauty,72,354.78
U147,P066,view,2026-04-07 04:28:00,desktop,electronics,68,317.75
U481,P068,add_to_cart,2026-04-07 04:28:00,desktop,beauty,580,78.14
U425,P073,click,2026-04-07 04:28:00,desktop,electronics,66,320.49
U206,P025,view,2026-04-07 04:30:00,tablet,clothing,121,464.38
U311,P031,click,2026-04-07 04:32:00,tablet,home,500,23.67
U297,P086,click,2026-04-07 04:32:00,tablet,clothing,381,39.25
U223,P016,view,2026-04-07 04:34:00,tablet,electronics,116,274.01
U180,P083,view,2026-04-07 04:35:00,mobile,home,466,496.43
U317,P010,view,2026-04-07 04:38:00,tablet,home,143,499.93
U041,P059,view,2026-04-07 04:39:00,tablet,clothing,386,460.03
U052,P045,click,2026-04-07 04:40:00,tablet,home,285,290.97
U411,P029,click,2026-04-07 04:40:00,mobile,beauty,341,105.02
U064,P091,view,2026-04-07 04:40:00,desktop,home,175,365.3
U354,P077,add_to_cart,2026-04-07 04:42:00,desktop,clothing,519,230.37
U089,P033,click,2026-04-07 04:43:00,tablet,beauty,575,198.53
U256,P029,add_to_cart,2026-04-07 04:43:00,mobile,clothing,537,33.53
U394,P092,view,2026-04-07 04:46:00,tablet,home,175,245.72
U081,P047,click,2026-04-07 04:49:00,desktop,home,540,351.91
U332,P088,view,2026-04-07 04:50:00,tablet,home,123,297.95
U478,P047,click,2026-04-07 04:52:00,mobile,electronics,567,228.04
U181,P062,click,2026-04-07 04:53:00,desktop,clothing,317,317.23
U060,P027,click,2026-04-07 04:54:00,desktop,beauty,279,203.51
U367,P085,view,2026-04-07 04:55:00,desktop,home,23,439.13
U101,P035,view,2026-04-07 04:55:00,mobile,beauty,49,459.82
U457,P080,click,2026-04-07 04:57:00,desktop,beauty,419,212.13
U044,P064,click,2026-04-07 04:58:00,desktop,clothing,544,351.3
U481,P020,click,2026-04-07 04:59:00,tablet,clothing,345,134.57
U263,P033,view,2026-04-07 04:59:00,mobile,home,185,285.55
U472,P052,click,2026-04-07 05:00:00,tablet,home,422,214.17
U461,P084,view,2026-04-07 05:00:00,tablet,beauty,134,372.23
U097,P019,click,2026-04-07 05:00:00,mobile,home,567,84.18
U175,P041,click,2026-04-07 05:01:00,mobile,clothing,415,85.96
U444,P020,add_to_cart,2026-04-07 05:01:00,desktop,electronics,332,33.3
U154,P098,click,2026-04-07 05:01:00,tablet,electronics,475,221.97
U440,P015,click,2026-04-07 05:01:00,desktop,clothing,105,209.47
U492,P043,view,2026-04-07 05:04:00,mobile,beauty,92,393.56
U498,P097,view,2026-04-07 05:05:00,mobile,clothing,244,361.39
U121,P096,view,2026-04-07 05:05:00,desktop,home,105,321.52
U473,P041,click,2026-04-07 05:06:00,mobile,home,422,154.49
U411,P073,click,2026-04-07 05:06:00,desktop,clothing,543,375.31
U032,P087,view,2026-04-07 05:07:00,tablet,beauty,264,292.67
U225,P016,view,2026-04-07 05:07:00,mobile,home,290,134.81
U487,P089,click,2026-04-07 05:09:00,desktop,home,369,472.37
U050,P014,view,2026-04-07 05:09:00,desktop,electronics,63,230.95
U334,P035,view,2026-04-07 05:09:00,mobile,beauty,19,189.6
U419,P070,view,2026-04-07 05:09:00,tablet,electronics,286,383.62
U189,P064,click,2026-04-07 05:13:00,desktop,beauty,394,403.94
U100,P046,view,2026-04-07 05:15:00,tablet,home,348,376.74
U298,P043,view,2026-04-07 05:16:00,mobile,beauty,103,219.63
U492,P049,view,2026-04-07 05:17:00,mobile,clothing,163,313.14
U212,P030,add_to_cart,2026-04-07 05:17:00,mobile,electronics,415,79.54
U084,P001,view,2026-04-07 05:18:00,tablet,home,197,255.19
U039,P034,click,2026-04-07 05:20:00,mobile,beauty,560,364.49
U318,P078,click,2026-04-07 05:20:00,desktop,electronics,77,89.4
U084,P017,view,2026-04-07 05:20:00,tablet,home,36,363.7
U213,P048,click,2026-04-07 05:22:00,mobile,clothing,527,449.87
U264,P073,add_to_cart,2026-04-07 05:23:00,desktop,beauty,392,20.18
U001,P021,view,2026-04-07 05:23:00,mobile,home,138,286.32
U463,P026,click,2026-04-07 05:23:00,desktop,home,388,203.8
U491,P056,click,2026-04-07 05:24:00,desktop,electronics,359,257.67
U427,P089,click,2026-04-07 05:24:00,mobile,electronics,354,341.95
U108,P079,click,2026-04-07 05:26:00,mobile,home,543,192.41
U495,P065,view,2026-04-07 05:27:00,mobile,clothing,307,241.25
U082,P093,click,2026-04-07 05:27:00,desktop,beauty,474,379.66
U327,P020,click,2026-04-07 05:29:00,tablet,clothing,503,328.7
U277,P060,click,2026-04-07 05:29:00,tablet,electronics,596,331.95
U494,P080,click,2026-04-07 05:30:00,mobile,beauty,543,396.61
U336,P043,click,2026-04-07 05:30:00,tablet,beauty,427,58.16
U022,P090,click,2026-04-07 05:30:00,desktop,clothing,545,493.18
U006,P032,view,2026-04-07 05:32:00,mobile,beauty,448,330.57
U368,P008,click,2026-04-07 05:32:00,mobile,electronics,514,432.62
U411,P098,view,2026-04-07 05:33:00,desktop,beauty,137,352.58
U036,P018,view,2026-04-07 05:34:00,desktop,electronics,86,335.88
U211,P029,add_to_cart,2026-04-07 05:34:00,tablet,electronics,566,95.67
U032,P011,add_to_cart,2026-04-07 05:36:00,mobile,home,578,66.09
U019,P076,click,2026-04-07 05:38:00,tablet,home,401,69.72
U018,P024,add_to_cart,2026-04-07 05:40:00,desktop,clothing,378,117.52
U357,P031,view,2026-04-07 05:46:00,desktop,clothing,147,315.38
U400,P012,click,2026-04-07 05:47:00,desktop,home,356,410.7
U248,P063,add_to_cart,2026-04-07 05:48:00,mobile,clothing,547,153.7
U235,P026,click,2026-04-07 05:48:00,tablet,clothing,438,138.28
U141,P015,click,2026-04-07 05:55:00,desktop,home,471,431.02
U386,P055,view,2026-04-07 05:55:00,desktop,beauty,300,499.69
U410,P081,click,2026-04-07 05:56:00,desktop,clothing,463,288.89
U189,P004,view,2026-04-07 05:57:00,desktop,beauty,240,416.02
U188,P049,click,2026-04-07 05:57:00,desktop,beauty,378,126.4
U160,P005,view,2026-04-07 05:57:00,tablet,home,361,420.52
U365,P027,view,2026-04-07 05:58:00,tablet,beauty,236,360.02
U010,P034,click,2026-04-07 05:59:00,mobile,clothing,572,440.12
U359,P088,click,2026-04-07 05:59:00,desktop,clothing,322,280.41
U491,P067,click,2026-04-07 05:59:00,desktop,clothing,420,345.32
U308,P044,click,2026-04-07 06:00:00,mobile,clothing,521,153.01
U443,P099,add_to_cart,2026-04-07 06:01:00,tablet,electronics,315,54.45
U204,P091,view,2026-04-07 06:01:00,desktop,beauty,108,189.2
U323,P068,view,2026-04-07 06:02:00,desktop,electronics,80,310.39
U169,P014,view,2026-04-07 06:02:00,mobile,beauty,280,410.49
U345,P062,view,2026-04-07 06:03:00,tablet,beauty,127,138.56
U033,P028,click,2026-04-07 06:03:00,desktop,clothing,262,186.76
U435,P058,add_to_cart,2026-04-07 06:04:00,desktop,electronics,493,114.55
U133,P042,click,2026-04-07 06:06:00,desktop,beauty,434,394.1
U461,P037,view,2026-04-07 06:06:00,tablet,home,183,274.75
U354,P015,view,2026-04-07 06:06:00,mobile,clothing,299,278.21
U083,P033,view,2026-04-07 06:07:00,mobile,clothing,240,481.53
U090,P075,view,2026-04-07 06:11:00,desktop,clothing,106,436.31
U165,P020,add_to_cart,2026-04-07 06:12:00,desktop,clothing,553,134.13
U188,P041,click,2026-04-07 06:14:00,mobile,beauty,500,88.38
U396,P040,add_to_cart,2026-04-07 06:14:00,desktop,clothing,563,377.29
U468,P070,click,2026-04-07 06:14:00,tablet,electronics,386,364.1
U461,P048,click,2026-04-07 06:16:00,desktop,electronics,14,41.67
U490,P098,click,2026-04-07 06:19:00,desktop,electronics,144,310.62
U087,P076,click,2026-04-07 06:23:00,desktop,home,236,51.22
U382,P073,click,2026-04-07 06:26:00,desktop,clothing,114,32.66
U304,P074,click,2026-04-07 06:26:00,desktop,electronics,222,400.56
U123,P012,add_to_cart,2026-04-07 06:26:00,desktop,beauty,306,34.88
U286,P076,view,2026-04-07 06:27:00,desktop,clothing,313,468.87
U048,P027,click,2026-04-07 06:27:00,mobile,electronics,304,409.17
U225,P019,add_to_cart,2026-04-07 06:29:00,desktop,electronics,334,113.85
U148,P098,click,2026-04-07 06:29:00,mobile,beauty,325,51.29
U076,P063,click,2026-04-07 06:30:00,desktop,electronics,73,271.19
U094,P034,view,2026-04-07 06:32:00,tablet,home,321,491.85
U364,P097,click,2026-04-07 06:33:00,mobile,electronics,423,197.2
U279,P022,view,2026-04-07 06:34:00,mobile,home,238,351.65
U094,P065,click,2026-04-07 06:39:00,mobile,clothing,439,10.7
U409,P055,click,2026-04-07 06:39:00,desktop,clothing,391,175.69
U235,P022,click,2026-04-07 06:40:00,tablet,electronics,325,37.06
U395,P064,click,2026-04-07 06:40:00,tablet,clothing,489,130.52
U004,P002,add_to_cart,2026-04-07 06:41:00,desktop,electronics,311,72.3
U207,P079,click,2026-04-07 06:41:00,desktop,home,100,177.15
U378,P046,add_to_cart,2026-04-07 06:41:00,desktop,clothing,319,81.23
U485,P008,click,2026-04-07 06:41:00,mobile,clothing,585,396.19
U002,P092,view,2026-04-07 06:43:00,mobile,clothing,103,38.01
U024,P052,view,2026-04-07 06:44:00,tablet,electronics,230,101.23
U312,P077,view,2026-04-07 06:45:00,mobile,clothing,225,230.88
U012,P007,click,2026-04-07 06:48:00,desktop,home,214,168.18
U081,P027,click,2026-04-07 06:48:00,mobile,electronics,443,401.14
U416,P045,click,2026-04-07 06:48:00,desktop,clothing,443,155.25
U430,P047,click,2026-04-07 06:48:00,desktop,home,163,70.4
U107,P052,click,2026-04-07 06:52:00,desktop,beauty,170,122.98
U195,P060,view,2026-04-07 06:52:00,mobile,beauty,53,161.5
U193,P017,view,2026-04-07 06:53:00,tablet,electronics,329,468.77
U296,P018,view,2026-04-07 06:55:00,mobile,clothing,377,393.78
U092,P014,click,2026-04-07 06:56:00,desktop,beauty,504,305.82
U235,P097,view,2026-04-07 07:02:00,tablet,beauty,204,454.03
U294,P088,click,2026-04-07 07:02:00,mobile,clothing,420,50.59
U145,P022,click,2026-04-07 07:03:00,mobile,clothing,363,409.02
U146,P065,view,2026-04-07 07:05:00,tablet,home,407,493.74
U002,P098,click,2026-04-07 07:05:00,desktop,clothing,398,410.05
U265,P022,add_to_cart,2026-04-07 07:06:00,desktop,beauty,518,49.59
U300,P092,view,2026-04-07 07:09:00,tablet,home,344,373.91
U266,P081,view,2026-04-07 07:10:00,mobile,beauty,308,428.52
U372,P097,click,2026-04-07 07:11:00,tablet,beauty,236,107.98
U358,P026,add_to_cart,2026-04-07 07:11:00,desktop,home,475,65.19
U309,P073,view,2026-04-07 07:11:00,mobile,electronics,111,293.92
U156,P006,click,2026-04-07 07:12:00,mobile,beauty,469,302.34
U316,P067,add_to_cart,2026-04-07 07:12:00,mobile,clothing,463,11.36
U164,P009,click,2026-04-07 07:16:00,mobile,electronics,329,243.38
U157,P022,view,2026-04-07 07:17:00,mobile,beauty,80,397.48
U117,P080,click,2026-04-07 07:18:00,desktop,electronics,384,498.21
U459,P092,add_to_cart,2026-04-07 07:19:00,mobile,electronics,583,277.65
U349,P013,add_to_cart,2026-04-07 07:22:00,desktop,beauty,385,176.82
U151,P074,add_to_cart,2026-04-07 07:23:00,desktop,electronics,464,167.95
U114,P069,click,2026-04-07 07:24:00,desktop,electronics,454,430.91
U140,P087,view,2026-04-07 07:24:00,mobile,home,196,439.98
U085,P080,view,2026-04-07 07:26:00,mobile,electronics,239,423.3
U003,P070,click,2026-04-07 07:26:00,mobile,clothing,509,359.17
U145,P019,view,2026-04-07 07:27:00,tablet,clothing,130,389.56
U025,P073,view,2026-04-07 07:28:00,tablet,beauty,295,423.22
U127,P064,click,2026-04-07 07:28:00,tablet,beauty,394,17.93
U080,P029,view,2026-04-07 07:29:00,desktop,electronics,47,332.81
U007,P018,click,2026-04-07 07:32:00,mobile,home,553,319.35
U478,P092,view,2026-04-07 07:34:00,tablet,clothing,29,272.13
U272,P025,click,2026-04-07 07:34:00,tablet,clothing,362,97.37
U385,P044,click,2026-04-07 07:35:00,mobile,home,260,65.31
U286,P068,click,2026-04-07 07:36:00,tablet,clothing,575,372.69
U021,P067,view,2026-04-07 07:36:00,mobile,home,79,53.65
U352,P067,click,2026-04-07 07:37:00,desktop,beauty,497,194.03
U191,P092,view,2026-04-07 07:37:00,mobile,home,10,441.62
U472,P066,click,2026-04-07 07:37:00,desktop,electronics,203,170.53
U271,P030,add_to_cart,2026-04-07 07:37:00,desktop,home,548,159.88
U159,P020,add_to_cart,2026-04-07 07:37:00,desktop,beauty,529,98.76
U148,P071,click,2026-04-07 07:39:00,tablet,beauty,460,360.92
U473,P070,view,2026-04-07 07:42:00,tablet,beauty,169,318.22
U342,P003,add_to_cart,2026-04-07 07:43:00,desktop,electronics,470,19.46
U004,P064,add_to_cart,2026-04-07 07:44:00,tablet,beauty,437,50.26
U140,P075,view,2026-04-07 07:46:00,tablet,home,45,257.03
U067,P068,add_to_cart,2026-04-07 07:46:00,desktop,beauty,499,101.4
U203,P091,view,2026-04-07 07:46:00,mobile,electronics,168,328.45
U131,P024,add_to_cart,2026-04-07 07:47:00,mobile,beauty,577,109.74
U470,P051,click,2026-04-07 07:48:00,mobile,electronics,186,235.97
U262,P001,add_to_cart,2026-04-07 07:49:00,desktop,electronics,429,351.25
U363,P089,add_to_cart,2026-04-07 07:53:00,desktop,home,565,456.04
U005,P015,view,2026-04-07 07:55:00,mobile,home,484,490.99
U268,P071,view,2026-04-07 07:57:00,tablet,clothing,354,259.32
U303,P073,view,2026-04-07 07:59:00,mobile,clothing,341,233.12
U490,P001,click,2026-04-07 07:59:00,tablet,home,580,201.86
U168,P039,view,2026-04-07 07:59:00,mobile,clothing,344,229.85
U284,P085,view,2026-04-07 08:02:00,desktop,clothing,219,348.27
U419,P094,click,2026-04-07 08:02:00,desktop,beauty,283,361.15
U248,P078,view,2026-04-07 08:03:00,mobile,electronics,18,120.43
U138,P064,click,2026-04-07 08:04:00,mobile,beauty,360,246.12
U163,P069,click,2026-04-07 08:05:00,desktop,beauty,422,149.52
U395,P044,view,2026-04-07 08:05:00,tablet,home,183,329.02
U343,P084,add_to_cart,2026-04-07 08:05:00,desktop,clothing,511,350.32
U391,P090,click,2026-04-07 08:05:00,tablet,clothing,461,103.79
U477,P002,view,2026-04-07 08:06:00,tablet,clothing,117,55.78
U431,P081,view,2026-04-07 08:06:00,mobile,clothing,443,498.85
U420,P021,view,2026-04-07 08:07:00,tablet,home,78,26.96
U061,P010,click,2026-04-07 08:08:00,tablet,clothing,529,462.47
U302,P009,view,2026-04-07 08:08:00,tablet,beauty,189,449.79
U046,P081,view,2026-04-07 08:10:00,mobile,electronics,205,284.06
U347,P060,click,2026-04-07 08:10:00,mobile,beauty,298,82.52
U371,P055,view,2026-04-07 08:11:00,tablet,clothing,213,398.15
U221,P051,view,2026-04-07 08:11:00,tablet,home,92,228.74
U388,P014,click,2026-04-07 08:13:00,desktop,home,431,480.49
U132,P057,click,2026-04-07 08:14:00,mobile,home,173,59.51
U082,P032,click,2026-04-07 08:14:00,mobile,electronics,307,236.45
U170,P006,click,2026-04-07 08:14:00,tablet,home,395,147.96
U432,P022,click,2026-04-07 08:15:00,tablet,beauty,393,43.88
U194,P076,click,2026-04-07 08:18:00,tablet,beauty,378,33.11
U128,P048,view,2026-04-07 08:18:00,desktop,home,36,114.95
U108,P067,add_to_cart,2026-04-07 08:18:00,tablet,clothing,593,123.36
U450,P033,click,2026-04-07 08:19:00,tablet,clothing,528,71.37
U344,P050,view,2026-04-07 08:20:00,desktop,home,151,217.97
U452,P031,view,2026-04-07 08:21:00,mobile,home,329,206.41
U399,P020,view,2026-04-07 08:22:00,mobile,beauty,74,386.03
U090,P009,click,2026-04-07 08:22:00,mobile,clothing,596,457.01
U189,P051,add_to_cart,2026-04-07 08:23:00,mobile,clothing,484,29.22
U363,P020,click,2026-04-07 08:24:00,mobile,electronics,419,430.65
U080,P100,click,2026-04-07 08:24:00,tablet,clothing,550,160.2
U034,P044,click,2026-04-07 08:25:00,tablet,home,455,413.56
U155,P053,view,2026-04-07 08:25:00,tablet,home,365,381.29
U092,P050,view,2026-04-07 08:26:00,desktop,clothing,143,344.73
U003,P052,add_to_cart,2026-04-07 08:27:00,desktop,electronics,362,12.94
U148,P051,click,2026-04-07 08:28:00,mobile,electronics,403,498.61
U316,P082,click,2026-04-07 08:29:00,tablet,home,451,458.28
U169,P083,view,2026-04-07 08:30:00,mobile,beauty,296,293.02
U131,P076,view,2026-04-07 08:30:00,mobile,electronics,117,230.07
U436,P014,view,2026-04-07 08:31:00,tablet,clothing,378,335.24
U334,P093,view,2026-04-07 08:32:00,mobile,home,67,64.55
U055,P044,add_to_cart,2026-04-07 08:32:00,desktop,clothing,457,110.81
U124,P078,add_to_cart,2026-04-07 08:32:00,desktop,electronics,510,70.13
U480,P049,view,2026-04-07 08:33:00,tablet,home,88,422.68
U187,P092,view,2026-04-07 08:33:00,desktop,home,68,313.63
U336,P051,click,2026-04-07 08:36:00,mobile,clothing,489,240.05
U433,P017,click,2026-04-07 08:37:00,tablet,beauty,576,258.95
U378,P053,click,2026-04-07 08:40:00,desktop,electronics,131,118.75
U224,P092,click,2026-04-07 08:42:00,mobile,electronics,280,232.22
U099,P082,click,2026-04-07 08:44:00,tablet,electronics,569,409.57
U468,P060,view,2026-04-07 08:47:00,mobile,beauty,67,278.49
U154,P022,click,2026-04-07 08:48:00,desktop,clothing,581,433.96
U377,P005,click,2026-04-07 08:49:00,desktop,electronics,26,148.1
U039,P094,click,2026-04-07 08:49:00,desktop,electronics,424,378.57
U481,P087,view,2026-04-07 08:50:00,tablet,clothing,171,397.47
U086,P088,click,2026-04-07 08:50:00,tablet,beauty,399,321.85
U388,P029,click,2026-04-07 08:51:00,tablet,electronics,208,167.38
U342,P077,view,2026-04-07 08:52:00,mobile,beauty,265,252.36
U114,P097,view,2026-04-07 08:54:00,mobile,home,236,441.98
U425,P093,click,2026-04-07 08:56:00,desktop,clothing,442,440.28
U402,P045,click,2026-04-07 08:58:00,desktop,beauty,521,437.85
U005,P040,click,2026-04-07 08:59:00,tablet,clothing,435,370.22
U426,P030,view,2026-04-07 08:59:00,tablet,home,194,218.26
U159,P014,view,2026-04-07 09:00:00,mobile,electronics,82,490.33
U313,P034,click,2026-04-07 09:01:00,desktop,clothing,357,391.75
U232,P046,view,2026-04-07 09:03:00,tablet,home,278,262.14
U203,P004,view,2026-04-07 09:04:00,tablet,electronics,53,492.4
U067,P077,view,2026-04-07 09:06:00,mobile,beauty,243,292.29
U085,P027,view,2026-04-07 09:10:00,tablet,clothing,80,368.22
U001,P027,view,2026-04-07 09:10:00,tablet,beauty,324,162.55
U111,P044,click,2026-04-07 09:11:00,tablet,beauty,327,229.34
U060,P066,click,2026-04-07 09:13:00,desktop,home,209,45.87
U438,P081,click,2026-04-07 09:13:00,desktop,clothing,566,358.47
U269,P008,add_to_cart,2026-04-07 09:15:00,tablet,clothing,585,281.47
U077,P087,add_to_cart,2026-04-07 09:16:00,desktop,beauty,532,133.63
U150,P084,view,2026-04-07 09:16:00,mobile,home,303,398.8
U105,P088,click,2026-04-07 09:18:00,desktop,beauty,356,25.75
U301,P010,click,2026-04-07 09:18:00,mobile,clothing,388,249.91
U354,P051,view,2026-04-07 09:18:00,tablet,home,19,449.24
U349,P052,view,2026-04-07 09:19:00,mobile,electronics,211,370.48
U348,P025,add_to_cart,2026-04-07 09:19:00,mobile,home,587,96.99
U301,P014,add_to_cart,2026-04-07 09:19:00,mobile,electronics,448,21.62
U380,P024,add_to_cart,2026-04-07 09:20:00,desktop,clothing,531,181.09
U065,P007,view,2026-04-07 09:20:00,tablet,home,268,186.86
U361,P056,add_to_cart,2026-04-07 09:21:00,mobile,electronics,579,183.7
U284,P096,view,2026-04-07 09:21:00,mobile,home,213,281.1
U161,P030,add_to_cart,2026-04-07 09:22:00,desktop,electronics,443,232.73
U054,P087,click,2026-04-07 09:23:00,desktop,home,409,444.15
U045,P030,view,2026-04-07 09:25:00,mobile,beauty,389,387.41
U158,P017,view,2026-04-07 09:28:00,mobile,electronics,212,372.57
U274,P031,view,2026-04-07 09:29:00,tablet,clothing,263,164.06
U142,P032,click,2026-04-07 09:30:00,desktop,home,502,477.77
U294,P074,view,2026-04-07 09:30:00,mobile,electronics,259,354.32
U464,P041,view,2026-04-07 09:32:00,tablet,clothing,131,286.22
U052,P006,view,2026-04-07 09:32:00,mobile,electronics,94,321.65
U426,P083,view,2026-04-07 09:33:00,mobile,beauty,131,218.01
U126,P041,click,2026-04-07 09:34:00,desktop,beauty,526,355.13
U418,P059,view,2026-04-07 09:34:00,mobile,clothing,205,448.79
U162,P002,click,2026-04-07 09:35:00,mobile,electronics,246,79.07
U091,P024,click,2026-04-07 09:37:00,mobile,clothing,397,124.83
U251,P042,click,2026-04-07 09:38:00,desktop,home,283,245.83
U275,P010,view,2026-04-07 09:40:00,mobile,clothing,87,277.82
U366,P095,click,2026-04-07 09:45:00,tablet,home,485,210.43
U054,P003,view,2026-04-07 09:46:00,tablet,beauty,63,454.36
U122,P022,add_to_cart,2026-04-07 09:47:00,desktop,electronics,538,241.47
U493,P098,click,2026-04-07 09:47:00,desktop,home,364,381.01
U449,P078,view,2026-04-07 09:48:00,tablet,clothing,79,145.63
U054,P052,click,2026-04-07 09:50:00,desktop,home,302,452.09
U486,P060,click,2026-04-07 09:51:00,mobile,electronics,256,20.76
U461,P053,add_to_cart,2026-04-07 09:51:00,desktop,clothing,533,141.54
U425,P090,view,2026-04-07 09:52:00,tablet,beauty,12,291.49
U166,P006,click,2026-04-07 09:52:00,desktop,clothing,388,361.56
U054,P045,view,2026-04-07 09:53:00,tablet,home,155,96.45
U013,P007,view,2026-04-07 09:54:00,mobile,beauty,197,443.77
U298,P045,view,2026-04-07 09:56:00,mobile,beauty,48,146.03
U035,P020,view,2026-04-07 09:59:00,desktop,clothing,125,181.71
U115,P072,click,2026-04-07 09:59:00,mobile,home,561,258.32
U286,P046,view,2026-04-07 09:59:00,tablet,electronics,77,265.27
U454,P083,view,2026-04-07 10:00:00,tablet,home,31,44.76
U355,P002,add_to_cart,2026-04-07 10:02:00,tablet,beauty,584,84.79
U244,P100,add_to_cart,2026-04-07 10:03:00,mobile,beauty,581,22.87
U140,P052,click,2026-04-07 10:05:00,mobile,home,555,108.45
U458,P098,click,2026-04-07 10:06:00,desktop,beauty,278,127.31
U125,P029,view,2026-04-07 10:06:00,tablet,clothing,72,488.99
U225,P083,click,2026-04-07 10:07:00,desktop,clothing,160,167.87
U008,P096,view,2026-04-07 10:07:00,tablet,home,235,497.28
U156,P023,click,2026-04-07 10:11:00,mobile,electronics,254,48.52
U381,P097,click,2026-04-07 10:12:00,mobile,home,496,361.26
U056,P002,click,2026-04-07 10:13:00,tablet,electronics,589,438.07
U344,P038,view,2026-04-07 10:14:00,tablet,home,106,359.88
U422,P054,view,2026-04-07 10:14:00,desktop,clothing,21,424.86
U128,P044,click,2026-04-07 10:16:00,mobile,electronics,346,335.54
U450,P052,click,2026-04-07 10:16:00,mobile,beauty,275,37.54
U221,P029,click,2026-04-07 10:17:00,tablet,clothing,326,19.09
U194,P051,click,2026-04-07 10:18:00,desktop,home,348,268.07
U394,P074,view,2026-04-07 10:19:00,tablet,home,254,273.88
U080,P099,click,2026-04-07 10:20:00,tablet,home,408,259.14
U090,P052,click,2026-04-07 10:20:00,tablet,electronics,157,141.71
U416,P043,view,2026-04-07 10:22:00,mobile,beauty,167,210.89
U100,P083,view,2026-04-07 10:24:00,tablet,home,265,396.34
U127,P056,add_to_cart,2026-04-07 10:26:00,desktop,beauty,388,123.84
U385,P010,click,2026-04-07 10:27:00,tablet,home,490,104.95
U080,P079,view,2026-04-07 10:28:00,tablet,home,59,342.36
U452,P035,view,2026-04-07 10:28:00,tablet,home,205,488.68
U358,P077,click,2026-04-07 10:30:00,desktop,beauty,454,305.22
U266,P084,click,2026-04-07 10:30:00,desktop,clothing,274,217.52
U264,P024,view,2026-04-07 10:31:00,mobile,home,482,477.74
U169,P100,click,2026-04-07 10:31:00,desktop,home,314,473.29
U332,P040,view,2026-04-07 10:33:00,tablet,electronics,295,448.29
U050,P004,click,2026-04-07 10:34:00,mobile,electronics,510,275.33
U112,P058,view,2026-04-07 10:34:00,mobile,beauty,158,224.54
U276,P063,view,2026-04-07 10:34:00,tablet,home,27,412.38
U444,P071,add_to_cart,2026-04-07 10:35:00,tablet,electronics,505,59.66
U066,P084,view,2026-04-07 10:35:00,mobile,clothing,333,298.11
U407,P020,click,2026-04-07 10:38:00,tablet,home,436,216.91
U408,P035,click,2026-04-07 10:39:00,mobile,home,528,345.2
U301,P028,view,2026-04-07 10:39:00,tablet,clothing,71,177.63
U347,P037,add_to_cart,2026-04-07 10:39:00,desktop,clothing,525,304.14
U338,P052,click,2026-04-07 10:41:00,tablet,electronics,417,139.99
U021,P058,add_to_cart,2026-04-07 10:41:00,desktop,home,478,349.44
U366,P058,click,2026-04-07 10:43:00,tablet,home,309,125.19
U410,P075,click,2026-04-07 10:43:00,desktop,home,520,241.2
U482,P018,click,2026-04-07 10:43:00,tablet,clothing,265,44.86
U451,P076,click,2026-04-07 10:43:00,mobile,electronics,248,137.41
U136,P034,click,2026-04-07 10:45:00,desktop,beauty,234,56.72
U445,P050,add_to_cart,2026-04-07 10:45:00,desktop,beauty,383,128.66
U023,P012,view,2026-04-07 10:49:00,mobile,clothing,366,425.13
U438,P001,add_to_cart,2026-04-07 10:50:00,desktop,electronics,581,194.93
U039,P025,click,2026-04-07 10:52:00,desktop,beauty,298,432.65
U438,P074,click,2026-04-07 10:54:00,desktop,beauty,376,259.31
U022,P048,click,2026-04-07 10:58:00,desktop,home,241,290.39
U366,P085,view,2026-04-07 10:58:00,tablet,home,91,443.31
U485,P080,click,2026-04-07 10:58:00,desktop,clothing,225,186.97
U073,P012,click,2026-04-07 11:00:00,desktop,clothing,101,65.05
U359,P024,view,2026-04-07 11:02:00,mobile,clothing,125,408.57
U061,P067,add_to_cart,2026-04-07 11:02:00,mobile,beauty,577,202.37
U125,P078,click,2026-04-07 11:03:00,tablet,home,546,400.16
U120,P087,view,2026-04-07 11:03:00,tablet,beauty,334,299.12
U353,P074,click,2026-04-07 11:04:00,mobile,home,596,193.65
U015,P097,view,2026-04-07 11:04:00,mobile,electronics,55,151.84
U315,P002,view,2026-04-07 11:05:00,mobile,clothing,193,427.19
U158,P062,view,2026-04-07 11:05:00,tablet,home,335,400.06
U456,P061,click,2026-04-07 11:08:00,desktop,electronics,329,406.97
U353,P020,view,2026-04-07 11:09:00,desktop,clothing,60,463.61
U155,P093,view,2026-04-07 11:11:00,desktop,home,297,372.99
U368,P006,view,2026-04-07 11:11:00,tablet,beauty,69,272.48
U196,P062,view,2026-04-07 11:12:00,tablet,electronics,132,309.71
U491,P017,click,2026-04-07 11:12:00,mobile,beauty,566,23.08
U275,P027,view,2026-04-07 11:15:00,mobile,clothing,24,96.55
U286,P078,view,2026-04-07 11:16:00,mobile,home,135,176.43
U425,P060,click,2026-04-07 11:16:00,tablet,home,425,34.81
U127,P078,view,2026-04-07 11:17:00,tablet,beauty,443,374.06
U149,P035,view,2026-04-07 11:17:00,desktop,electronics,29,414.69
U292,P064,click,2026-04-07 11:17:00,mobile,electronics,401,214.02
U187,P047,view,2026-04-07 11:19:00,mobile,beauty,394,379.37
U220,P031,click,2026-04-07 11:19:00,mobile,home,292,266.66
U179,P066,click,2026-04-07 11:19:00,tablet,clothing,237,23.72
U455,P010,add_to_cart,2026-04-07 11:20:00,desktop,electronics,585,379.09
U321,P085,click,2026-04-07 11:21:00,tablet,clothing,423,113.42
U396,P092,add_to_cart,2026-04-07 11:21:00,mobile,clothing,521,43.55
U340,P096,click,2026-04-07 11:21:00,tablet,electronics,220,180.19
U230,P033,click,2026-04-07 11:22:00,desktop,electronics,185,389.48
U094,P068,click,2026-04-07 11:23:00,tablet,beauty,332,121.62
U126,P016,click,2026-04-07 11:23:00,tablet,electronics,497,213.38
U236,P031,view,2026-04-07 11:24:00,mobile,clothing,272,319.8
U258,P032,view,2026-04-07 11:25:00,tablet,beauty,479,329.35
U467,P056,click,2026-04-07 11:27:00,tablet,beauty,357,126.69
U382,P038,click,2026-04-07 11:28:00,tablet,electronics,538,427.67
U259,P036,click,2026-04-07 11:30:00,tablet,electronics,485,499.78
U182,P059,click,2026-04-07 11:31:00,tablet,home,355,87.57
U238,P006,view,2026-04-07 11:31:00,mobile,clothing,162,210.5
U162,P100,view,2026-04-07 11:34:00,desktop,beauty,162,333.36
U455,P081,add_to_cart,2026-04-07 11:35:00,mobile,clothing,563,92.45
U071,P026,click,2026-04-07 11:35:00,mobile,electronics,535,419.64
U255,P094,view,2026-04-07 11:36:00,mobile,home,321,433.84
U402,P059,click,2026-04-07 11:37:00,mobile,home,419,284.54
U112,P014,click,2026-04-07 11:38:00,mobile,electronics,367,137.53
U160,P094,click,2026-04-07 11:38:00,desktop,home,509,369.36
U411,P007,view,2026-04-07 11:41:00,desktop,clothing,196,468.53
U460,P096,view,2026-04-07 11:43:00,mobile,clothing,11,183.04
U179,P020,click,2026-04-07 11:44:00,tablet,electronics,164,163.64
U215,P044,click,2026-04-07 11:44:00,desktop,electronics,229,498.48
U432,P095,click,2026-04-07 11:46:00,desktop,electronics,26,154.28
U212,P059,click,2026-04-07 11:47:00,desktop,beauty,474,327.73
U386,P091,click,2026-04-07 11:50:00,desktop,clothing,269,222.56
U360,P068,view,2026-04-07 11:50:00,desktop,clothing,32,86.01
U064,P098,click,2026-04-07 11:51:00,desktop,home,151,54.91
U233,P025,add_to_cart,2026-04-07 11:55:00,desktop,clothing,581,323.54
U062,P073,view,2026-04-07 11:55:00,tablet,clothing,15,215.33
U269,P052,view,2026-04-07 11:56:00,tablet,electronics,19,434.89
U474,P034,view,2026-04-07 11:56:00,mobile,beauty,115,463.75
U384,P060,view,2026-04-07 11:56:00,tablet,clothing,134,498.2
U432,P057,click,2026-04-07 11:58:00,mobile,home,441,110.09
U380,P026,add_to_cart,2026-04-07 11:59:00,mobile,home,594,100.31
U388,P031,click,2026-04-07 12:00:00,mobile,home,597,250.65
U381,P050,view,2026-04-07 12:01:00,tablet,electronics,94,216.81
U053,P028,click,2026-04-07 12:04:00,mobile,beauty,429,146.19
U120,P005,click,2026-04-07 12:04:00,mobile,clothing,376,361.11
U266,P018,click,2026-04-07 12:06:00,tablet,clothing,312,83.49
U135,P062,view,2026-04-07 12:06:00,mobile,home,224,171.57
U390,P075,view,2026-04-07 12:06:00,tablet,clothing,147,224.52
U335,P025,click,2026-04-07 12:07:00,desktop,electronics,335,296.42
U457,P039,view,2026-04-07 12:09:00,tablet,home,204,52.57
U365,P099,click,2026-04-07 12:10:00,tablet,home,397,227.86
U266,P074,view,2026-04-07 12:10:00,tablet,clothing,363,349.33
U021,P030,view,2026-04-07 12:10:00,desktop,clothing,10,401.8
U322,P064,click,2026-04-07 12:11:00,mobile,beauty,359,153.57
U136,P037,add_to_cart,2026-04-07 12:11:00,tablet,electronics,464,157.52
U109,P066,click,2026-04-07 12:11:00,desktop,home,142,263.98
U174,P018,click,2026-04-07 12:12:00,desktop,electronics,397,394.27
U046,P060,click,2026-04-07 12:14:00,tablet,electronics,325,78.52
U234,P051,view,2026-04-07 12:15:00,mobile,home,379,360.33
U329,P002,add_to_cart,2026-04-07 12:15:00,tablet,clothing,574,82.0
U019,P055,click,2026-04-07 12:16:00,mobile,clothing,471,80.27
U358,P045,view,2026-04-07 12:16:00,tablet,beauty,233,163.54
U090,P087,add_to_cart,2026-04-07 12:17:00,desktop,electronics,336,12.28
U107,P004,view,2026-04-07 12:18:00,mobile,beauty,281,478.94
U273,P085,click,2026-04-07 12:18:00,mobile,beauty,361,39.0
U115,P100,add_to_cart,2026-04-07 12:19:00,desktop,beauty,512,107.79
U297,P007,click,2026-04-07 12:20:00,desktop,beauty,357,225.21
U414,P100,click,2026-04-07 12:20:00,tablet,electronics,427,135.52
U092,P076,view,2026-04-07 12:21:00,mobile,home,164,481.68
U387,P011,view,2026-04-07 12:22:00,desktop,home,48,481.82
U217,P057,view,2026-04-07 12:22:00,desktop,beauty,54,149.63
U235,P006,view,2026-04-07 12:23:00,desktop,home,160,457.88
U239,P056,view,2026-04-07 12:23:00,tablet,electronics,243,163.49
U017,P045,click,2026-04-07 12:25:00,desktop,clothing,373,277.25
U447,P039,click,2026-04-07 12:26:00,mobile,home,423,114.01
U430,P027,click,2026-04-07 12:27:00,mobile,electronics,301,423.87
U489,P053,click,2026-04-07 12:27:00,mobile,electronics,192,76.8
U271,P047,view,2026-04-07 12:30:00,mobile,home,227,486.89
U232,P036,click,2026-04-07 12:30:00,desktop,electronics,160,102.28
U228,P092,view,2026-04-07 12:31:00,tablet,home,99,403.96
U413,P024,view,2026-04-07 12:31:00,mobile,clothing,476,365.29
U069,P061,view,2026-04-07 12:33:00,desktop,home,126,280.26
U408,P023,add_to_cart,2026-04-07 12:34:00,desktop,home,485,309.4
U191,P006,view,2026-04-07 12:36:00,tablet,beauty,89,159.21
U082,P083,click,2026-04-07 12:36:00,desktop,home,43,137.6
U195,P026,view,2026-04-07 12:37:00,mobile,electronics,252,194.82
U135,P012,click,2026-04-07 12:39:00,mobile,home,523,151.96
U168,P015,click,2026-04-07 12:39:00,tablet,electronics,567,388.81
U193,P009,view,2026-04-07 12:42:00,mobile,electronics,24,125.85
U282,P090,view,2026-04-07 12:43:00,tablet,home,48,65.71
U303,P035,view,2026-04-07 12:44:00,tablet,beauty,165,328.53
U309,P090,view,2026-04-07 12:45:00,tablet,home,225,194.8
U257,P053,view,2026-04-07 12:45:00,tablet,beauty,480,493.58
U150,P048,click,2026-04-07 12:46:00,desktop,electronics,11,14.12
U019,P094,click,2026-04-07 12:46:00,desktop,electronics,103,308.02
U007,P029,click,2026-04-07 12:46:00,mobile,home,550,323.12
U403,P013,view,2026-04-07 12:46:00,tablet,clothing,197,493.88
U207,P018,click,2026-04-07 12:47:00,desktop,beauty,286,382.61
U475,P040,view,2026-04-07 12:50:00,tablet,electronics,36,266.12
U318,P004,view,2026-04-07 12:50:00,tablet,clothing,348,238.51
U036,P043,click,2026-04-07 12:51:00,tablet,electronics,468,180.47
U336,P025,click,2026-04-07 12:52:00,desktop,home,458,487.15
U499,P058,view,2026-04-07 12:53:00,mobile,electronics,109,294.97
U463,P075,view,2026-04-07 12:53:00,desktop,electronics,225,404.9
U177,P094,view,2026-04-07 12:54:00,desktop,beauty,202,483.11
U365,P093,click,2026-04-07 12:55:00,mobile,home,438,372.17
U009,P092,view,2026-04-07 12:55:00,mobile,clothing,50,159.79
U406,P079,view,2026-04-07 12:55:00,tablet,home,23,65.54
U103,P069,view,2026-04-07 12:56:00,mobile,clothing,125,425.03
U226,P030,click,2026-04-07 12:56:00,desktop,beauty,264,434.16
U256,P100,view,2026-04-07 12:56:00,desktop,electronics,75,478.98
U453,P074,click,2026-04-07 12:58:00,tablet,beauty,578,380.23
U135,P034,click,2026-04-07 12:58:00,mobile,electronics,447,182.4
U329,P042,click,2026-04-07 13:02:00,desktop,clothing,458,198.22
U235,P024,view,2026-04-07 13:03:00,mobile,electronics,38,44.71
U109,P045,click,2026-04-07 13:05:00,desktop,electronics,76,104.1
U126,P033,add_to_cart,2026-04-07 13:05:00,desktop,electronics,596,61.53
U145,P090,view,2026-04-07 13:08:00,mobile,beauty,534,493.7
U074,P066,click,2026-04-07 13:08:00,desktop,clothing,95,175.89
U053,P036,view,2026-04-07 13:08:00,mobile,electronics,329,364.71
U078,P035,click,2026-04-07 13:09:00,tablet,clothing,379,73.42
U034,P038,add_to_cart,2026-04-07 13:12:00,desktop,clothing,425,180.97
U414,P042,view,2026-04-07 13:12:00,tablet,clothing,279,444.09
U023,P096,view,2026-04-07 13:12:00,mobile,clothing,162,259.84
U015,P080,view,2026-04-07 13:12:00,mobile,home,202,296.08
U434,P022,click,2026-04-07 13:13:00,desktop,beauty,442,474.11
U095,P046,view,2026-04-07 13:13:00,mobile,beauty,166,211.04
U241,P037,view,2026-04-07 13:14:00,tablet,clothing,99,294.98
U093,P052,view,2026-04-07 13:15:00,mobile,electronics,70,239.57
U132,P026,click,2026-04-07 13:15:00,mobile,electronics,275,115.74
U377,P015,view,2026-04-07 13:15:00,mobile,clothing,37,156.1
U150,P002,add_to_cart,2026-04-07 13:16:00,desktop,electronics,558,179.45
U346,P007,view,2026-04-07 13:16:00,tablet,electronics,190,385.16
U284,P039,add_to_cart,2026-04-07 13:16:00,mobile,clothing,502,22.79
U425,P017,view,2026-04-07 13:18:00,tablet,clothing,393,475.16
U226,P010,view,2026-04-07 13:18:00,tablet,electronics,79,159.37
U324,P085,click,2026-04-07 13:19:00,tablet,electronics,370,15.33
U052,P097,view,2026-04-07 13:19:00,tablet,home,200,405.03
U024,P017,add_to_cart,2026-04-07 13:20:00,desktop,electronics,169,15.99
U421,P001,view,2026-04-07 13:21:00,desktop,home,29,187.13
U004,P021,view,2026-04-07 13:25:00,mobile,home,431,387.95
U020,P049,click,2026-04-07 13:27:00,tablet,electronics,345,48.82
U443,P095,click,2026-04-07 13:28:00,mobile,home,284,123.94
U258,P028,click,2026-04-07 13:28:00,mobile,beauty,564,301.13
U117,P034,click,2026-04-07 13:29:00,mobile,beauty,507,227.41
U415,P049,view,2026-04-07 13:29:00,desktop,home,211,222.07
U085,P038,view,2026-04-07 13:29:00,mobile,beauty,216,158.4
U116,P059,click,2026-04-07 13:29:00,desktop,home,330,94.86
U494,P090,view,2026-04-07 13:29:00,mobile,electronics,25,158.25
U318,P010,click,2026-04-07 13:29:00,desktop,clothing,388,485.2
U225,P053,view,2026-04-07 13:31:00,tablet,clothing,26,188.13
U303,P015,view,2026-04-07 13:33:00,mobile,clothing,70,386.53
U238,P033,view,2026-04-07 13:33:00,tablet,home,250,151.17
U094,P066,click,2026-04-07 13:34:00,tablet,clothing,443,50.63
U471,P076,add_to_cart,2026-04-07 13:35:00,tablet,electronics,475,160.09
U452,P056,add_to_cart,2026-04-07 13:37:00,mobile,electronics,499,54.99
U062,P100,view,2026-04-07 13:37:00,desktop,clothing,20,54.27
U268,P005,view,2026-04-07 13:38:00,tablet,home,298,353.04
U233,P034,add_to_cart,2026-04-07 13:40:00,desktop,beauty,473,135.76
U281,P099,click,2026-04-07 13:41:00,desktop,home,282,243.32
U156,P021,click,2026-04-07 13:44:00,mobile,electronics,472,448.72
U003,P055,click,2026-04-07 13:44:00,desktop,electronics,242,382.32
U102,P070,click,2026-04-07 13:44:00,desktop,clothing,371,375.74
U029,P035,click,2026-04-07 13:46:00,tablet,electronics,449,146.58
U169,P011,click,2026-04-07 13:46:00,desktop,home,275,195.25
U244,P030,view,2026-04-07 13:47:00,tablet,home,82,248.79
U472,P048,click,2026-04-07 13:48:00,mobile,electronics,482,434.47
U491,P011,view,2026-04-07 13:50:00,tablet,beauty,149,320.41
U158,P075,view,2026-04-07 13:56:00,mobile,beauty,187,107.77
U195,P039,view,2026-04-07 13:58:00,mobile,clothing,33,298.32
U290,P100,view,2026-04-07 13:59:00,desktop,electronics,116,445.1
U360,P011,view,2026-04-07 14:03:00,desktop,beauty,189,152.49
U140,P097,click,2026-04-07 14:03:00,mobile,clothing,489,120.51
U256,P088,view,2026-04-07 14:04:00,mobile,clothing,183,323.57
U382,P074,add_to_cart,2026-04-07 14:05:00,mobile,clothing,556,10.11
U205,P094,view,2026-04-07 14:06:00,desktop,beauty,164,304.29
U033,P065,view,2026-04-07 14:06:00,mobile,beauty,148,442.58
U395,P012,click,2026-04-07 14:07:00,desktop,electronics,237,248.61
U134,P083,view,2026-04-07 14:07:00,desktop,home,310,471.96
U006,P003,click,2026-04-07 14:08:00,desktop,electronics,304,124.1
U034,P010,add_to_cart,2026-04-07 14:08:00,desktop,electronics,421,347.2
U115,P065,view,2026-04-07 14:08:00,mobile,beauty,160,362.61
U470,P047,add_to_cart,2026-04-07 14:09:00,desktop,beauty,526,335.01
U309,P095,view,2026-04-07 14:12:00,tablet,home,247,276.99
U296,P059,view,2026-04-07 14:17:00,mobile,home,101,490.39
U169,P047,click,2026-04-07 14:18:00,tablet,clothing,563,177.08
U318,P078,click,2026-04-07 14:20:00,mobile,beauty,373,297.52
U480,P021,click,2026-04-07 14:20:00,tablet,electronics,125,16.83
U030,P037,click,2026-04-07 14:21:00,desktop,clothing,213,299.97
U160,P041,view,2026-04-07 14:22:00,mobile,electronics,154,363.97
U473,P028,view,2026-04-07 14:23:00,desktop,clothing,44,263.81
U208,P029,click,2026-04-07 14:26:00,desktop,clothing,236,36.16
U406,P068,view,2026-04-07 14:27:00,desktop,electronics,70,313.41
U387,P090,view,2026-04-07 14:29:00,tablet,beauty,292,491.56
U103,P069,add_to_cart,2026-04-07 14:29:00,tablet,electronics,580,225.28
U229,P087,view,2026-04-07 14:30:00,mobile,clothing,332,255.45
U183,P078,view,2026-04-07 14:31:00,desktop,home,204,454.72
U205,P031,click,2026-04-07 14:33:00,tablet,electronics,235,34.29
U467,P060,click,2026-04-07 14:34:00,tablet,clothing,515,30.99
U161,P099,click,2026-04-07 14:35:00,mobile,beauty,425,233.59
U214,P021,click,2026-04-07 14:35:00,desktop,beauty,249,69.55
U321,P067,view,2026-04-07 14:36:00,mobile,electronics,170,481.14
U138,P044,click,2026-04-07 14:36:00,desktop,electronics,474,444.51
U496,P038,view,2026-04-07 14:38:00,tablet,home,30,378.3
U322,P096,view,2026-04-07 14:38:00,mobile,home,125,268.58
U031,P018,view,2026-04-07 14:41:00,tablet,home,256,365.22
U152,P065,view,2026-04-07 14:41:00,desktop,clothing,130,290.42
U209,P038,view,2026-04-07 14:44:00,desktop,home,34,80.81
U216,P044,view,2026-04-07 14:49:00,tablet,clothing,145,193.8
U257,P097,click,2026-04-07 14:50:00,desktop,clothing,582,498.72
U195,P069,click,2026-04-07 14:50:00,desktop,home,132,31.43
U299,P030,view,2026-04-07 14:51:00,mobile,electronics,26,426.82
U315,P030,click,2026-04-07 14:52:00,desktop,clothing,407,364.77
U260,P085,add_to_cart,2026-04-07 14:52:00,desktop,clothing,516,346.38
U301,P062,view,2026-04-07 14:52:00,desktop,clothing,159,394.38
U280,P020,click,2026-04-07 14:53:00,mobile,beauty,533,274.92
U169,P091,click,2026-04-07 14:53:00,desktop,clothing,21,27.05
U144,P030,click,2026-04-07 14:55:00,mobile,home,553,269.95
U155,P013,view,2026-04-07 14:55:00,mobile,home,22,220.18
U097,P038,view,2026-04-07 14:57:00,tablet,beauty,32,410.34
U071,P012,click,2026-04-07 14:58:00,desktop,electronics,131,274.74
U108,P057,view,2026-04-07 14:58:00,mobile,clothing,11,415.05
U342,P066,view,2026-04-07 14:58:00,tablet,home,438,372.54
U418,P022,click,2026-04-07 14:59:00,desktop,beauty,303,210.06
U139,P033,view,2026-04-07 15:00:00,tablet,beauty,10,52.69
U430,P088,click,2026-04-07 15:00:00,desktop,beauty,325,380.62
U420,P012,click,2026-04-07 15:02:00,desktop,clothing,509,332.74
U482,P093,click,2026-04-07 15:05:00,tablet,clothing,475,315.32
U198,P030,click,2026-04-07 15:06:00,desktop,beauty,358,416.81
U298,P032,view,2026-04-07 15:07:00,desktop,beauty,40,349.0
U205,P007,click,2026-04-07 15:08:00,desktop,home,502,398.0
U309,P012,add_to_cart,2026-04-07 15:09:00,desktop,clothing,461,268.78
U038,P071,click,2026-04-07 15:10:00,tablet,home,590,435.17
U076,P015,click,2026-04-07 15:11:00,mobile,clothing,405,267.88
U465,P085,add_to_cart,2026-04-07 15:13:00,tablet,electronics,518,36.07
U142,P021,add_to_cart,2026-04-07 15:16:00,desktop,beauty,516,187.44
U145,P021,click,2026-04-07 15:17:00,mobile,electronics,277,266.89
U492,P009,add_to_cart,2026-04-07 15:17:00,desktop,beauty,588,240.79
U299,P061,click,2026-04-07 15:18:00,desktop,beauty,354,247.45
U210,P037,click,2026-04-07 15:18:00,mobile,clothing,365,300.03
U428,P062,view,2026-04-07 15:18:00,tablet,clothing,247,274.42
U370,P031,click,2026-04-07 15:19:00,mobile,home,359,45.56
U289,P092,click,2026-04-07 15:19:00,desktop,beauty,570,271.67
U081,P009,add_to_cart,2026-04-07 15:19:00,desktop,beauty,596,302.63
U359,P066,view,2026-04-07 15:21:00,tablet,clothing,367,443.25
U257,P014,view,2026-04-07 15:21:00,tablet,home,30,60.47
U143,P039,click,2026-04-07 15:22:00,desktop,clothing,532,380.61
U040,P061,view,2026-04-07 15:22:00,mobile,electronics,74,363.25
U196,P071,click,2026-04-07 15:23:00,mobile,electronics,494,193.29
U393,P077,add_to_cart,2026-04-07 15:24:00,desktop,home,519,292.24
U202,P045,view,2026-04-07 15:24:00,tablet,beauty,62,249.17
U309,P096,view,2026-04-07 15:25:00,tablet,clothing,394,454.99
U460,P011,view,2026-04-07 15:25:00,mobile,home,28,477.22
U472,P037,view,2026-04-07 15:25:00,tablet,home,75,384.5
U163,P074,view,2026-04-07 15:26:00,tablet,beauty,326,57.57
U235,P023,click,2026-04-07 15:27:00,tablet,home,561,154.34
U042,P039,add_to_cart,2026-04-07 15:28:00,desktop,electronics,570,119.51
U047,P042,view,2026-04-07 15:28:00,mobile,electronics,23,413.2
U356,P020,view,2026-04-07 15:30:00,mobile,electronics,21,246.86
U343,P035,click,2026-04-07 15:34:00,desktop,beauty,64,48.79
U055,P033,add_to_cart,2026-04-07 15:36:00,desktop,home,345,16.59
U465,P052,click,2026-04-07 15:36:00,tablet,home,385,130.06
U408,P097,click,2026-04-07 15:39:00,mobile,home,345,24.62
U252,P077,click,2026-04-07 15:40:00,mobile,beauty,417,45.03
U063,P024,click,2026-04-07 15:41:00,desktop,electronics,371,448.47
U420,P081,add_to_cart,2026-04-07 15:41:00,desktop,home,552,320.76
U151,P100,view,2026-04-07 15:42:00,tablet,home,12,262.96
U043,P088,click,2026-04-07 15:42:00,tablet,home,343,40.73
U080,P085,click,2026-04-07 15:42:00,desktop,home,325,168.2
U471,P013,click,2026-04-07 15:42:00,mobile,home,511,18.37
U408,P090,view,2026-04-07 15:46:00,desktop,electronics,43,478.63
U474,P089,view,2026-04-07 15:48:00,mobile,beauty,369,282.97
U347,P097,view,2026-04-07 15:49:00,tablet,beauty,45,75.8
U006,P099,view,2026-04-07 15:51:00,mobile,electronics,195,488.94
U096,P087,click,2026-04-07 15:53:00,desktop,electronics,132,129.0
U473,P095,view,2026-04-07 15:54:00,tablet,home,437,493.12
U213,P013,click,2026-04-07 15:56:00,tablet,home,558,175.81
U439,P002,click,2026-04-07 16:01:00,desktop,home,356,275.34
U076,P034,view,2026-04-07 16:06:00,tablet,beauty,186,175.58
U235,P059,view,2026-04-07 16:06:00,tablet,home,113,365.54
U357,P053,view,2026-04-07 16:06:00,mobile,beauty,389,336.58
U136,P035,add_to_cart,2026-04-07 16:06:00,desktop,electronics,490,133.93
U339,P067,add_to_cart,2026-04-07 16:09:00,tablet,electronics,325,70.41
U198,P050,view,2026-04-07 16:11:00,mobile,home,397,370.26
U316,P009,click,2026-04-07 16:11:00,mobile,beauty,432,34.5
U264,P010,click,2026-04-07 16:12:00,desktop,clothing,418,352.67
U172,P072,view,2026-04-07 16:14:00,desktop,beauty,197,250.73
U410,P013,view,2026-04-07 16:16:00,mobile,beauty,173,383.24
U435,P019,view,2026-04-07 16:18:00,desktop,beauty,72,359.27
U155,P055,click,2026-04-07 16:18:00,mobile,beauty,446,320.67
U479,P032,view,2026-04-07 16:19:00,mobile,beauty,224,308.74
U485,P098,click,2026-04-07 16:19:00,tablet,electronics,432,341.76
U129,P057,view,2026-04-07 16:23:00,mobile,clothing,157,394.14
U449,P005,view,2026-04-07 16:25:00,mobile,home,67,322.85
U072,P037,view,2026-04-07 16:27:00,tablet,home,285,446.79
U441,P058,view,2026-04-07 16:28:00,tablet,electronics,184,456.59
U299,P089,view,2026-04-07 16:29:00,tablet,home,111,498.8
U443,P056,view,2026-04-07 16:30:00,tablet,home,127,481.34
U294,P094,click,2026-04-07 16:30:00,desktop,clothing,337,211.24
U318,P025,view,2026-04-07 16:30:00,mobile,home,328,488.4
U006,P047,click,2026-04-07 16:31:00,desktop,electronics,133,445.94
U349,P003,view,2026-04-07 16:32:00,mobile,clothing,297,263.24
U005,P070,click,2026-04-07 16:33:00,desktop,home,286,73.45
U206,P069,view,2026-04-07 16:33:00,desktop,clothing,66,159.26
U490,P074,add_to_cart,2026-04-07 16:34:00,desktop,electronics,532,245.54
U058,P030,click,2026-04-07 16:35:00,mobile,electronics,410,226.33
U136,P093,click,2026-04-07 16:37:00,mobile,home,566,429.41
U273,P055,view,2026-04-07 16:38:00,tablet,clothing,222,362.38
U395,P008,view,2026-04-07 16:39:00,tablet,beauty,210,290.68
U088,P092,view,2026-04-07 16:41:00,mobile,electronics,146,194.73
U458,P037,click,2026-04-07 16:41:00,mobile,home,550,299.34
U107,P091,view,2026-04-07 16:44:00,mobile,home,402,387.97
U201,P049,click,2026-04-07 16:45:00,mobile,electronics,485,380.39
U362,P018,click,2026-04-07 16:49:00,tablet,clothing,376,20.76
U263,P084,view,2026-04-07 16:49:00,desktop,home,141,107.02
U430,P014,click,2026-04-07 16:50:00,mobile,home,393,362.46
U330,P023,click,2026-04-07 16:51:00,mobile,beauty,303,246.03
U242,P086,click,2026-04-07 16:51:00,desktop,beauty,315,318.7
U235,P041,add_to_cart,2026-04-07 16:53:00,mobile,beauty,593,133.44
U055,P048,view,2026-04-07 16:53:00,desktop,clothing,45,160.07
U196,P058,click,2026-04-07 16:54:00,tablet,electronics,590,329.74
U459,P100,click,2026-04-07 16:54:00,mobile,clothing,298,35.16
U166,P039,view,2026-04-07 16:57:00,mobile,home,379,373.05
U242,P062,view,2026-04-07 16:58:00,mobile,clothing,199,470.99
U478,P100,view,2026-04-07 16:58:00,tablet,home,246,357.14
U494,P030,view,2026-04-07 16:59:00,desktop,clothing,330,403.41
U027,P040,click,2026-04-07 17:00:00,tablet,home,570,418.06
U058,P091,view,2026-04-07 17:00:00,mobile,home,213,355.89
U125,P091,click,2026-04-07 17:01:00,mobile,clothing,463,443.17
U071,P070,click,2026-04-07 17:01:00,mobile,beauty,315,101.1
U213,P062,click,2026-04-07 17:02:00,desktop,electronics,229,187.73
U447,P019,click,2026-04-07 17:02:00,desktop,electronics,44,196.82
U280,P070,click,2026-04-07 17:03:00,desktop,beauty,448,322.28
U048,P036,view,2026-04-07 17:05:00,mobile,home,111,196.45
U373,P027,view,2026-04-07 17:07:00,tablet,electronics,179,482.8
U168,P044,view,2026-04-07 17:07:00,desktop,home,234,257.41
U481,P069,click,2026-04-07 17:10:00,tablet,home,527,345.1
U468,P014,click,2026-04-07 17:10:00,tablet,home,316,25.95
U041,P067,view,2026-04-07 17:11:00,tablet,home,221,297.14
U459,P003,view,2026-04-07 17:11:00,mobile,home,282,417.59
U420,P034,view,2026-04-07 17:11:00,desktop,clothing,166,290.52
U338,P065,view,2026-04-07 17:12:00,tablet,clothing,219,120.58
U192,P064,view,2026-04-07 17:13:00,desktop,electronics,185,404.75
U177,P088,click,2026-04-07 17:14:00,desktop,electronics,113,293.37
U050,P024,view,2026-04-07 17:15:00,tablet,electronics,124,172.66
U166,P044,view,2026-04-07 17:17:00,mobile,home,102,299.69
U343,P097,add_to_cart,2026-04-07 17:17:00,desktop,electronics,369,159.33
U037,P050,add_to_cart,2026-04-07 17:18:00,desktop,electronics,355,111.76
U238,P011,view,2026-04-07 17:21:00,desktop,home,89,400.57
U293,P099,view,2026-04-07 17:21:00,tablet,home,140,384.04
U384,P096,view,2026-04-07 17:23:00,desktop,home,17,372.5
U130,P047,click,2026-04-07 17:25:00,desktop,clothing,256,316.4
U477,P016,add_to_cart,2026-04-07 17:25:00,desktop,home,417,171.41
U306,P098,click,2026-04-07 17:26:00,desktop,home,118,48.34
U403,P033,view,2026-04-07 17:26:00,mobile,beauty,133,277.27
U302,P071,view,2026-04-07 17:26:00,tablet,home,194,294.72
U063,P041,view,2026-04-07 17:27:00,tablet,beauty,89,20.58
U123,P027,view,2026-04-07 17:28:00,tablet,beauty,471,391.73
U416,P028,view,2026-04-07 17:30:00,mobile,clothing,289,451.36
U201,P023,click,2026-04-07 17:32:00,desktop,clothing,186,107.06
U459,P017,view,2026-04-07 17:33:00,mobile,clothing,238,284.72
U252,P015,click,2026-04-07 17:34:00,desktop,clothing,422,136.08
U025,P014,view,2026-04-07 17:34:00,tablet,clothing,336,124.63
U363,P078,view,2026-04-07 17:34:00,mobile,clothing,85,309.44
U096,P047,view,2026-04-07 17:36:00,tablet,home,27,293.31
U137,P007,view,2026-04-07 17:39:00,mobile,beauty,128,217.03
U138,P052,add_to_cart,2026-04-07 17:39:00,desktop,beauty,400,177.48
U251,P001,click,2026-04-07 17:42:00,mobile,home,405,171.31
U047,P005,view,2026-04-07 17:43:00,mobile,home,163,177.21
U105,P072,click,2026-04-07 17:44:00,mobile,electronics,198,45.91
U109,P069,add_to_cart,2026-04-07 17:45:00,mobile,electronics,540,68.91
U108,P041,view,2026-04-07 17:46:00,tablet,clothing,51,210.15
U332,P081,view,2026-04-07 17:46:00,mobile,home,286,462.06
U039,P058,view,2026-04-07 17:46:00,tablet,electronics,241,494.15
U114,P056,view,2026-04-07 17:47:00,tablet,beauty,105,477.09
U292,P039,view,2026-04-07 17:48:00,mobile,home,305,165.47
U095,P037,click,2026-04-07 17:49:00,desktop,clothing,390,317.87
U384,P029,click,2026-04-07 17:50:00,mobile,electronics,557,431.65
U494,P095,view,2026-04-07 17:51:00,mobile,clothing,15,34.9
U330,P024,view,2026-04-07 17:52:00,tablet,beauty,160,31.43
U168,P071,click,2026-04-07 17:52:00,mobile,clothing,538,156.77
U044,P088,view,2026-04-07 17:53:00,mobile,clothing,256,157.73
U433,P037,click,2026-04-07 17:54:00,tablet,clothing,435,166.06
U353,P001,view,2026-04-07 17:54:00,tablet,beauty,149,283.61
U173,P010,view,2026-04-07 17:56:00,tablet,clothing,123,474.15
U071,P064,add_to_cart,2026-04-07 17:57:00,desktop,home,596,222.31
U052,P038,view,2026-04-07 17:58:00,tablet,home,250,131.11
U029,P022,click,2026-04-07 17:59:00,mobile,electronics,506,94.97
U499,P081,click,2026-04-07 17:59:00,mobile,beauty,219,83.99
U008,P048,click,2026-04-07 18:01:00,tablet,electronics,506,422.36
U085,P044,click,2026-04-07 18:01:00,desktop,clothing,240,425.22
U402,P028,view,2026-04-07 18:02:00,desktop,home,11,156.56
U268,P068,add_to_cart,2026-04-07 18:05:00,desktop,clothing,546,337.33
U165,P094,click,2026-04-07 18:05:00,tablet,clothing,361,108.08
U488,P042,view,2026-04-07 18:05:00,tablet,home,187,117.79
U223,P051,view,2026-04-07 18:06:00,desktop,clothing,221,347.79
U063,P012,click,2026-04-07 18:06:00,mobile,electronics,447,452.97
U018,P074,click,2026-04-07 18:08:00,mobile,clothing,568,291.98
U374,P059,view,2026-04-07 18:08:00,mobile,beauty,233,198.42
U356,P015,view,2026-04-07 18:09:00,tablet,electronics,80,108.63
U105,P074,view,2026-04-07 18:11:00,tablet,beauty,389,275.37
U241,P045,click,2026-04-07 18:12:00,mobile,home,597,495.14
U211,P034,click,2026-04-07 18:12:00,desktop,electronics,93,345.4
U205,P024,click,2026-04-07 18:12:00,mobile,clothing,577,487.5
U255,P068,click,2026-04-07 18:12:00,tablet,clothing,253,166.66
U466,P095,add_to_cart,2026-04-07 18:15:00,tablet,home,518,51.01
U135,P065,click,2026-04-07 18:17:00,tablet,electronics,242,325.55
U255,P063,view,2026-04-07 18:18:00,tablet,electronics,246,332.01
U065,P053,view,2026-04-07 18:18:00,desktop,clothing,50,104.97
U157,P006,click,2026-04-07 18:20:00,tablet,beauty,574,284.09
U268,P046,click,2026-04-07 18:21:00,tablet,home,345,263.77
U315,P046,click,2026-04-07 18:21:00,mobile,electronics,469,316.69
U483,P018,click,2026-04-07 18:23:00,tablet,electronics,343,77.39
U180,P033,view,2026-04-07 18:25:00,mobile,beauty,136,113.62
U185,P029,click,2026-04-07 18:26:00,mobile,clothing,423,213.08
U266,P076,view,2026-04-07 18:27:00,tablet,beauty,313,409.18
U080,P029,view,2026-04-07 18:28:00,desktop,beauty,115,134.29
U434,P068,click,2026-04-07 18:29:00,mobile,clothing,577,430.6
U233,P085,click,2026-04-07 18:30:00,tablet,clothing,217,80.72
U195,P081,click,2026-04-07 18:31:00,tablet,clothing,599,320.39
U344,P067,click,2026-04-07 18:32:00,desktop,beauty,471,410.11
U293,P087,add_to_cart,2026-04-07 18:32:00,desktop,electronics,570,116.04
U347,P037,add_to_cart,2026-04-07 18:33:00,desktop,electronics,332,168.54
U342,P067,add_to_cart,2026-04-07 18:34:00,desktop,electronics,529,181.11
U171,P057,click,2026-04-07 18:40:00,tablet,home,535,375.3
U234,P090,view,2026-04-07 18:40:00,tablet,home,80,180.61
U151,P090,view,2026-04-07 18:40:00,tablet,clothing,44,460.72
U481,P072,view,2026-04-07 18:41:00,tablet,home,210,131.23
U371,P089,click,2026-04-07 18:43:00,desktop,home,261,79.73
U473,P054,add_to_cart,2026-04-07 18:44:00,desktop,electronics,381,37.32
U480,P042,click,2026-04-07 18:44:00,tablet,home,382,77.35
U289,P092,view,2026-04-07 18:45:00,desktop,home,40,387.89
U259,P062,view,2026-04-07 18:46:00,desktop,home,414,495.05
U448,P042,view,2026-04-07 18:46:00,tablet,clothing,364,484.93
U169,P081,click,2026-04-07 18:47:00,mobile,electronics,461,257.53
U186,P049,add_to_cart,2026-04-07 18:47:00,desktop,clothing,293,69.28
U087,P063,view,2026-04-07 18:48:00,mobile,home,42,162.57
U336,P011,click,2026-04-07 18:48:00,desktop,home,279,116.02
U445,P051,view,2026-04-07 18:49:00,tablet,clothing,265,340.23
U275,P032,click,2026-04-07 18:49:00,tablet,home,565,421.93
U387,P006,add_to_cart,2026-04-07 18:50:00,desktop,beauty,501,273.21
U058,P045,view,2026-04-07 18:50:00,mobile,home,122,138.65
U051,P052,view,2026-04-07 18:51:00,tablet,home,102,420.27
U013,P005,view,2026-04-07 18:52:00,mobile,clothing,41,499.05
U169,P006,click,2026-04-07 18:52:00,tablet,clothing,577,219.72
U052,P079,click,2026-04-07 18:53:00,desktop,clothing,72,100.71
U423,P035,view,2026-04-07 18:53:00,tablet,beauty,150,410.42
U018,P002,click,2026-04-07 18:54:00,tablet,clothing,410,117.16
U456,P006,click,2026-04-07 18:55:00,mobile,beauty,433,99.0
U009,P081,click,2026-04-07 18:55:00,mobile,electronics,202,95.11
U384,P092,add_to_cart,2026-04-07 18:56:00,desktop,electronics,443,286.81
U168,P075,view,2026-04-07 18:56:00,mobile,electronics,124,121.14
U300,P069,view,2026-04-07 18:57:00,desktop,clothing,119,336.03
U051,P049,view,2026-04-07 18:57:00,mobile,home,135,320.17
U320,P005,view,2026-04-07 18:57:00,tablet,home,137,280.16
U110,P096,click,2026-04-07 18:57:00,tablet,electronics,565,419.14
U301,P049,view,2026-04-07 18:58:00,tablet,beauty,254,484.65
U314,P002,view,2026-04-07 18:59:00,tablet,clothing,62,78.26
U393,P053,view,2026-04-07 19:00:00,desktop,home,312,400.32
U418,P074,click,2026-04-07 19:00:00,tablet,clothing,408,83.63
U167,P040,click,2026-04-07 19:03:00,mobile,beauty,330,22.11
U094,P018,click,2026-04-07 19:03:00,mobile,clothing,399,175.8
U252,P076,add_to_cart,2026-04-07 19:05:00,mobile,beauty,562,95.52
U477,P076,view,2026-04-07 19:05:00,tablet,beauty,286,498.25
U333,P047,click,2026-04-07 19:06:00,tablet,home,431,311.18
U317,P090,view,2026-04-07 19:08:00,tablet,beauty,361,311.35
U023,P021,click,2026-04-07 19:08:00,desktop,clothing,388,306.7
U430,P092,view,2026-04-07 19:11:00,mobile,clothing,182,347.45
U096,P005,add_to_cart,2026-04-07 19:12:00,desktop,home,582,21.02
U181,P047,click,2026-04-07 19:14:00,mobile,beauty,552,359.26
U128,P055,click,2026-04-07 19:14:00,tablet,beauty,190,88.31
U313,P028,view,2026-04-07 19:15:00,tablet,clothing,13,332.57
U034,P060,click,2026-04-07 19:16:00,mobile,electronics,465,440.95
U106,P023,view,2026-04-07 19:20:00,desktop,clothing,259,474.31
U387,P005,click,2026-04-07 19:20:00,mobile,home,288,52.29
U188,P031,click,2026-04-07 19:21:00,mobile,clothing,594,426.72
U440,P005,view,2026-04-07 19:23:00,mobile,clothing,172,92.13
U027,P051,view,2026-04-07 19:23:00,mobile,beauty,206,138.83
U365,P025,click,2026-04-07 19:26:00,desktop,electronics,270,128.45
U202,P021,add_to_cart,2026-04-07 19:27:00,tablet,electronics,393,41.12
U491,P060,view,2026-04-07 19:27:00,mobile,home,298,213.45
U167,P087,click,2026-04-07 19:28:00,tablet,beauty,414,271.73
U057,P056,click,2026-04-07 19:28:00,mobile,home,404,115.94
U204,P035,view,2026-04-07 19:30:00,mobile,beauty,252,346.04
U074,P052,view,2026-04-07 19:32:00,mobile,beauty,200,193.41
U327,P055,click,2026-04-07 19:33:00,desktop,home,409,270.56
U263,P020,click,2026-04-07 19:34:00,tablet,electronics,390,428.72
U083,P001,view,2026-04-07 19:38:00,mobile,clothing,35,340.92
U361,P027,view,2026-04-07 19:39:00,tablet,electronics,33,255.13
U193,P010,click,2026-04-07 19:39:00,tablet,beauty,467,115.48
U187,P076,view,2026-04-07 19:40:00,tablet,clothing,433,490.14
U363,P092,view,2026-04-07 19:42:00,desktop,home,125,415.94
U256,P039,view,2026-04-07 19:44:00,tablet,beauty,260,266.8
U321,P092,add_to_cart,2026-04-07 19:44:00,desktop,clothing,536,90.64
U120,P047,click,2026-04-07 19:45:00,desktop,clothing,379,269.55
U180,P058,click,2026-04-07 19:45:00,desktop,clothing,501,354.34
U399,P068,click,2026-04-07 19:45:00,tablet,home,360,118.61
U344,P015,view,2026-04-07 19:46:00,desktop,beauty,271,443.57
U131,P071,click,2026-04-07 19:46:00,mobile,beauty,593,399.33
U168,P030,view,2026-04-07 19:48:00,mobile,electronics,46,391.43
U103,P022,click,2026-04-07 19:48:00,mobile,beauty,304,167.76
U189,P057,add_to_cart,2026-04-07 19:50:00,desktop,home,468,126.42
U499,P020,view,2026-04-07 19:50:00,mobile,clothing,518,477.28
U181,P047,click,2026-04-07 19:51:00,mobile,home,293,234.37
U093,P052,add_to_cart,2026-04-07 19:51:00,tablet,electronics,550,173.44
U230,P026,click,2026-04-07 19:51:00,desktop,home,572,362.17
U472,P082,click,2026-04-07 19:53:00,desktop,clothing,480,202.65
U120,P039,add_to_cart,2026-04-07 19:53:00,mobile,electronics,535,355.3
U367,P037,click,2026-04-07 19:54:00,desktop,beauty,149,265.16
U305,P060,add_to_cart,2026-04-07 19:54:00,desktop,beauty,517,265.6
U312,P025,view,2026-04-07 19:55:00,tablet,beauty,100,228.53
U089,P051,click,2026-04-07 19:55:00,mobile,home,422,102.87
U301,P073,click,2026-04-07 19:56:00,desktop,home,238,153.27
U490,P058,view,2026-04-07 19:56:00,tablet,beauty,305,224.28
U171,P005,view,2026-04-07 19:58:00,tablet,clothing,31,177.95
U138,P002,view,2026-04-07 19:58:00,tablet,clothing,126,376.12
U372,P093,view,2026-04-07 20:04:00,tablet,clothing,75,368.17
U325,P028,click,2026-04-07 20:07:00,desktop,electronics,465,282.14
U177,P018,click,2026-04-07 20:09:00,mobile,clothing,286,194.27
U255,P081,add_to_cart,2026-04-07 20:10:00,mobile,electronics,554,176.84
U060,P011,view,2026-04-07 20:12:00,tablet,home,206,144.52
U019,P002,view,2026-04-07 20:12:00,desktop,clothing,14,269.66
U342,P028,click,2026-04-07 20:12:00,mobile,electronics,590,452.08
U488,P068,click,2026-04-07 20:13:00,desktop,home,569,493.11
U438,P004,view,2026-04-07 20:13:00,desktop,clothing,146,189.41
U352,P073,add_to_cart,2026-04-07 20:13:00,mobile,clothing,456,62.44
U069,P021,view,2026-04-07 20:13:00,mobile,clothing,136,128.39
U332,P032,click,2026-04-07 20:14:00,desktop,electronics,158,134.55
U368,P087,view,2026-04-07 20:15:00,tablet,home,89,250.48
U044,P019,add_to_cart,2026-04-07 20:16:00,desktop,electronics,345,156.28
U335,P043,view,2026-04-07 20:18:00,tablet,beauty,199,221.68
U170,P048,view,2026-04-07 20:18:00,tablet,clothing,93,172.72
U097,P032,click,2026-04-07 20:18:00,mobile,home,443,42.49
U205,P032,view,2026-04-07 20:20:00,mobile,clothing,358,401.4
U059,P006,click,2026-04-07 20:20:00,tablet,clothing,317,70.74
U237,P009,click,2026-04-07 20:21:00,mobile,clothing,571,95.34
U278,P084,click,2026-04-07 20:21:00,mobile,home,394,359.87
U412,P003,click,2026-04-07 20:22:00,desktop,clothing,362,361.05
U128,P036,view,2026-04-07 20:22:00,mobile,electronics,275,463.64
U355,P096,add_to_cart,2026-04-07 20:23:00,desktop,electronics,327,136.17
U161,P100,view,2026-04-07 20:24:00,tablet,home,433,497.29
U218,P098,click,2026-04-07 20:24:00,tablet,home,407,264.84
U250,P036,click,2026-04-07 20:25:00,desktop,beauty,452,451.25
U002,P068,click,2026-04-07 20:25:00,tablet,electronics,488,315.82
U472,P065,click,2026-04-07 20:26:00,mobile,electronics,579,313.97
U159,P026,view,2026-04-07 20:27:00,tablet,beauty,574,482.13
U416,P064,view,2026-04-07 20:28:00,mobile,beauty,94,495.54
U191,P036,click,2026-04-07 20:29:00,tablet,beauty,403,173.01
U240,P018,click,2026-04-07 20:29:00,tablet,clothing,301,246.72
U413,P081,add_to_cart,2026-04-07 20:31:00,desktop,beauty,518,31.04
U302,P049,click,2026-04-07 20:31:00,mobile,electronics,150,80.54
U081,P055,click,2026-04-07 20:34:00,mobile,electronics,491,258.31
U427,P001,click,2026-04-07 20:35:00,tablet,electronics,274,48.68
U437,P073,click,2026-04-07 20:36:00,tablet,electronics,232,64.46
U217,P004,view,2026-04-07 20:37:00,mobile,clothing,265,476.35
U407,P094,click,2026-04-07 20:38:00,desktop,home,47,37.76
U082,P021,click,2026-04-07 20:39:00,mobile,beauty,443,81.77
U196,P089,view,2026-04-07 20:39:00,tablet,beauty,38,264.13
U132,P098,click,2026-04-07 20:41:00,desktop,clothing,353,324.99
U216,P094,view,2026-04-07 20:41:00,mobile,home,407,391.62
U136,P025,view,2026-04-07 20:42:00,tablet,beauty,405,365.15
U038,P035,click,2026-04-07 20:42:00,mobile,home,421,131.21
U147,P065,click,2026-04-07 20:42:00,tablet,electronics,452,487.95
U120,P001,view,2026-04-07 20:43:00,mobile,beauty,283,441.75
U472,P006,add_to_cart,2026-04-07 20:44:00,mobile,electronics,522,52.96
U407,P037,click,2026-04-07 20:45:00,tablet,beauty,548,203.48
U278,P061,view,2026-04-07 20:46:00,mobile,home,92,96.61
U411,P089,click,2026-04-07 20:47:00,mobile,clothing,182,59.14
U150,P096,view,2026-04-07 20:49:00,mobile,beauty,20,269.49
U003,P009,view,2026-04-07 20:51:00,tablet,beauty,359,429.85
U409,P098,add_to_cart,2026-04-07 20:52:00,tablet,electronics,481,202.13
U089,P077,click,2026-04-07 20:56:00,tablet,beauty,513,340.31
U316,P035,add_to_cart,2026-04-07 20:58:00,desktop,home,380,53.66
U459,P053,view,2026-04-07 20:59:00,desktop,clothing,19,393.48
U045,P035,add_to_cart,2026-04-07 21:05:00,desktop,electronics,554,427.14
U314,P030,view,2026-04-07 21:05:00,tablet,home,121,268.29
U178,P001,view,2026-04-07 21:06:00,tablet,beauty,61,270.9
U057,P007,add_to_cart,2026-04-07 21:07:00,mobile,electronics,353,61.79
U208,P090,view,2026-04-07 21:07:00,desktop,home,62,104.17
U466,P037,click,2026-04-07 21:07:00,mobile,electronics,447,408.06
U379,P046,click,2026-04-07 21:08:00,desktop,home,88,27.0
U187,P083,view,2026-04-07 21:08:00,tablet,home,483,347.8
U226,P010,click,2026-04-07 21:09:00,tablet,electronics,393,210.86
U020,P085,add_to_cart,2026-04-07 21:13:00,tablet,electronics,502,165.88
U146,P063,click,2026-04-07 21:16:00,desktop,beauty,421,316.43
U472,P039,click,2026-04-07 21:17:00,mobile,clothing,432,320.65
U203,P069,view,2026-04-07 21:18:00,mobile,clothing,240,366.76
U414,P059,view,2026-04-07 21:19:00,tablet,home,50,431.46
U489,P075,view,2026-04-07 21:20:00,mobile,beauty,81,339.22
U213,P007,click,2026-04-07 21:20:00,mobile,home,579,339.54
U167,P068,click,2026-04-07 21:22:00,desktop,home,294,328.31
U270,P026,view,2026-04-07 21:22:00,mobile,home,104,99.72
U486,P092,view,2026-04-07 21:23:00,mobile,electronics,62,473.23
U432,P079,view,2026-04-07 21:25:00,tablet,clothing,249,369.29
U237,P012,view,2026-04-07 21:26:00,desktop,clothing,57,421.64
U157,P044,add_to_cart,2026-04-07 21:27:00,mobile,electronics,411,131.28
U178,P051,view,2026-04-07 21:27:00,tablet,electronics,161,305.7
U263,P001,view,2026-04-07 21:32:00,mobile,beauty,84,178.14
U375,P034,view,2026-04-07 21:32:00,tablet,beauty,282,454.65
U004,P026,view,2026-04-07 21:32:00,mobile,clothing,379,466.38
U258,P036,click,2026-04-07 21:34:00,desktop,clothing,194,22.24
U378,P068,view,2026-04-07 21:34:00,mobile,home,236,123.27
U189,P075,click,2026-04-07 21:35:00,desktop,home,452,396.1
U361,P033,add_to_cart,2026-04-07 21:36:00,mobile,electronics,529,178.66
U320,P040,view,2026-04-07 21:36:00,tablet,beauty,278,233.3
U100,P026,click,2026-04-07 21:37:00,desktop,clothing,150,138.94
U158,P009,view,2026-04-07 21:37:00,desktop,beauty,108,401.43
U401,P071,view,2026-04-07 21:37:00,tablet,beauty,216,320.37
U028,P022,add_to_cart,2026-04-07 21:38:00,desktop,beauty,266,10.6
U391,P027,click,2026-04-07 21:41:00,desktop,beauty,179,194.6
U375,P074,add_to_cart,2026-04-07 21:41:00,desktop,beauty,557,281.67
U052,P068,add_to_cart,2026-04-07 21:42:00,desktop,beauty,294,55.14
U242,P027,add_to_cart,2026-04-07 21:44:00,desktop,home,320,177.29
U353,P023,view,2026-04-07 21:44:00,desktop,clothing,184,497.69
U344,P070,click,2026-04-07 21:44:00,mobile,electronics,519,248.49
U497,P016,add_to_cart,2026-04-07 21:45:00,desktop,electronics,450,114.0
U178,P065,click,2026-04-07 21:45:00,desktop,beauty,484,406.02
U121,P096,click,2026-04-07 21:45:00,desktop,electronics,269,71.33
U438,P031,click,2026-04-07 21:47:00,mobile,electronics,348,325.57
U040,P084,add_to_cart,2026-04-07 21:49:00,desktop,electronics,563,312.87
U392,P066,view,2026-04-07 21:49:00,tablet,beauty,285,432.52
U316,P081,click,2026-04-07 21:49:00,desktop,electronics,137,32.87
U096,P036,click,2026-04-07 21:50:00,mobile,beauty,553,97.62
U010,P050,click,2026-04-07 21:51:00,mobile,beauty,478,114.05
U096,P068,view,2026-04-07 21:53:00,mobile,clothing,289,258.56
U165,P012,add_to_cart,2026-04-07 21:53:00,mobile,electronics,446,69.34
U182,P016,view,2026-04-07 21:54:00,tablet,clothing,179,360.5
U367,P056,view,2026-04-07 21:55:00,tablet,beauty,414,472.28
U055,P032,view,2026-04-07 21:55:00,mobile,clothing,141,246.88
U016,P054,add_to_cart,2026-04-07 21:55:00,desktop,electronics,371,239.98
U346,P011,view,2026-04-07 21:57:00,tablet,clothing,85,414.36
U152,P098,add_to_cart,2026-04-07 21:58:00,desktop,electronics,529,34.7
U135,P042,view,2026-04-07 21:58:00,tablet,electronics,222,202.79
U219,P038,view,2026-04-07 21:58:00,tablet,clothing,461,421.0
U383,P078,view,2026-04-07 21:59:00,tablet,clothing,82,465.26
U158,P008,view,2026-04-07 21:59:00,tablet,electronics,124,340.7
U062,P019,view,2026-04-07 22:00:00,desktop,home,167,187.07
U403,P085,click,2026-04-07 22:00:00,desktop,home,335,79.46
U360,P081,view,2026-04-07 22:01:00,mobile,clothing,186,391.79
U476,P003,view,2026-04-07 22:02:00,mobile,beauty,163,345.45
U220,P040,click,2026-04-07 22:02:00,mobile,electronics,408,122.59
U424,P004,view,2026-04-07 22:02:00,tablet,beauty,80,14.93
U145,P096,add_to_cart,2026-04-07 22:04:00,desktop,home,365,139.32
U429,P051,view,2026-04-07 22:06:00,mobile,beauty,100,232.48
U307,P070,view,2026-04-07 22:07:00,tablet,home,106,323.91
U265,P028,click,2026-04-07 22:08:00,desktop,clothing,404,315.25
U012,P046,view,2026-04-07 22:09:00,mobile,clothing,162,383.97
U352,P012,click,2026-04-07 22:09:00,desktop,home,387,350.47
U276,P051,click,2026-04-07 22:09:00,mobile,clothing,360,151.66
U047,P058,click,2026-04-07 22:09:00,mobile,electronics,399,51.93
U436,P079,view,2026-04-07 22:09:00,mobile,beauty,194,67.6
U363,P070,view,2026-04-07 22:10:00,tablet,electronics,298,410.57
U355,P054,view,2026-04-07 22:10:00,mobile,clothing,255,83.3
U362,P036,click,2026-04-07 22:10:00,mobile,beauty,262,45.49
U370,P066,view,2026-04-07 22:11:00,mobile,beauty,30,165.9
U337,P042,view,2026-04-07 22:11:00,tablet,home,173,167.57
U170,P029,click,2026-04-07 22:13:00,desktop,home,85,93.73
U313,P087,view,2026-04-07 22:14:00,mobile,beauty,319,194.61
U338,P097,view,2026-04-07 22:15:00,desktop,electronics,175,496.56
U493,P042,click,2026-04-07 22:16:00,mobile,electronics,391,52.98
U167,P058,click,2026-04-07 22:17:00,desktop,home,550,439.06
U095,P022,view,2026-04-07 22:18:00,desktop,home,94,285.14
U224,P021,add_to_cart,2026-04-07 22:20:00,desktop,electronics,405,69.31
U311,P061,click,2026-04-07 22:21:00,tablet,home,412,213.31
U209,P046,click,2026-04-07 22:23:00,mobile,home,441,339.74
U049,P002,click,2026-04-07 22:24:00,mobile,beauty,392,46.26
U386,P033,click,2026-04-07 22:25:00,desktop,beauty,206,150.68
U398,P084,click,2026-04-07 22:26:00,desktop,electronics,286,404.9
U452,P027,click,2026-04-07 22:26:00,mobile,home,401,290.61
U203,P074,view,2026-04-07 22:27:00,mobile,electronics,61,403.64
U498,P047,click,2026-04-07 22:28:00,mobile,electronics,461,161.28
U242,P027,add_to_cart,2026-04-07 22:28:00,tablet,beauty,554,19.76
U364,P098,add_to_cart,2026-04-07 22:29:00,desktop,electronics,541,367.86
U208,P010,view,2026-04-07 22:30:00,mobile,clothing,372,419.2
U306,P012,click,2026-04-07 22:30:00,mobile,clothing,580,182.17
U218,P003,click,2026-04-07 22:33:00,tablet,home,587,355.6
U285,P094,view,2026-04-07 22:33:00,desktop,electronics,85,277.45
U390,P003,click,2026-04-07 22:34:00,mobile,clothing,256,109.31
U415,P017,click,2026-04-07 22:34:00,desktop,electronics,398,441.01
U221,P064,click,2026-04-07 22:35:00,desktop,home,252,142.63
U421,P037,click,2026-04-07 22:35:00,desktop,electronics,190,300.77
U155,P018,view,2026-04-07 22:36:00,mobile,home,113,325.1
U469,P051,click,2026-04-07 22:37:00,desktop,home,391,434.34
U306,P074,click,2026-04-07 22:38:00,tablet,electronics,208,104.41
U144,P004,click,2026-04-07 22:38:00,desktop,home,263,292.42
U393,P007,click,2026-04-07 22:40:00,desktop,electronics,243,255.44
U285,P075,view,2026-04-07 22:40:00,desktop,electronics,95,389.39
