user_id,product_id,action,timestamp,device,category,session_duration,price
U360,P088,view,2026-04-01 00:00:00,desktop,beauty,85,304.13
U079,P002,click,2026-04-01 00:00:00,mobile,clothing,562,273.35
U208,P072,click,2026-04-01 00:01:00,desktop,beauty,280,477.26
U343,P096,click,2026-04-01 00:02:00,tablet,clothing,475,238.9
U354,P014,add_to_cart,2026-04-01 00:03:00,mobile,home,570,54.71
U029,P027,view,2026-04-01 00:03:00,tablet,beauty,269,155.23
U169,P012,click,2026-04-01 00:03:00,tablet,beauty,495,176.41
U390,P082,view,2026-04-01 00:05:00,mobile,clothing,302,400.33
U082,P050,view,2026-04-01 00:05:00,mobile,electronics,39,24.3
U031,P098,click,2026-04-01 00:05:00,desktop,electronics,173,373.55
U413,P072,view,2026-04-01 00:07:00,mobile,home,307,351.89
U260,P069,view,2026-04-01 00:08:00,tablet,beauty,91,78.83
U391,P066,view,2026-04-01 00:08:00,desktop,home,50,283.26
U151,P071,add_to_cart,2026-04-01 00:09:00,mobile,electronics,554,127.75
U471,P090,view,2026-04-01 00:09:00,tablet,clothing,179,434.63
U006,P080,view,2026-04-01 00:09:00,desktop,clothing,198,362.12
U345,P023,view,2026-04-01 00:10:00,tablet,home,121,448.04
U062,P088,view,2026-04-01 00:10:00,mobile,home,241,61.62
U411,P075,click,2026-04-01 00:13:00,mobile,home,583,407.24
U386,P002,click,2026-04-01 00:15:00,tablet,home,246,53.23
U291,P045,click,2026-04-01 00:15:00,tablet,electronics,482,379.98
U154,P027,add_to_cart,2026-04-01 00:16:00,mobile,electronics,589,305.12
U161,P030,view,2026-04-01 00:17:00,tablet,home,177,198.36
U224,P055,click,2026-04-01 00:17:00,mobile,beauty,416,272.45
U376,P059,click,2026-04-01 00:18:00,tablet,electronics,199,106.75
U280,P097,click,2026-04-01 00:21:00,desktop,electronics,32,269.01
U146,P054,add_to_cart,2026-04-01 00:24:00,mobile,electronics,492,115.89
U411,P076,view,2026-04-01 00:26:00,desktop,clothing,134,252.87
U235,P054,click,2026-04-01 00:26:00,mobile,electronics,593,484.98
U092,P046,click,2026-04-01 00:26:00,tablet,electronics,449,497.4
U090,P078,view,2026-04-01 00:26:00,tablet,home,19,158.03
U008,P055,click,2026-04-01 00:26:00,tablet,home,560,346.29
U189,P037,click,2026-04-01 00:26:00,desktop,clothing,370,49.77
U062,P062,view,2026-04-01 00:26:00,desktop,home,204,400.59
U394,P004,view,2026-04-01 00:26:00,tablet,home,257,392.86
U219,P040,view,2026-04-01 00:28:00,mobile,clothing,366,187.05
U366,P014,click,2026-04-01 00:31:00,tablet,clothing,380,48.76
U244,P023,view,2026-04-01 00:32:00,tablet,home,215,39.7
U296,P033,view,2026-04-01 00:32:00,tablet,clothing,479,437.31
U068,P019,click,2026-04-01 00:33:00,desktop,electronics,229,366.41
U212,P017,add_to_cart,2026-04-01 00:35:00,desktop,clothing,410,218.46
U395,P068,click,2026-04-01 00:36:00,tablet,clothing,417,167.36
U237,P071,click,2026-04-01 00:37:00,desktop,home,575,370.84
U260,P027,click,2026-04-01 00:37:00,mobile,beauty,586,304.11
U117,P031,view,2026-04-01 00:38:00,tablet,electronics,260,496.96
U234,P017,view,2026-04-01 00:39:00,mobile,beauty,127,164.43
U017,P100,add_to_cart,2026-04-01 00:39:00,desktop,clothing,458,35.47
U237,P005,add_to_cart,2026-04-01 00:40:00,mobile,electronics,378,52.28
U500,P016,click,2026-04-01 00:40:00,desktop,electronics,292,414.55
U451,P021,click,2026-04-01 00:45:00,desktop,clothing,205,56.11
U070,P008,click,2026-04-01 00:47:00,tablet,clothing,416,96.55
U135,P093,click,2026-04-01 00:49:00,mobile,home,500,219.05
U133,P055,view,2026-04-01 00:50:00,desktop,beauty,171,278.17
U255,P080,click,2026-04-01 00:51:00,tablet,clothing,429,53.38
U070,P062,view,2026-04-01 00:53:00,mobile,clothing,190,97.55
U230,P027,add_to_cart,2026-04-01 00:54:00,desktop,beauty,580,394.09
U398,P069,click,2026-04-01 00:54:00,tablet,beauty,356,20.39
U110,P058,click,2026-04-01 00:55:00,desktop,home,536,443.9
U463,P041,add_to_cart,2026-04-01 00:56:00,desktop,electronics,528,113.18
U312,P032,click,2026-04-01 00:57:00,mobile,home,588,293.42
U156,P071,view,2026-04-01 00:58:00,tablet,electronics,134,475.98
U083,P060,view,2026-04-01 00:58:00,mobile,clothing,172,382.97
U231,P038,view,2026-04-01 01:01:00,mobile,electronics,308,472.98
U365,P044,add_to_cart,2026-04-01 01:02:00,desktop,home,473,337.93
U177,P031,view,2026-04-01 01:02:00,tablet,beauty,439,329.88
U194,P068,click,2026-04-01 01:02:00,desktop,beauty,524,347.68
U107,P039,view,2026-04-01 01:03:00,tablet,beauty,205,25.94
U018,P074,add_to_cart,2026-04-01 01:05:00,desktop,electronics,361,16.93
U110,P057,view,2026-04-01 01:05:00,mobile,electronics,208,294.23
U059,P057,view,2026-04-01 01:06:00,desktop,clothing,218,393.1
U449,P034,click,2026-04-01 01:06:00,mobile,beauty,388,142.83
U116,P034,click,2026-04-01 01:06:00,mobile,electronics,582,379.03
U282,P076,click,2026-04-01 01:09:00,tablet,clothing,392,281.81
U033,P007,view,2026-04-01 01:10:00,tablet,clothing,259,330.74
U131,P093,click,2026-04-01 01:10:00,tablet,electronics,571,381.84
U188,P017,view,2026-04-01 01:11:00,mobile,beauty,239,468.52
U037,P073,view,2026-04-01 01:15:00,tablet,clothing,323,290.18
U309,P022,view,2026-04-01 01:15:00,desktop,home,44,359.97
U176,P085,view,2026-04-01 01:15:00,mobile,clothing,218,499.95
U381,P012,click,2026-04-01 01:15:00,tablet,electronics,338,210.67
U369,P061,click,2026-04-01 01:16:00,tablet,electronics,199,90.93
U164,P028,view,2026-04-01 01:21:00,tablet,home,378,449.83
U169,P020,view,2026-04-01 01:21:00,tablet,electronics,172,124.24
U389,P049,add_to_cart,2026-04-01 01:21:00,desktop,clothing,459,29.79
U152,P015,view,2026-04-01 01:22:00,desktop,home,140,271.89
U172,P016,view,2026-04-01 01:23:00,desktop,clothing,158,498.67
U439,P044,add_to_cart,2026-04-01 01:25:00,tablet,home,571,50.8
U333,P012,click,2026-04-01 01:25:00,desktop,electronics,391,420.02
U393,P073,click,2026-04-01 01:26:00,mobile,home,468,35.69
U146,P051,click,2026-04-01 01:27:00,mobile,electronics,455,94.63
U427,P066,view,2026-04-01 01:27:00,mobile,electronics,134,191.09
U480,P016,view,2026-04-01 01:28:00,mobile,beauty,409,370.09
U101,P097,view,2026-04-01 01:29:00,desktop,home,119,145.1
U220,P028,click,2026-04-01 01:29:00,mobile,electronics,228,275.6
U255,P046,view,2026-04-01 01:30:00,tablet,clothing,93,256.89
U044,P026,view,2026-04-01 01:30:00,mobile,beauty,107,27.28
U084,P072,add_to_cart,2026-04-01 01:32:00,mobile,electronics,389,167.41
U087,P055,add_to_cart,2026-04-01 01:32:00,desktop,clothing,415,16.08
U339,P080,view,2026-04-01 01:33:00,desktop,beauty,43,388.42
U083,P007,view,2026-04-01 01:33:00,mobile,beauty,55,111.67
U376,P056,view,2026-04-01 01:33:00,tablet,home,235,331.22
U194,P010,add_to_cart,2026-04-01 01:35:00,desktop,home,575,273.64
U136,P095,view,2026-04-01 01:35:00,desktop,beauty,53,37.63
U303,P082,click,2026-04-01 01:36:00,mobile,electronics,203,33.65
U413,P085,add_to_cart,2026-04-01 01:37:00,desktop,clothing,494,44.65
U077,P060,click,2026-04-01 01:37:00,desktop,clothing,233,418.83
U388,P003,click,2026-04-01 01:37:00,desktop,electronics,180,58.8
U284,P008,click,2026-04-01 01:38:00,desktop,home,497,307.02
U132,P079,click,2026-04-01 01:38:00,mobile,clothing,440,83.36
U069,P058,view,2026-04-01 01:38:00,mobile,electronics,179,367.78
U084,P027,view,2026-04-01 01:38:00,tablet,clothing,339,180.69
U494,P020,click,2026-04-01 01:40:00,tablet,electronics,353,152.49
U082,P073,click,2026-04-01 01:41:00,mobile,clothing,396,210.26
U240,P078,add_to_cart,2026-04-01 01:45:00,tablet,clothing,558,138.24
U473,P085,view,2026-04-01 01:45:00,tablet,clothing,354,424.07
U086,P087,click,2026-04-01 01:45:00,desktop,clothing,581,357.36
U003,P087,add_to_cart,2026-04-01 01:48:00,desktop,electronics,327,154.67
U326,P063,click,2026-04-01 01:49:00,desktop,electronics,110,282.22
U080,P096,click,2026-04-01 01:49:00,desktop,clothing,458,252.64
U433,P051,view,2026-04-01 01:50:00,tablet,home,206,414.27
U500,P093,view,2026-04-01 01:51:00,mobile,clothing,281,214.53
U120,P041,view,2026-04-01 01:51:00,tablet,beauty,411,463.32
U320,P046,view,2026-04-01 01:53:00,desktop,clothing,62,197.81
U344,P020,add_to_cart,2026-04-01 01:54:00,desktop,beauty,443,57.87
U139,P057,view,2026-04-01 01:55:00,mobile,clothing,88,105.19
U352,P071,click,2026-04-01 01:56:00,tablet,beauty,484,16.47
U048,P049,view,2026-04-01 01:57:00,tablet,beauty,334,405.23
U259,P007,view,2026-04-01 01:58:00,mobile,home,147,353.94
U038,P026,click,2026-04-01 01:58:00,desktop,electronics,183,295.08
U068,P073,add_to_cart,2026-04-01 01:58:00,tablet,electronics,404,161.56
U226,P013,view,2026-04-01 01:59:00,mobile,clothing,568,499.78
U069,P085,view,2026-04-01 01:59:00,mobile,home,191,175.5
U381,P035,add_to_cart,2026-04-01 01:59:00,desktop,clothing,342,92.24
U092,P059,click,2026-04-01 02:01:00,desktop,beauty,237,284.52
U481,P099,click,2026-04-01 02:01:00,tablet,electronics,235,27.0
U291,P100,add_to_cart,2026-04-01 02:03:00,desktop,electronics,406,168.58
U215,P073,view,2026-04-01 02:03:00,tablet,home,448,260.04
U419,P059,view,2026-04-01 02:04:00,desktop,beauty,59,331.77
U283,P053,click,2026-04-01 02:10:00,mobile,electronics,362,206.24
U351,P098,view,2026-04-01 02:12:00,mobile,clothing,118,99.87
U200,P082,click,2026-04-01 02:17:00,tablet,home,370,128.28
U210,P068,view,2026-04-01 02:19:00,tablet,beauty,404,460.57
U172,P067,view,2026-04-01 02:20:00,desktop,electronics,115,483.12
U023,P069,view,2026-04-01 02:20:00,mobile,electronics,25,115.74
U262,P059,view,2026-04-01 02:21:00,tablet,electronics,372,432.92
U426,P095,click,2026-04-01 02:22:00,mobile,home,550,181.72
U328,P076,view,2026-04-01 02:22:00,desktop,electronics,115,457.89
U165,P098,click,2026-04-01 02:22:00,tablet,home,442,191.73
U145,P027,view,2026-04-01 02:26:00,tablet,electronics,42,369.56
U343,P030,view,2026-04-01 02:26:00,tablet,clothing,126,194.4
U310,P070,view,2026-04-01 02:27:00,tablet,home,141,27.32
U136,P076,view,2026-04-01 02:29:00,mobile,beauty,99,192.14
U319,P074,view,2026-04-01 02:29:00,tablet,beauty,53,33.26
U263,P088,view,2026-04-01 02:32:00,tablet,beauty,277,252.4
U274,P050,click,2026-04-01 02:33:00,mobile,electronics,311,271.66
U231,P069,view,2026-04-01 02:35:00,desktop,home,256,361.38
U272,P081,view,2026-04-01 02:35:00,mobile,beauty,60,417.87
U174,P056,view,2026-04-01 02:36:00,tablet,home,43,466.17
U128,P050,click,2026-04-01 02:36:00,mobile,clothing,496,80.36
U183,P065,view,2026-04-01 02:39:00,mobile,clothing,116,329.26
U102,P002,add_to_cart,2026-04-01 02:40:00,desktop,beauty,578,213.71
U133,P004,view,2026-04-01 02:40:00,mobile,home,466,428.24
U423,P053,click,2026-04-01 02:43:00,tablet,beauty,515,31.97
U436,P075,click,2026-04-01 02:50:00,desktop,home,406,98.79
U074,P090,view,2026-04-01 02:51:00,mobile,clothing,31,307.23
U258,P044,view,2026-04-01 02:51:00,tablet,beauty,504,457.9
U142,P029,view,2026-04-01 02:52:00,mobile,clothing,279,445.33
U316,P019,click,2026-04-01 02:54:00,tablet,electronics,357,161.2
U238,P004,click,2026-04-01 02:55:00,mobile,home,322,172.03
U435,P052,click,2026-04-01 02:55:00,desktop,home,450,425.07
U285,P088,add_to_cart,2026-04-01 02:55:00,desktop,beauty,525,170.5
U014,P055,click,2026-04-01 02:56:00,desktop,home,404,249.45
U080,P088,add_to_cart,2026-04-01 03:00:00,desktop,beauty,561,177.64
U317,P053,view,2026-04-01 03:01:00,tablet,home,108,268.67
U295,P014,click,2026-04-01 03:01:00,tablet,home,513,262.06
U064,P067,click,2026-04-01 03:01:00,mobile,electronics,417,29.08
U319,P063,view,2026-04-01 03:01:00,mobile,beauty,169,316.05
U401,P011,add_to_cart,2026-04-01 03:02:00,desktop,beauty,399,102.18
U458,P011,view,2026-04-01 03:02:00,desktop,beauty,200,431.66
U092,P002,add_to_cart,2026-04-01 03:03:00,tablet,electronics,536,128.92
U392,P026,add_to_cart,2026-04-01 03:03:00,desktop,electronics,564,203.54
U480,P035,view,2026-04-01 03:04:00,desktop,beauty,23,439.17
U306,P020,click,2026-04-01 03:07:00,mobile,electronics,379,228.78
U313,P097,click,2026-04-01 03:07:00,tablet,electronics,325,111.61
U396,P041,view,2026-04-01 03:08:00,tablet,clothing,106,136.99
U078,P100,click,2026-04-01 03:08:00,tablet,home,456,140.17
U242,P039,click,2026-04-01 03:09:00,tablet,beauty,360,178.16
U157,P066,view,2026-04-01 03:11:00,mobile,clothing,37,382.33
U056,P028,view,2026-04-01 03:12:00,desktop,beauty,133,466.28
U001,P093,view,2026-04-01 03:13:00,tablet,home,14,65.94
U058,P060,click,2026-04-01 03:13:00,desktop,home,129,62.06
U004,P014,click,2026-04-01 03:13:00,desktop,beauty,535,382.58
U123,P079,click,2026-04-01 03:13:00,tablet,electronics,239,194.04
U275,P012,add_to_cart,2026-04-01 03:14:00,desktop,beauty,393,141.25
U468,P058,click,2026-04-01 03:16:00,tablet,electronics,417,266.12
U005,P003,click,2026-04-01 03:19:00,desktop,electronics,426,482.59
U143,P040,click,2026-04-01 03:20:00,tablet,clothing,248,60.21
U350,P018,add_to_cart,2026-04-01 03:20:00,mobile,clothing,562,110.22
U168,P069,click,2026-04-01 03:21:00,mobile,beauty,571,130.33
U017,P086,click,2026-04-01 03:22:00,tablet,clothing,439,188.61
U089,P018,click,2026-04-01 03:22:00,desktop,home,372,400.38
U228,P022,view,2026-04-01 03:22:00,mobile,home,339,306.86
U416,P095,view,2026-04-01 03:24:00,mobile,home,235,382.93
U390,P023,view,2026-04-01 03:24:00,desktop,beauty,165,280.31
U257,P014,view,2026-04-01 03:24:00,mobile,clothing,116,457.35
U197,P009,add_to_cart,2026-04-01 03:25:00,mobile,electronics,472,109.59
U216,P016,view,2026-04-01 03:27:00,tablet,beauty,70,228.71
U060,P049,click,2026-04-01 03:30:00,desktop,beauty,56,93.93
U213,P027,click,2026-04-01 03:31:00,tablet,clothing,576,161.42
U474,P059,view,2026-04-01 03:32:00,tablet,home,417,294.3
U378,P019,view,2026-04-01 03:34:00,mobile,home,21,392.71
U380,P012,view,2026-04-01 03:34:00,mobile,home,133,51.27
U418,P081,add_to_cart,2026-04-01 03:34:00,tablet,electronics,357,37.92
U165,P052,view,2026-04-01 03:34:00,desktop,clothing,85,75.82
U130,P021,view,2026-04-01 03:36:00,mobile,clothing,28,314.06
U151,P072,view,2026-04-01 03:37:00,mobile,electronics,191,346.58
U357,P011,view,2026-04-01 03:38:00,mobile,beauty,87,329.84
U225,P013,add_to_cart,2026-04-01 03:39:00,desktop,beauty,564,318.02
U049,P048,click,2026-04-01 03:40:00,tablet,home,447,122.18
U268,P011,click,2026-04-01 03:41:00,mobile,clothing,522,315.06
U014,P029,view,2026-04-01 03:41:00,tablet,clothing,314,341.82
U169,P014,click,2026-04-01 03:47:00,mobile,beauty,476,67.01
U219,P032,add_to_cart,2026-04-01 03:48:00,desktop,clothing,379,56.82
U297,P052,view,2026-04-01 03:49:00,tablet,electronics,338,377.61
U421,P022,view,2026-04-01 03:50:00,desktop,clothing,428,499.89
U009,P018,view,2026-04-01 03:53:00,tablet,beauty,57,229.56
U478,P064,view,2026-04-01 03:53:00,tablet,electronics,43,11.43
U374,P058,view,2026-04-01 03:53:00,mobile,home,255,364.1
U373,P031,click,2026-04-01 03:54:00,desktop,home,406,374.8
U434,P079,click,2026-04-01 03:55:00,mobile,electronics,532,475.0
U025,P019,view,2026-04-01 03:55:00,tablet,electronics,80,300.74
U470,P060,click,2026-04-01 03:56:00,tablet,electronics,495,448.17
U256,P024,click,2026-04-01 03:56:00,mobile,beauty,543,82.93
U244,P012,view,2026-04-01 03:57:00,tablet,beauty,46,105.19
U272,P024,click,2026-04-01 03:58:00,desktop,home,253,60.94
U455,P081,click,2026-04-01 03:59:00,desktop,beauty,508,421.23
U255,P039,click,2026-04-01 04:00:00,tablet,beauty,313,64.08
U191,P088,view,2026-04-01 04:00:00,mobile,beauty,177,296.04
U475,P077,click,2026-04-01 04:00:00,mobile,clothing,391,225.78
U158,P019,add_to_cart,2026-04-01 04:01:00,mobile,electronics,545,87.07
U385,P088,click,2026-04-01 04:01:00,mobile,beauty,207,33.15
U408,P003,click,2026-04-01 04:03:00,tablet,home,528,341.54
U037,P097,view,2026-04-01 04:04:00,mobile,electronics,87,260.57
U326,P080,add_to_cart,2026-04-01 04:06:00,desktop,electronics,573,69.18
U192,P056,view,2026-04-01 04:06:00,mobile,clothing,210,282.45
U374,P031,add_to_cart,2026-04-01 04:06:00,desktop,clothing,277,32.51
U376,P092,add_to_cart,2026-04-01 04:06:00,desktop,electronics,581,93.48
U241,P056,click,2026-04-01 04:07:00,desktop,home,341,233.12
U323,P069,click,2026-04-01 04:07:00,mobile,electronics,361,132.26
U068,P025,view,2026-04-01 04:08:00,mobile,beauty,227,410.71
U195,P085,click,2026-04-01 04:08:00,tablet,clothing,492,36.68
U100,P084,view,2026-04-01 04:09:00,tablet,beauty,234,331.1
U376,P078,view,2026-04-01 04:09:00,mobile,clothing,327,475.24
U323,P051,view,2026-04-01 04:10:00,mobile,home,140,401.89
U260,P022,view,2026-04-01 04:11:00,mobile,home,35,232.26
U395,P081,click,2026-04-01 04:12:00,tablet,home,445,206.36
U108,P062,click,2026-04-01 04:13:00,mobile,electronics,273,67.91
U122,P057,add_to_cart,2026-04-01 04:14:00,desktop,beauty,551,182.1
U314,P025,add_to_cart,2026-04-01 04:15:00,desktop,electronics,483,213.89
U147,P100,click,2026-04-01 04:17:00,mobile,beauty,477,323.88
U251,P017,click,2026-04-01 04:17:00,desktop,clothing,368,116.47
U482,P022,view,2026-04-01 04:19:00,tablet,home,441,446.1
U345,P092,click,2026-04-01 04:20:00,tablet,electronics,289,438.27
U467,P027,click,2026-04-01 04:21:00,desktop,beauty,257,115.46
U022,P058,click,2026-04-01 04:21:00,mobile,beauty,379,205.97
U324,P097,click,2026-04-01 04:21:00,tablet,electronics,279,48.27
U047,P025,click,2026-04-01 04:22:00,tablet,electronics,391,306.29
U385,P070,view,2026-04-01 04:23:00,mobile,beauty,18,144.12
U057,P002,view,2026-04-01 04:23:00,desktop,home,55,233.73
U453,P098,view,2026-04-01 04:23:00,tablet,home,60,96.32
U182,P087,view,2026-04-01 04:24:00,mobile,beauty,427,409.56
U459,P007,view,2026-04-01 04:26:00,desktop,beauty,137,485.9
U386,P032,click,2026-04-01 04:26:00,desktop,clothing,380,259.65
U174,P036,click,2026-04-01 04:28:00,tablet,home,443,266.31
U271,P028,click,2026-04-01 04:29:00,desktop,beauty,313,436.51
U142,P087,click,2026-04-01 04:31:00,desktop,clothing,315,209.43
U442,P043,add_to_cart,2026-04-01 04:32:00,desktop,electronics,525,175.81
U413,P031,view,2026-04-01 04:32:00,mobile,home,47,410.07
U480,P029,click,2026-04-01 04:34:00,desktop,home,252,44.37
U356,P006,click,2026-04-01 04:36:00,tablet,beauty,461,260.61
U016,P055,click,2026-04-01 04:37:00,tablet,electronics,372,112.12
U174,P080,click,2026-04-01 04:39:00,desktop,electronics,460,457.39
U385,P040,view,2026-04-01 04:41:00,mobile,electronics,233,265.18
U250,P008,view,2026-04-01 04:42:00,desktop,beauty,57,138.59
U232,P008,click,2026-04-01 04:43:00,mobile,clothing,413,37.76
U120,P031,view,2026-04-01 04:43:00,mobile,clothing,321,314.19
U217,P098,view,2026-04-01 04:46:00,mobile,beauty,57,225.09
U096,P083,click,2026-04-01 04:46:00,tablet,home,356,76.32
U123,P074,click,2026-04-01 04:49:00,desktop,clothing,164,160.21
U239,P008,add_to_cart,2026-04-01 04:51:00,desktop,electronics,439,142.5
U121,P037,add_to_cart,2026-04-01 04:52:00,desktop,electronics,427,235.92
U454,P043,view,2026-04-01 04:53:00,mobile,home,394,229.49
U286,P065,click,2026-04-01 04:53:00,tablet,clothing,380,351.0
U198,P063,view,2026-04-01 04:55:00,mobile,clothing,240,442.11
U253,P065,click,2026-04-01 04:56:00,mobile,clothing,536,235.54
U289,P050,click,2026-04-01 04:57:00,tablet,home,503,485.77
U114,P058,click,2026-04-01 04:58:00,tablet,electronics,478,133.99
U126,P069,click,2026-04-01 05:03:00,desktop,clothing,332,251.18
U059,P031,view,2026-04-01 05:04:00,desktop,clothing,179,425.44
U097,P049,click,2026-04-01 05:06:00,mobile,home,404,46.7
U309,P090,view,2026-04-01 05:08:00,desktop,home,128,302.36
U333,P060,click,2026-04-01 05:08:00,desktop,beauty,270,249.81
U188,P100,click,2026-04-01 05:11:00,tablet,beauty,413,235.56
U423,P100,click,2026-04-01 05:11:00,tablet,home,578,267.52
U065,P016,view,2026-04-01 05:13:00,mobile,home,121,145.69
U115,P004,click,2026-04-01 05:13:00,mobile,clothing,333,60.95
U491,P077,view,2026-04-01 05:13:00,tablet,clothing,126,398.91
U173,P066,view,2026-04-01 05:15:00,tablet,beauty,386,458.94
U191,P043,view,2026-04-01 05:15:00,tablet,beauty,224,166.8
U438,P067,view,2026-04-01 05:16:00,mobile,beauty,33,140.05
U470,P017,click,2026-04-01 05:17:00,desktop,beauty,138,76.49
U273,P067,click,2026-04-01 05:17:00,desktop,electronics,230,111.48
U055,P077,view,2026-04-01 05:18:00,mobile,clothing,432,412.53
U140,P070,view,2026-04-01 05:19:00,tablet,electronics,135,313.93
U377,P062,view,2026-04-01 05:21:00,mobile,beauty,350,478.84
U338,P066,view,2026-04-01 05:21:00,tablet,home,87,333.91
U381,P035,click,2026-04-01 05:22:00,desktop,clothing,158,247.26
U089,P060,view,2026-04-01 05:24:00,tablet,home,344,452.55
U092,P041,click,2026-04-01 05:25:00,desktop,electronics,246,371.36
U088,P090,view,2026-04-01 05:25:00,tablet,electronics,234,139.47
U453,P017,click,2026-04-01 05:25:00,tablet,electronics,272,39.01
U406,P040,click,2026-04-01 05:25:00,tablet,electronics,278,401.09
U235,P065,click,2026-04-01 05:28:00,mobile,electronics,314,160.19
U220,P070,add_to_cart,2026-04-01 05:28:00,desktop,home,391,172.76
U442,P089,click,2026-04-01 05:29:00,mobile,home,300,182.09
U253,P067,view,2026-04-01 05:30:00,mobile,clothing,278,432.03
U202,P062,view,2026-04-01 05:31:00,mobile,home,451,308.06
U189,P095,view,2026-04-01 05:31:00,mobile,home,284,362.65
U495,P048,click,2026-04-01 05:31:00,mobile,clothing,517,274.25
U008,P033,view,2026-04-01 05:32:00,desktop,clothing,290,409.16
U135,P015,click,2026-04-01 05:33:00,tablet,clothing,427,264.86
U133,P047,view,2026-04-01 05:34:00,mobile,home,246,388.91
U201,P087,click,2026-04-01 05:34:00,mobile,home,555,187.76
U491,P007,view,2026-04-01 05:34:00,mobile,beauty,268,245.69
U456,P093,view,2026-04-01 05:34:00,mobile,clothing,217,118.24
U305,P004,view,2026-04-01 05:35:00,mobile,beauty,16,220.84
U015,P005,click,2026-04-01 05:37:00,mobile,beauty,477,344.88
U096,P003,click,2026-04-01 05:37:00,tablet,clothing,571,433.19
U024,P084,add_to_cart,2026-04-01 05:38:00,desktop,home,540,244.1
U248,P010,click,2026-04-01 05:39:00,mobile,beauty,487,28.46
U026,P099,click,2026-04-01 05:41:00,mobile,home,531,356.69
U418,P096,click,2026-04-01 05:42:00,desktop,beauty,276,145.94
U117,P080,click,2026-04-01 05:42:00,mobile,home,498,168.81
U322,P009,view,2026-04-01 05:42:00,tablet,electronics,179,421.62
U237,P031,view,2026-04-01 05:42:00,desktop,clothing,49,482.78
U235,P012,click,2026-04-01 05:43:00,tablet,electronics,326,281.87
U246,P063,click,2026-04-01 05:45:00,tablet,electronics,354,236.73
U314,P067,view,2026-04-01 05:46:00,tablet,beauty,113,130.16
U196,P058,click,2026-04-01 05:46:00,desktop,clothing,458,480.75
U202,P070,view,2026-04-01 05:48:00,mobile,electronics,44,11.67
U198,P046,view,2026-04-01 05:49:00,desktop,electronics,16,322.69
U457,P031,view,2026-04-01 05:49:00,tablet,beauty,497,330.0
U380,P036,click,2026-04-01 05:49:00,desktop,clothing,358,257.53
U412,P006,view,2026-04-01 05:50:00,mobile,clothing,160,484.34
U497,P048,view,2026-04-01 05:51:00,tablet,electronics,68,136.95
U430,P065,add_to_cart,2026-04-01 05:51:00,desktop,electronics,468,192.37
U272,P068,view,2026-04-01 05:53:00,mobile,clothing,203,34.89
U404,P071,click,2026-04-01 05:53:00,tablet,electronics,70,57.3
U163,P010,view,2026-04-01 05:53:00,mobile,home,339,434.63
U124,P034,view,2026-04-01 05:53:00,tablet,home,199,337.39
U119,P064,add_to_cart,2026-04-01 05:55:00,desktop,clothing,533,126.99
U377,P032,view,2026-04-01 05:55:00,mobile,electronics,381,454.1
U146,P097,add_to_cart,2026-04-01 05:56:00,desktop,electronics,431,19.62
U320,P081,view,2026-04-01 05:56:00,tablet,home,10,165.94
U454,P017,view,2026-04-01 05:58:00,mobile,beauty,271,290.88
U203,P020,view,2026-04-01 05:59:00,tablet,clothing,138,267.15
U200,P066,click,2026-04-01 06:00:00,desktop,electronics,402,297.09
U153,P063,click,2026-04-01 06:01:00,desktop,clothing,326,29.03
U140,P070,click,2026-04-01 06:04:00,mobile,electronics,139,135.5
U273,P061,click,2026-04-01 06:05:00,mobile,home,368,107.21
U106,P021,click,2026-04-01 06:05:00,mobile,home,472,263.09
U131,P075,view,2026-04-01 06:05:00,desktop,beauty,237,459.12
U425,P044,view,2026-04-01 06:06:00,mobile,home,28,472.84
U158,P065,click,2026-04-01 06:07:00,mobile,home,567,425.54
U231,P064,click,2026-04-01 06:07:00,mobile,electronics,217,184.88
U427,P037,view,2026-04-01 06:07:00,desktop,home,204,416.84
U355,P046,view,2026-04-01 06:08:00,tablet,clothing,354,388.57
U312,P095,click,2026-04-01 06:09:00,tablet,electronics,364,433.39
U035,P077,view,2026-04-01 06:10:00,desktop,clothing,221,277.5
U367,P053,click,2026-04-01 06:12:00,desktop,home,589,415.95
U235,P004,click,2026-04-01 06:12:00,tablet,clothing,490,198.46
U290,P094,add_to_cart,2026-04-01 06:12:00,desktop,beauty,511,174.78
U361,P010,view,2026-04-01 06:13:00,mobile,electronics,41,211.17
U322,P046,view,2026-04-01 06:14:00,tablet,beauty,452,372.41
U417,P012,view,2026-04-01 06:16:00,mobile,clothing,150,465.42
U404,P068,view,2026-04-01 06:16:00,mobile,beauty,37,199.13
U186,P053,add_to_cart,2026-04-01 06:16:00,desktop,clothing,562,103.43
U158,P052,click,2026-04-01 06:18:00,mobile,clothing,447,288.72
U355,P055,view,2026-04-01 06:18:00,mobile,home,149,186.55
U049,P016,click,2026-04-01 06:21:00,tablet,home,313,63.55
U166,P008,view,2026-04-01 06:22:00,tablet,clothing,315,384.8
U160,P001,click,2026-04-01 06:22:00,mobile,electronics,116,63.29
U325,P022,click,2026-04-01 06:23:00,tablet,electronics,468,329.86
U237,P079,view,2026-04-01 06:23:00,mobile,clothing,118,196.83
U106,P048,view,2026-04-01 06:24:00,mobile,clothing,64,36.39
U442,P003,click,2026-04-01 06:25:00,mobile,beauty,590,301.49
U022,P021,view,2026-04-01 06:26:00,mobile,beauty,373,294.08
U104,P096,click,2026-04-01 06:32:00,mobile,home,399,46.82
U339,P045,add_to_cart,2026-04-01 06:33:00,desktop,home,583,52.09
U396,P056,click,2026-04-01 06:33:00,tablet,beauty,374,218.95
U113,P013,click,2026-04-01 06:34:00,desktop,electronics,131,339.79
U491,P060,click,2026-04-01 06:35:00,mobile,electronics,499,467.4
U033,P097,click,2026-04-01 06:36:00,tablet,beauty,325,35.37
U181,P005,view,2026-04-01 06:37:00,tablet,electronics,284,485.97
U093,P099,view,2026-04-01 06:38:00,mobile,beauty,415,484.54
U132,P073,click,2026-04-01 06:39:00,mobile,beauty,411,63.56
U332,P020,view,2026-04-01 06:39:00,mobile,clothing,123,146.87
U414,P018,click,2026-04-01 06:39:00,tablet,home,377,119.76
U025,P099,add_to_cart,2026-04-01 06:39:00,mobile,electronics,556,106.74
U095,P087,view,2026-04-01 06:41:00,tablet,beauty,47,87.53
U429,P009,click,2026-04-01 06:41:00,tablet,beauty,572,167.72
U473,P005,view,2026-04-01 06:41:00,mobile,beauty,295,396.74
U380,P019,view,2026-04-01 06:45:00,tablet,home,101,494.22
U187,P017,view,2026-04-01 06:48:00,tablet,beauty,220,394.52
U401,P072,click,2026-04-01 06:50:00,mobile,electronics,486,402.17
U052,P100,view,2026-04-01 06:51:00,desktop,beauty,62,113.83
U440,P076,click,2026-04-01 06:53:00,mobile,electronics,417,15.43
U249,P066,view,2026-04-01 06:56:00,tablet,electronics,229,234.72
U236,P088,click,2026-04-01 06:56:00,tablet,clothing,455,193.09
U177,P008,view,2026-04-01 06:56:00,desktop,home,22,396.99
U402,P014,add_to_cart,2026-04-01 06:56:00,tablet,electronics,421,28.49
U342,P030,add_to_cart,2026-04-01 06:56:00,desktop,beauty,552,241.57
U429,P058,add_to_cart,2026-04-01 06:57:00,desktop,electronics,571,351.0
U393,P005,view,2026-04-01 06:57:00,tablet,electronics,92,221.5
U376,P010,click,2026-04-01 06:57:00,desktop,home,385,10.57
U218,P087,click,2026-04-01 06:58:00,desktop,clothing,240,124.74
U310,P057,click,2026-04-01 06:58:00,tablet,electronics,189,142.23
U148,P005,view,2026-04-01 06:59:00,mobile,clothing,132,268.85
U131,P044,click,2026-04-01 07:00:00,desktop,electronics,371,325.31
U481,P005,view,2026-04-01 07:01:00,mobile,beauty,320,239.63
U322,P007,add_to_cart,2026-04-01 07:02:00,desktop,electronics,474,246.6
U002,P057,add_to_cart,2026-04-01 07:03:00,desktop,home,581,129.25
U171,P018,click,2026-04-01 07:04:00,mobile,home,424,334.31
U150,P026,click,2026-04-01 07:07:00,mobile,electronics,527,480.2
U217,P049,view,2026-04-01 07:07:00,tablet,electronics,44,120.03
U087,P080,view,2026-04-01 07:09:00,tablet,beauty,220,483.8
U444,P056,view,2026-04-01 07:12:00,desktop,electronics,18,209.4
U099,P091,click,2026-04-01 07:12:00,desktop,home,372,118.77
U279,P086,view,2026-04-01 07:12:00,desktop,beauty,124,312.93
U489,P072,click,2026-04-01 07:13:00,desktop,home,384,188.87
U361,P045,view,2026-04-01 07:13:00,tablet,home,153,44.04
U316,P055,view,2026-04-01 07:15:00,mobile,beauty,172,104.74
U279,P006,click,2026-04-01 07:16:00,tablet,clothing,569,36.6
U060,P046,view,2026-04-01 07:17:00,tablet,clothing,48,349.58
U377,P063,view,2026-04-01 07:17:00,tablet,clothing,203,310.82
U012,P069,click,2026-04-01 07:20:00,mobile,clothing,340,58.13
U059,P088,add_to_cart,2026-04-01 07:20:00,tablet,home,543,61.44
U314,P056,add_to_cart,2026-04-01 07:21:00,desktop,beauty,538,146.32
U499,P094,view,2026-04-01 07:22:00,mobile,home,85,207.84
U232,P056,view,2026-04-01 07:25:00,tablet,clothing,64,133.88
U166,P068,add_to_cart,2026-04-01 07:27:00,desktop,electronics,352,219.79
U282,P002,add_to_cart,2026-04-01 07:28:00,mobile,clothing,553,213.4
U218,P100,add_to_cart,2026-04-01 07:28:00,desktop,home,442,237.11
U172,P057,add_to_cart,2026-04-01 07:29:00,desktop,clothing,574,234.35
U254,P076,add_to_cart,2026-04-01 07:29:00,desktop,electronics,537,24.75
U119,P087,click,2026-04-01 07:30:00,desktop,electronics,48,63.52
U180,P021,click,2026-04-01 07:31:00,mobile,beauty,471,84.09
U494,P062,view,2026-04-01 07:31:00,mobile,electronics,109,145.92
U256,P062,click,2026-04-01 07:31:00,mobile,electronics,432,135.17
U099,P084,view,2026-04-01 07:33:00,tablet,beauty,176,254.17
U331,P063,click,2026-04-01 07:33:00,tablet,home,470,180.39
U144,P031,view,2026-04-01 07:37:00,mobile,electronics,319,363.98
U345,P076,click,2026-04-01 07:37:00,desktop,home,274,295.41
U415,P055,view,2026-04-01 07:38:00,tablet,electronics,371,489.9
U247,P013,click,2026-04-01 07:38:00,tablet,beauty,293,122.98
U180,P057,add_to_cart,2026-04-01 07:39:00,desktop,clothing,561,72.87
U013,P014,add_to_cart,2026-04-01 07:41:00,tablet,electronics,580,180.09
U044,P003,add_to_cart,2026-04-01 07:42:00,mobile,electronics,460,82.43
U080,P050,click,2026-04-01 07:43:00,desktop,electronics,268,251.98
U241,P046,click,2026-04-01 07:44:00,mobile,beauty,371,93.39
U382,P045,view,2026-04-01 07:44:00,desktop,beauty,166,365.27
U457,P065,view,2026-04-01 07:47:00,mobile,home,216,227.33
U460,P099,add_to_cart,2026-04-01 07:48:00,desktop,clothing,555,15.63
U358,P009,add_to_cart,2026-04-01 07:48:00,desktop,beauty,542,19.7
U254,P054,view,2026-04-01 07:49:00,mobile,home,45,50.37
U016,P081,click,2026-04-01 07:49:00,desktop,beauty,363,179.1
U308,P081,click,2026-04-01 07:49:00,desktop,electronics,282,211.95
U258,P052,click,2026-04-01 07:49:00,mobile,beauty,568,194.37
U195,P094,click,2026-04-01 07:50:00,tablet,home,427,201.55
U203,P019,view,2026-04-01 07:50:00,tablet,clothing,230,197.84
U257,P050,click,2026-04-01 07:51:00,mobile,electronics,275,314.29
U319,P049,view,2026-04-01 07:51:00,tablet,electronics,108,268.08
U408,P095,view,2026-04-01 07:52:00,tablet,beauty,170,36.61
U343,P099,click,2026-04-01 07:53:00,mobile,home,267,156.23
U043,P093,click,2026-04-01 07:56:00,desktop,beauty,482,192.35
U373,P016,click,2026-04-01 07:56:00,tablet,clothing,284,122.96
U392,P001,click,2026-04-01 07:58:00,desktop,electronics,67,205.35
U126,P053,view,2026-04-01 08:02:00,desktop,clothing,136,148.72
U123,P008,click,2026-04-01 08:03:00,mobile,beauty,550,131.2
U234,P046,click,2026-04-01 08:06:00,tablet,beauty,484,107.28
U367,P030,click,2026-04-01 08:06:00,desktop,clothing,431,447.11
U211,P073,click,2026-04-01 08:08:00,mobile,beauty,283,102.59
U249,P015,view,2026-04-01 08:10:00,mobile,electronics,386,427.55
U208,P070,view,2026-04-01 08:13:00,mobile,clothing,30,442.73
U437,P096,view,2026-04-01 08:13:00,mobile,beauty,44,456.01
U457,P051,view,2026-04-01 08:13:00,mobile,beauty,478,497.8
U244,P086,click,2026-04-01 08:22:00,desktop,home,480,166.78
U286,P095,click,2026-04-01 08:24:00,tablet,home,317,238.62
U353,P070,add_to_cart,2026-04-01 08:26:00,mobile,beauty,596,150.23
U369,P055,click,2026-04-01 08:26:00,tablet,beauty,311,176.55
U165,P029,view,2026-04-01 08:27:00,mobile,electronics,290,338.33
U292,P048,view,2026-04-01 08:27:00,desktop,home,114,388.6
U001,P022,view,2026-04-01 08:28:00,tablet,electronics,276,400.63
U258,P077,click,2026-04-01 08:30:00,desktop,clothing,465,209.17
U338,P005,click,2026-04-01 08:30:00,desktop,home,296,485.39
U288,P100,view,2026-04-01 08:31:00,mobile,clothing,51,88.49
U114,P011,click,2026-04-01 08:32:00,mobile,electronics,413,180.09
U129,P027,click,2026-04-01 08:33:00,desktop,electronics,276,399.19
U394,P068,click,2026-04-01 08:34:00,desktop,electronics,34,376.1
U307,P027,click,2026-04-01 08:38:00,tablet,home,479,155.22
U397,P100,view,2026-04-01 08:39:00,tablet,beauty,17,53.57
U079,P019,click,2026-04-01 08:39:00,mobile,clothing,337,335.1
U320,P095,view,2026-04-01 08:39:00,mobile,home,30,141.1
U469,P071,view,2026-04-01 08:39:00,mobile,electronics,103,350.4
U463,P002,click,2026-04-01 08:43:00,mobile,clothing,502,358.19
U035,P008,view,2026-04-01 08:43:00,mobile,beauty,285,205.94
U079,P062,click,2026-04-01 08:43:00,desktop,beauty,471,479.74
U327,P001,view,2026-04-01 08:43:00,mobile,beauty,112,195.85
U115,P006,view,2026-04-01 08:49:00,mobile,home,282,90.8
U372,P026,click,2026-04-01 08:50:00,mobile,electronics,508,341.67
U121,P031,view,2026-04-01 08:51:00,mobile,home,28,14.54
U318,P016,view,2026-04-01 08:52:00,mobile,home,33,380.23
U168,P098,add_to_cart,2026-04-01 08:53:00,mobile,clothing,491,42.69
U323,P069,add_to_cart,2026-04-01 08:53:00,tablet,electronics,548,14.64
U279,P053,click,2026-04-01 08:54:00,tablet,clothing,381,32.85
U165,P053,click,2026-04-01 08:59:00,mobile,beauty,583,321.88
U239,P056,click,2026-04-01 08:59:00,desktop,home,516,408.14
U111,P052,view,2026-04-01 08:59:00,mobile,home,175,225.58
U168,P088,view,2026-04-01 09:00:00,tablet,home,467,473.17
U115,P071,click,2026-04-01 09:02:00,tablet,clothing,393,76.44
U183,P010,view,2026-04-01 09:02:00,tablet,electronics,331,437.29
U166,P092,click,2026-04-01 09:03:00,desktop,home,175,312.93
U183,P097,click,2026-04-01 09:03:00,desktop,clothing,235,107.17
U064,P074,click,2026-04-01 09:04:00,desktop,electronics,208,207.51
U248,P069,click,2026-04-01 09:04:00,desktop,beauty,122,168.6
U134,P068,click,2026-04-01 09:05:00,mobile,electronics,359,356.44
U037,P067,view,2026-04-01 09:05:00,mobile,beauty,393,487.85
U051,P032,click,2026-04-01 09:08:00,tablet,electronics,452,357.85
U269,P095,view,2026-04-01 09:08:00,mobile,home,259,434.9
U052,P027,add_to_cart,2026-04-01 09:09:00,tablet,electronics,546,107.28
U411,P028,view,2026-04-01 09:11:00,mobile,beauty,410,343.53
U017,P073,click,2026-04-01 09:11:00,tablet,beauty,370,87.54
U389,P027,view,2026-04-01 09:15:00,mobile,electronics,56,471.7
U401,P006,click,2026-04-01 09:18:00,tablet,beauty,368,286.25
U147,P033,view,2026-04-01 09:18:00,tablet,beauty,80,219.55
U248,P025,click,2026-04-01 09:19:00,desktop,clothing,162,235.84
U437,P080,click,2026-04-01 09:20:00,mobile,beauty,426,159.7
U199,P033,add_to_cart,2026-04-01 09:22:00,desktop,electronics,276,39.09
U442,P070,add_to_cart,2026-04-01 09:22:00,tablet,clothing,551,120.6
U092,P068,click,2026-04-01 09:27:00,mobile,home,479,264.46
U276,P072,click,2026-04-01 09:27:00,mobile,beauty,447,247.83
U019,P002,click,2026-04-01 09:28:00,tablet,electronics,285,73.37
U419,P025,add_to_cart,2026-04-01 09:28:00,desktop,home,512,311.57
U456,P033,view,2026-04-01 09:28:00,desktop,electronics,142,417.0
U258,P002,view,2026-04-01 09:29:00,mobile,clothing,274,408.21
U092,P025,view,2026-04-01 09:30:00,mobile,home,75,455.83
U485,P060,view,2026-04-01 09:32:00,desktop,clothing,139,355.33
U460,P076,click,2026-04-01 09:32:00,mobile,beauty,201,46.6
U221,P049,add_to_cart,2026-04-01 09:33:00,mobile,home,590,219.64
U260,P046,click,2026-04-01 09:33:00,mobile,beauty,568,275.28
U210,P006,view,2026-04-01 09:36:00,tablet,home,34,195.51
U079,P019,view,2026-04-01 09:36:00,tablet,electronics,266,482.13
U121,P019,view,2026-04-01 09:36:00,mobile,beauty,394,364.47
U021,P038,view,2026-04-01 09:39:00,tablet,home,234,444.82
U172,P098,view,2026-04-01 09:39:00,mobile,beauty,142,59.01
U154,P030,click,2026-04-01 09:40:00,mobile,clothing,578,165.19
U308,P059,view,2026-04-01 09:40:00,tablet,home,29,464.73
U335,P009,add_to_cart,2026-04-01 09:41:00,desktop,beauty,410,18.89
U073,P025,view,2026-04-01 09:42:00,desktop,home,196,458.89
U204,P035,add_to_cart,2026-04-01 09:42:00,desktop,home,430,48.93
U189,P096,click,2026-04-01 09:44:00,mobile,home,100,51.68
U407,P006,add_to_cart,2026-04-01 09:45:00,mobile,clothing,594,74.31
U174,P060,click,2026-04-01 09:45:00,desktop,home,266,418.17
U403,P006,add_to_cart,2026-04-01 09:46:00,tablet,beauty,561,58.42
U088,P093,click,2026-04-01 09:48:00,desktop,beauty,86,82.04
U293,P069,view,2026-04-01 09:49:00,mobile,clothing,57,122.68
U037,P055,click,2026-04-01 09:51:00,desktop,clothing,326,223.29
U170,P084,view,2026-04-01 09:52:00,desktop,clothing,130,479.32
U214,P053,view,2026-04-01 09:53:00,tablet,beauty,29,415.4
U211,P053,click,2026-04-01 09:53:00,desktop,clothing,313,112.64
U143,P041,view,2026-04-01 09:54:00,tablet,clothing,219,127.96
U113,P061,click,2026-04-01 09:54:00,desktop,home,298,325.18
U452,P031,view,2026-04-01 09:56:00,mobile,home,102,492.95
U087,P082,click,2026-04-01 09:57:00,tablet,clothing,486,335.82
U406,P076,add_to_cart,2026-04-01 09:57:00,mobile,electronics,560,109.9
U377,P044,view,2026-04-01 09:57:00,mobile,clothing,150,41.11
U057,P038,view,2026-04-01 09:58:00,desktop,beauty,153,476.39
U131,P061,view,2026-04-01 09:58:00,tablet,home,372,478.79
U463,P055,click,2026-04-01 09:58:00,mobile,electronics,415,232.2
U261,P073,click,2026-04-01 09:58:00,desktop,electronics,296,158.2
U451,P021,click,2026-04-01 09:59:00,tablet,home,308,54.6
U139,P089,view,2026-04-01 10:00:00,mobile,home,161,266.23
U025,P078,click,2026-04-01 10:00:00,mobile,clothing,358,92.75
U456,P022,view,2026-04-01 10:00:00,tablet,home,268,347.36
U419,P078,view,2026-04-01 10:06:00,tablet,electronics,46,309.85
U221,P014,view,2026-04-01 10:06:00,tablet,beauty,167,483.82
U174,P014,click,2026-04-01 10:06:00,desktop,clothing,371,48.09
U442,P013,add_to_cart,2026-04-01 10:08:00,desktop,home,513,52.68
U330,P012,view,2026-04-01 10:09:00,mobile,home,263,363.79
U195,P020,click,2026-04-01 10:09:00,desktop,electronics,556,479.8
U130,P004,view,2026-04-01 10:10:00,mobile,home,271,499.04
U249,P069,view,2026-04-01 10:13:00,tablet,beauty,158,181.61
U372,P086,view,2026-04-01 10:13:00,tablet,clothing,69,44.21
U158,P042,view,2026-04-01 10:13:00,desktop,electronics,61,299.64
U484,P029,click,2026-04-01 10:14:00,mobile,home,504,465.48
U286,P044,click,2026-04-01 10:14:00,mobile,clothing,469,267.58
U071,P044,view,2026-04-01 10:15:00,mobile,beauty,100,420.31
U008,P085,click,2026-04-01 10:15:00,mobile,beauty,292,47.68
U157,P068,view,2026-04-01 10:15:00,mobile,clothing,380,492.52
U363,P027,click,2026-04-01 10:15:00,tablet,beauty,506,160.52
U039,P068,click,2026-04-01 10:18:00,desktop,electronics,164,199.42
U122,P018,add_to_cart,2026-04-01 10:18:00,desktop,beauty,458,311.39
U162,P028,click,2026-04-01 10:18:00,mobile,clothing,585,456.94
U071,P052,view,2026-04-01 10:20:00,tablet,beauty,59,305.65
U378,P012,view,2026-04-01 10:20:00,mobile,beauty,273,433.97
U099,P018,view,2026-04-01 10:22:00,mobile,clothing,12,387.61
U327,P016,click,2026-04-01 10:22:00,mobile,beauty,368,101.4
U056,P013,click,2026-04-01 10:24:00,desktop,clothing,342,273.94
U484,P039,view,2026-04-01 10:25:00,mobile,home,194,420.61
U325,P046,view,2026-04-01 10:26:00,mobile,clothing,279,205.11
U059,P030,click,2026-04-01 10:28:00,mobile,clothing,248,49.37
U291,P024,click,2026-04-01 10:29:00,desktop,home,139,114.6
U147,P016,view,2026-04-01 10:31:00,tablet,beauty,103,307.48
U007,P038,click,2026-04-01 10:32:00,tablet,beauty,338,88.87
U459,P038,click,2026-04-01 10:33:00,mobile,electronics,431,130.66
U297,P019,view,2026-04-01 10:33:00,mobile,electronics,363,464.16
U401,P021,view,2026-04-01 10:35:00,tablet,home,362,449.63
U265,P005,add_to_cart,2026-04-01 10:37:00,desktop,clothing,570,227.09
U167,P085,click,2026-04-01 10:40:00,tablet,beauty,564,486.96
U320,P079,click,2026-04-01 10:40:00,tablet,clothing,528,246.4
U300,P023,add_to_cart,2026-04-01 10:41:00,desktop,beauty,489,26.85
U216,P056,click,2026-04-01 10:41:00,desktop,home,238,16.52
U480,P046,click,2026-04-01 10:42:00,desktop,home,277,258.3
U080,P010,click,2026-04-01 10:42:00,desktop,electronics,518,405.84
U391,P003,view,2026-04-01 10:42:00,tablet,electronics,171,232.74
U107,P011,click,2026-04-01 10:44:00,mobile,electronics,264,125.19
U016,P071,view,2026-04-01 10:47:00,tablet,electronics,143,138.83
U227,P085,click,2026-04-01 10:48:00,mobile,electronics,267,228.05
U196,P010,click,2026-04-01 10:48:00,mobile,beauty,474,123.86
U490,P027,view,2026-04-01 10:49:00,desktop,home,103,298.98
U299,P053,click,2026-04-01 10:49:00,desktop,home,342,329.86
U359,P043,click,2026-04-01 10:53:00,mobile,clothing,438,432.31
U470,P069,view,2026-04-01 10:53:00,mobile,electronics,25,332.89
U307,P007,view,2026-04-01 10:54:00,tablet,clothing,24,50.95
U488,P027,view,2026-04-01 10:56:00,tablet,clothing,302,484.0
U451,P081,view,2026-04-01 10:56:00,tablet,electronics,227,465.87
U424,P031,click,2026-04-01 10:56:00,tablet,beauty,310,143.76
U470,P030,view,2026-04-01 10:56:00,tablet,home,58,292.26
U216,P039,view,2026-04-01 11:00:00,desktop,clothing,117,393.68
U150,P098,click,2026-04-01 11:00:00,desktop,electronics,283,78.74
U037,P035,click,2026-04-01 11:00:00,desktop,electronics,422,296.19
U077,P060,add_to_cart,2026-04-01 11:01:00,mobile,home,579,28.57
U408,P080,click,2026-04-01 11:01:00,desktop,electronics,235,382.66
U290,P076,click,2026-04-01 11:02:00,desktop,electronics,23,275.78
U477,P084,click,2026-04-01 11:05:00,tablet,electronics,472,266.77
U493,P018,view,2026-04-01 11:06:00,tablet,home,205,207.64
U324,P047,click,2026-04-01 11:07:00,desktop,electronics,141,301.53
U428,P088,click,2026-04-01 11:07:00,desktop,home,142,167.52
U077,P006,click,2026-04-01 11:10:00,mobile,electronics,393,158.95
U432,P031,click,2026-04-01 11:11:00,desktop,clothing,522,438.18
U406,P039,click,2026-04-01 11:12:00,tablet,electronics,424,280.36
U019,P073,view,2026-04-01 11:12:00,tablet,home,199,223.6
U381,P002,view,2026-04-01 11:13:00,mobile,clothing,331,427.35
U371,P050,click,2026-04-01 11:13:00,mobile,home,583,133.96
U168,P007,click,2026-04-01 11:13:00,mobile,clothing,459,180.15
U420,P068,view,2026-04-01 11:15:00,tablet,clothing,159,436.71
U238,P063,add_to_cart,2026-04-01 11:15:00,desktop,home,521,113.68
U348,P097,view,2026-04-01 11:17:00,tablet,clothing,131,273.65
U183,P064,view,2026-04-01 11:18:00,mobile,home,254,163.64
U314,P086,add_to_cart,2026-04-01 11:23:00,tablet,electronics,472,128.06
U064,P037,view,2026-04-01 11:23:00,mobile,electronics,168,256.98
U375,P045,view,2026-04-01 11:25:00,mobile,electronics,364,486.09
U479,P066,click,2026-04-01 11:26:00,mobile,home,562,409.74
U143,P033,click,2026-04-01 11:27:00,mobile,electronics,457,391.0
U314,P036,view,2026-04-01 11:27:00,tablet,home,123,147.24
U379,P093,view,2026-04-01 11:31:00,mobile,beauty,254,266.64
U175,P004,click,2026-04-01 11:34:00,tablet,beauty,511,203.49
U166,P049,add_to_cart,2026-04-01 11:35:00,mobile,clothing,590,32.73
U230,P031,click,2026-04-01 11:36:00,desktop,home,405,174.66
U040,P002,view,2026-04-01 11:36:00,mobile,electronics,26,119.31
U222,P098,view,2026-04-01 11:37:00,desktop,beauty,103,221.37
U162,P078,view,2026-04-01 11:38:00,tablet,beauty,116,263.49
U252,P034,view,2026-04-01 11:38:00,mobile,beauty,483,441.33
U499,P039,view,2026-04-01 11:39:00,tablet,electronics,135,233.62
U117,P020,click,2026-04-01 11:39:00,tablet,electronics,530,447.6
U205,P060,click,2026-04-01 11:41:00,tablet,clothing,347,103.92
U325,P009,click,2026-04-01 11:41:00,tablet,electronics,423,195.16
U455,P011,click,2026-04-01 11:42:00,desktop,home,195,94.86
U103,P003,view,2026-04-01 11:45:00,mobile,electronics,248,477.97
U240,P020,view,2026-04-01 11:46:00,tablet,electronics,175,265.15
U200,P051,view,2026-04-01 11:47:00,tablet,clothing,178,19.33
U128,P030,add_to_cart,2026-04-01 11:47:00,mobile,beauty,538,84.76
U236,P015,click,2026-04-01 11:47:00,tablet,home,335,255.56
U104,P018,view,2026-04-01 11:48:00,tablet,clothing,13,489.54
U494,P040,view,2026-04-01 11:50:00,desktop,beauty,75,54.38
U257,P051,click,2026-04-01 11:50:00,desktop,beauty,369,376.68
U396,P046,view,2026-04-01 11:50:00,mobile,electronics,87,471.0
U347,P005,click,2026-04-01 11:51:00,mobile,clothing,560,301.96
U182,P091,view,2026-04-01 11:53:00,desktop,clothing,72,280.08
U018,P025,view,2026-04-01 11:54:00,tablet,home,333,329.97
U360,P064,view,2026-04-01 11:55:00,tablet,electronics,74,126.88
U477,P045,click,2026-04-01 11:55:00,mobile,beauty,322,149.02
U109,P002,click,2026-04-01 11:55:00,tablet,electronics,196,174.36
U262,P049,view,2026-04-01 11:58:00,tablet,electronics,66,174.32
U292,P037,click,2026-04-01 11:58:00,desktop,electronics,211,320.96
U475,P066,view,2026-04-01 11:59:00,mobile,home,59,459.1
U499,P032,click,2026-04-01 11:59:00,tablet,home,94,13.15
U223,P057,view,2026-04-01 12:01:00,desktop,beauty,119,204.29
U385,P080,click,2026-04-01 12:01:00,tablet,beauty,420,294.59
U201,P039,view,2026-04-01 12:02:00,desktop,electronics,63,410.05
U469,P010,click,2026-04-01 12:04:00,mobile,clothing,365,143.71
U315,P073,view,2026-04-01 12:04:00,mobile,beauty,76,477.85
U252,P087,click,2026-04-01 12:10:00,mobile,beauty,502,339.05
U469,P013,view,2026-04-01 12:10:00,mobile,electronics,84,257.15
U066,P001,click,2026-04-01 12:10:00,tablet,beauty,331,59.43
U456,P078,view,2026-04-01 12:10:00,desktop,clothing,15,430.9
U435,P095,click,2026-04-01 12:11:00,tablet,electronics,538,261.94
U028,P055,click,2026-04-01 12:11:00,tablet,electronics,185,223.38
U125,P043,view,2026-04-01 12:12:00,tablet,electronics,200,370.54
U370,P054,view,2026-04-01 12:13:00,tablet,home,178,398.1
U015,P081,click,2026-04-01 12:13:00,mobile,beauty,587,205.02
U336,P081,view,2026-04-01 12:14:00,tablet,beauty,293,395.51
U273,P016,click,2026-04-01 12:15:00,desktop,clothing,444,279.97
U235,P024,click,2026-04-01 12:15:00,desktop,beauty,389,385.29
U073,P054,click,2026-04-01 12:16:00,mobile,clothing,497,496.18
U344,P006,view,2026-04-01 12:17:00,tablet,electronics,258,454.64
U271,P074,add_to_cart,2026-04-01 12:18:00,desktop,clothing,371,149.82
U309,P059,view,2026-04-01 12:19:00,mobile,clothing,102,27.62
U044,P037,view,2026-04-01 12:19:00,desktop,home,38,10.92
U343,P080,view,2026-04-01 12:20:00,tablet,electronics,134,187.91
U316,P051,click,2026-04-01 12:20:00,tablet,beauty,253,21.28
U376,P025,click,2026-04-01 12:21:00,tablet,electronics,238,259.88
U297,P038,add_to_cart,2026-04-01 12:23:00,desktop,beauty,414,24.72
U364,P075,add_to_cart,2026-04-01 12:25:00,desktop,electronics,580,273.39
U263,P031,add_to_cart,2026-04-01 12:25:00,desktop,beauty,527,236.68
U126,P069,click,2026-04-01 12:25:00,mobile,home,505,402.01
U166,P048,view,2026-04-01 12:25:00,tablet,electronics,83,133.11
U377,P069,view,2026-04-01 12:26:00,tablet,home,178,420.11
U079,P098,view,2026-04-01 12:26:00,tablet,home,22,121.68
U266,P006,click,2026-04-01 12:27:00,tablet,electronics,549,264.59
U105,P069,add_to_cart,2026-04-01 12:28:00,tablet,electronics,539,57.79
U353,P076,view,2026-04-01 12:34:00,mobile,home,238,295.66
U245,P010,view,2026-04-01 12:34:00,desktop,beauty,29,373.77
U087,P032,add_to_cart,2026-04-01 12:36:00,tablet,clothing,534,56.65
U352,P088,view,2026-04-01 12:36:00,tablet,electronics,305,419.0
U151,P041,view,2026-04-01 12:36:00,desktop,clothing,275,382.37
U456,P009,click,2026-04-01 12:37:00,desktop,clothing,185,231.85
U310,P096,view,2026-04-01 12:39:00,tablet,home,56,94.57
U351,P042,view,2026-04-01 12:39:00,mobile,home,72,287.92
U335,P032,click,2026-04-01 12:39:00,desktop,clothing,359,327.32
U154,P030,view,2026-04-01 12:42:00,mobile,home,176,79.23
U133,P077,view,2026-04-01 12:43:00,tablet,clothing,26,73.82
U428,P092,view,2026-04-01 12:44:00,tablet,clothing,349,202.29
U099,P043,view,2026-04-01 12:44:00,desktop,home,82,303.36
U178,P021,view,2026-04-01 12:45:00,mobile,beauty,320,463.31
U330,P059,view,2026-04-01 12:45:00,tablet,beauty,100,82.62
U470,P026,add_to_cart,2026-04-01 12:46:00,desktop,beauty,592,403.63
U482,P078,click,2026-04-01 12:47:00,desktop,home,266,258.34
U392,P028,view,2026-04-01 12:48:00,desktop,beauty,46,456.78
U042,P079,click,2026-04-01 12:49:00,desktop,home,101,294.92
U354,P055,view,2026-04-01 12:51:00,mobile,beauty,321,427.09
U291,P008,view,2026-04-01 12:55:00,desktop,beauty,215,454.96
U015,P025,view,2026-04-01 12:56:00,desktop,home,103,417.64
U102,P074,click,2026-04-01 12:57:00,tablet,clothing,574,480.02
U026,P043,view,2026-04-01 12:57:00,desktop,clothing,59,359.87
U288,P054,click,2026-04-01 12:57:00,desktop,home,386,179.23
U365,P042,add_to_cart,2026-04-01 12:57:00,tablet,electronics,583,282.34
U263,P063,view,2026-04-01 12:58:00,tablet,electronics,292,499.71
U142,P098,click,2026-04-01 12:58:00,desktop,home,292,226.06
U187,P057,add_to_cart,2026-04-01 12:58:00,mobile,electronics,351,15.83
U234,P075,click,2026-04-01 12:59:00,tablet,clothing,540,161.83
U044,P098,click,2026-04-01 13:00:00,desktop,home,177,206.25
U152,P019,click,2026-04-01 13:00:00,tablet,clothing,383,98.44
U461,P034,view,2026-04-01 13:01:00,tablet,beauty,34,71.77
U081,P080,view,2026-04-01 13:03:00,tablet,beauty,111,460.0
U130,P060,view,2026-04-01 13:04:00,tablet,beauty,114,457.73
U258,P030,view,2026-04-01 13:04:00,desktop,clothing,173,327.91
U449,P005,click,2026-04-01 13:04:00,tablet,beauty,461,193.38
U466,P050,click,2026-04-01 13:06:00,desktop,home,232,205.96
U447,P071,view,2026-04-01 13:06:00,mobile,home,197,392.95
U247,P091,view,2026-04-01 13:07:00,tablet,electronics,66,150.42
U286,P014,add_to_cart,2026-04-01 13:09:00,desktop,home,558,136.68
U410,P022,add_to_cart,2026-04-01 13:10:00,desktop,beauty,571,111.37
U342,P088,view,2026-04-01 13:11:00,mobile,clothing,365,475.38
U166,P010,click,2026-04-01 13:11:00,tablet,clothing,475,315.08
U271,P050,view,2026-04-01 13:13:00,mobile,clothing,453,485.15
U309,P095,click,2026-04-01 13:14:00,tablet,home,574,326.7
U120,P057,click,2026-04-01 13:14:00,desktop,beauty,330,132.59
U259,P008,click,2026-04-01 13:15:00,mobile,clothing,455,456.77
U201,P057,view,2026-04-01 13:15:00,mobile,clothing,12,60.66
U033,P058,click,2026-04-01 13:15:00,desktop,electronics,327,420.08
U461,P071,click,2026-04-01 13:16:00,desktop,home,338,192.92
U324,P019,view,2026-04-01 13:16:00,mobile,clothing,175,295.04
U429,P090,click,2026-04-01 13:17:00,tablet,electronics,567,460.84
U006,P051,add_to_cart,2026-04-01 13:17:00,desktop,electronics,223,39.19
U452,P068,add_to_cart,2026-04-01 13:18:00,desktop,beauty,494,332.41
U384,P035,click,2026-04-01 13:18:00,desktop,beauty,468,289.06
U112,P022,view,2026-04-01 13:18:00,desktop,clothing,147,323.49
U449,P093,click,2026-04-01 13:19:00,tablet,clothing,360,12.5
U031,P085,view,2026-04-01 13:20:00,desktop,beauty,69,251.75
U172,P089,click,2026-04-01 13:20:00,desktop,clothing,418,209.61
U034,P022,click,2026-04-01 13:20:00,tablet,clothing,492,234.7
U275,P054,view,2026-04-01 13:25:00,tablet,home,256,362.65
U356,P056,view,2026-04-01 13:25:00,tablet,home,161,125.52
U325,P097,add_to_cart,2026-04-01 13:26:00,mobile,home,567,99.27
U389,P068,add_to_cart,2026-04-01 13:26:00,tablet,clothing,574,16.72
U327,P072,click,2026-04-01 13:27:00,mobile,electronics,574,480.78
U493,P076,click,2026-04-01 13:27:00,desktop,electronics,103,134.85
U391,P007,view,2026-04-01 13:28:00,mobile,home,156,334.22
U468,P022,add_to_cart,2026-04-01 13:29:00,desktop,clothing,522,56.41
U095,P042,add_to_cart,2026-04-01 13:29:00,desktop,electronics,460,366.01
U051,P010,add_to_cart,2026-04-01 13:30:00,mobile,beauty,581,201.56
U108,P053,view,2026-04-01 13:31:00,mobile,clothing,240,69.64
U357,P091,add_to_cart,2026-04-01 13:31:00,desktop,clothing,270,21.93
U309,P015,view,2026-04-01 13:31:00,mobile,electronics,174,239.47
U463,P099,click,2026-04-01 13:33:00,mobile,home,288,30.78
U412,P005,view,2026-04-01 13:33:00,mobile,electronics,438,485.52
U334,P036,view,2026-04-01 13:33:00,tablet,beauty,45,375.83
U048,P030,click,2026-04-01 13:34:00,desktop,beauty,362,210.97
U191,P033,view,2026-04-01 13:36:00,tablet,beauty,220,328.99
U104,P068,view,2026-04-01 13:38:00,tablet,beauty,381,226.12
U261,P021,view,2026-04-01 13:42:00,mobile,clothing,166,206.88
U144,P077,click,2026-04-01 13:42:00,tablet,electronics,520,484.16
U031,P026,click,2026-04-01 13:44:00,tablet,electronics,372,48.32
U113,P041,view,2026-04-01 13:44:00,mobile,electronics,68,438.87
U421,P085,add_to_cart,2026-04-01 13:46:00,mobile,beauty,527,117.74
U307,P065,click,2026-04-01 13:47:00,mobile,clothing,495,425.13
U024,P061,click,2026-04-01 13:47:00,desktop,home,270,422.47
U392,P085,view,2026-04-01 13:47:00,mobile,beauty,65,352.37
U007,P010,click,2026-04-01 13:47:00,tablet,electronics,386,168.57
U028,P060,click,2026-04-01 13:49:00,desktop,beauty,226,80.78
U184,P032,click,2026-04-01 13:50:00,tablet,beauty,580,404.85
U459,P067,add_to_cart,2026-04-01 13:50:00,desktop,home,519,367.73
U269,P082,view,2026-04-01 13:51:00,tablet,home,178,297.76
U395,P004,view,2026-04-01 13:53:00,mobile,beauty,25,142.61
U310,P069,view,2026-04-01 13:54:00,mobile,beauty,89,348.17
U258,P025,add_to_cart,2026-04-01 13:54:00,desktop,beauty,461,122.78
U453,P038,click,2026-04-01 13:54:00,desktop,beauty,320,280.07
U096,P018,click,2026-04-01 13:56:00,tablet,home,527,430.9
U191,P034,view,2026-04-01 13:57:00,tablet,clothing,38,366.39
U323,P095,click,2026-04-01 13:58:00,desktop,home,422,476.72
U051,P100,click,2026-04-01 13:59:00,tablet,electronics,599,373.15
U419,P071,click,2026-04-01 13:59:00,mobile,home,344,149.9
U085,P011,click,2026-04-01 13:59:00,mobile,home,469,222.69
U202,P011,add_to_cart,2026-04-01 14:01:00,desktop,electronics,445,110.43
U065,P080,view,2026-04-01 14:02:00,mobile,clothing,82,62.68
U346,P083,view,2026-04-01 14:03:00,tablet,electronics,195,474.75
U334,P014,view,2026-04-01 14:03:00,mobile,clothing,129,287.5
U058,P053,view,2026-04-01 14:03:00,mobile,electronics,46,181.2
U322,P083,add_to_cart,2026-04-01 14:04:00,desktop,electronics,344,172.58
U428,P001,click,2026-04-01 14:04:00,tablet,electronics,546,461.78
U139,P041,click,2026-04-01 14:05:00,tablet,beauty,491,208.34
U342,P088,click,2026-04-01 14:06:00,desktop,beauty,409,277.22
U293,P058,click,2026-04-01 14:08:00,desktop,electronics,379,147.22
U068,P051,click,2026-04-01 14:09:00,tablet,clothing,499,47.05
U001,P023,view,2026-04-01 14:09:00,mobile,clothing,168,320.99
U332,P030,add_to_cart,2026-04-01 14:11:00,desktop,beauty,544,101.65
U370,P080,view,2026-04-01 14:11:00,mobile,beauty,215,413.79
U243,P051,add_to_cart,2026-04-01 14:12:00,mobile,electronics,600,368.06
U405,P017,view,2026-04-01 14:15:00,mobile,clothing,241,269.02
U479,P024,click,2026-04-01 14:16:00,mobile,electronics,422,331.15
U249,P002,click,2026-04-01 14:16:00,desktop,clothing,528,466.7
U191,P025,add_to_cart,2026-04-01 14:16:00,desktop,electronics,568,115.02
U386,P009,view,2026-04-01 14:19:00,tablet,beauty,186,480.49
U013,P046,view,2026-04-01 14:20:00,mobile,clothing,90,172.9
U085,P067,view,2026-04-01 14:20:00,tablet,electronics,324,466.81
U380,P073,view,2026-04-01 14:22:00,tablet,clothing,183,68.94
U178,P006,click,2026-04-01 14:25:00,mobile,electronics,476,274.43
U164,P023,click,2026-04-01 14:25:00,desktop,beauty,499,438.92
U324,P025,view,2026-04-01 14:26:00,desktop,home,350,490.83
U423,P098,click,2026-04-01 14:27:00,tablet,electronics,373,343.92
U235,P066,click,2026-04-01 14:27:00,tablet,electronics,470,499.91
U074,P069,click,2026-04-01 14:28:00,desktop,home,558,472.31
U029,P058,click,2026-04-01 14:29:00,mobile,electronics,519,336.44
U066,P021,view,2026-04-01 14:35:00,mobile,electronics,119,433.37
U120,P040,view,2026-04-01 14:36:00,mobile,beauty,461,366.82
U480,P083,click,2026-04-01 14:36:00,tablet,electronics,532,268.32
U265,P064,click,2026-04-01 14:40:00,desktop,electronics,535,451.74
U464,P048,view,2026-04-01 14:40:00,tablet,beauty,380,372.52
U291,P084,view,2026-04-01 14:41:00,tablet,beauty,387,487.19
U377,P061,click,2026-04-01 14:42:00,desktop,beauty,210,69.72
U172,P070,click,2026-04-01 14:45:00,desktop,electronics,43,110.67
U159,P011,click,2026-04-01 14:46:00,mobile,beauty,385,92.45
U224,P014,add_to_cart,2026-04-01 14:46:00,desktop,beauty,469,53.54
U457,P011,click,2026-04-01 14:46:00,tablet,beauty,316,114.22
U405,P037,click,2026-04-01 14:48:00,tablet,home,539,303.81
U344,P061,view,2026-04-01 14:49:00,tablet,home,286,246.74
U040,P009,click,2026-04-01 14:49:00,desktop,home,339,243.13
U203,P007,view,2026-04-01 14:49:00,tablet,beauty,296,414.96
U017,P090,view,2026-04-01 14:49:00,desktop,clothing,113,338.32
U058,P018,click,2026-04-01 14:50:00,mobile,beauty,406,277.99
U235,P080,view,2026-04-01 14:50:00,mobile,electronics,295,495.68
U149,P058,view,2026-04-01 14:54:00,mobile,home,150,150.66
U411,P008,click,2026-04-01 14:55:00,desktop,electronics,246,310.36
U440,P022,view,2026-04-01 14:55:00,tablet,home,191,316.9
U495,P053,view,2026-04-01 14:55:00,mobile,clothing,126,111.73
U398,P023,view,2026-04-01 14:56:00,tablet,home,235,29.09
U447,P014,click,2026-04-01 14:56:00,tablet,clothing,222,16.14
U489,P033,click,2026-04-01 14:58:00,desktop,home,116,158.51
U302,P051,add_to_cart,2026-04-01 14:59:00,tablet,electronics,357,96.2
U165,P010,click,2026-04-01 14:59:00,desktop,home,153,33.88
U108,P047,click,2026-04-01 15:00:00,mobile,clothing,411,190.57
U478,P005,click,2026-04-01 15:00:00,tablet,home,461,313.62
U210,P075,view,2026-04-01 15:01:00,mobile,home,197,142.41
U309,P085,click,2026-04-01 15:01:00,desktop,electronics,275,380.01
U292,P037,view,2026-04-01 15:03:00,desktop,beauty,34,90.09
U483,P076,add_to_cart,2026-04-01 15:04:00,desktop,clothing,557,374.12
U477,P004,click,2026-04-01 15:06:00,tablet,beauty,473,142.74
U185,P036,click,2026-04-01 15:06:00,tablet,home,378,124.0
U110,P017,click,2026-04-01 15:06:00,desktop,clothing,172,93.2
U111,P063,view,2026-04-01 15:08:00,desktop,clothing,51,154.62
U437,P019,click,2026-04-01 15:08:00,desktop,home,278,92.15
U010,P007,click,2026-04-01 15:10:00,desktop,beauty,318,235.31
U084,P071,click,2026-04-01 15:11:00,desktop,clothing,290,126.87
U007,P053,view,2026-04-01 15:11:00,tablet,beauty,105,112.17
U460,P060,add_to_cart,2026-04-01 15:12:00,desktop,electronics,577,129.83
U271,P049,view,2026-04-01 15:14:00,desktop,home,138,58.38
U331,P002,view,2026-04-01 15:16:00,mobile,electronics,285,335.66
U371,P032,click,2026-04-01 15:18:00,desktop,home,498,333.9
U310,P076,view,2026-04-01 15:19:00,mobile,clothing,298,394.68
U202,P086,view,2026-04-01 15:20:00,desktop,clothing,222,340.64
U464,P045,add_to_cart,2026-04-01 15:20:00,desktop,electronics,596,276.42
U062,P046,view,2026-04-01 15:21:00,tablet,beauty,27,81.91
U386,P046,view,2026-04-01 15:22:00,desktop,beauty,88,283.47
U400,P014,click,2026-04-01 15:23:00,desktop,electronics,500,489.99
U498,P059,click,2026-04-01 15:26:00,tablet,clothing,469,291.71
U171,P042,click,2026-04-01 15:26:00,desktop,home,255,104.98
U239,P032,click,2026-04-01 15:27:00,tablet,clothing,294,159.38
U080,P099,view,2026-04-01 15:27:00,mobile,clothing,436,492.07
U500,P050,click,2026-04-01 15:28:00,mobile,clothing,512,498.14
U280,P046,view,2026-04-01 15:28:00,tablet,clothing,63,199.18
U470,P005,view,2026-04-01 15:28:00,mobile,beauty,223,220.18
U247,P039,click,2026-04-01 15:29:00,desktop,home,194,281.07
U341,P062,view,2026-04-01 15:30:00,mobile,electronics,212,292.97
U235,P091,click,2026-04-01 15:30:00,tablet,home,318,11.67
U433,P076,view,2026-04-01 15:32:00,mobile,clothing,79,77.8
U266,P093,click,2026-04-01 15:33:00,desktop,clothing,473,326.72
U213,P002,view,2026-04-01 15:34:00,mobile,home,186,317.34
U264,P008,click,2026-04-01 15:34:00,mobile,electronics,305,95.24
U014,P092,add_to_cart,2026-04-01 15:37:00,desktop,clothing,472,84.67
U009,P040,view,2026-04-01 15:37:00,tablet,beauty,280,278.8
U120,P005,view,2026-04-01 15:39:00,tablet,beauty,295,483.18
U387,P027,click,2026-04-01 15:39:00,mobile,clothing,537,312.98
U417,P055,click,2026-04-01 15:42:00,tablet,electronics,558,281.33
U031,P011,view,2026-04-01 15:42:00,desktop,electronics,34,302.28
U350,P053,view,2026-04-01 15:42:00,mobile,home,347,426.57
U285,P073,view,2026-04-01 15:43:00,mobile,clothing,41,202.57
U398,P061,click,2026-04-01 15:45:00,desktop,electronics,25,28.46
U284,P055,add_to_cart,2026-04-01 15:45:00,desktop,beauty,463,106.38
U374,P016,click,2026-04-01 15:46:00,mobile,home,408,112.11
U100,P020,click,2026-04-01 15:47:00,desktop,clothing,457,394.24
U418,P019,view,2026-04-01 15:48:00,mobile,clothing,60,337.16
U340,P001,view,2026-04-01 15:50:00,tablet,beauty,278,419.18
U098,P025,click,2026-04-01 15:52:00,desktop,beauty,76,97.44
U062,P013,view,2026-04-01 15:54:00,tablet,clothing,311,316.65
U289,P033,click,2026-04-01 15:54:00,tablet,home,339,165.38
U063,P092,click,2026-04-01 15:58:00,mobile,beauty,564,351.57
U458,P074,click,2026-04-01 15:59:00,desktop,clothing,410,433.17
U069,P013,click,2026-04-01 15:59:00,tablet,beauty,256,20.38
U285,P068,view,2026-04-01 15:59:00,desktop,beauty,113,370.5
U103,P077,click,2026-04-01 16:00:00,desktop,electronics,535,403.28
U339,P091,add_to_cart,2026-04-01 16:02:00,desktop,home,475,186.19
U491,P082,click,2026-04-01 16:04:00,desktop,home,503,192.29
U245,P033,view,2026-04-01 16:08:00,desktop,clothing,214,408.66
U233,P092,view,2026-04-01 16:08:00,tablet,electronics,12,246.96
U342,P021,click,2026-04-01 16:10:00,mobile,clothing,431,303.79
U326,P053,click,2026-04-01 16:11:00,desktop,clothing,338,75.38
U290,P074,click,2026-04-01 16:12:00,desktop,beauty,410,102.1
U356,P051,click,2026-04-01 16:15:00,desktop,electronics,31,24.49
U367,P062,click,2026-04-01 16:16:00,mobile,electronics,418,311.01
U277,P036,view,2026-04-01 16:16:00,mobile,home,290,483.27
U191,P099,view,2026-04-01 16:17:00,desktop,clothing,87,499.33
U108,P033,click,2026-04-01 16:19:00,tablet,home,501,483.26
U080,P004,view,2026-04-01 16:19:00,mobile,beauty,73,42.6
U139,P015,click,2026-04-01 16:20:00,mobile,clothing,489,265.13
U185,P100,view,2026-04-01 16:20:00,tablet,home,83,410.12
U086,P096,add_to_cart,2026-04-01 16:21:00,desktop,clothing,587,455.58
U060,P023,add_to_cart,2026-04-01 16:21:00,desktop,electronics,570,103.76
U273,P088,view,2026-04-01 16:22:00,mobile,beauty,355,346.28
U475,P005,add_to_cart,2026-04-01 16:22:00,desktop,electronics,375,150.4
U316,P020,click,2026-04-01 16:23:00,mobile,beauty,467,363.08
U435,P061,add_to_cart,2026-04-01 16:26:00,desktop,beauty,438,32.29
U362,P001,view,2026-04-01 16:26:00,tablet,electronics,284,350.73
U230,P039,view,2026-04-01 16:28:00,tablet,clothing,330,467.93
U105,P051,view,2026-04-01 16:29:00,desktop,beauty,135,319.66
U266,P092,click,2026-04-01 16:30:00,desktop,electronics,190,66.67
U397,P056,view,2026-04-01 16:31:00,mobile,clothing,387,457.84
U024,P007,click,2026-04-01 16:33:00,mobile,home,271,117.22
U237,P066,click,2026-04-01 16:33:00,desktop,clothing,113,96.39
U234,P069,view,2026-04-01 16:34:00,mobile,beauty,28,67.2
U300,P014,view,2026-04-01 16:34:00,tablet,clothing,89,199.69
U044,P016,view,2026-04-01 16:34:00,tablet,beauty,134,297.59
U165,P011,click,2026-04-01 16:35:00,tablet,home,518,163.03
U047,P099,view,2026-04-01 16:35:00,mobile,clothing,66,375.9
U282,P068,click,2026-04-01 16:36:00,tablet,clothing,551,450.1
U154,P012,view,2026-04-01 16:36:00,mobile,electronics,325,243.51
U266,P073,view,2026-04-01 16:41:00,mobile,beauty,30,54.44
U482,P017,view,2026-04-01 16:42:00,tablet,clothing,171,158.24
U060,P058,click,2026-04-01 16:43:00,tablet,electronics,250,56.46
U094,P099,click,2026-04-01 16:45:00,mobile,electronics,196,104.49
U022,P073,add_to_cart,2026-04-01 16:47:00,tablet,home,596,239.49
U391,P049,click,2026-04-01 16:47:00,desktop,home,233,69.58
U266,P074,view,2026-04-01 16:48:00,tablet,clothing,85,260.31
U026,P030,click,2026-04-01 16:49:00,tablet,electronics,145,96.4
U379,P014,click,2026-04-01 16:49:00,tablet,beauty,516,466.68
U065,P092,add_to_cart,2026-04-01 16:50:00,desktop,electronics,368,54.59
U100,P052,add_to_cart,2026-04-01 16:51:00,tablet,electronics,500,121.92
U268,P054,view,2026-04-01 16:52:00,mobile,home,40,237.07
U287,P002,click,2026-04-01 16:53:00,desktop,electronics,293,231.63
U460,P096,click,2026-04-01 16:53:00,mobile,beauty,506,80.09
U169,P061,click,2026-04-01 16:54:00,mobile,beauty,477,20.07
U092,P025,view,2026-04-01 16:55:00,mobile,clothing,186,379.62
U054,P094,click,2026-04-01 16:55:00,tablet,clothing,472,257.95
U330,P021,click,2026-04-01 16:56:00,tablet,clothing,544,266.1
U160,P051,click,2026-04-01 16:57:00,desktop,electronics,362,400.47
U454,P004,view,2026-04-01 16:57:00,desktop,home,62,435.78
U089,P022,view,2026-04-01 16:58:00,desktop,electronics,164,365.18
U105,P081,click,2026-04-01 17:00:00,desktop,electronics,225,363.79
U150,P068,click,2026-04-01 17:00:00,desktop,beauty,476,314.44
U224,P087,click,2026-04-01 17:01:00,tablet,electronics,362,80.83
U289,P046,view,2026-04-01 17:01:00,desktop,clothing,150,252.22
U020,P036,view,2026-04-01 17:04:00,tablet,clothing,128,276.04
U408,P004,view,2026-04-01 17:04:00,tablet,beauty,228,293.59
U274,P043,view,2026-04-01 17:05:00,mobile,clothing,109,195.2
U314,P070,click,2026-04-01 17:05:00,mobile,beauty,425,389.16
U481,P048,add_to_cart,2026-04-01 17:05:00,mobile,electronics,380,17.09
U180,P098,view,2026-04-01 17:06:00,mobile,home,76,487.46
U013,P016,click,2026-04-01 17:06:00,desktop,beauty,368,353.08
U163,P028,click,2026-04-01 17:07:00,mobile,home,329,255.8
U150,P026,click,2026-04-01 17:09:00,mobile,electronics,468,213.75
U261,P065,view,2026-04-01 17:11:00,tablet,home,343,124.72
U008,P061,click,2026-04-01 17:11:00,tablet,beauty,262,84.66
U211,P035,view,2026-04-01 17:12:00,tablet,beauty,58,378.63
U029,P056,view,2026-04-01 17:13:00,mobile,electronics,239,163.16
U341,P069,click,2026-04-01 17:16:00,mobile,beauty,597,350.32
U322,P002,view,2026-04-01 17:16:00,tablet,home,260,401.62
U212,P050,add_to_cart,2026-04-01 17:16:00,desktop,electronics,501,100.83
U283,P045,click,2026-04-01 17:18:00,tablet,home,320,263.14
U181,P073,view,2026-04-01 17:20:00,mobile,beauty,261,323.23
U269,P078,add_to_cart,2026-04-01 17:22:00,desktop,home,567,318.83
U101,P096,click,2026-04-01 17:27:00,desktop,beauty,394,434.32
U356,P030,click,2026-04-01 17:27:00,desktop,clothing,377,346.94
U426,P053,click,2026-04-01 17:28:00,mobile,clothing,509,349.29
U068,P006,view,2026-04-01 17:28:00,tablet,home,209,49.86
U349,P017,add_to_cart,2026-04-01 17:31:00,desktop,clothing,495,293.82
U261,P059,click,2026-04-01 17:31:00,desktop,electronics,235,342.12
U263,P073,add_to_cart,2026-04-01 17:31:00,desktop,clothing,514,152.54
U047,P032,click,2026-04-01 17:33:00,tablet,electronics,497,97.38
U353,P016,click,2026-04-01 17:36:00,desktop,beauty,285,105.02
U287,P071,add_to_cart,2026-04-01 17:36:00,desktop,electronics,475,363.68
U315,P014,add_to_cart,2026-04-01 17:37:00,desktop,electronics,588,496.62
U399,P074,view,2026-04-01 17:38:00,tablet,electronics,58,216.95
U366,P087,view,2026-04-01 17:38:00,tablet,clothing,164,240.37
U191,P029,click,2026-04-01 17:40:00,desktop,beauty,243,116.05
U083,P045,view,2026-04-01 17:41:00,mobile,electronics,117,347.51
U223,P040,view,2026-04-01 17:42:00,desktop,beauty,35,438.5
U066,P100,view,2026-04-01 17:43:00,tablet,home,152,79.58
U291,P012,click,2026-04-01 17:44:00,mobile,home,395,372.59
U355,P013,click,2026-04-01 17:46:00,desktop,clothing,535,456.05
U238,P046,add_to_cart,2026-04-01 17:47:00,desktop,electronics,566,187.13
U393,P072,click,2026-04-01 17:47:00,desktop,electronics,215,343.77
U055,P024,view,2026-04-01 17:47:00,tablet,clothing,12,306.51
U258,P064,click,2026-04-01 17:49:00,mobile,electronics,523,494.28
U400,P077,click,2026-04-01 17:51:00,desktop,beauty,258,461.78
U346,P002,click,2026-04-01 17:51:00,desktop,electronics,30,73.8
U318,P088,add_to_cart,2026-04-01 17:52:00,tablet,electronics,511,95.27
U309,P065,click,2026-04-01 17:53:00,desktop,beauty,593,422.23
U077,P062,view,2026-04-01 17:57:00,desktop,home,41,96.38
U240,P074,click,2026-04-01 17:59:00,tablet,beauty,561,364.8
U194,P078,view,2026-04-01 17:59:00,desktop,clothing,69,483.63
U415,P085,add_to_cart,2026-04-01 18:00:00,desktop,home,524,31.17
U100,P025,click,2026-04-01 18:01:00,tablet,beauty,574,98.09
U386,P060,view,2026-04-01 18:02:00,tablet,beauty,124,338.88
U444,P086,click,2026-04-01 18:03:00,tablet,home,382,34.76
U489,P028,click,2026-04-01 18:03:00,tablet,clothing,551,238.38
U094,P053,view,2026-04-01 18:04:00,tablet,clothing,47,398.65
U494,P054,click,2026-04-01 18:05:00,tablet,beauty,496,17.7
U145,P038,view,2026-04-01 18:05:00,mobile,electronics,134,279.03
U230,P074,click,2026-04-01 18:06:00,desktop,home,449,484.59
U401,P077,view,2026-04-01 18:10:00,mobile,beauty,275,373.81
U057,P050,add_to_cart,2026-04-01 18:10:00,desktop,electronics,441,170.44
U408,P045,view,2026-04-01 18:11:00,tablet,beauty,307,203.99
U446,P010,click,2026-04-01 18:12:00,mobile,home,528,193.94
U095,P015,click,2026-04-01 18:12:00,desktop,clothing,212,95.45
U201,P084,click,2026-04-01 18:12:00,mobile,home,501,223.76
U315,P076,view,2026-04-01 18:14:00,mobile,beauty,62,96.94
U372,P036,click,2026-04-01 18:15:00,tablet,home,515,233.0
U313,P081,click,2026-04-01 18:16:00,mobile,electronics,212,95.31
U138,P091,click,2026-04-01 18:17:00,tablet,electronics,518,411.78
U442,P001,view,2026-04-01 18:17:00,mobile,home,119,478.12
U304,P098,click,2026-04-01 18:18:00,tablet,clothing,329,19.71
U096,P005,view,2026-04-01 18:18:00,mobile,beauty,231,20.68
U207,P001,view,2026-04-01 18:22:00,mobile,clothing,107,356.02
U233,P095,click,2026-04-01 18:26:00,mobile,beauty,320,273.71
U039,P056,click,2026-04-01 18:26:00,tablet,clothing,344,169.06
U413,P097,view,2026-04-01 18:27:00,mobile,home,242,448.61
U345,P014,view,2026-04-01 18:27:00,mobile,beauty,51,415.92
U342,P036,view,2026-04-01 18:30:00,mobile,clothing,152,403.87
U099,P006,view,2026-04-01 18:31:00,mobile,clothing,11,322.99
U358,P073,add_to_cart,2026-04-01 18:32:00,desktop,home,567,231.89
U468,P023,view,2026-04-01 18:32:00,desktop,beauty,123,365.48
U179,P063,view,2026-04-01 18:33:00,mobile,clothing,294,404.29
U194,P077,view,2026-04-01 18:33:00,tablet,electronics,308,346.84
U388,P018,click,2026-04-01 18:33:00,tablet,clothing,536,110.91
U210,P064,click,2026-04-01 18:33:00,mobile,electronics,543,441.88
U381,P045,click,2026-04-01 18:35:00,mobile,electronics,440,397.55
U006,P065,view,2026-04-01 18:37:00,tablet,clothing,262,97.1
U121,P087,view,2026-04-01 18:38:00,tablet,clothing,237,76.73
U060,P018,view,2026-04-01 18:40:00,desktop,clothing,112,373.36
U249,P066,view,2026-04-01 18:41:00,desktop,electronics,209,398.52
U293,P083,click,2026-04-01 18:41:00,mobile,clothing,362,51.48
U300,P031,click,2026-04-01 18:41:00,desktop,beauty,347,343.52
U426,P076,view,2026-04-01 18:42:00,mobile,beauty,428,327.64
U446,P041,add_to_cart,2026-04-01 18:43:00,mobile,electronics,546,229.94
U167,P055,add_to_cart,2026-04-01 18:44:00,desktop,electronics,253,148.35
U452,P063,view,2026-04-01 18:46:00,mobile,clothing,401,359.38
U072,P089,view,2026-04-01 18:47:00,tablet,electronics,56,115.85
U481,P085,click,2026-04-01 18:47:00,desktop,clothing,157,47.96
U277,P042,click,2026-04-01 18:48:00,tablet,home,410,262.57
U477,P047,click,2026-04-01 18:49:00,tablet,home,282,64.01
U497,P071,click,2026-04-01 18:49:00,desktop,clothing,106,110.48
U413,P087,view,2026-04-01 18:50:00,desktop,clothing,389,455.05
U351,P093,view,2026-04-01 18:54:00,tablet,clothing,369,234.52
U026,P062,view,2026-04-01 18:56:00,tablet,clothing,469,360.44
U297,P089,click,2026-04-01 18:57:00,tablet,clothing,489,278.82
U385,P019,view,2026-04-01 18:57:00,tablet,beauty,232,489.03
U476,P098,add_to_cart,2026-04-01 18:57:00,desktop,electronics,531,364.86
U340,P067,view,2026-04-01 19:00:00,tablet,electronics,30,297.46
U390,P090,add_to_cart,2026-04-01 19:03:00,desktop,electronics,339,199.18
U179,P058,click,2026-04-01 19:04:00,mobile,electronics,547,384.53
U010,P014,add_to_cart,2026-04-01 19:05:00,desktop,clothing,593,162.37
U118,P034,view,2026-04-01 19:06:00,tablet,electronics,304,357.3
U411,P080,view,2026-04-01 19:08:00,tablet,clothing,174,58.21
U384,P051,view,2026-04-01 19:09:00,desktop,clothing,206,443.96
U023,P014,click,2026-04-01 19:09:00,desktop,beauty,295,464.48
U397,P061,view,2026-04-01 19:09:00,tablet,home,284,391.3
U347,P064,click,2026-04-01 19:11:00,tablet,home,474,197.46
U085,P062,view,2026-04-01 19:11:00,tablet,beauty,132,268.08
U284,P031,view,2026-04-01 19:12:00,mobile,home,429,483.47
U377,P046,click,2026-04-01 19:14:00,tablet,home,595,349.5
U122,P068,click,2026-04-01 19:14:00,tablet,clothing,487,96.17
U101,P011,click,2026-04-01 19:15:00,tablet,clothing,492,320.91
U045,P052,view,2026-04-01 19:16:00,tablet,electronics,197,237.91
U216,P077,view,2026-04-01 19:16:00,tablet,clothing,339,355.06
U011,P043,click,2026-04-01 19:18:00,mobile,home,483,38.59
U179,P066,add_to_cart,2026-04-01 19:19:00,mobile,electronics,507,102.28
U047,P056,view,2026-04-01 19:19:00,tablet,electronics,102,217.19
U285,P097,view,2026-04-01 19:21:00,tablet,home,372,327.49
U021,P009,add_to_cart,2026-04-01 19:21:00,desktop,electronics,259,80.38
U101,P095,add_to_cart,2026-04-01 19:23:00,desktop,clothing,579,179.65
U452,P059,view,2026-04-01 19:26:00,mobile,clothing,163,212.65
U158,P030,click,2026-04-01 19:28:00,desktop,clothing,38,173.24
U179,P056,click,2026-04-01 19:28:00,mobile,beauty,347,19.17
U091,P019,click,2026-04-01 19:29:00,tablet,electronics,134,191.37
U339,P092,click,2026-04-01 19:29:00,tablet,home,588,314.36
U125,P041,view,2026-04-01 19:30:00,mobile,electronics,27,193.53
U275,P018,view,2026-04-01 19:31:00,tablet,clothing,415,377.03
U443,P096,click,2026-04-01 19:33:00,tablet,beauty,598,387.32
U057,P015,add_to_cart,2026-04-01 19:34:00,desktop,electronics,484,304.75
U074,P025,click,2026-04-01 19:34:00,tablet,home,514,303.22
U492,P097,view,2026-04-01 19:34:00,mobile,home,150,49.3
U005,P098,view,2026-04-01 19:37:00,desktop,beauty,238,467.72
U227,P010,click,2026-04-01 19:39:00,desktop,clothing,399,368.79
U451,P031,click,2026-04-01 19:40:00,tablet,electronics,271,44.56
U329,P086,view,2026-04-01 19:40:00,tablet,beauty,507,499.59
U183,P006,view,2026-04-01 19:44:00,tablet,home,386,470.31
U013,P004,view,2026-04-01 19:46:00,desktop,beauty,16,78.71
U339,P005,view,2026-04-01 19:46:00,tablet,electronics,180,488.41
U021,P045,add_to_cart,2026-04-01 19:47:00,desktop,electronics,538,328.33
U227,P050,click,2026-04-01 19:48:00,desktop,electronics,23,172.54
U403,P085,view,2026-04-01 19:48:00,tablet,beauty,25,263.37
U261,P061,click,2026-04-01 19:49:00,desktop,beauty,248,296.3
U407,P093,click,2026-04-01 19:50:00,mobile,beauty,269,127.33
U005,P052,view,2026-04-01 19:50:00,tablet,clothing,319,499.88
U123,P073,add_to_cart,2026-04-01 19:50:00,tablet,electronics,479,11.73
U477,P017,add_to_cart,2026-04-01 19:51:00,desktop,electronics,287,98.77
U394,P071,view,2026-04-01 19:51:00,tablet,home,129,488.64
U015,P015,click,2026-04-01 19:51:00,desktop,home,359,293.4
U066,P074,click,2026-04-01 19:52:00,mobile,electronics,397,241.72
U160,P008,view,2026-04-01 19:55:00,tablet,home,143,281.32
U051,P098,add_to_cart,2026-04-01 19:58:00,mobile,electronics,582,46.32
U342,P004,view,2026-04-01 19:59:00,tablet,beauty,253,364.83
U431,P056,view,2026-04-01 20:00:00,tablet,clothing,195,362.99
U333,P089,click,2026-04-01 20:01:00,desktop,home,267,208.88
U323,P090,click,2026-04-01 20:02:00,mobile,clothing,590,390.42
U279,P052,view,2026-04-01 20:03:00,desktop,clothing,52,361.99
U012,P002,add_to_cart,2026-04-01 20:03:00,desktop,home,378,58.86
U496,P057,view,2026-04-01 20:04:00,tablet,home,18,491.69
U235,P060,click,2026-04-01 20:06:00,tablet,beauty,471,41.42
U012,P023,click,2026-04-01 20:07:00,mobile,clothing,512,414.29
U029,P023,view,2026-04-01 20:07:00,desktop,home,131,354.96
U074,P096,click,2026-04-01 20:10:00,mobile,beauty,501,274.86
U475,P025,view,2026-04-01 20:11:00,desktop,beauty,320,484.58
U421,P067,click,2026-04-01 20:11:00,desktop,beauty,220,40.04
U425,P059,view,2026-04-01 20:12:00,tablet,electronics,54,439.41
U304,P037,view,2026-04-01 20:14:00,tablet,beauty,191,433.1
U325,P052,click,2026-04-01 20:15:00,desktop,home,157,14.62
U183,P043,view,2026-04-01 20:17:00,tablet,home,363,389.72
U166,P012,add_to_cart,2026-04-01 20:22:00,desktop,clothing,568,459.86
U018,P033,view,2026-04-01 20:25:00,desktop,clothing,28,60.78
U271,P003,click,2026-04-01 20:25:00,desktop,electronics,381,425.93
U358,P100,click,2026-04-01 20:26:00,mobile,electronics,491,356.58
U179,P012,click,2026-04-01 20:27:00,desktop,electronics,564,448.27
U237,P059,view,2026-04-01 20:28:00,tablet,home,246,306.94
U281,P088,view,2026-04-01 20:28:00,mobile,beauty,33,232.31
U188,P054,view,2026-04-01 20:29:00,mobile,beauty,313,210.02
U372,P075,view,2026-04-01 20:29:00,desktop,clothing,89,451.09
U029,P056,view,2026-04-01 20:30:00,mobile,home,183,108.16
U324,P063,click,2026-04-01 20:31:00,mobile,clothing,281,131.35
U059,P090,click,2026-04-01 20:32:00,tablet,beauty,449,27.91
U401,P046,view,2026-04-01 20:35:00,desktop,home,249,454.52
U206,P059,click,2026-04-01 20:36:00,desktop,clothing,481,498.72
U160,P036,click,2026-04-01 20:37:00,tablet,clothing,213,70.5
U275,P076,click,2026-04-01 20:38:00,tablet,electronics,351,291.19
U216,P045,add_to_cart,2026-04-01 20:38:00,mobile,clothing,564,108.07
U152,P093,view,2026-04-01 20:39:00,mobile,home,111,179.98
U031,P075,view,2026-04-01 20:39:00,mobile,home,66,314.66
U471,P036,view,2026-04-01 20:39:00,tablet,beauty,484,482.12
U477,P099,add_to_cart,2026-04-01 20:39:00,mobile,home,550,42.42
U205,P074,click,2026-04-01 20:45:00,desktop,clothing,153,26.0
U185,P043,view,2026-04-01 20:46:00,tablet,home,104,315.26
U188,P035,click,2026-04-01 20:48:00,desktop,home,451,294.91
U352,P042,view,2026-04-01 20:51:00,tablet,home,452,328.92
U103,P068,view,2026-04-01 20:52:00,mobile,electronics,196,408.44
U307,P085,click,2026-04-01 20:52:00,desktop,electronics,164,358.18
U048,P084,click,2026-04-01 20:53:00,desktop,beauty,352,311.16
U292,P046,view,2026-04-01 20:53:00,mobile,clothing,218,434.72
U077,P089,view,2026-04-01 20:54:00,mobile,clothing,140,123.4
U066,P064,click,2026-04-01 20:55:00,desktop,clothing,414,86.74
U277,P073,click,2026-04-01 20:55:00,mobile,home,557,309.9
U487,P032,view,2026-04-01 20:55:00,tablet,beauty,218,75.82
U402,P004,view,2026-04-01 20:55:00,tablet,electronics,171,335.16
U091,P040,view,2026-04-01 20:56:00,tablet,home,282,497.07
U433,P067,view,2026-04-01 20:59:00,desktop,home,387,418.07
U148,P032,click,2026-04-01 21:01:00,mobile,electronics,515,400.32
U095,P056,view,2026-04-01 21:03:00,desktop,electronics,92,455.43
U474,P041,add_to_cart,2026-04-01 21:03:00,desktop,home,489,214.95
U386,P029,view,2026-04-01 21:03:00,mobile,home,103,434.41
U147,P008,view,2026-04-01 21:04:00,desktop,beauty,306,462.68
U062,P082,view,2026-04-01 21:05:00,mobile,clothing,271,173.6
U251,P063,click,2026-04-01 21:05:00,desktop,beauty,229,159.15
U488,P018,add_to_cart,2026-04-01 21:06:00,tablet,beauty,599,77.0
U405,P033,click,2026-04-01 21:07:00,tablet,electronics,395,21.99
U020,P064,view,2026-04-01 21:07:00,tablet,beauty,205,86.92
U447,P045,view,2026-04-01 21:08:00,desktop,electronics,54,424.67
U404,P083,view,2026-04-01 21:10:00,tablet,home,245,342.85
U014,P094,click,2026-04-01 21:10:00,tablet,home,551,100.87
U329,P065,view,2026-04-01 21:10:00,desktop,home,123,448.13
U472,P029,view,2026-04-01 21:10:00,mobile,home,114,369.34
U364,P078,click,2026-04-01 21:11:00,tablet,clothing,405,333.51
U236,P019,view,2026-04-01 21:11:00,tablet,electronics,61,288.14
U377,P061,view,2026-04-01 21:13:00,tablet,electronics,37,134.96
U335,P065,view,2026-04-01 21:16:00,mobile,home,81,228.55
U389,P098,view,2026-04-01 21:18:00,desktop,beauty,15,248.32
U267,P064,view,2026-04-01 21:18:00,mobile,home,179,343.98
U273,P008,add_to_cart,2026-04-01 21:18:00,desktop,electronics,493,110.16
U394,P031,click,2026-04-01 21:19:00,tablet,beauty,420,335.18
U483,P061,click,2026-04-01 21:19:00,mobile,beauty,523,457.96
U167,P047,view,2026-04-01 21:19:00,mobile,home,116,208.81
U376,P015,view,2026-04-01 21:19:00,tablet,clothing,355,134.88
U139,P098,click,2026-04-01 21:19:00,mobile,clothing,478,304.43
U094,P078,view,2026-04-01 21:19:00,tablet,home,276,196.9
U010,P069,click,2026-04-01 21:22:00,mobile,beauty,598,166.69
U359,P047,view,2026-04-01 21:22:00,tablet,home,184,52.89
U396,P071,add_to_cart,2026-04-01 21:24:00,desktop,home,571,373.35
U275,P041,click,2026-04-01 21:25:00,mobile,beauty,242,100.74
U119,P096,view,2026-04-01 21:27:00,tablet,beauty,129,334.98
U304,P011,view,2026-04-01 21:27:00,tablet,beauty,212,482.76
U154,P055,click,2026-04-01 21:29:00,tablet,home,572,416.08
U283,P084,view,2026-04-01 21:32:00,mobile,electronics,69,216.54
U219,P093,add_to_cart,2026-04-01 21:32:00,mobile,electronics,567,53.07
U182,P053,view,2026-04-01 21:34:00,desktop,electronics,187,423.73
U290,P033,view,2026-04-01 21:36:00,mobile,beauty,106,381.34
U156,P061,view,2026-04-01 21:36:00,tablet,beauty,411,295.81
U156,P039,add_to_cart,2026-04-01 21:38:00,desktop,beauty,404,170.11
U310,P036,click,2026-04-01 21:38:00,tablet,beauty,179,13.12
U113,P026,view,2026-04-01 21:38:00,mobile,clothing,159,357.57
U003,P015,view,2026-04-01 21:39:00,mobile,home,143,389.56
U485,P093,view,2026-04-01 21:39:00,tablet,beauty,463,355.03
U064,P080,click,2026-04-01 21:39:00,tablet,clothing,322,35.46
U472,P083,view,2026-04-01 21:40:00,tablet,beauty,112,284.73
U144,P043,click,2026-04-01 21:40:00,tablet,electronics,103,59.44
U251,P089,view,2026-04-01 21:41:00,tablet,clothing,446,359.38
U138,P003,view,2026-04-01 21:41:00,mobile,home,61,324.04
U199,P082,click,2026-04-01 21:41:00,mobile,electronics,186,49.84
U243,P029,click,2026-04-01 21:41:00,desktop,clothing,123,264.99
U331,P068,view,2026-04-01 21:42:00,tablet,beauty,408,452.11
U356,P009,view,2026-04-01 21:43:00,desktop,beauty,232,472.15
U256,P082,click,2026-04-01 21:43:00,mobile,electronics,452,324.66
U071,P077,view,2026-04-01 21:45:00,desktop,beauty,134,493.76
U432,P013,click,2026-04-01 21:49:00,tablet,home,527,306.21
U148,P046,view,2026-04-01 21:49:00,tablet,beauty,268,337.1
U298,P077,click,2026-04-01 21:52:00,desktop,clothing,166,246.12
U037,P086,click,2026-04-01 21:52:00,mobile,clothing,443,129.67
U118,P003,click,2026-04-01 21:52:00,desktop,home,262,273.66
U156,P067,add_to_cart,2026-04-01 21:53:00,desktop,electronics,374,53.37
U072,P079,add_to_cart,2026-04-01 21:54:00,tablet,electronics,431,66.32
U131,P007,add_to_cart,2026-04-01 21:55:00,desktop,electronics,288,208.0
U398,P070,view,2026-04-01 21:59:00,desktop,electronics,142,482.5
U109,P078,add_to_cart,2026-04-01 22:01:00,desktop,beauty,440,100.8
U441,P019,view,2026-04-01 22:02:00,tablet,beauty,107,475.15
U334,P017,view,2026-04-01 22:02:00,mobile,beauty,553,492.08
U090,P072,click,2026-04-01 22:02:00,mobile,beauty,368,298.17
U056,P087,view,2026-04-01 22:04:00,tablet,beauty,34,485.75
U020,P037,add_to_cart,2026-04-01 22:07:00,desktop,electronics,559,16.54
U425,P058,view,2026-04-01 22:07:00,tablet,electronics,169,452.6
U321,P064,click,2026-04-01 22:07:00,tablet,home,573,125.43
U252,P023,click,2026-04-01 22:09:00,tablet,electronics,521,287.01
U413,P047,click,2026-04-01 22:09:00,tablet,clothing,565,302.12
U196,P046,click,2026-04-01 22:09:00,mobile,electronics,565,482.74
U335,P038,click,2026-04-01 22:09:00,mobile,electronics,56,52.4
U295,P028,add_to_cart,2026-04-01 22:10:00,mobile,beauty,438,16.89
U412,P028,view,2026-04-01 22:12:00,mobile,beauty,429,494.4
U288,P016,add_to_cart,2026-04-01 22:12:00,mobile,electronics,513,76.61
U069,P036,click,2026-04-01 22:13:00,desktop,electronics,307,430.18
U218,P019,click,2026-04-01 22:14:00,tablet,home,365,213.96
U496,P013,view,2026-04-01 22:14:00,tablet,clothing,303,272.8
U253,P067,click,2026-04-01 22:15:00,tablet,beauty,580,291.92
U272,P072,view,2026-04-01 22:16:00,mobile,electronics,75,97.67
U311,P037,view,2026-04-01 22:16:00,tablet,home,258,234.66
U304,P095,click,2026-04-01 22:16:00,tablet,clothing,452,420.68
U368,P087,view,2026-04-01 22:16:00,tablet,beauty,396,493.32
U211,P018,click,2026-04-01 22:17:00,desktop,beauty,354,43.75
U311,P053,view,2026-04-01 22:18:00,tablet,electronics,333,496.17
U056,P096,add_to_cart,2026-04-01 22:19:00,tablet,electronics,580,216.75
U274,P028,click,2026-04-01 22:22:00,mobile,beauty,290,171.49
U386,P067,view,2026-04-01 22:22:00,mobile,clothing,260,466.14
U363,P060,view,2026-04-01 22:23:00,mobile,clothing,242,270.78
U197,P026,view,2026-04-01 22:24:00,mobile,home,110,347.46
U419,P086,view,2026-04-01 22:25:00,tablet,electronics,104,412.39
U346,P038,add_to_cart,2026-04-01 22:26:00,desktop,beauty,480,37.72
U163,P090,click,2026-04-01 22:27:00,desktop,electronics,305,246.45
U202,P023,click,2026-04-01 22:28:00,desktop,beauty,456,397.48
U352,P053,add_to_cart,2026-04-01 22:28:00,mobile,electronics,483,66.81
U027,P034,view,2026-04-01 22:30:00,tablet,beauty,90,363.13
U048,P019,view,2026-04-01 22:31:00,tablet,electronics,286,267.82
U176,P004,view,2026-04-01 22:32:00,desktop,beauty,19,236.11
U381,P033,click,2026-04-01 22:38:00,tablet,home,416,208.69
U175,P094,view,2026-04-01 22:42:00,desktop,clothing,15,217.13
U342,P042,add_to_cart,2026-04-01 22:42:00,desktop,clothing,357,107.19
U266,P091,click,2026-04-01 22:42:00,desktop,beauty,175,102.17
U186,P040,click,2026-04-01 22:42:00,desktop,home,119,160.45
U245,P069,add_to_cart,2026-04-01 22:42:00,mobile,electronics,580,110.74
U451,P031,click,2026-04-01 22:44:00,desktop,home,480,393.02
U050,P040,click,2026-04-01 22:45:00,mobile,beauty,437,290.91
U202,P065,view,2026-04-01 22:48:00,tablet,clothing,59,491.4
U167,P023,click,2026-04-01 22:48:00,tablet,beauty,497,237.15
U053,P064,click,2026-04-01 22:48:00,mobile,clothing,248,125.47
U229,P019,view,2026-04-01 22:53:00,tablet,electronics,170,41.33
U427,P067,add_to_cart,2026-04-01 22:54:00,tablet,electronics,521,17.69
U334,P051,view,2026-04-01 22:56:00,mobile,home,299,375.88
U059,P001,click,2026-04-01 22:57:00,desktop,beauty,427,420.04
U351,P052,view,2026-04-01 22:57:00,tablet,clothing,90,219.19
U435,P032,view,2026-04-01 22:58:00,desktop,clothing,393,438.83
U357,P087,view,2026-04-01 23:00:00,mobile,electronics,165,474.5
U021,P064,view,2026-04-01 23:02:00,tablet,clothing,389,458.62
U228,P052,view,2026-04-01 23:03:00,mobile,clothing,136,497.37
U437,P075,click,2026-04-01 23:03:00,desktop,beauty,205,99.56
U367,P013,view,2026-04-01 23:04:00,mobile,home,293,396.81
U332,P048,view,2026-04-01 23:08:00,tablet,clothing,251,121.85
U341,P072,click,2026-04-01 23:09:00,mobile,electronics,118,78.95
U226,P025,click,2026-04-01 23:09:00,mobile,clothing,431,223.65
U200,P044,add_to_cart,2026-04-01 23:10:00,desktop,electronics,560,26.23
U478,P094,click,2026-04-01 23:11:00,desktop,clothing,490,235.49
U142,P082,click,2026-04-01 23:12:00,mobile,electronics,201,185.25
U430,P080,click,2026-04-01 23:13:00,mobile,beauty,341,174.01
U042,P078,add_to_cart,2026-04-01 23:14:00,desktop,electronics,504,207.0
U255,P087,add_to_cart,2026-04-01 23:15:00,desktop,beauty,425,70.59
U329,P005,view,2026-04-01 23:17:00,mobile,electronics,268,456.7
U108,P058,click,2026-04-01 23:21:00,mobile,home,519,117.13
U062,P033,view,2026-04-01 23:22:00,tablet,electronics,185,427.35
U009,P088,view,2026-04-01 23:23:00,tablet,electronics,52,80.65
U208,P007,view,2026-04-01 23:23:00,tablet,clothing,332,268.86
U305,P059,view,2026-04-01 23:26:00,desktop,beauty,209,497.4
U422,P090,click,2026-04-01 23:26:00,desktop,clothing,205,56.35
U011,P074,click,2026-04-01 23:28:00,mobile,clothing,301,211.79
U210,P096,click,2026-04-01 23:28:00,desktop,home,426,458.55
U084,P057,add_to_cart,2026-04-01 23:29:00,desktop,electronics,256,26.22
U485,P089,click,2026-04-01 23:30:00,mobile,electronics,463,106.16
U286,P061,add_to_cart,2026-04-01 23:31:00,tablet,clothing,553,114.17
U126,P048,view,2026-04-01 23:31:00,desktop,home,131,389.0
U498,P053,add_to_cart,2026-04-01 23:33:00,desktop,clothing,498,300.52
U286,P088,add_to_cart,2026-04-01 23:34:00,desktop,home,573,316.7
U288,P038,click,2026-04-01 23:34:00,desktop,clothing,353,422.46
U020,P035,add_to_cart,2026-04-01 23:34:00,mobile,clothing,561,26.27
U131,P058,add_to_cart,2026-04-01 23:35:00,tablet,clothing,533,20.61
U284,P087,click,2026-04-01 23:36:00,desktop,clothing,119,35.71
U001,P007,view,2026-04-01 23:36:00,tablet,beauty,182,307.69
U201,P032,view,2026-04-01 23:40:00,mobile,clothing,248,245.55
U234,P079,view,2026-04-01 23:40:00,mobile,electronics,226,316.58
U436,P010,add_to_cart,2026-04-01 23:40:00,desktop,electronics,434,42.12
U004,P064,view,2026-04-01 23:41:00,tablet,clothing,213,87.88
U180,P035,click,2026-04-01 23:42:00,mobile,home,452,145.6
U429,P017,add_to_cart,2026-04-01 23:43:00,tablet,electronics,598,65.07
U308,P033,click,2026-04-01 23:44:00,tablet,home,490,227.0
U407,P019,view,2026-04-01 23:44:00,desktop,clothing,32,112.57
U431,P085,view,2026-04-01 23:45:00,mobile,beauty,318,426.92
U196,P078,view,2026-04-01 23:45:00,mobile,home,309,339.45
U400,P001,click,2026-04-01 23:46:00,mobile,home,493,264.97
U373,P013,view,2026-04-01 23:47:00,mobile,home,226,302.32
U111,P002,click,2026-04-01 23:48:00,desktop,home,214,25.69
U236,P047,view,2026-04-01 23:48:00,desktop,clothing,320,388.58
U479,P026,click,2026-04-01 23:50:00,desktop,beauty,456,468.16
U415,P087,click,2026-04-01 23:50:00,desktop,electronics,191,85.55
U168,P095,view,2026-04-01 23:51:00,mobile,beauty,465,456.09
U293,P021,click,2026-04-01 23:51:00,mobile,electronics,476,413.2
U150,P005,view,2026-04-01 23:52:00,mobile,clothing,134,396.58
U253,P072,view,2026-04-01 23:53:00,mobile,beauty,103,236.04
U072,P070,click,2026-04-01 23:55:00,tablet,beauty,562,194.8
U374,P071,view,2026-04-01 23:57:00,mobile,electronics,381,357.67
U035,P038,click,2026-04-01 23:57:00,desktop,home,298,327.82
U007,P060,view,2026-04-01 23:58:00,tablet,beauty,158,154.71
U392,P055,click,2026-04-01 23:59:00,mobile,electronics,268,64.1
U341,P057,view,2026-04-01 23:59:00,tablet,electronics,379,431.14
U076,P025,click,2026-04-02 00:00:00,desktop,electronics,453,476.08
U382,P036,view,2026-04-02 00:00:00,mobile,beauty,53,249.59
U149,P062,add_to_cart,2026-04-02 00:02:00,desktop,electronics,530,133.75
U219,P008,add_to_cart,2026-04-02 00:02:00,mobile,beauty,577,196.04
U137,P013,view,2026-04-02 00:04:00,mobile,electronics,344,461.22
U144,P032,click,2026-04-02 00:04:00,desktop,electronics,74,24.43
U475,P097,click,2026-04-02 00:05:00,desktop,home,69,25.69
U247,P083,view,2026-04-02 00:06:00,mobile,electronics,393,442.92
U290,P014,add_to_cart,2026-04-02 00:07:00,desktop,electronics,532,351.28
U370,P083,add_to_cart,2026-04-02 00:08:00,desktop,beauty,574,317.24
U478,P054,view,2026-04-02 00:09:00,mobile,clothing,119,350.26
U085,P060,click,2026-04-02 00:12:00,desktop,clothing,214,248.29
U151,P010,view,2026-04-02 00:14:00,desktop,beauty,313,338.41
U487,P050,view,2026-04-02 00:15:00,tablet,home,44,352.84
U110,P041,view,2026-04-02 00:15:00,mobile,beauty,337,318.01
U363,P006,click,2026-04-02 00:16:00,tablet,home,469,53.01
U433,P009,view,2026-04-02 00:17:00,desktop,beauty,36,322.47
U098,P004,click,2026-04-02 00:17:00,desktop,beauty,337,17.61
U336,P016,click,2026-04-02 00:17:00,tablet,electronics,224,227.04
U054,P063,view,2026-04-02 00:19:00,tablet,home,254,355.28
U456,P002,click,2026-04-02 00:19:00,mobile,clothing,442,303.33
U231,P087,click,2026-04-02 00:19:00,mobile,electronics,582,362.92
U390,P034,add_to_cart,2026-04-02 00:20:00,desktop,beauty,576,32.24
U138,P100,view,2026-04-02 00:21:00,tablet,home,87,159.76
U460,P072,click,2026-04-02 00:22:00,tablet,electronics,472,64.24
U479,P041,view,2026-04-02 00:23:00,mobile,beauty,177,379.14
U120,P034,click,2026-04-02 00:25:00,desktop,clothing,233,348.84
U246,P081,click,2026-04-02 00:26:00,tablet,electronics,596,391.83
U265,P007,view,2026-04-02 00:27:00,mobile,electronics,314,432.31
U141,P079,view,2026-04-02 00:27:00,mobile,beauty,95,172.8
U157,P009,view,2026-04-02 00:27:00,tablet,home,249,471.13
U421,P086,view,2026-04-02 00:28:00,mobile,beauty,432,323.07
U278,P036,click,2026-04-02 00:31:00,mobile,electronics,445,197.57
U295,P080,view,2026-04-02 00:31:00,mobile,beauty,114,359.94
U130,P094,add_to_cart,2026-04-02 00:31:00,mobile,beauty,556,96.52
U034,P077,view,2026-04-02 00:31:00,mobile,beauty,386,493.87
U261,P070,add_to_cart,2026-04-02 00:32:00,tablet,electronics,566,213.29
U332,P042,view,2026-04-02 00:33:00,tablet,clothing,489,354.26
U194,P049,click,2026-04-02 00:33:00,desktop,home,274,80.14
U384,P054,view,2026-04-02 00:34:00,tablet,home,10,342.52
U398,P076,view,2026-04-02 00:34:00,tablet,home,166,149.64
U112,P053,view,2026-04-02 00:35:00,tablet,home,251,393.91
U035,P002,click,2026-04-02 00:36:00,tablet,home,470,48.36
U205,P098,view,2026-04-02 00:36:00,mobile,beauty,116,83.17
U120,P032,click,2026-04-02 00:44:00,desktop,electronics,99,349.18
U004,P059,click,2026-04-02 00:44:00,mobile,electronics,230,137.95
U298,P091,view,2026-04-02 00:45:00,tablet,clothing,370,227.28
U049,P069,view,2026-04-02 00:45:00,mobile,home,205,452.97
U218,P039,view,2026-04-02 00:46:00,tablet,home,148,363.5
U146,P077,click,2026-04-02 00:46:00,mobile,electronics,362,297.17
U246,P001,view,2026-04-02 00:48:00,tablet,electronics,293,467.12
U117,P046,view,2026-04-02 00:49:00,desktop,home,104,299.89
U243,P038,view,2026-04-02 00:52:00,tablet,home,239,317.38
U458,P053,view,2026-04-02 00:52:00,tablet,home,157,377.54
U414,P007,click,2026-04-02 00:55:00,tablet,electronics,204,154.18
U385,P078,add_to_cart,2026-04-02 00:58:00,desktop,electronics,562,343.63
U463,P068,click,2026-04-02 00:59:00,desktop,home,567,495.27
U485,P038,add_to_cart,2026-04-02 01:00:00,desktop,home,418,154.51
U173,P085,click,2026-04-02 01:03:00,desktop,home,35,186.56
U254,P098,add_to_cart,2026-04-02 01:04:00,desktop,home,529,158.91
U490,P055,view,2026-04-02 01:06:00,tablet,beauty,196,387.67
U323,P030,click,2026-04-02 01:06:00,desktop,beauty,543,443.22
U224,P030,view,2026-04-02 01:07:00,desktop,beauty,45,201.72
U134,P060,click,2026-04-02 01:09:00,mobile,electronics,416,93.81
U417,P038,click,2026-04-02 01:11:00,mobile,home,544,351.34
U127,P046,view,2026-04-02 01:11:00,tablet,beauty,170,33.21
U171,P094,click,2026-04-02 01:11:00,desktop,beauty,436,408.65
U173,P051,view,2026-04-02 01:14:00,tablet,electronics,308,446.77
U020,P004,view,2026-04-02 01:16:00,tablet,home,185,136.41
U493,P016,view,2026-04-02 01:17:00,mobile,home,315,153.97
U062,P006,view,2026-04-02 01:18:00,tablet,home,26,316.89
U490,P069,click,2026-04-02 01:19:00,tablet,clothing,512,368.5
U321,P082,view,2026-04-02 01:21:00,mobile,clothing,342,294.54
U138,P088,click,2026-04-02 01:22:00,mobile,home,87,12.99
U491,P073,add_to_cart,2026-04-02 01:23:00,desktop,beauty,470,332.18
U396,P009,click,2026-04-02 01:23:00,desktop,electronics,162,75.08
U073,P037,view,2026-04-02 01:25:00,desktop,clothing,314,346.25
U157,P024,click,2026-04-02 01:25:00,mobile,clothing,437,190.01
U195,P063,click,2026-04-02 01:27:00,mobile,beauty,553,292.94
U494,P058,click,2026-04-02 01:27:00,mobile,home,385,83.09
U047,P012,view,2026-04-02 01:27:00,mobile,beauty,120,376.04
U266,P007,add_to_cart,2026-04-02 01:27:00,mobile,beauty,534,24.74
U020,P084,view,2026-04-02 01:29:00,mobile,electronics,213,373.66
U034,P066,click,2026-04-02 01:30:00,desktop,home,420,75.36
U236,P010,click,2026-04-02 01:30:00,mobile,electronics,583,403.48
U351,P086,add_to_cart,2026-04-02 01:34:00,desktop,electronics,511,468.35
U360,P069,add_to_cart,2026-04-02 01:34:00,mobile,electronics,471,68.89
U197,P100,click,2026-04-02 01:34:00,desktop,beauty,351,334.52
U101,P076,view,2026-04-02 01:35:00,desktop,electronics,66,396.76
U006,P035,click,2026-04-02 01:35:00,mobile,electronics,435,499.58
U052,P082,click,2026-04-02 01:36:00,desktop,home,382,253.23
U262,P070,view,2026-04-02 01:37:00,tablet,electronics,334,403.0
U490,P085,click,2026-04-02 01:37:00,desktop,home,291,233.38
U217,P024,click,2026-04-02 01:39:00,desktop,electronics,216,45.91
U324,P013,click,2026-04-02 01:40:00,tablet,home,480,302.39
U052,P056,view,2026-04-02 01:42:00,tablet,clothing,169,486.29
U429,P046,add_to_cart,2026-04-02 01:43:00,desktop,home,447,125.56
U274,P096,click,2026-04-02 01:43:00,desktop,beauty,482,400.33
U136,P015,view,2026-04-02 01:44:00,desktop,clothing,92,380.0
U314,P005,click,2026-04-02 01:46:00,desktop,clothing,433,264.53
U330,P034,view,2026-04-02 01:46:00,mobile,clothing,246,237.29
U160,P081,add_to_cart,2026-04-02 01:46:00,desktop,electronics,497,111.66
U009,P071,view,2026-04-02 01:47:00,tablet,beauty,37,262.0
U120,P016,view,2026-04-02 01:48:00,mobile,electronics,70,438.9
U040,P090,click,2026-04-02 01:49:00,desktop,electronics,459,403.2
U476,P007,view,2026-04-02 01:50:00,desktop,electronics,64,225.26
U464,P074,click,2026-04-02 01:52:00,mobile,clothing,447,271.92
U377,P018,click,2026-04-02 01:52:00,desktop,electronics,142,353.09
U358,P020,click,2026-04-02 01:53:00,desktop,electronics,78,201.81
U183,P040,click,2026-04-02 01:53:00,desktop,clothing,390,424.82
U264,P080,click,2026-04-02 01:54:00,tablet,clothing,562,320.03
U357,P090,add_to_cart,2026-04-02 01:55:00,desktop,beauty,586,450.37
U278,P051,view,2026-04-02 01:55:00,desktop,home,55,130.58
U466,P024,add_to_cart,2026-04-02 01:56:00,desktop,clothing,546,301.13
U441,P075,view,2026-04-02 01:59:00,mobile,beauty,200,156.08
U253,P050,view,2026-04-02 01:59:00,mobile,beauty,38,77.08
U162,P009,click,2026-04-02 02:01:00,desktop,clothing,365,315.55
U012,P047,click,2026-04-02 02:03:00,mobile,beauty,435,95.09
U106,P055,click,2026-04-02 02:03:00,mobile,beauty,434,375.6
U424,P015,add_to_cart,2026-04-02 02:04:00,desktop,clothing,524,331.48
U309,P046,view,2026-04-02 02:04:00,mobile,home,271,332.51
U395,P084,click,2026-04-02 02:04:00,desktop,beauty,394,214.99
U069,P082,click,2026-04-02 02:06:00,desktop,electronics,103,220.69
U319,P037,view,2026-04-02 02:07:00,tablet,beauty,210,428.79
U311,P026,view,2026-04-02 02:07:00,tablet,clothing,169,74.72
U060,P095,click,2026-04-02 02:09:00,desktop,electronics,108,210.21
U033,P005,view,2026-04-02 02:09:00,tablet,electronics,31,242.27
U234,P070,click,2026-04-02 02:10:00,tablet,home,502,369.22
U491,P015,click,2026-04-02 02:11:00,mobile,beauty,586,420.33
U049,P035,view,2026-04-02 02:12:00,desktop,beauty,312,476.29
U056,P084,view,2026-04-02 02:12:00,desktop,electronics,152,488.11
U413,P087,view,2026-04-02 02:13:00,mobile,home,66,235.25
U349,P089,view,2026-04-02 02:13:00,mobile,beauty,385,461.84
U411,P004,view,2026-04-02 02:13:00,mobile,electronics,126,478.5
U185,P032,view,2026-04-02 02:14:00,tablet,electronics,27,209.31
U437,P032,view,2026-04-02 02:16:00,mobile,clothing,203,279.92
U293,P055,view,2026-04-02 02:16:00,desktop,electronics,255,442.46
U253,P017,view,2026-04-02 02:16:00,mobile,beauty,248,334.69
U494,P064,click,2026-04-02 02:19:00,desktop,electronics,122,28.32
U478,P032,view,2026-04-02 02:19:00,mobile,home,40,256.89
U207,P048,click,2026-04-02 02:19:00,tablet,home,480,323.53
U467,P032,click,2026-04-02 02:19:00,tablet,electronics,345,252.9
U180,P043,click,2026-04-02 02:20:00,tablet,electronics,457,212.91
U128,P086,view,2026-04-02 02:22:00,mobile,electronics,156,275.8
U220,P026,view,2026-04-02 02:22:00,tablet,home,122,335.78
U274,P005,view,2026-04-02 02:23:00,mobile,clothing,91,321.9
U080,P088,add_to_cart,2026-04-02 02:23:00,desktop,clothing,438,231.45
U031,P022,click,2026-04-02 02:24:00,tablet,beauty,527,438.29
U231,P093,click,2026-04-02 02:26:00,mobile,home,410,146.68
U428,P023,click,2026-04-02 02:26:00,tablet,clothing,464,54.17
U118,P090,add_to_cart,2026-04-02 02:26:00,tablet,clothing,600,96.85
U251,P009,click,2026-04-02 02:27:00,mobile,electronics,202,54.28
U487,P100,view,2026-04-02 02:29:00,mobile,electronics,114,389.49
U485,P043,click,2026-04-02 02:29:00,tablet,clothing,401,161.03
U047,P006,click,2026-04-02 02:30:00,mobile,clothing,404,259.37
U211,P024,click,2026-04-02 02:31:00,desktop,electronics,229,220.38
U226,P026,click,2026-04-02 02:31:00,tablet,beauty,454,208.55
U240,P035,add_to_cart,2026-04-02 02:32:00,mobile,clothing,562,157.39
U453,P085,view,2026-04-02 02:33:00,tablet,home,264,250.88
U028,P040,click,2026-04-02 02:33:00,tablet,electronics,260,257.46
U329,P048,click,2026-04-02 02:35:00,desktop,beauty,428,316.81
U354,P013,click,2026-04-02 02:35:00,desktop,beauty,307,366.51
U385,P094,view,2026-04-02 02:36:00,desktop,home,176,349.07
U425,P012,click,2026-04-02 02:37:00,tablet,beauty,498,353.7
U323,P035,click,2026-04-02 02:39:00,tablet,electronics,272,178.83
U041,P030,view,2026-04-02 02:39:00,tablet,electronics,72,233.21
U428,P074,view,2026-04-02 02:42:00,tablet,clothing,262,252.56
U257,P079,click,2026-04-02 02:43:00,tablet,beauty,555,244.82
U211,P058,add_to_cart,2026-04-02 02:47:00,desktop,beauty,578,227.9
U066,P021,click,2026-04-02 02:47:00,desktop,home,245,436.72
U198,P077,view,2026-04-02 02:49:00,mobile,beauty,331,429.09
U409,P062,view,2026-04-02 02:49:00,mobile,home,75,52.42
U072,P093,click,2026-04-02 02:50:00,desktop,clothing,106,67.46
U076,P019,click,2026-04-02 02:51:00,mobile,home,596,371.46
U136,P002,add_to_cart,2026-04-02 02:51:00,desktop,home,566,72.15
U498,P056,view,2026-04-02 02:51:00,desktop,home,46,336.17
U268,P089,view,2026-04-02 02:53:00,mobile,home,36,214.48
U234,P009,click,2026-04-02 02:54:00,desktop,home,43,144.72
U285,P003,click,2026-04-02 02:55:00,desktop,electronics,459,301.07
U268,P080,add_to_cart,2026-04-02 02:56:00,mobile,electronics,580,83.03
U483,P056,view,2026-04-02 02:57:00,tablet,electronics,233,495.3
U036,P058,click,2026-04-02 02:58:00,mobile,clothing,304,109.97
U107,P018,click,2026-04-02 02:59:00,desktop,home,412,39.78
U321,P034,add_to_cart,2026-04-02 02:59:00,desktop,electronics,513,414.26
U484,P065,view,2026-04-02 03:01:00,mobile,clothing,163,314.33
U460,P045,view,2026-04-02 03:03:00,mobile,home,141,499.41
U281,P003,view,2026-04-02 03:04:00,tablet,electronics,302,426.19
U205,P002,view,2026-04-02 03:05:00,mobile,home,173,285.41
U229,P097,click,2026-04-02 03:06:00,desktop,clothing,301,329.09
U290,P015,add_to_cart,2026-04-02 03:06:00,mobile,home,492,54.96
U072,P100,view,2026-04-02 03:09:00,mobile,home,367,178.61
U059,P014,view,2026-04-02 03:09:00,desktop,beauty,80,350.02
U281,P056,click,2026-04-02 03:10:00,mobile,home,583,267.42
U454,P095,click,2026-04-02 03:12:00,mobile,electronics,462,45.33
U204,P029,click,2026-04-02 03:12:00,tablet,home,396,189.47
U112,P021,click,2026-04-02 03:12:00,desktop,home,587,365.41
U044,P005,view,2026-04-02 03:12:00,tablet,beauty,54,365.75
U076,P008,click,2026-04-02 03:15:00,tablet,home,397,49.9
U162,P018,view,2026-04-02 03:18:00,desktop,clothing,155,308.59
U103,P092,view,2026-04-02 03:18:00,mobile,home,87,480.44
U235,P018,click,2026-04-02 03:20:00,tablet,electronics,301,334.12
U027,P066,click,2026-04-02 03:22:00,desktop,beauty,429,440.83
U243,P097,view,2026-04-02 03:23:00,mobile,home,338,292.92
U203,P001,click,2026-04-02 03:24:00,mobile,electronics,371,120.34
U023,P070,view,2026-04-02 03:24:00,tablet,beauty,239,279.47
U440,P016,click,2026-04-02 03:25:00,mobile,electronics,158,120.43
U187,P010,view,2026-04-02 03:28:00,mobile,beauty,44,227.58
U309,P042,view,2026-04-02 03:30:00,desktop,clothing,112,64.91
U381,P051,add_to_cart,2026-04-02 03:31:00,mobile,beauty,530,18.38
U419,P034,click,2026-04-02 03:32:00,tablet,home,459,125.24
U419,P027,view,2026-04-02 03:34:00,tablet,home,317,439.56
U461,P095,add_to_cart,2026-04-02 03:35:00,desktop,home,526,140.35
U488,P070,click,2026-04-02 03:36:00,mobile,electronics,600,420.18
U167,P030,view,2026-04-02 03:38:00,mobile,electronics,159,131.12
U176,P010,view,2026-04-02 03:40:00,tablet,electronics,214,384.66
U029,P086,click,2026-04-02 03:41:00,tablet,home,361,60.39
U113,P021,view,2026-04-02 03:42:00,mobile,electronics,211,270.37
U251,P022,add_to_cart,2026-04-02 03:43:00,mobile,home,574,42.09
U218,P082,click,2026-04-02 03:43:00,tablet,clothing,543,306.39
U067,P017,view,2026-04-02 03:44:00,mobile,clothing,293,216.71
U007,P024,view,2026-04-02 03:47:00,mobile,home,211,462.51
U462,P096,add_to_cart,2026-04-02 03:47:00,desktop,beauty,520,45.31
U444,P051,view,2026-04-02 03:47:00,desktop,beauty,142,445.83
U264,P015,click,2026-04-02 03:48:00,tablet,clothing,307,60.12
U116,P044,click,2026-04-02 03:48:00,desktop,beauty,250,207.15
U142,P017,view,2026-04-02 03:52:00,mobile,electronics,58,88.68
U149,P010,view,2026-04-02 03:52:00,desktop,clothing,382,410.5
U358,P019,add_to_cart,2026-04-02 03:55:00,desktop,electronics,566,101.97
U266,P036,click,2026-04-02 03:57:00,desktop,clothing,396,404.39
U316,P070,click,2026-04-02 03:57:00,mobile,electronics,569,430.6
U181,P067,click,2026-04-02 03:58:00,tablet,beauty,446,65.07
U315,P048,click,2026-04-02 03:59:00,mobile,clothing,287,150.75
U129,P066,click,2026-04-02 04:00:00,mobile,beauty,427,144.39
U282,P011,view,2026-04-02 04:00:00,tablet,home,106,239.29
U327,P013,add_to_cart,2026-04-02 04:01:00,tablet,beauty,568,154.43
U075,P069,click,2026-04-02 04:03:00,desktop,beauty,370,259.98
U119,P051,click,2026-04-02 04:04:00,tablet,electronics,320,333.5
U074,P004,view,2026-04-02 04:05:00,tablet,clothing,95,35.97
U317,P021,view,2026-04-02 04:07:00,tablet,home,105,487.22
U448,P077,click,2026-04-02 04:09:00,mobile,beauty,402,164.09
U473,P036,view,2026-04-02 04:13:00,desktop,home,107,54.17
U412,P021,view,2026-04-02 04:13:00,desktop,clothing,39,190.0
U072,P085,view,2026-04-02 04:15:00,tablet,beauty,218,477.9
U370,P060,view,2026-04-02 04:15:00,desktop,clothing,40,101.0
U124,P017,click,2026-04-02 04:16:00,mobile,electronics,248,242.46
U442,P036,add_to_cart,2026-04-02 04:17:00,desktop,beauty,530,193.67
U317,P074,view,2026-04-02 04:17:00,desktop,clothing,80,111.56
U463,P016,click,2026-04-02 04:18:00,desktop,beauty,324,261.86
U369,P039,add_to_cart,2026-04-02 04:18:00,mobile,electronics,489,47.53
U379,P098,click,2026-04-02 04:19:00,tablet,home,262,187.34
U458,P034,view,2026-04-02 04:19:00,desktop,home,166,292.93
U043,P088,click,2026-04-02 04:22:00,mobile,beauty,583,411.02
U223,P031,view,2026-04-02 04:24:00,tablet,clothing,78,487.46
U044,P023,view,2026-04-02 04:24:00,tablet,electronics,98,322.34
U049,P003,add_to_cart,2026-04-02 04:24:00,tablet,electronics,354,27.19
U036,P070,click,2026-04-02 04:26:00,mobile,beauty,446,188.25
U469,P073,view,2026-04-02 04:26:00,mobile,clothing,285,331.91
U206,P038,click,2026-04-02 04:26:00,tablet,clothing,408,361.81
U163,P026,click,2026-04-02 04:27:00,tablet,clothing,572,33.01
U052,P033,click,2026-04-02 04:28:00,desktop,home,304,72.49
U461,P088,add_to_cart,2026-04-02 04:29:00,mobile,home,571,208.4
U487,P043,add_to_cart,2026-04-02 04:30:00,tablet,home,416,27.84
U486,P083,view,2026-04-02 04:30:00,desktop,electronics,125,489.65
U332,P068,view,2026-04-02 04:32:00,mobile,home,46,168.16
U436,P021,add_to_cart,2026-04-02 04:32:00,desktop,beauty,483,195.63
U252,P086,view,2026-04-02 04:33:00,mobile,clothing,155,326.2
U170,P064,click,2026-04-02 04:34:00,desktop,clothing,272,389.52
U289,P052,click,2026-04-02 04:39:00,tablet,beauty,599,384.75
U029,P014,click,2026-04-02 04:39:00,tablet,home,589,496.76
U399,P079,click,2026-04-02 04:42:00,tablet,home,479,95.86
U208,P016,click,2026-04-02 04:42:00,mobile,electronics,313,182.84
U442,P039,view,2026-04-02 04:43:00,tablet,beauty,11,408.21
U437,P094,view,2026-04-02 04:43:00,tablet,clothing,284,34.38
U088,P015,click,2026-04-02 04:45:00,tablet,clothing,541,476.78
U218,P074,click,2026-04-02 04:45:00,mobile,electronics,354,86.82
U363,P085,click,2026-04-02 04:48:00,desktop,beauty,512,250.6
U278,P075,click,2026-04-02 04:48:00,tablet,beauty,486,86.26
U219,P062,add_to_cart,2026-04-02 04:49:00,desktop,home,585,59.37
U476,P049,click,2026-04-02 04:51:00,desktop,electronics,445,445.65
U324,P037,view,2026-04-02 04:52:00,tablet,home,417,491.97
U494,P051,view,2026-04-02 04:53:00,desktop,home,333,489.25
U395,P024,click,2026-04-02 04:54:00,desktop,home,319,199.41
U219,P061,view,2026-04-02 04:56:00,desktop,home,47,141.69
U077,P083,click,2026-04-02 04:56:00,desktop,home,338,431.13
U462,P004,add_to_cart,2026-04-02 04:58:00,desktop,beauty,580,76.77
U351,P060,view,2026-04-02 04:59:00,desktop,beauty,18,300.19
U229,P044,click,2026-04-02 04:59:00,desktop,clothing,269,253.71
U096,P040,add_to_cart,2026-04-02 05:01:00,desktop,beauty,393,27.35
U270,P026,view,2026-04-02 05:01:00,tablet,clothing,286,236.23
U199,P048,click,2026-04-02 05:02:00,desktop,electronics,11,61.12
U143,P077,view,2026-04-02 05:03:00,desktop,beauty,18,408.35
U049,P055,view,2026-04-02 05:04:00,mobile,clothing,223,360.98
U312,P080,click,2026-04-02 05:04:00,mobile,electronics,342,141.61
U416,P033,view,2026-04-02 05:05:00,mobile,beauty,344,468.9
U145,P026,view,2026-04-02 05:05:00,mobile,home,32,336.17
U117,P080,add_to_cart,2026-04-02 05:06:00,desktop,electronics,521,307.62
U147,P079,view,2026-04-02 05:08:00,tablet,clothing,59,302.76
U456,P036,view,2026-04-02 05:08:00,tablet,beauty,19,76.12
U183,P043,click,2026-04-02 05:09:00,desktop,clothing,123,20.65
U087,P020,view,2026-04-02 05:09:00,mobile,electronics,13,337.13
U412,P001,add_to_cart,2026-04-02 05:09:00,desktop,home,587,39.11
U019,P075,click,2026-04-02 05:10:00,desktop,beauty,197,38.61
U152,P073,add_to_cart,2026-04-02 05:14:00,mobile,beauty,524,61.62
U007,P095,click,2026-04-02 05:17:00,mobile,home,505,350.38
U477,P091,add_to_cart,2026-04-02 05:17:00,tablet,home,600,25.3
U264,P047,view,2026-04-02 05:20:00,mobile,beauty,21,54.95
U427,P022,click,2026-04-02 05:20:00,mobile,beauty,366,160.26
U198,P093,view,2026-04-02 05:21:00,desktop,home,52,113.74
U168,P005,click,2026-04-02 05:23:00,tablet,electronics,230,35.19
U200,P091,view,2026-04-02 05:23:00,mobile,beauty,332,442.76
U178,P083,click,2026-04-02 05:23:00,mobile,beauty,588,136.58
U185,P073,click,2026-04-02 05:24:00,tablet,clothing,550,261.1
U157,P007,view,2026-04-02 05:24:00,tablet,clothing,114,375.91
U114,P074,click,2026-04-02 05:24:00,tablet,beauty,480,373.79
U024,P026,view,2026-04-02 05:25:00,mobile,clothing,309,499.96
U333,P046,view,2026-04-02 05:25:00,desktop,beauty,291,398.48
U355,P009,view,2026-04-02 05:25:00,tablet,home,81,320.07
U110,P014,click,2026-04-02 05:26:00,tablet,clothing,452,193.36
U139,P045,add_to_cart,2026-04-02 05:29:00,desktop,beauty,504,121.19
U406,P064,view,2026-04-02 05:29:00,tablet,clothing,414,386.76
U163,P056,view,2026-04-02 05:29:00,mobile,electronics,138,498.31
U318,P100,click,2026-04-02 05:30:00,mobile,home,250,131.95
U340,P092,click,2026-04-02 05:31:00,mobile,home,280,167.22
U082,P093,click,2026-04-02 05:31:00,mobile,home,571,69.34
U045,P069,view,2026-04-02 05:31:00,tablet,clothing,68,80.36
U203,P039,view,2026-04-02 05:33:00,tablet,home,208,233.3
U447,P055,view,2026-04-02 05:35:00,mobile,home,110,179.33
U412,P035,view,2026-04-02 05:38:00,tablet,beauty,50,91.81
U366,P097,view,2026-04-02 05:40:00,mobile,clothing,357,247.94
U128,P094,click,2026-04-02 05:41:00,tablet,clothing,481,257.26
U215,P078,click,2026-04-02 05:43:00,tablet,home,381,271.63
U183,P073,add_to_cart,2026-04-02 05:44:00,desktop,home,477,179.3
U429,P033,add_to_cart,2026-04-02 05:46:00,desktop,electronics,410,259.35
U397,P058,click,2026-04-02 05:46:00,desktop,home,276,78.42
U086,P053,view,2026-04-02 05:47:00,tablet,electronics,385,466.32
U075,P056,view,2026-04-02 05:48:00,tablet,beauty,515,487.47
U003,P097,click,2026-04-02 05:48:00,mobile,electronics,505,168.39
U484,P018,click,2026-04-02 05:48:00,mobile,clothing,489,441.26
U246,P051,click,2026-04-02 05:49:00,mobile,home,317,113.76
U283,P090,view,2026-04-02 05:51:00,tablet,beauty,285,415.41
U460,P088,view,2026-04-02 05:51:00,desktop,beauty,54,395.21
U240,P096,add_to_cart,2026-04-02 05:52:00,desktop,home,278,45.57
U257,P012,view,2026-04-02 05:52:00,mobile,home,180,135.82
U160,P026,view,2026-04-02 05:52:00,desktop,electronics,43,479.82
U065,P034,click,2026-04-02 05:53:00,tablet,clothing,489,336.0
U411,P038,click,2026-04-02 05:53:00,desktop,beauty,399,372.46
U031,P032,click,2026-04-02 05:53:00,desktop,beauty,427,262.25
U189,P057,view,2026-04-02 05:54:00,desktop,clothing,125,283.03
U039,P058,view,2026-04-02 05:57:00,mobile,clothing,144,171.39
U448,P035,view,2026-04-02 05:57:00,tablet,home,203,279.43
U161,P056,view,2026-04-02 05:57:00,tablet,beauty,333,436.04
U463,P056,view,2026-04-02 05:58:00,desktop,clothing,15,252.03
U143,P070,view,2026-04-02 05:59:00,tablet,home,223,375.49
U071,P028,click,2026-04-02 06:02:00,desktop,beauty,526,480.66
U482,P086,add_to_cart,2026-04-02 06:03:00,desktop,home,580,313.91
U182,P039,click,2026-04-02 06:04:00,mobile,home,526,76.41
U497,P083,view,2026-04-02 06:05:00,tablet,home,42,55.42
U269,P086,click,2026-04-02 06:06:00,tablet,home,511,273.46
U380,P089,view,2026-04-02 06:08:00,tablet,clothing,278,452.43
U355,P065,click,2026-04-02 06:09:00,mobile,beauty,264,117.51
U161,P033,view,2026-04-02 06:11:00,tablet,home,372,339.43
U300,P047,view,2026-04-02 06:11:00,mobile,home,328,448.78
U485,P017,view,2026-04-02 06:12:00,tablet,beauty,350,218.46
U002,P064,view,2026-04-02 06:12:00,mobile,beauty,422,483.91
U062,P064,click,2026-04-02 06:12:00,desktop,electronics,460,440.0
U355,P038,view,2026-04-02 06:13:00,mobile,electronics,201,257.68
U487,P050,view,2026-04-02 06:14:00,desktop,clothing,49,408.51
U086,P046,click,2026-04-02 06:16:00,desktop,electronics,149,118.47
U496,P074,view,2026-04-02 06:16:00,desktop,beauty,56,447.16
U050,P057,view,2026-04-02 06:21:00,mobile,home,211,326.35
U133,P053,click,2026-04-02 06:23:00,desktop,electronics,178,325.94
U141,P039,view,2026-04-02 06:23:00,tablet,clothing,100,318.92
U164,P039,view,2026-04-02 06:24:00,desktop,clothing,126,473.14
U432,P094,view,2026-04-02 06:24:00,desktop,clothing,41,168.09
U476,P052,view,2026-04-02 06:24:00,tablet,electronics,306,458.48
U328,P074,view,2026-04-02 06:27:00,mobile,home,347,405.61
U395,P094,click,2026-04-02 06:28:00,tablet,home,365,328.98
U194,P089,view,2026-04-02 06:29:00,mobile,electronics,246,370.55
U143,P061,view,2026-04-02 06:29:00,tablet,electronics,98,384.66
U314,P053,add_to_cart,2026-04-02 06:29:00,desktop,beauty,552,354.53
U004,P076,view,2026-04-02 06:30:00,tablet,clothing,250,470.66
U402,P039,view,2026-04-02 06:32:00,tablet,clothing,69,301.56
U421,P098,view,2026-04-02 06:33:00,mobile,clothing,307,381.61
U178,P086,view,2026-04-02 06:33:00,mobile,electronics,322,407.91
U383,P067,view,2026-04-02 06:34:00,mobile,home,298,265.31
U397,P079,add_to_cart,2026-04-02 06:34:00,desktop,electronics,537,407.29
U321,P058,click,2026-04-02 06:36:00,tablet,home,353,187.53
U374,P077,add_to_cart,2026-04-02 06:37:00,desktop,electronics,295,204.16
U082,P097,view,2026-04-02 06:38:00,mobile,clothing,85,204.07
U169,P045,view,2026-04-02 06:38:00,mobile,electronics,58,282.96
U060,P096,click,2026-04-02 06:39:00,desktop,beauty,351,266.63
U229,P058,view,2026-04-02 06:39:00,mobile,home,100,227.54
U498,P014,click,2026-04-02 06:40:00,desktop,home,437,332.22
U132,P038,click,2026-04-02 06:40:00,tablet,clothing,551,407.49
U460,P098,click,2026-04-02 06:40:00,tablet,beauty,426,110.11
U193,P007,view,2026-04-02 06:41:00,tablet,clothing,13,334.09
U429,P028,view,2026-04-02 06:43:00,tablet,clothing,266,448.77
U477,P074,click,2026-04-02 06:44:00,mobile,clothing,509,433.32
U037,P023,view,2026-04-02 06:44:00,desktop,clothing,28,377.01
U288,P087,click,2026-04-02 06:44:00,mobile,clothing,570,485.74
U418,P031,add_to_cart,2026-04-02 06:46:00,desktop,electronics,436,238.82
U030,P055,click,2026-04-02 06:47:00,tablet,electronics,352,233.82
U242,P081,view,2026-04-02 06:50:00,tablet,home,183,138.46
U140,P059,click,2026-04-02 06:50:00,desktop,home,386,316.53
U186,P008,click,2026-04-02 06:51:00,desktop,electronics,315,234.27
U489,P084,add_to_cart,2026-04-02 06:52:00,desktop,beauty,387,141.73
U096,P074,add_to_cart,2026-04-02 06:52:00,mobile,clothing,465,32.45
U447,P008,click,2026-04-02 06:54:00,tablet,home,557,40.0
U430,P013,view,2026-04-02 06:55:00,desktop,electronics,37,263.78
U218,P032,click,2026-04-02 06:55:00,mobile,clothing,548,379.17
U431,P088,click,2026-04-02 06:55:00,desktop,clothing,242,117.15
U372,P073,click,2026-04-02 06:58:00,mobile,beauty,532,249.37
U190,P100,click,2026-04-02 06:59:00,mobile,beauty,376,152.39
U023,P026,view,2026-04-02 07:00:00,mobile,home,120,266.21
U245,P094,view,2026-04-02 07:01:00,tablet,clothing,87,99.88
U182,P018,click,2026-04-02 07:02:00,tablet,electronics,418,339.68
U167,P019,click,2026-04-02 07:02:00,tablet,clothing,468,202.58
U231,P070,view,2026-04-02 07:03:00,desktop,clothing,57,201.29
U179,P041,add_to_cart,2026-04-02 07:04:00,mobile,electronics,575,62.11
U213,P028,click,2026-04-02 07:05:00,tablet,clothing,555,148.99
U221,P015,add_to_cart,2026-04-02 07:05:00,desktop,beauty,297,87.89
U428,P046,view,2026-04-02 07:05:00,mobile,beauty,332,493.74
U207,P063,view,2026-04-02 07:08:00,tablet,home,236,470.05
U274,P014,view,2026-04-02 07:09:00,tablet,clothing,415,495.18
U204,P002,view,2026-04-02 07:12:00,mobile,beauty,296,116.81
U080,P048,click,2026-04-02 07:12:00,desktop,beauty,174,125.39
U448,P028,view,2026-04-02 07:12:00,mobile,beauty,118,296.17
U152,P088,add_to_cart,2026-04-02 07:12:00,desktop,beauty,488,361.39
U121,P061,click,2026-04-02 07:13:00,mobile,beauty,542,288.29
U240,P056,add_to_cart,2026-04-02 07:13:00,mobile,electronics,363,46.2
U152,P020,add_to_cart,2026-04-02 07:13:00,mobile,beauty,557,80.05
U119,P064,view,2026-04-02 07:13:00,mobile,clothing,98,479.21
U374,P005,click,2026-04-02 07:14:00,mobile,electronics,402,72.45
U499,P098,add_to_cart,2026-04-02 07:15:00,desktop,home,449,177.15
U341,P090,view,2026-04-02 07:17:00,mobile,clothing,203,216.19
U364,P067,view,2026-04-02 07:17:00,mobile,beauty,216,201.51
U456,P074,view,2026-04-02 07:17:00,desktop,beauty,36,488.34
U262,P027,add_to_cart,2026-04-02 07:19:00,desktop,electronics,405,139.33
U450,P087,click,2026-04-02 07:20:00,tablet,clothing,283,163.05
U097,P094,view,2026-04-02 07:20:00,tablet,clothing,119,181.57
U355,P092,add_to_cart,2026-04-02 07:22:00,mobile,electronics,524,124.7
U206,P056,click,2026-04-02 07:25:00,desktop,electronics,430,345.43
U472,P036,click,2026-04-02 07:25:00,desktop,beauty,255,272.82
U375,P003,click,2026-04-02 07:25:00,tablet,electronics,99,62.23
U408,P035,click,2026-04-02 07:26:00,mobile,home,455,162.47
U476,P071,click,2026-04-02 07:27:00,desktop,home,334,318.04
U283,P013,view,2026-04-02 07:27:00,tablet,electronics,187,481.11
U417,P003,add_to_cart,2026-04-02 07:28:00,desktop,beauty,583,318.83
U210,P079,view,2026-04-02 07:29:00,mobile,beauty,104,179.16
U213,P060,view,2026-04-02 07:29:00,tablet,clothing,76,358.96
U089,P090,click,2026-04-02 07:29:00,mobile,electronics,336,158.68
U393,P027,click,2026-04-02 07:30:00,mobile,beauty,389,408.98
U035,P070,add_to_cart,2026-04-02 07:30:00,desktop,beauty,575,312.2
U147,P043,view,2026-04-02 07:31:00,desktop,beauty,74,189.82
U305,P042,click,2026-04-02 07:32:00,desktop,home,189,395.58
U017,P077,click,2026-04-02 07:32:00,tablet,electronics,64,94.98
U357,P099,click,2026-04-02 07:33:00,mobile,beauty,411,291.35
U220,P014,click,2026-04-02 07:33:00,mobile,electronics,340,25.05
U097,P012,click,2026-04-02 07:34:00,desktop,home,297,236.13
U279,P059,view,2026-04-02 07:34:00,tablet,home,80,397.1
U377,P004,view,2026-04-02 07:36:00,tablet,home,189,358.37
U296,P032,view,2026-04-02 07:37:00,mobile,clothing,224,413.9
U215,P085,view,2026-04-02 07:38:00,desktop,clothing,191,457.48
U041,P078,click,2026-04-02 07:38:00,mobile,electronics,333,157.03
U068,P091,view,2026-04-02 07:39:00,tablet,home,536,366.3
U257,P092,click,2026-04-02 07:39:00,mobile,clothing,580,374.34
U109,P051,click,2026-04-02 07:39:00,mobile,electronics,433,122.58
U173,P009,view,2026-04-02 07:40:00,mobile,clothing,490,478.27
U316,P052,click,2026-04-02 07:40:00,mobile,beauty,341,92.69
U135,P008,click,2026-04-02 07:40:00,desktop,home,94,201.46
U444,P081,click,2026-04-02 07:40:00,desktop,home,392,489.22
U115,P012,view,2026-04-02 07:40:00,mobile,clothing,169,491.61
U080,P025,view,2026-04-02 07:41:00,tablet,electronics,176,264.5
U238,P003,view,2026-04-02 07:43:00,mobile,electronics,112,170.43
U098,P070,click,2026-04-02 07:44:00,tablet,beauty,429,82.26
U345,P023,view,2026-04-02 07:44:00,tablet,home,67,55.4
U352,P084,view,2026-04-02 07:44:00,mobile,home,191,181.46
U272,P069,click,2026-04-02 07:44:00,mobile,beauty,432,265.05
U099,P003,view,2026-04-02 07:46:00,mobile,beauty,130,389.6
U325,P002,view,2026-04-02 07:48:00,tablet,beauty,307,329.23
U152,P020,click,2026-04-02 07:49:00,mobile,electronics,323,97.7
U100,P098,view,2026-04-02 07:49:00,tablet,home,354,472.36
U260,P097,view,2026-04-02 07:52:00,mobile,electronics,244,442.89
U233,P064,click,2026-04-02 07:53:00,mobile,electronics,277,148.64
U213,P057,click,2026-04-02 07:55:00,desktop,clothing,132,144.79
U075,P036,view,2026-04-02 07:55:00,desktop,beauty,21,72.58
U175,P008,add_to_cart,2026-04-02 07:56:00,desktop,electronics,415,88.81
U330,P051,view,2026-04-02 07:56:00,desktop,beauty,10,462.33
U262,P027,view,2026-04-02 07:57:00,mobile,beauty,43,97.01
U198,P027,click,2026-04-02 07:57:00,desktop,home,418,223.67
U237,P010,view,2026-04-02 07:57:00,tablet,beauty,68,403.79
U065,P064,view,2026-04-02 07:57:00,desktop,clothing,192,149.65
U231,P092,view,2026-04-02 07:59:00,mobile,electronics,138,269.61
U147,P062,click,2026-04-02 08:01:00,tablet,beauty,559,137.88
U445,P040,click,2026-04-02 08:01:00,desktop,electronics,127,114.85
U235,P060,view,2026-04-02 08:01:00,mobile,beauty,88,489.51
U239,P090,view,2026-04-02 08:02:00,desktop,beauty,117,453.7
U300,P078,view,2026-04-02 08:02:00,mobile,home,94,482.48
U119,P003,click,2026-04-02 08:02:00,desktop,beauty,319,325.81
U017,P086,view,2026-04-02 08:02:00,tablet,electronics,106,331.94
U031,P059,click,2026-04-02 08:04:00,desktop,clothing,253,48.01
U038,P068,view,2026-04-02 08:05:00,desktop,beauty,85,430.38
U090,P014,view,2026-04-02 08:05:00,mobile,clothing,119,227.79
U336,P067,view,2026-04-02 08:06:00,desktop,beauty,147,173.86
U464,P098,add_to_cart,2026-04-02 08:06:00,desktop,home,512,50.79
U080,P020,click,2026-04-02 08:06:00,desktop,beauty,234,269.31
U201,P006,view,2026-04-02 08:07:00,tablet,beauty,486,363.16
U425,P072,view,2026-04-02 08:07:00,mobile,clothing,247,396.61
U115,P073,click,2026-04-02 08:09:00,desktop,electronics,274,470.76
U387,P004,view,2026-04-02 08:10:00,tablet,clothing,152,112.79
U433,P003,click,2026-04-02 08:11:00,mobile,electronics,112,87.9
U444,P100,view,2026-04-02 08:12:00,mobile,electronics,77,408.09
U115,P069,add_to_cart,2026-04-02 08:13:00,desktop,electronics,401,324.11
U253,P004,click,2026-04-02 08:13:00,tablet,beauty,565,184.45
U211,P084,add_to_cart,2026-04-02 08:17:00,desktop,electronics,453,156.17
U422,P012,view,2026-04-02 08:18:00,tablet,home,42,480.35
U308,P081,view,2026-04-02 08:20:00,desktop,home,82,290.15
U093,P092,click,2026-04-02 08:20:00,desktop,home,411,468.59
U448,P041,add_to_cart,2026-04-02 08:21:00,desktop,beauty,515,135.04
U085,P016,click,2026-04-02 08:22:00,mobile,home,461,218.31
U500,P022,view,2026-04-02 08:22:00,mobile,clothing,204,478.63
U427,P097,view,2026-04-02 08:23:00,desktop,clothing,212,367.72
U466,P063,click,2026-04-02 08:24:00,mobile,clothing,481,240.14
U378,P008,click,2026-04-02 08:26:00,desktop,beauty,81,28.07
U153,P072,add_to_cart,2026-04-02 08:27:00,desktop,electronics,343,141.65
U246,P043,add_to_cart,2026-04-02 08:30:00,desktop,home,518,246.93
U363,P026,click,2026-04-02 08:31:00,tablet,clothing,329,137.28
U204,P042,click,2026-04-02 08:32:00,desktop,clothing,217,30.3
U256,P033,view,2026-04-02 08:32:00,tablet,home,59,40.43
U284,P018,add_to_cart,2026-04-02 08:33:00,desktop,beauty,459,19.66
U253,P058,add_to_cart,2026-04-02 08:33:00,desktop,home,270,79.79
U350,P033,click,2026-04-02 08:34:00,mobile,electronics,267,380.6
U420,P006,view,2026-04-02 08:34:00,mobile,beauty,254,211.27
U160,P022,add_to_cart,2026-04-02 08:36:00,mobile,electronics,506,107.78
U471,P080,click,2026-04-02 08:36:00,desktop,home,362,454.68
U301,P010,view,2026-04-02 08:37:00,mobile,beauty,567,475.07
U162,P092,view,2026-04-02 08:37:00,tablet,home,452,454.72
U143,P001,click,2026-04-02 08:38:00,tablet,home,474,274.33
U056,P021,add_to_cart,2026-04-02 08:38:00,tablet,home,525,75.05
U246,P093,view,2026-04-02 08:43:00,tablet,home,50,365.26
U016,P011,view,2026-04-02 08:44:00,desktop,home,29,134.73
U094,P083,view,2026-04-02 08:45:00,tablet,electronics,71,61.69
U403,P028,add_to_cart,2026-04-02 08:46:00,desktop,electronics,551,353.35
U056,P020,click,2026-04-02 08:47:00,mobile,home,511,187.95
U217,P099,click,2026-04-02 08:54:00,desktop,beauty,410,369.85
U447,P085,click,2026-04-02 08:55:00,tablet,beauty,361,200.89
U385,P082,view,2026-04-02 08:55:00,tablet,beauty,45,374.5
U471,P019,view,2026-04-02 08:55:00,mobile,beauty,320,93.79
U266,P021,view,2026-04-02 08:57:00,mobile,home,116,477.85
U285,P057,view,2026-04-02 08:58:00,tablet,beauty,16,477.07
U025,P030,add_to_cart,2026-04-02 08:58:00,desktop,clothing,447,294.54
U176,P095,click,2026-04-02 09:00:00,tablet,clothing,481,317.64
U136,P076,view,2026-04-02 09:00:00,tablet,home,245,147.2
U327,P042,view,2026-04-02 09:01:00,mobile,clothing,53,117.65
U093,P096,click,2026-04-02 09:01:00,tablet,beauty,367,167.55
U186,P095,view,2026-04-02 09:01:00,mobile,beauty,263,395.08
U274,P072,view,2026-04-02 09:02:00,tablet,clothing,98,410.85
U076,P027,click,2026-04-02 09:02:00,tablet,beauty,480,349.92
U402,P091,click,2026-04-02 09:02:00,desktop,electronics,344,439.69
U207,P073,view,2026-04-02 09:08:00,desktop,clothing,62,467.33
U093,P059,view,2026-04-02 09:08:00,tablet,home,49,56.44
U201,P053,view,2026-04-02 09:09:00,mobile,clothing,58,156.5
U003,P015,view,2026-04-02 09:10:00,tablet,home,112,364.4
U145,P085,view,2026-04-02 09:13:00,desktop,home,17,372.36
U105,P010,add_to_cart,2026-04-02 09:15:00,desktop,clothing,572,123.14
U405,P043,add_to_cart,2026-04-02 09:15:00,tablet,clothing,516,86.47
U198,P036,view,2026-04-02 09:16:00,mobile,electronics,36,111.34
U429,P098,click,2026-04-02 09:16:00,desktop,beauty,342,376.73
U431,P062,click,2026-04-02 09:16:00,mobile,home,287,12.21
U291,P074,view,2026-04-02 09:17:00,tablet,electronics,203,318.63
U084,P096,view,2026-04-02 09:18:00,desktop,clothing,439,485.38
U331,P079,click,2026-04-02 09:18:00,desktop,beauty,377,172.14
U112,P095,view,2026-04-02 09:19:00,tablet,beauty,86,483.99
U355,P026,click,2026-04-02 09:20:00,mobile,electronics,217,241.2
U088,P001,click,2026-04-02 09:21:00,mobile,beauty,568,239.19
U345,P022,click,2026-04-02 09:21:00,tablet,home,291,123.1
U310,P013,add_to_cart,2026-04-02 09:22:00,desktop,home,387,94.6
U339,P082,add_to_cart,2026-04-02 09:22:00,tablet,clothing,494,125.22
U229,P032,click,2026-04-02 09:22:00,tablet,electronics,259,29.92
U323,P071,view,2026-04-02 09:23:00,desktop,home,322,421.78
U030,P085,click,2026-04-02 09:23:00,desktop,beauty,571,496.9
U480,P051,view,2026-04-02 09:32:00,mobile,beauty,153,194.66
U262,P074,click,2026-04-02 09:35:00,mobile,electronics,424,176.39
U413,P028,view,2026-04-02 09:38:00,mobile,electronics,51,107.44
U260,P043,click,2026-04-02 09:39:00,desktop,clothing,343,63.0
U035,P052,view,2026-04-02 09:40:00,mobile,home,306,341.2
U185,P046,view,2026-04-02 09:41:00,mobile,home,190,119.47
U290,P067,click,2026-04-02 09:41:00,desktop,clothing,318,205.26
U394,P018,add_to_cart,2026-04-02 09:42:00,desktop,beauty,517,260.65
U322,P006,click,2026-04-02 09:44:00,tablet,electronics,496,382.16
U179,P084,click,2026-04-02 09:44:00,tablet,electronics,84,79.59
U098,P062,view,2026-04-02 09:45:00,tablet,home,100,293.95
U243,P012,view,2026-04-02 09:47:00,tablet,beauty,176,219.11
U080,P086,view,2026-04-02 09:47:00,mobile,home,168,184.36
U287,P041,view,2026-04-02 09:47:00,mobile,clothing,26,84.77
U085,P020,view,2026-04-02 09:51:00,mobile,beauty,394,284.79
U388,P043,view,2026-04-02 09:51:00,desktop,clothing,196,464.43
U281,P051,click,2026-04-02 09:52:00,desktop,electronics,68,209.42
U388,P044,click,2026-04-02 09:53:00,tablet,home,336,81.82
U308,P017,click,2026-04-02 09:54:00,tablet,beauty,479,179.71
U055,P025,view,2026-04-02 09:54:00,desktop,clothing,177,459.08
U216,P092,click,2026-04-02 09:54:00,tablet,home,516,277.79
U394,P018,view,2026-04-02 09:55:00,desktop,electronics,36,342.65
U087,P092,add_to_cart,2026-04-02 09:56:00,tablet,electronics,506,173.16
U124,P088,click,2026-04-02 09:57:00,desktop,beauty,404,190.77
U286,P014,click,2026-04-02 09:57:00,mobile,electronics,322,244.18
U177,P076,click,2026-04-02 09:58:00,desktop,electronics,385,470.02
U343,P012,view,2026-04-02 09:59:00,desktop,clothing,232,388.2
U222,P083,click,2026-04-02 09:59:00,mobile,beauty,313,29.7
U266,P051,click,2026-04-02 09:59:00,desktop,electronics,222,455.82
U254,P006,view,2026-04-02 10:00:00,desktop,home,169,250.31
U032,P007,click,2026-04-02 10:01:00,tablet,clothing,573,174.52
U031,P016,view,2026-04-02 10:01:00,tablet,clothing,245,115.88
U320,P039,view,2026-04-02 10:03:00,tablet,beauty,435,498.45
U110,P006,add_to_cart,2026-04-02 10:03:00,desktop,electronics,325,119.46
U412,P067,add_to_cart,2026-04-02 10:04:00,desktop,beauty,408,71.8
U424,P096,view,2026-04-02 10:04:00,mobile,clothing,254,269.33
U458,P012,view,2026-04-02 10:06:00,tablet,beauty,203,125.23
U280,P004,click,2026-04-02 10:06:00,tablet,beauty,488,392.02
U441,P020,add_to_cart,2026-04-02 10:09:00,desktop,beauty,580,347.4
U466,P093,click,2026-04-02 10:09:00,mobile,home,543,370.64
U386,P080,view,2026-04-02 10:10:00,desktop,beauty,155,294.32
U054,P017,add_to_cart,2026-04-02 10:11:00,desktop,home,429,135.27
U119,P020,click,2026-04-02 10:12:00,mobile,clothing,297,215.71
U172,P060,view,2026-04-02 10:13:00,mobile,beauty,182,399.03
U378,P073,view,2026-04-02 10:14:00,tablet,beauty,196,372.13
U358,P085,add_to_cart,2026-04-02 10:16:00,desktop,electronics,209,60.98
U168,P010,click,2026-04-02 10:17:00,desktop,home,503,439.24
U348,P079,click,2026-04-02 10:17:00,mobile,electronics,563,184.43
U415,P083,view,2026-04-02 10:20:00,mobile,beauty,479,433.48
U278,P019,click,2026-04-02 10:21:00,desktop,electronics,229,133.41
U135,P053,view,2026-04-02 10:22:00,mobile,clothing,382,442.2
U482,P013,view,2026-04-02 10:22:00,tablet,home,256,433.8
U375,P080,add_to_cart,2026-04-02 10:22:00,tablet,beauty,486,72.6
U268,P031,view,2026-04-02 10:23:00,mobile,clothing,55,436.31
U068,P010,click,2026-04-02 10:25:00,desktop,electronics,165,116.67
U436,P056,view,2026-04-02 10:25:00,tablet,electronics,165,420.67
U130,P067,add_to_cart,2026-04-02 10:25:00,mobile,beauty,551,39.9
U473,P039,click,2026-04-02 10:29:00,desktop,clothing,92,170.23
U382,P049,view,2026-04-02 10:29:00,tablet,home,208,215.57
U435,P083,add_to_cart,2026-04-02 10:30:00,tablet,electronics,366,12.63
U288,P005,view,2026-04-02 10:31:00,tablet,clothing,70,367.91
U277,P098,click,2026-04-02 10:32:00,mobile,home,328,37.81
U380,P091,click,2026-04-02 10:34:00,desktop,electronics,320,218.03
U328,P024,view,2026-04-02 10:34:00,tablet,home,12,366.6
U088,P017,click,2026-04-02 10:35:00,desktop,beauty,363,33.54
U017,P083,view,2026-04-02 10:37:00,tablet,clothing,245,272.8
U389,P053,click,2026-04-02 10:39:00,desktop,electronics,257,358.85
U365,P086,view,2026-04-02 10:40:00,mobile,clothing,580,486.03
U241,P013,click,2026-04-02 10:40:00,tablet,clothing,539,498.24
U299,P070,click,2026-04-02 10:40:00,mobile,electronics,330,313.19
U200,P016,click,2026-04-02 10:40:00,mobile,beauty,540,408.48
U124,P040,view,2026-04-02 10:41:00,tablet,beauty,177,200.06
U128,P087,view,2026-04-02 10:42:00,tablet,beauty,20,176.77
U005,P011,view,2026-04-02 10:43:00,mobile,beauty,79,268.93
U219,P044,add_to_cart,2026-04-02 10:44:00,desktop,electronics,238,62.22
U451,P093,view,2026-04-02 10:47:00,mobile,electronics,194,457.45
U105,P086,add_to_cart,2026-04-02 10:47:00,mobile,clothing,551,14.53
U326,P030,view,2026-04-02 10:48:00,tablet,electronics,379,463.42
U193,P054,click,2026-04-02 10:49:00,tablet,clothing,535,173.43
U296,P075,view,2026-04-02 10:49:00,mobile,clothing,41,461.25
U030,P007,add_to_cart,2026-04-02 10:49:00,mobile,beauty,525,35.17
U066,P006,click,2026-04-02 10:50:00,desktop,electronics,20,10.06
U032,P048,click,2026-04-02 10:50:00,mobile,clothing,244,14.84
U021,P006,click,2026-04-02 10:52:00,desktop,beauty,164,85.93
U476,P059,view,2026-04-02 10:56:00,desktop,home,189,396.03
U022,P100,view,2026-04-02 10:56:00,mobile,electronics,69,196.27
U117,P089,view,2026-04-02 10:57:00,tablet,clothing,347,189.58
U356,P077,click,2026-04-02 10:57:00,desktop,clothing,251,324.65
U197,P044,click,2026-04-02 11:00:00,mobile,home,456,145.7
U259,P018,view,2026-04-02 11:00:00,mobile,electronics,85,138.02
U095,P087,click,2026-04-02 11:00:00,desktop,beauty,516,205.12
U468,P078,view,2026-04-02 11:01:00,tablet,home,433,369.49
U451,P031,view,2026-04-02 11:01:00,tablet,home,158,345.08
U399,P067,view,2026-04-02 11:01:00,desktop,electronics,127,463.51
U299,P085,click,2026-04-02 11:02:00,mobile,beauty,509,288.41
U482,P100,click,2026-04-02 11:03:00,desktop,home,444,249.61
U393,P066,add_to_cart,2026-04-02 11:05:00,desktop,home,555,438.28
U282,P097,view,2026-04-02 11:06:00,tablet,clothing,203,425.44
U091,P044,view,2026-04-02 11:06:00,tablet,home,265,341.89
U191,P013,view,2026-04-02 11:09:00,tablet,beauty,461,334.03
U090,P036,view,2026-04-02 11:09:00,mobile,beauty,122,474.2
U257,P034,view,2026-04-02 11:15:00,tablet,clothing,167,415.86
U336,P022,click,2026-04-02 11:15:00,desktop,beauty,492,277.53
U261,P019,add_to_cart,2026-04-02 11:16:00,desktop,home,528,191.99
U259,P014,click,2026-04-02 11:17:00,desktop,clothing,472,330.54
U355,P022,view,2026-04-02 11:18:00,mobile,electronics,362,361.57
U320,P004,click,2026-04-02 11:19:00,mobile,electronics,248,182.09
U389,P003,view,2026-04-02 11:21:00,mobile,electronics,202,324.83
U081,P084,click,2026-04-02 11:21:00,desktop,electronics,299,198.42
U207,P099,view,2026-04-02 11:21:00,mobile,clothing,92,22.31
U252,P035,view,2026-04-02 11:22:00,tablet,clothing,403,377.67
U461,P046,view,2026-04-02 11:26:00,desktop,home,259,479.96
U240,P018,view,2026-04-02 11:28:00,desktop,clothing,152,346.86
U225,P044,click,2026-04-02 11:29:00,mobile,electronics,314,246.77
U352,P042,view,2026-04-02 11:30:00,desktop,beauty,215,339.24
U257,P035,view,2026-04-02 11:30:00,mobile,beauty,294,437.02
U076,P087,click,2026-04-02 11:31:00,desktop,clothing,541,457.02
U192,P078,view,2026-04-02 11:31:00,mobile,clothing,16,278.07
U153,P065,click,2026-04-02 11:35:00,desktop,home,68,76.19
U425,P049,add_to_cart,2026-04-02 11:35:00,mobile,electronics,574,102.02
U405,P094,click,2026-04-02 11:35:00,desktop,clothing,410,443.58
U210,P068,view,2026-04-02 11:36:00,mobile,electronics,247,214.55
U195,P097,view,2026-04-02 11:36:00,tablet,home,503,391.84
U386,P027,click,2026-04-02 11:37:00,mobile,beauty,492,289.09
U176,P024,click,2026-04-02 11:38:00,mobile,electronics,219,10.44
U496,P024,view,2026-04-02 11:42:00,mobile,beauty,233,58.68
U203,P075,view,2026-04-02 11:42:00,mobile,home,98,213.0
U207,P054,add_to_cart,2026-04-02 11:42:00,tablet,home,545,119.35
U417,P084,click,2026-04-02 11:43:00,mobile,home,311,59.17
U323,P047,view,2026-04-02 11:44:00,mobile,beauty,200,19.09
U115,P093,view,2026-04-02 11:44:00,tablet,beauty,134,180.18
U055,P065,click,2026-04-02 11:44:00,mobile,electronics,466,264.86
U120,P071,view,2026-04-02 11:46:00,tablet,clothing,348,472.99
U147,P034,add_to_cart,2026-04-02 11:46:00,tablet,clothing,554,41.31
U094,P088,view,2026-04-02 11:48:00,desktop,home,22,433.79
U057,P035,click,2026-04-02 11:48:00,desktop,beauty,384,297.1
U188,P087,click,2026-04-02 11:48:00,desktop,home,432,225.25
U131,P028,view,2026-04-02 11:48:00,tablet,home,152,165.63
U022,P037,view,2026-04-02 11:50:00,tablet,home,276,115.02
U295,P100,click,2026-04-02 11:52:00,mobile,home,441,336.41
U222,P078,click,2026-04-02 11:54:00,desktop,electronics,152,250.61
U428,P079,click,2026-04-02 11:54:00,tablet,beauty,592,60.15
U475,P048,add_to_cart,2026-04-02 11:54:00,desktop,home,587,25.35
U280,P085,view,2026-04-02 11:55:00,mobile,electronics,68,350.3
U365,P060,add_to_cart,2026-04-02 11:55:00,desktop,electronics,475,318.64
U234,P030,click,2026-04-02 11:56:00,mobile,home,305,247.53
U238,P016,view,2026-04-02 11:57:00,tablet,home,177,203.98
U137,P062,view,2026-04-02 11:57:00,tablet,clothing,208,436.3
U261,P036,view,2026-04-02 11:58:00,mobile,beauty,106,175.78
U488,P037,click,2026-04-02 11:59:00,mobile,electronics,384,33.82
U450,P053,view,2026-04-02 12:00:00,tablet,home,188,330.16
U061,P095,click,2026-04-02 12:00:00,mobile,electronics,404,188.45
U014,P084,click,2026-04-02 12:00:00,desktop,electronics,198,128.16
U463,P028,view,2026-04-02 12:02:00,tablet,beauty,223,333.48
U268,P053,click,2026-04-02 12:05:00,mobile,electronics,301,200.12
U457,P090,click,2026-04-02 12:05:00,tablet,electronics,312,17.67
U279,P059,view,2026-04-02 12:08:00,mobile,home,214,475.89
U099,P065,click,2026-04-02 12:08:00,desktop,home,443,491.44
U125,P082,click,2026-04-02 12:09:00,tablet,electronics,403,169.29
U294,P078,click,2026-04-02 12:09:00,mobile,beauty,395,391.79
U420,P097,view,2026-04-02 12:10:00,mobile,home,166,369.81
U101,P009,click,2026-04-02 12:11:00,tablet,electronics,187,132.05
U110,P041,click,2026-04-02 12:11:00,desktop,clothing,98,148.15
U440,P082,view,2026-04-02 12:13:00,desktop,home,99,133.95
U423,P050,view,2026-04-02 12:15:00,tablet,beauty,401,462.58
U336,P058,click,2026-04-02 12:16:00,desktop,electronics,161,256.28
U367,P027,view,2026-04-02 12:17:00,tablet,electronics,245,458.63
U255,P032,view,2026-04-02 12:18:00,mobile,clothing,422,425.51
U105,P086,view,2026-04-02 12:18:00,mobile,electronics,64,293.93
U345,P061,add_to_cart,2026-04-02 12:18:00,desktop,electronics,390,265.04
U329,P059,view,2026-04-02 12:21:00,mobile,beauty,32,309.77
U292,P080,add_to_cart,2026-04-02 12:21:00,desktop,electronics,576,80.74
U096,P083,view,2026-04-02 12:22:00,mobile,home,26,236.56
U288,P043,click,2026-04-02 12:23:00,desktop,home,339,291.23
U103,P029,click,2026-04-02 12:26:00,tablet,beauty,411,134.6
U141,P014,view,2026-04-02 12:28:00,desktop,clothing,86,423.27
U201,P007,click,2026-04-02 12:28:00,tablet,home,568,393.79
U069,P092,click,2026-04-02 12:33:00,mobile,home,395,166.83
U313,P044,view,2026-04-02 12:33:00,tablet,beauty,231,113.27
U298,P041,add_to_cart,2026-04-02 12:33:00,mobile,electronics,563,92.65
U300,P020,view,2026-04-02 12:34:00,mobile,home,196,136.14
U069,P097,add_to_cart,2026-04-02 12:35:00,mobile,electronics,535,310.88
U041,P032,add_to_cart,2026-04-02 12:36:00,mobile,electronics,474,29.37
U117,P042,click,2026-04-02 12:36:00,tablet,electronics,242,318.3
U205,P055,click,2026-04-02 12:37:00,tablet,clothing,430,238.97
U458,P092,view,2026-04-02 12:37:00,desktop,clothing,59,416.71
U482,P021,view,2026-04-02 12:38:00,mobile,electronics,134,259.64
U160,P011,view,2026-04-02 12:38:00,mobile,clothing,307,282.94
U321,P033,click,2026-04-02 12:39:00,tablet,home,595,377.64
U478,P063,click,2026-04-02 12:39:00,mobile,home,415,62.7
U445,P076,view,2026-04-02 12:39:00,mobile,home,201,39.5
U318,P005,view,2026-04-02 12:41:00,mobile,electronics,403,406.78
U269,P047,click,2026-04-02 12:41:00,mobile,clothing,550,355.2
U085,P034,view,2026-04-02 12:44:00,desktop,clothing,170,222.55
U265,P005,view,2026-04-02 12:45:00,tablet,beauty,191,189.1
U179,P014,click,2026-04-02 12:48:00,tablet,clothing,503,369.22
U175,P044,view,2026-04-02 12:49:00,mobile,beauty,257,447.74
U260,P024,add_to_cart,2026-04-02 12:49:00,desktop,beauty,415,94.94
U487,P028,click,2026-04-02 12:50:00,tablet,beauty,437,102.21
U235,P100,view,2026-04-02 12:51:00,mobile,home,149,186.43
U085,P063,view,2026-04-02 12:53:00,mobile,home,478,397.34
U027,P036,view,2026-04-02 12:56:00,desktop,beauty,18,111.4
U186,P019,add_to_cart,2026-04-02 12:56:00,desktop,home,582,31.44
U221,P060,view,2026-04-02 12:56:00,tablet,clothing,150,187.34
U317,P087,view,2026-04-02 12:57:00,mobile,beauty,38,203.96
U382,P067,view,2026-04-02 12:57:00,tablet,clothing,38,294.26
U446,P067,click,2026-04-02 12:58:00,mobile,electronics,309,155.39
U062,P068,view,2026-04-02 12:59:00,desktop,beauty,157,443.47
U125,P071,view,2026-04-02 12:59:00,desktop,home,150,326.2
U047,P054,view,2026-04-02 13:00:00,mobile,electronics,131,338.76
U469,P044,view,2026-04-02 13:01:00,tablet,home,172,104.26
U471,P054,view,2026-04-02 13:02:00,mobile,beauty,242,293.4
U263,P098,click,2026-04-02 13:02:00,tablet,clothing,569,287.0
U402,P061,click,2026-04-02 13:03:00,mobile,beauty,598,470.73
U300,P021,click,2026-04-02 13:04:00,desktop,beauty,161,232.43
U137,P021,view,2026-04-02 13:04:00,mobile,clothing,50,415.04
U092,P043,view,2026-04-02 13:04:00,tablet,beauty,104,299.33
U453,P083,click,2026-04-02 13:05:00,tablet,beauty,231,183.98
U039,P066,view,2026-04-02 13:06:00,tablet,beauty,82,315.41
U408,P019,click,2026-04-02 13:07:00,tablet,home,307,16.42
U297,P031,click,2026-04-02 13:07:00,mobile,beauty,433,52.33
U075,P066,add_to_cart,2026-04-02 13:09:00,tablet,electronics,518,315.73
U101,P070,click,2026-04-02 13:09:00,tablet,home,579,498.0
U245,P051,click,2026-04-02 13:12:00,tablet,clothing,391,282.09
U206,P052,click,2026-04-02 13:12:00,tablet,home,454,232.54
U211,P034,view,2026-04-02 13:14:00,mobile,clothing,317,379.86
U457,P068,click,2026-04-02 13:15:00,tablet,home,425,379.89
U474,P005,view,2026-04-02 13:15:00,tablet,beauty,140,211.41
U243,P068,view,2026-04-02 13:15:00,desktop,clothing,314,427.07
U499,P022,click,2026-04-02 13:16:00,desktop,home,428,456.28
U440,P010,view,2026-04-02 13:17:00,mobile,beauty,13,259.33
U169,P093,add_to_cart,2026-04-02 13:18:00,desktop,electronics,533,48.61
U400,P047,click,2026-04-02 13:20:00,tablet,clothing,552,291.11
U047,P069,view,2026-04-02 13:21:00,mobile,electronics,44,390.91
U423,P027,view,2026-04-02 13:22:00,tablet,beauty,98,18.48
U100,P073,view,2026-04-02 13:22:00,mobile,beauty,147,433.49
U285,P084,view,2026-04-02 13:23:00,desktop,clothing,202,342.72
U469,P032,view,2026-04-02 13:25:00,tablet,beauty,305,347.06
U272,P001,click,2026-04-02 13:25:00,desktop,home,340,96.37
U176,P049,view,2026-04-02 13:27:00,tablet,home,316,425.01
U101,P042,add_to_cart,2026-04-02 13:29:00,desktop,electronics,248,60.51
U307,P011,click,2026-04-02 13:30:00,mobile,electronics,511,246.98
U458,P002,view,2026-04-02 13:31:00,tablet,electronics,155,146.07
U205,P095,click,2026-04-02 13:32:00,tablet,home,582,355.09
U253,P086,click,2026-04-02 13:32:00,mobile,home,452,127.99
U017,P086,view,2026-04-02 13:34:00,tablet,home,145,160.03
U479,P027,click,2026-04-02 13:38:00,desktop,home,428,471.06
U469,P033,view,2026-04-02 13:39:00,mobile,home,48,99.71
U288,P041,click,2026-04-02 13:39:00,tablet,electronics,421,24.46
U233,P016,view,2026-04-02 13:42:00,desktop,beauty,47,290.48
U277,P009,view,2026-04-02 13:45:00,tablet,electronics,227,205.06
U186,P025,view,2026-04-02 13:45:00,mobile,beauty,33,469.35
U411,P046,click,2026-04-02 13:45:00,mobile,electronics,369,405.34
U298,P047,view,2026-04-02 13:45:00,mobile,electronics,350,490.9
U185,P009,add_to_cart,2026-04-02 13:46:00,desktop,electronics,590,111.72
U259,P100,click,2026-04-02 13:48:00,desktop,beauty,146,36.17
U362,P018,click,2026-04-02 13:48:00,desktop,electronics,59,59.64
U120,P086,view,2026-04-02 13:49:00,mobile,beauty,354,415.36
U436,P076,view,2026-04-02 13:53:00,tablet,home,185,226.46
U020,P089,add_to_cart,2026-04-02 13:56:00,desktop,electronics,445,313.02
U148,P066,view,2026-04-02 13:57:00,tablet,home,343,382.27
U061,P029,click,2026-04-02 13:57:00,desktop,clothing,452,207.28
U292,P049,click,2026-04-02 13:57:00,desktop,clothing,323,48.95
U321,P089,view,2026-04-02 13:57:00,tablet,beauty,55,397.33
U255,P068,click,2026-04-02 13:58:00,desktop,clothing,474,456.96
U004,P067,click,2026-04-02 13:58:00,tablet,electronics,81,138.53
U073,P065,click,2026-04-02 14:00:00,mobile,home,449,76.39
U433,P008,click,2026-04-02 14:03:00,tablet,home,317,22.74
U390,P032,view,2026-04-02 14:03:00,mobile,home,221,402.71
U446,P033,add_to_cart,2026-04-02 14:04:00,mobile,beauty,524,69.64
U416,P064,view,2026-04-02 14:04:00,mobile,clothing,107,220.96
U121,P008,click,2026-04-02 14:10:00,tablet,clothing,393,52.02
U284,P030,click,2026-04-02 14:10:00,desktop,beauty,367,77.26
U075,P053,click,2026-04-02 14:10:00,tablet,home,582,444.89
U175,P088,view,2026-04-02 14:10:00,mobile,home,367,469.71
U098,P100,click,2026-04-02 14:11:00,desktop,beauty,222,279.55
U141,P099,view,2026-04-02 14:12:00,tablet,beauty,159,115.75
U002,P079,view,2026-04-02 14:12:00,tablet,clothing,20,368.57
U090,P040,click,2026-04-02 14:12:00,desktop,home,340,410.71
U044,P096,view,2026-04-02 14:13:00,desktop,home,217,365.72
U129,P023,view,2026-04-02 14:15:00,mobile,home,196,347.14
U095,P090,add_to_cart,2026-04-02 14:16:00,tablet,electronics,439,179.37
U471,P077,click,2026-04-02 14:17:00,tablet,clothing,428,60.52
U225,P062,view,2026-04-02 14:17:00,tablet,home,128,228.58
U360,P063,add_to_cart,2026-04-02 14:17:00,mobile,electronics,561,184.32
U267,P051,click,2026-04-02 14:19:00,mobile,beauty,571,438.22
U221,P065,view,2026-04-02 14:19:00,tablet,beauty,157,55.18
U041,P001,add_to_cart,2026-04-02 14:21:00,tablet,beauty,545,90.63
U287,P096,click,2026-04-02 14:23:00,tablet,home,438,152.6
U487,P087,click,2026-04-02 14:24:00,desktop,electronics,165,122.01
U242,P092,click,2026-04-02 14:27:00,tablet,electronics,504,388.65
U090,P076,click,2026-04-02 14:28:00,desktop,home,247,175.27
U107,P057,click,2026-04-02 14:30:00,mobile,beauty,356,217.85
U447,P096,add_to_cart,2026-04-02 14:31:00,desktop,home,494,96.95
U416,P024,view,2026-04-02 14:33:00,tablet,electronics,372,387.59
U444,P007,add_to_cart,2026-04-02 14:35:00,tablet,home,460,29.35
U384,P082,click,2026-04-02 14:36:00,tablet,electronics,566,354.29
U118,P099,view,2026-04-02 14:40:00,tablet,electronics,295,365.73
U082,P056,click,2026-04-02 14:41:00,tablet,electronics,80,49.22
U342,P068,view,2026-04-02 14:42:00,mobile,home,188,36.22
U069,P039,view,2026-04-02 14:43:00,mobile,clothing,483,363.72
U404,P032,click,2026-04-02 14:43:00,desktop,electronics,43,95.01
U163,P060,click,2026-04-02 14:44:00,mobile,electronics,298,217.06
U408,P071,click,2026-04-02 14:44:00,desktop,clothing,40,19.6
U064,P072,view,2026-04-02 14:45:00,tablet,home,73,260.09
U163,P075,click,2026-04-02 14:45:00,tablet,electronics,369,194.65
U274,P057,view,2026-04-02 14:45:00,mobile,clothing,150,273.01
U315,P047,click,2026-04-02 14:46:00,mobile,clothing,425,236.77
U477,P008,click,2026-04-02 14:47:00,desktop,beauty,486,301.94
U098,P016,click,2026-04-02 14:48:00,mobile,electronics,354,189.26
U058,P061,view,2026-04-02 14:48:00,tablet,beauty,286,458.25
U414,P028,view,2026-04-02 14:48:00,mobile,home,333,352.99
U273,P060,view,2026-04-02 14:50:00,tablet,home,219,219.45
U288,P066,view,2026-04-02 14:51:00,desktop,home,146,139.59
U252,P034,click,2026-04-02 14:51:00,tablet,electronics,356,212.38
U428,P082,view,2026-04-02 14:52:00,tablet,home,36,144.39
U403,P002,view,2026-04-02 14:52:00,mobile,home,48,16.29
U178,P100,click,2026-04-02 14:52:00,desktop,home,459,462.19
U428,P057,click,2026-04-02 14:53:00,tablet,beauty,484,447.33
U304,P004,click,2026-04-02 14:53:00,tablet,electronics,380,322.55
U095,P061,view,2026-04-02 14:54:00,mobile,clothing,51,436.67
U146,P034,view,2026-04-02 14:54:00,tablet,beauty,160,378.49
U019,P033,click,2026-04-02 14:54:00,mobile,electronics,247,120.26
U256,P057,view,2026-04-02 14:54:00,desktop,electronics,30,134.7
U088,P053,click,2026-04-02 14:56:00,desktop,clothing,210,61.51
U404,P024,click,2026-04-02 14:57:00,mobile,home,560,202.87
U268,P059,click,2026-04-02 14:57:00,desktop,clothing,368,385.93
U037,P058,add_to_cart,2026-04-02 14:57:00,mobile,electronics,486,38.31
U158,P089,click,2026-04-02 14:59:00,mobile,clothing,571,390.29
U445,P036,view,2026-04-02 15:00:00,tablet,home,84,254.83
U137,P036,view,2026-04-02 15:01:00,mobile,clothing,112,54.45
U227,P051,click,2026-04-02 15:01:00,mobile,electronics,369,370.51
U001,P060,view,2026-04-02 15:02:00,mobile,clothing,106,354.35
U215,P005,click,2026-04-02 15:03:00,mobile,electronics,560,208.36
U331,P079,add_to_cart,2026-04-02 15:03:00,desktop,beauty,447,145.29
U130,P067,add_to_cart,2026-04-02 15:05:00,tablet,home,528,17.07
U047,P048,view,2026-04-02 15:07:00,mobile,beauty,361,196.19
U038,P035,add_to_cart,2026-04-02 15:09:00,desktop,beauty,543,87.32
U286,P045,view,2026-04-02 15:09:00,desktop,clothing,69,295.49
U053,P049,add_to_cart,2026-04-02 15:10:00,desktop,electronics,493,154.18
U356,P034,click,2026-04-02 15:10:00,desktop,clothing,169,163.59
U260,P006,view,2026-04-02 15:10:00,desktop,beauty,171,326.3
U455,P056,click,2026-04-02 15:11:00,tablet,home,269,97.6
U068,P023,click,2026-04-02 15:11:00,tablet,beauty,183,87.04
U395,P037,view,2026-04-02 15:11:00,tablet,electronics,219,172.99
U267,P024,view,2026-04-02 15:14:00,desktop,home,307,382.11
U207,P032,view,2026-04-02 15:15:00,mobile,beauty,37,383.51
U445,P099,view,2026-04-02 15:15:00,desktop,beauty,178,205.1
U306,P094,click,2026-04-02 15:15:00,tablet,home,589,207.2
U239,P024,view,2026-04-02 15:16:00,desktop,beauty,82,379.69
U475,P070,click,2026-04-02 15:17:00,mobile,beauty,470,148.03
U038,P085,click,2026-04-02 15:18:00,tablet,beauty,366,285.06
U092,P083,click,2026-04-02 15:18:00,desktop,clothing,103,31.65
U464,P033,click,2026-04-02 15:20:00,mobile,clothing,372,19.56
U161,P035,click,2026-04-02 15:21:00,desktop,clothing,441,350.6
U421,P068,view,2026-04-02 15:22:00,mobile,home,171,311.43
U411,P060,view,2026-04-02 15:25:00,desktop,electronics,41,316.88
U416,P038,view,2026-04-02 15:25:00,desktop,electronics,140,400.95
U476,P039,click,2026-04-02 15:26:00,mobile,electronics,399,331.26
U251,P042,click,2026-04-02 15:26:00,mobile,clothing,321,35.73
U270,P029,click,2026-04-02 15:26:00,tablet,electronics,597,436.87
U167,P062,view,2026-04-02 15:27:00,mobile,beauty,414,481.56
U089,P066,click,2026-04-02 15:27:00,desktop,beauty,306,480.13
U032,P076,click,2026-04-02 15:28:00,tablet,beauty,597,420.79
U325,P088,click,2026-04-02 15:30:00,desktop,electronics,261,444.92
U295,P034,click,2026-04-02 15:30:00,mobile,beauty,292,29.38
U123,P068,add_to_cart,2026-04-02 15:30:00,desktop,electronics,548,410.61
U340,P089,click,2026-04-02 15:30:00,mobile,beauty,370,227.22
U097,P009,click,2026-04-02 15:31:00,desktop,beauty,439,350.67
U372,P013,click,2026-04-02 15:33:00,mobile,electronics,473,457.23
U008,P027,click,2026-04-02 15:33:00,mobile,beauty,582,178.54
U082,P054,click,2026-04-02 15:35:00,tablet,clothing,593,358.49
U366,P014,click,2026-04-02 15:36:00,desktop,home,116,232.04
U365,P005,click,2026-04-02 15:36:00,mobile,clothing,333,267.25
U433,P078,add_to_cart,2026-04-02 15:37:00,desktop,home,404,44.25
U291,P066,click,2026-04-02 15:38:00,desktop,home,585,390.93
U255,P060,view,2026-04-02 15:39:00,tablet,clothing,255,76.71
U250,P012,view,2026-04-02 15:43:00,mobile,electronics,120,180.62
U292,P010,click,2026-04-02 15:43:00,mobile,electronics,507,111.06
U069,P062,click,2026-04-02 15:44:00,desktop,home,161,120.99
U342,P094,click,2026-04-02 15:44:00,tablet,clothing,440,270.0
U413,P064,click,2026-04-02 15:47:00,tablet,electronics,398,392.95
U421,P051,click,2026-04-02 15:49:00,desktop,clothing,390,214.74
U411,P078,add_to_cart,2026-04-02 15:51:00,desktop,home,512,117.39
U367,P015,add_to_cart,2026-04-02 15:52:00,mobile,electronics,467,126.96
U001,P050,view,2026-04-02 15:56:00,tablet,beauty,346,320.89
U290,P035,click,2026-04-02 15:59:00,mobile,electronics,395,127.1
U302,P077,view,2026-04-02 16:00:00,tablet,clothing,99,467.57
U408,P022,view,2026-04-02 16:01:00,tablet,home,231,85.3
U402,P027,view,2026-04-02 16:01:00,desktop,clothing,54,148.96
U494,P014,view,2026-04-02 16:02:00,tablet,home,81,308.17
U345,P041,view,2026-04-02 16:03:00,desktop,clothing,65,230.09
U420,P088,click,2026-04-02 16:03:00,mobile,electronics,265,148.63
U361,P070,view,2026-04-02 16:05:00,tablet,home,358,284.84
U358,P026,add_to_cart,2026-04-02 16:06:00,mobile,clothing,592,16.27
U122,P048,click,2026-04-02 16:07:00,mobile,electronics,577,479.36
U343,P075,view,2026-04-02 16:09:00,desktop,beauty,178,372.85
U469,P065,add_to_cart,2026-04-02 16:10:00,desktop,electronics,556,101.74
U328,P050,click,2026-04-02 16:10:00,tablet,beauty,513,96.09
U445,P014,click,2026-04-02 16:10:00,mobile,electronics,386,463.93
U303,P078,click,2026-04-02 16:11:00,desktop,clothing,174,194.02
U255,P099,view,2026-04-02 16:12:00,desktop,home,176,452.55
U343,P002,view,2026-04-02 16:12:00,desktop,clothing,108,173.85
U054,P055,add_to_cart,2026-04-02 16:13:00,mobile,home,590,46.24
U443,P098,view,2026-04-02 16:13:00,tablet,beauty,467,249.79
U217,P017,click,2026-04-02 16:13:00,desktop,clothing,484,399.79
U215,P066,view,2026-04-02 16:14:00,mobile,clothing,291,253.47
U088,P032,view,2026-04-02 16:15:00,mobile,home,529,460.36
U285,P034,view,2026-04-02 16:15:00,mobile,home,453,257.36
U243,P025,click,2026-04-02 16:16:00,desktop,electronics,227,66.58
U474,P037,click,2026-04-02 16:16:00,desktop,home,144,305.87
U117,P095,add_to_cart,2026-04-02 16:18:00,desktop,home,542,446.62
U409,P003,view,2026-04-02 16:18:00,mobile,clothing,135,403.22
U500,P090,add_to_cart,2026-04-02 16:19:00,tablet,electronics,486,154.17
U339,P089,view,2026-04-02 16:20:00,mobile,home,95,325.17
U238,P031,click,2026-04-02 16:20:00,tablet,clothing,300,18.43
U445,P071,view,2026-04-02 16:23:00,mobile,beauty,371,444.19
U329,P078,click,2026-04-02 16:27:00,tablet,home,411,282.47
U290,P098,view,2026-04-02 16:27:00,desktop,home,41,405.8
U495,P027,add_to_cart,2026-04-02 16:29:00,tablet,electronics,599,91.64
U025,P062,click,2026-04-02 16:30:00,tablet,electronics,200,204.39
U084,P025,view,2026-04-02 16:33:00,desktop,home,254,428.82
U427,P040,click,2026-04-02 16:33:00,desktop,beauty,317,131.39
U413,P100,add_to_cart,2026-04-02 16:33:00,tablet,beauty,506,12.78
U089,P092,click,2026-04-02 16:34:00,desktop,electronics,229,127.0
U463,P051,view,2026-04-02 16:34:00,tablet,beauty,21,275.31
U202,P005,view,2026-04-02 16:35:00,desktop,home,181,439.8
U350,P072,view,2026-04-02 16:36:00,tablet,home,357,156.68
U328,P003,click,2026-04-02 16:37:00,mobile,electronics,453,231.8
U309,P059,click,2026-04-02 16:37:00,mobile,clothing,502,202.62
U456,P094,view,2026-04-02 16:39:00,mobile,electronics,159,338.94
U344,P034,view,2026-04-02 16:40:00,mobile,clothing,59,399.87
U289,P015,add_to_cart,2026-04-02 16:42:00,desktop,beauty,363,106.11
U430,P017,click,2026-04-02 16:43:00,mobile,electronics,498,486.04
U440,P077,view,2026-04-02 16:45:00,desktop,home,167,142.91
U235,P061,view,2026-04-02 16:46:00,tablet,home,448,486.61
U304,P050,add_to_cart,2026-04-02 16:47:00,desktop,electronics,576,131.81
U342,P017,click,2026-04-02 16:49:00,tablet,electronics,381,169.12
U393,P048,click,2026-04-02 16:50:00,mobile,electronics,538,262.99
U359,P066,add_to_cart,2026-04-02 16:50:00,desktop,electronics,193,65.2
U078,P073,click,2026-04-02 16:50:00,mobile,clothing,367,62.76
U242,P065,view,2026-04-02 16:51:00,tablet,clothing,78,138.79
U320,P015,click,2026-04-02 16:51:00,mobile,beauty,365,69.85
U059,P052,view,2026-04-02 16:53:00,mobile,home,291,191.95
U340,P027,click,2026-04-02 16:53:00,mobile,beauty,571,358.92
U108,P078,click,2026-04-02 16:53:00,tablet,home,566,452.0
U429,P025,view,2026-04-02 16:53:00,desktop,clothing,38,289.25
U170,P027,click,2026-04-02 16:54:00,desktop,home,320,204.14
U342,P009,click,2026-04-02 16:54:00,tablet,home,557,389.6
U382,P013,view,2026-04-02 16:55:00,mobile,electronics,112,164.49
U376,P019,click,2026-04-02 16:55:00,desktop,electronics,272,334.52
U317,P020,click,2026-04-02 16:55:00,mobile,beauty,365,225.73
U159,P040,view,2026-04-02 16:55:00,tablet,clothing,75,474.3
U036,P092,view,2026-04-02 16:56:00,mobile,home,267,390.43
U479,P086,click,2026-04-02 16:57:00,tablet,beauty,332,127.09
U339,P021,click,2026-04-02 16:58:00,desktop,beauty,425,223.69
U431,P057,add_to_cart,2026-04-02 16:58:00,desktop,home,397,54.78
U349,P045,view,2026-04-02 16:58:00,tablet,electronics,61,266.07
U265,P070,click,2026-04-02 16:58:00,desktop,beauty,350,110.63
U209,P040,click,2026-04-02 16:58:00,tablet,beauty,514,201.14
U309,P048,view,2026-04-02 17:00:00,tablet,electronics,57,486.11
U327,P063,click,2026-04-02 17:00:00,mobile,beauty,488,343.57
U195,P092,click,2026-04-02 17:01:00,tablet,electronics,351,372.81
U287,P071,add_to_cart,2026-04-02 17:02:00,desktop,clothing,461,93.61
U467,P027,view,2026-04-02 17:02:00,desktop,home,115,429.39
U151,P090,view,2026-04-02 17:02:00,desktop,home,87,449.91
U262,P072,add_to_cart,2026-04-02 17:02:00,tablet,electronics,524,269.07
U140,P007,click,2026-04-02 17:03:00,desktop,electronics,275,263.59
U152,P044,add_to_cart,2026-04-02 17:04:00,tablet,electronics,406,53.65
U168,P045,add_to_cart,2026-04-02 17:06:00,mobile,clothing,582,197.19
U426,P087,click,2026-04-02 17:06:00,desktop,electronics,113,119.39
U403,P063,click,2026-04-02 17:07:00,tablet,home,418,169.32
U319,P072,view,2026-04-02 17:09:00,tablet,electronics,315,442.24
U065,P066,view,2026-04-02 17:09:00,tablet,electronics,133,379.33
U316,P011,click,2026-04-02 17:09:00,desktop,clothing,302,119.22
U178,P073,add_to_cart,2026-04-02 17:09:00,desktop,electronics,354,278.99
U093,P076,click,2026-04-02 17:09:00,desktop,beauty,424,491.17
U391,P087,view,2026-04-02 17:09:00,tablet,beauty,219,202.09
U360,P017,view,2026-04-02 17:10:00,mobile,home,31,94.35
U154,P099,click,2026-04-02 17:12:00,mobile,beauty,246,62.11
U299,P024,view,2026-04-02 17:12:00,tablet,electronics,108,222.93
U208,P068,view,2026-04-02 17:14:00,mobile,home,144,431.01
U211,P024,view,2026-04-02 17:16:00,mobile,home,38,220.56
U068,P062,click,2026-04-02 17:18:00,tablet,electronics,389,166.39
U189,P094,add_to_cart,2026-04-02 17:21:00,mobile,home,573,42.01
U003,P036,add_to_cart,2026-04-02 17:23:00,desktop,clothing,536,94.05
U497,P052,view,2026-04-02 17:24:00,mobile,clothing,227,213.65
U067,P077,click,2026-04-02 17:25:00,tablet,clothing,556,100.26
U135,P043,click,2026-04-02 17:27:00,tablet,beauty,531,387.68
U090,P095,click,2026-04-02 17:27:00,tablet,electronics,57,78.33
U267,P083,view,2026-04-02 17:29:00,tablet,clothing,46,257.06
U347,P055,view,2026-04-02 17:30:00,mobile,electronics,20,43.29
U397,P080,click,2026-04-02 17:31:00,tablet,home,241,61.93
U008,P014,click,2026-04-02 17:32:00,desktop,beauty,360,405.95
U150,P095,click,2026-04-02 17:33:00,desktop,clothing,296,234.38
U071,P020,view,2026-04-02 17:33:00,desktop,beauty,54,256.27
U166,P040,view,2026-04-02 17:34:00,mobile,home,193,178.17
U312,P074,view,2026-04-02 17:35:00,mobile,electronics,60,162.8
U018,P014,click,2026-04-02 17:35:00,tablet,home,445,105.47
U364,P094,add_to_cart,2026-04-02 17:36:00,desktop,electronics,335,256.43
U344,P047,view,2026-04-02 17:37:00,desktop,clothing,131,293.73
U320,P035,click,2026-04-02 17:39:00,desktop,beauty,462,326.83
U273,P044,click,2026-04-02 17:40:00,mobile,home,548,420.97
U349,P017,view,2026-04-02 17:40:00,mobile,home,226,313.05
U241,P097,click,2026-04-02 17:42:00,tablet,beauty,546,238.11
U177,P062,click,2026-04-02 17:42:00,tablet,electronics,491,344.12
U429,P041,view,2026-04-02 17:44:00,mobile,electronics,45,101.24
U140,P022,view,2026-04-02 17:44:00,tablet,clothing,174,378.57
U494,P054,view,2026-04-02 17:46:00,tablet,beauty,193,361.39
U352,P057,add_to_cart,2026-04-02 17:46:00,desktop,home,315,44.7
U261,P032,view,2026-04-02 17:47:00,tablet,beauty,146,236.36
U130,P095,click,2026-04-02 17:47:00,mobile,electronics,450,305.11
U427,P063,view,2026-04-02 17:47:00,mobile,clothing,169,265.39
U297,P029,view,2026-04-02 17:47:00,tablet,home,369,453.72
U436,P058,view,2026-04-02 17:48:00,mobile,clothing,59,412.89
U058,P029,view,2026-04-02 17:49:00,tablet,home,205,341.82
U334,P065,view,2026-04-02 17:49:00,desktop,clothing,37,393.45
U057,P062,click,2026-04-02 17:49:00,desktop,clothing,206,81.19
U424,P014,view,2026-04-02 17:49:00,tablet,home,48,195.28
U363,P046,add_to_cart,2026-04-02 17:49:00,desktop,home,553,79.87
U376,P094,click,2026-04-02 17:51:00,mobile,home,424,30.09
U287,P030,view,2026-04-02 17:53:00,tablet,beauty,248,491.04
U329,P061,view,2026-04-02 17:54:00,mobile,home,292,333.38
U004,P011,view,2026-04-02 17:55:00,mobile,home,308,389.24
U480,P035,view,2026-04-02 17:55:00,tablet,beauty,66,141.97
U150,P023,click,2026-04-02 17:56:00,desktop,clothing,123,236.31
U010,P026,view,2026-04-02 17:56:00,tablet,clothing,209,73.4
U051,P007,click,2026-04-02 17:58:00,mobile,clothing,309,48.88
U471,P015,view,2026-04-02 18:00:00,mobile,beauty,80,252.38
U305,P063,view,2026-04-02 18:01:00,mobile,home,165,142.97
U490,P100,click,2026-04-02 18:01:00,tablet,clothing,575,498.47
U323,P065,click,2026-04-02 18:03:00,tablet,electronics,523,388.35
U199,P077,click,2026-04-02 18:05:00,tablet,electronics,391,340.91
U368,P026,click,2026-04-02 18:06:00,mobile,beauty,248,98.62
U162,P002,click,2026-04-02 18:11:00,desktop,electronics,424,496.74
U129,P036,view,2026-04-02 18:12:00,tablet,home,195,338.57
U247,P048,click,2026-04-02 18:12:00,desktop,electronics,71,333.82
U380,P052,view,2026-04-02 18:14:00,desktop,home,233,324.17
U384,P014,add_to_cart,2026-04-02 18:14:00,desktop,beauty,451,185.1
U159,P039,click,2026-04-02 18:15:00,mobile,clothing,431,220.77
U239,P054,add_to_cart,2026-04-02 18:15:00,desktop,electronics,441,110.35
U283,P049,view,2026-04-02 18:17:00,tablet,beauty,106,373.31
U156,P022,click,2026-04-02 18:18:00,tablet,clothing,478,424.7
U134,P062,click,2026-04-02 18:19:00,desktop,electronics,350,453.55
U101,P065,view,2026-04-02 18:20:00,tablet,home,310,130.21
U101,P017,click,2026-04-02 18:20:00,mobile,beauty,485,239.6
U304,P046,click,2026-04-02 18:23:00,desktop,beauty,340,108.59
U310,P003,view,2026-04-02 18:23:00,tablet,electronics,372,404.67
U476,P039,click,2026-04-02 18:25:00,desktop,electronics,353,369.42
U355,P095,click,2026-04-02 18:25:00,mobile,home,498,95.39
U427,P094,view,2026-04-02 18:28:00,mobile,home,277,299.68
U027,P016,click,2026-04-02 18:29:00,tablet,home,436,258.17
U244,P096,view,2026-04-02 18:31:00,tablet,home,205,456.31
U053,P030,click,2026-04-02 18:32:00,tablet,beauty,574,465.42
U411,P005,view,2026-04-02 18:34:00,desktop,clothing,108,300.22
U011,P023,click,2026-04-02 18:34:00,desktop,electronics,138,85.86
U309,P043,view,2026-04-02 18:35:00,tablet,clothing,312,214.29
U132,P035,view,2026-04-02 18:36:00,tablet,home,71,469.84
U220,P021,click,2026-04-02 18:37:00,mobile,beauty,591,439.41
U347,P048,view,2026-04-02 18:39:00,tablet,electronics,145,381.13
U421,P065,click,2026-04-02 18:42:00,tablet,beauty,503,230.21
U223,P086,view,2026-04-02 18:43:00,tablet,clothing,171,190.6
U089,P048,click,2026-04-02 18:45:00,tablet,electronics,398,278.0
U333,P096,click,2026-04-02 18:45:00,mobile,beauty,494,360.5
U122,P059,view,2026-04-02 18:45:00,tablet,home,160,334.58
U313,P096,click,2026-04-02 18:45:00,desktop,clothing,209,38.43
U327,P022,view,2026-04-02 18:52:00,tablet,home,57,411.84
U048,P005,view,2026-04-02 18:53:00,desktop,clothing,54,216.67
U204,P085,view,2026-04-02 18:54:00,tablet,electronics,71,305.8
U470,P031,click,2026-04-02 18:54:00,tablet,electronics,229,76.61
U415,P037,view,2026-04-02 18:57:00,mobile,electronics,48,355.54
U253,P073,click,2026-04-02 18:57:00,mobile,beauty,577,321.6
U339,P095,view,2026-04-02 18:58:00,tablet,beauty,132,474.77
U258,P024,view,2026-04-02 18:58:00,mobile,home,332,193.43
U084,P004,view,2026-04-02 18:59:00,mobile,clothing,206,368.91
U445,P056,click,2026-04-02 19:00:00,tablet,clothing,491,333.55
U176,P030,click,2026-04-02 19:03:00,desktop,beauty,263,355.86
U110,P028,view,2026-04-02 19:04:00,mobile,electronics,132,241.1
U394,P053,view,2026-04-02 19:06:00,tablet,beauty,317,406.81
U022,P035,view,2026-04-02 19:06:00,tablet,home,185,304.78
U129,P083,click,2026-04-02 19:06:00,desktop,beauty,241,302.74
U275,P046,click,2026-04-02 19:07:00,tablet,home,590,266.22
U013,P071,view,2026-04-02 19:07:00,mobile,clothing,200,199.72
U445,P047,view,2026-04-02 19:09:00,tablet,home,66,222.56
U301,P029,add_to_cart,2026-04-02 19:09:00,mobile,clothing,467,36.87
U413,P083,view,2026-04-02 19:10:00,mobile,clothing,98,468.75
U474,P037,view,2026-04-02 19:11:00,tablet,electronics,171,314.75
U397,P024,click,2026-04-02 19:12:00,tablet,electronics,54,133.27
U110,P046,view,2026-04-02 19:13:00,tablet,electronics,120,144.95
U267,P008,view,2026-04-02 19:14:00,mobile,beauty,172,455.23
U458,P026,add_to_cart,2026-04-02 19:16:00,desktop,electronics,559,269.15
U452,P071,view,2026-04-02 19:16:00,mobile,beauty,236,486.03
U229,P089,view,2026-04-02 19:17:00,desktop,clothing,17,183.93
U158,P059,view,2026-04-02 19:17:00,desktop,clothing,274,437.93
U391,P059,view,2026-04-02 19:18:00,tablet,beauty,142,194.78
U397,P017,view,2026-04-02 19:19:00,tablet,electronics,149,122.31
U333,P078,click,2026-04-02 19:20:00,mobile,beauty,546,305.6
U041,P048,add_to_cart,2026-04-02 19:20:00,mobile,electronics,578,79.05
U181,P036,view,2026-04-02 19:21:00,tablet,clothing,75,293.04
U441,P035,click,2026-04-02 19:21:00,tablet,beauty,308,145.39
U196,P033,view,2026-04-02 19:21:00,mobile,clothing,243,402.36
U242,P067,click,2026-04-02 19:22:00,mobile,beauty,383,21.3
U459,P026,click,2026-04-02 19:24:00,desktop,electronics,425,449.38
U301,P045,view,2026-04-02 19:24:00,tablet,electronics,157,438.5
U075,P092,view,2026-04-02 19:24:00,tablet,electronics,190,229.04
U236,P019,click,2026-04-02 19:25:00,mobile,beauty,549,261.22
U106,P036,click,2026-04-02 19:25:00,desktop,electronics,298,324.24
U282,P004,view,2026-04-02 19:26:00,tablet,electronics,158,136.71
U187,P059,view,2026-04-02 19:27:00,mobile,clothing,403,441.85
U498,P043,view,2026-04-02 19:28:00,desktop,beauty,14,359.2
U424,P091,view,2026-04-02 19:28:00,tablet,clothing,73,398.78
U111,P034,view,2026-04-02 19:28:00,desktop,clothing,80,499.87
U026,P080,view,2026-04-02 19:30:00,tablet,electronics,279,318.19
U038,P033,click,2026-04-02 19:30:00,mobile,beauty,503,102.46
U023,P041,view,2026-04-02 19:31:00,tablet,beauty,171,12.61
U240,P076,click,2026-04-02 19:32:00,mobile,beauty,155,96.63
U035,P053,view,2026-04-02 19:33:00,tablet,electronics,243,396.1
U442,P006,view,2026-04-02 19:33:00,desktop,home,83,148.41
U129,P014,view,2026-04-02 19:34:00,mobile,beauty,368,159.19
U344,P078,click,2026-04-02 19:36:00,desktop,beauty,313,181.69
U129,P080,click,2026-04-02 19:37:00,mobile,home,543,386.06
U230,P060,add_to_cart,2026-04-02 19:38:00,desktop,clothing,488,226.81
U004,P040,view,2026-04-02 19:39:00,desktop,home,171,454.36
U309,P056,click,2026-04-02 19:40:00,desktop,beauty,577,442.86
U218,P041,view,2026-04-02 19:40:00,mobile,electronics,162,167.79
U065,P024,view,2026-04-02 19:42:00,mobile,home,235,295.76
U442,P058,click,2026-04-02 19:42:00,tablet,home,424,209.81
U350,P074,view,2026-04-02 19:43:00,tablet,clothing,214,341.47
U198,P031,add_to_cart,2026-04-02 19:43:00,desktop,electronics,580,313.46
U413,P061,view,2026-04-02 19:45:00,mobile,electronics,14,159.07
U412,P085,add_to_cart,2026-04-02 19:47:00,desktop,beauty,565,338.59
U499,P025,view,2026-04-02 19:47:00,mobile,clothing,280,222.38
U124,P041,click,2026-04-02 19:47:00,mobile,beauty,499,173.88
U209,P093,view,2026-04-02 19:47:00,tablet,home,596,460.9
U142,P072,click,2026-04-02 19:48:00,desktop,home,420,190.11
U198,P072,click,2026-04-02 19:48:00,desktop,clothing,425,317.4
U221,P034,add_to_cart,2026-04-02 19:49:00,tablet,electronics,594,159.6
U213,P034,click,2026-04-02 19:54:00,tablet,beauty,410,165.58
U383,P050,add_to_cart,2026-04-02 19:54:00,desktop,electronics,442,214.67
U263,P076,view,2026-04-02 19:54:00,mobile,beauty,176,344.1
U141,P019,view,2026-04-02 19:55:00,tablet,clothing,185,282.21
U140,P025,click,2026-04-02 19:55:00,mobile,beauty,458,199.72
U146,P015,view,2026-04-02 19:56:00,tablet,beauty,342,351.64
U247,P054,view,2026-04-02 19:57:00,mobile,beauty,203,359.31
U017,P080,view,2026-04-02 19:58:00,mobile,beauty,237,369.95
U225,P093,view,2026-04-02 20:01:00,desktop,home,156,453.25
U409,P040,click,2026-04-02 20:03:00,mobile,beauty,560,366.36
U133,P078,click,2026-04-02 20:04:00,desktop,beauty,209,277.73
U347,P025,click,2026-04-02 20:05:00,desktop,home,201,174.52
U493,P006,view,2026-04-02 20:05:00,mobile,home,450,430.13
U399,P061,view,2026-04-02 20:06:00,desktop,home,34,160.43
U285,P086,view,2026-04-02 20:07:00,tablet,beauty,222,64.84
U050,P007,click,2026-04-02 20:08:00,desktop,clothing,328,432.37
U449,P099,view,2026-04-02 20:08:00,mobile,beauty,24,268.91
U476,P095,view,2026-04-02 20:09:00,tablet,home,384,469.27
U088,P004,click,2026-04-02 20:09:00,desktop,clothing,231,156.99
U410,P028,view,2026-04-02 20:10:00,tablet,beauty,63,257.46
U088,P016,click,2026-04-02 20:11:00,mobile,beauty,590,365.61
U228,P073,click,2026-04-02 20:12:00,tablet,clothing,387,188.32
U262,P061,view,2026-04-02 20:13:00,mobile,clothing,337,463.21
U260,P056,click,2026-04-02 20:13:00,tablet,beauty,305,133.27
U124,P085,click,2026-04-02 20:15:00,desktop,electronics,20,205.47
U273,P055,view,2026-04-02 20:16:00,mobile,beauty,145,381.42
U268,P019,click,2026-04-02 20:16:00,desktop,electronics,401,271.2
U093,P011,view,2026-04-02 20:19:00,desktop,clothing,125,472.02
U492,P051,view,2026-04-02 20:20:00,tablet,home,299,354.76
U071,P019,click,2026-04-02 20:21:00,tablet,electronics,375,229.02
U071,P065,view,2026-04-02 20:23:00,mobile,clothing,105,146.64
U283,P065,view,2026-04-02 20:23:00,tablet,beauty,281,252.18
U242,P045,view,2026-04-02 20:24:00,desktop,clothing,150,181.2
U088,P015,click,2026-04-02 20:25:00,mobile,beauty,217,126.95
U319,P027,click,2026-04-02 20:27:00,mobile,beauty,540,257.8
U259,P009,view,2026-04-02 20:27:00,mobile,beauty,306,417.51
U261,P037,add_to_cart,2026-04-02 20:28:00,desktop,home,593,36.02
U047,P084,click,2026-04-02 20:28:00,desktop,home,520,438.18
U254,P097,view,2026-04-02 20:32:00,mobile,electronics,354,496.11
U487,P076,view,2026-04-02 20:32:00,desktop,home,28,203.36
U337,P099,add_to_cart,2026-04-02 20:33:00,desktop,home,499,43.44
U150,P017,click,2026-04-02 20:34:00,mobile,clothing,326,39.42
U227,P068,view,2026-04-02 20:35:00,tablet,home,203,157.96
U220,P016,click,2026-04-02 20:35:00,tablet,beauty,465,202.84
U482,P086,click,2026-04-02 20:35:00,desktop,home,141,82.49
U391,P051,view,2026-04-02 20:36:00,desktop,clothing,255,383.48
U387,P076,click,2026-04-02 20:37:00,tablet,electronics,169,141.02
U199,P080,click,2026-04-02 20:42:00,tablet,beauty,494,281.31
U367,P042,view,2026-04-02 20:43:00,tablet,electronics,154,48.16
U011,P084,add_to_cart,2026-04-02 20:43:00,desktop,beauty,443,129.08
U339,P092,view,2026-04-02 20:43:00,mobile,beauty,44,207.33
U293,P019,click,2026-04-02 20:44:00,tablet,electronics,308,238.47
U139,P051,click,2026-04-02 20:44:00,tablet,electronics,449,416.06
U411,P006,click,2026-04-02 20:44:00,mobile,clothing,556,396.0
U328,P064,view,2026-04-02 20:45:00,desktop,home,436,489.98
U029,P073,click,2026-04-02 20:49:00,desktop,clothing,263,406.08
U142,P007,add_to_cart,2026-04-02 20:50:00,desktop,home,538,123.19
U487,P091,view,2026-04-02 20:50:00,tablet,home,42,329.08
U459,P054,add_to_cart,2026-04-02 20:50:00,desktop,electronics,573,430.99
U493,P024,click,2026-04-02 20:51:00,desktop,home,384,270.31
U425,P033,click,2026-04-02 20:52:00,tablet,clothing,476,126.69
U483,P049,click,2026-04-02 20:52:00,mobile,beauty,502,206.55
U278,P050,click,2026-04-02 20:53:00,desktop,electronics,391,252.95
U032,P044,click,2026-04-02 20:54:00,mobile,beauty,491,106.04
U357,P062,view,2026-04-02 20:54:00,tablet,clothing,361,196.11
U268,P013,view,2026-04-02 20:55:00,mobile,electronics,164,239.14
U335,P095,view,2026-04-02 20:55:00,mobile,electronics,356,292.83
U424,P038,click,2026-04-02 20:56:00,desktop,beauty,524,234.01
U154,P052,view,2026-04-02 20:57:00,mobile,electronics,317,481.93
U291,P069,click,2026-04-02 20:58:00,tablet,beauty,462,82.36
U268,P081,view,2026-04-02 21:00:00,tablet,clothing,49,85.83
U005,P054,add_to_cart,2026-04-02 21:02:00,mobile,electronics,557,10.08
U100,P003,click,2026-04-02 21:03:00,tablet,home,401,42.78
U445,P007,click,2026-04-02 21:04:00,mobile,electronics,436,32.47
U374,P054,view,2026-04-02 21:04:00,tablet,clothing,289,191.7
U263,P016,click,2026-04-02 21:04:00,desktop,electronics,265,359.4
U102,P010,add_to_cart,2026-04-02 21:06:00,desktop,home,595,349.94
U203,P047,click,2026-04-02 21:06:00,tablet,clothing,507,168.12
U437,P078,click,2026-04-02 21:07:00,desktop,clothing,386,446.22
U414,P098,view,2026-04-02 21:07:00,mobile,clothing,192,455.05
U180,P071,click,2026-04-02 21:08:00,tablet,electronics,375,294.88
U144,P097,click,2026-04-02 21:08:00,mobile,beauty,496,203.25
U080,P035,add_to_cart,2026-04-02 21:09:00,desktop,electronics,376,106.13
U168,P072,click,2026-04-02 21:09:00,desktop,electronics,219,206.43
U466,P025,click,2026-04-02 21:09:00,mobile,clothing,369,157.64
U387,P092,add_to_cart,2026-04-02 21:09:00,desktop,electronics,466,291.39
U460,P065,click,2026-04-02 21:12:00,tablet,home,595,307.76
U088,P090,view,2026-04-02 21:13:00,desktop,clothing,13,10.41
U064,P011,view,2026-04-02 21:14:00,mobile,beauty,265,286.22
U259,P091,view,2026-04-02 21:15:00,desktop,electronics,131,257.49
U475,P052,click,2026-04-02 21:15:00,tablet,clothing,399,102.34
U475,P083,view,2026-04-02 21:16:00,mobile,clothing,222,382.61
U445,P027,click,2026-04-02 21:18:00,desktop,clothing,358,148.35
U280,P090,add_to_cart,2026-04-02 21:18:00,mobile,beauty,587,28.46
U127,P041,click,2026-04-02 21:18:00,mobile,electronics,274,190.85
U120,P080,click,2026-04-02 21:19:00,mobile,clothing,552,359.01
U180,P034,view,2026-04-02 21:20:00,tablet,electronics,128,373.36
U472,P030,click,2026-04-02 21:21:00,desktop,home,538,307.8
U156,P068,click,2026-04-02 21:26:00,mobile,electronics,153,146.04
U086,P011,click,2026-04-02 21:27:00,desktop,beauty,466,322.79
U144,P013,click,2026-04-02 21:28:00,desktop,beauty,562,405.28
U215,P079,view,2026-04-02 21:28:00,tablet,clothing,66,344.74
U430,P027,view,2026-04-02 21:30:00,mobile,electronics,338,370.18
U366,P066,add_to_cart,2026-04-02 21:30:00,desktop,home,523,382.29
U156,P041,view,2026-04-02 21:31:00,mobile,clothing,75,407.76
U180,P091,click,2026-04-02 21:33:00,mobile,home,489,490.03
U119,P008,add_to_cart,2026-04-02 21:34:00,tablet,electronics,514,292.26
U466,P053,click,2026-04-02 21:34:00,desktop,clothing,213,122.03
U297,P064,view,2026-04-02 21:35:00,mobile,home,240,370.16
U133,P075,add_to_cart,2026-04-02 21:36:00,desktop,electronics,406,371.13
U257,P058,view,2026-04-02 21:37:00,desktop,electronics,106,309.15
U236,P071,view,2026-04-02 21:38:00,mobile,clothing,457,490.91
U017,P065,view,2026-04-02 21:39:00,desktop,clothing,156,118.06
U449,P038,click,2026-04-02 21:39:00,tablet,clothing,521,266.04
U016,P031,view,2026-04-02 21:40:00,desktop,home,176,375.99
U006,P065,view,2026-04-02 21:40:00,tablet,electronics,153,289.95
U204,P024,click,2026-04-02 21:41:00,desktop,home,524,482.85
U409,P029,add_to_cart,2026-04-02 21:44:00,desktop,beauty,555,389.53
U439,P038,add_to_cart,2026-04-02 21:45:00,desktop,home,458,30.34
U498,P088,click,2026-04-02 21:46:00,mobile,clothing,509,260.0
U249,P010,click,2026-04-02 21:47:00,mobile,home,407,110.13
U332,P070,view,2026-04-02 21:47:00,desktop,beauty,154,138.96
U170,P009,view,2026-04-02 21:47:00,tablet,clothing,61,410.53
U413,P090,view,2026-04-02 21:48:00,mobile,home,93,193.1
U069,P005,click,2026-04-02 21:49:00,tablet,clothing,554,137.56
U394,P010,view,2026-04-02 21:51:00,tablet,electronics,60,233.24
U101,P064,click,2026-04-02 21:53:00,mobile,electronics,40,64.91
U128,P041,view,2026-04-02 21:54:00,tablet,home,62,208.55
U154,P061,view,2026-04-02 21:54:00,desktop,electronics,221,389.2
U028,P036,view,2026-04-02 21:56:00,mobile,clothing,567,388.03
U079,P024,view,2026-04-02 21:56:00,tablet,home,117,469.98
U019,P079,click,2026-04-02 21:59:00,desktop,home,201,282.03
U231,P034,add_to_cart,2026-04-02 22:01:00,tablet,clothing,541,107.05
U003,P018,click,2026-04-02 22:03:00,mobile,electronics,429,359.16
U196,P045,click,2026-04-02 22:04:00,mobile,home,452,163.75
U294,P013,click,2026-04-02 22:05:00,desktop,home,442,121.95
U179,P033,click,2026-04-02 22:06:00,tablet,electronics,295,79.93
U038,P058,view,2026-04-02 22:07:00,tablet,home,315,409.53
U374,P025,view,2026-04-02 22:07:00,tablet,clothing,50,87.18
U278,P008,click,2026-04-02 22:08:00,tablet,home,328,267.43
U368,P074,view,2026-04-02 22:09:00,mobile,clothing,497,402.37
U379,P067,click,2026-04-02 22:10:00,tablet,electronics,538,498.19
U284,P008,view,2026-04-02 22:11:00,desktop,home,13,227.38
U282,P059,add_to_cart,2026-04-02 22:12:00,desktop,electronics,509,50.98
U024,P066,view,2026-04-02 22:16:00,tablet,electronics,70,448.39
U368,P012,view,2026-04-02 22:17:00,tablet,beauty,22,127.96
U211,P064,view,2026-04-02 22:17:00,mobile,beauty,255,73.42
U414,P079,view,2026-04-02 22:18:00,tablet,home,54,456.36
U473,P093,view,2026-04-02 22:18:00,desktop,electronics,18,443.26
U489,P010,add_to_cart,2026-04-02 22:20:00,tablet,electronics,467,168.39
U202,P012,click,2026-04-02 22:22:00,mobile,clothing,406,195.56
U287,P072,view,2026-04-02 22:23:00,tablet,home,85,321.92
U166,P011,click,2026-04-02 22:25:00,tablet,electronics,420,342.53
U313,P055,view,2026-04-02 22:26:00,tablet,clothing,426,476.4
U445,P091,add_to_cart,2026-04-02 22:29:00,desktop,beauty,553,268.88
U003,P038,add_to_cart,2026-04-02 22:29:00,desktop,beauty,495,313.1
U271,P043,click,2026-04-02 22:30:00,mobile,beauty,579,364.85
U020,P065,add_to_cart,2026-04-02 22:31:00,tablet,electronics,581,45.91
U491,P006,view,2026-04-02 22:32:00,desktop,beauty,11,301.42
U015,P043,click,2026-04-02 22:32:00,mobile,home,276,200.96
U110,P088,view,2026-04-02 22:35:00,tablet,home,26,107.98
U046,P047,view,2026-04-02 22:35:00,mobile,beauty,304,440.66
U335,P066,click,2026-04-02 22:37:00,desktop,clothing,228,59.85
U447,P058,click,2026-04-02 22:37:00,mobile,beauty,362,100.17
U207,P019,click,2026-04-02 22:39:00,desktop,clothing,214,76.44
U466,P001,view,2026-04-02 22:39:00,mobile,electronics,178,492.56
U407,P050,view,2026-04-02 22:40:00,tablet,clothing,338,330.45
U089,P071,click,2026-04-02 22:40:00,desktop,home,303,188.71
U032,P078,click,2026-04-02 22:41:00,desktop,clothing,299,70.67
U024,P095,click,2026-04-02 22:41:00,desktop,home,309,50.99
U460,P055,view,2026-04-02 22:42:00,tablet,beauty,151,258.05
U091,P030,view,2026-04-02 22:43:00,desktop,home,183,385.48
U468,P089,view,2026-04-02 22:46:00,tablet,home,163,240.94
U238,P096,click,2026-04-02 22:47:00,desktop,home,300,298.9
U383,P029,click,2026-04-02 22:48:00,tablet,electronics,360,181.38
U417,P030,view,2026-04-02 22:48:00,desktop,electronics,51,230.52
U273,P086,add_to_cart,2026-04-02 22:48:00,mobile,beauty,491,11.37
U009,P012,click,2026-04-02 22:49:00,mobile,beauty,477,177.86
U126,P068,view,2026-04-02 22:49:00,mobile,clothing,273,285.79
U251,P014,view,2026-04-02 22:49:00,mobile,home,230,302.16
U329,P051,view,2026-04-02 22:50:00,desktop,home,16,240.92
U210,P039,view,2026-04-02 22:50:00,tablet,clothing,59,348.47
U039,P030,view,2026-04-02 22:51:00,mobile,clothing,207,252.14
U323,P063,click,2026-04-02 22:52:00,mobile,clothing,502,71.45
U108,P048,click,2026-04-02 22:53:00,mobile,electronics,322,32.08
U486,P023,view,2026-04-02 22:53:00,mobile,beauty,59,220.24
U274,P098,click,2026-04-02 22:57:00,desktop,home,162,194.57
U192,P043,view,2026-04-02 22:59:00,tablet,beauty,380,260.09
U216,P022,click,2026-04-02 22:59:00,mobile,beauty,366,149.64
U051,P082,view,2026-04-02 23:00:00,desktop,beauty,192,288.27
U020,P012,click,2026-04-02 23:00:00,desktop,beauty,400,426.63
U224,P049,click,2026-04-02 23:01:00,tablet,clothing,555,365.8
U376,P063,click,2026-04-02 23:01:00,desktop,electronics,155,221.32
U315,P060,add_to_cart,2026-04-02 23:05:00,desktop,beauty,570,249.56
U490,P023,view,2026-04-02 23:08:00,mobile,home,116,78.94
U191,P009,view,2026-04-02 23:10:00,desktop,clothing,181,409.46
U382,P065,view,2026-04-02 23:12:00,tablet,beauty,104,196.81
U142,P074,view,2026-04-02 23:14:00,tablet,electronics,273,413.93
U440,P072,click,2026-04-02 23:18:00,desktop,electronics,74,250.11
U451,P071,add_to_cart,2026-04-02 23:18:00,desktop,clothing,344,166.46
U310,P069,view,2026-04-02 23:19:00,tablet,home,333,483.55
U041,P073,click,2026-04-02 23:20:00,mobile,clothing,399,304.47
U080,P037,view,2026-04-02 23:21:00,mobile,beauty,325,290.71
U108,P078,view,2026-04-02 23:22:00,mobile,beauty,169,195.68
U302,P057,click,2026-04-02 23:24:00,desktop,home,412,97.0
U049,P059,view,2026-04-02 23:24:00,tablet,beauty,131,352.57
U063,P086,view,2026-04-02 23:24:00,mobile,clothing,179,325.56
U275,P018,click,2026-04-02 23:24:00,tablet,home,427,255.88
U009,P090,view,2026-04-02 23:25:00,mobile,beauty,214,212.88
U185,P074,view,2026-04-02 23:26:00,tablet,electronics,35,264.98
U026,P004,view,2026-04-02 23:27:00,mobile,home,95,28.58
U456,P088,view,2026-04-02 23:32:00,mobile,beauty,264,101.5
U429,P061,click,2026-04-02 23:33:00,desktop,electronics,124,158.53
U368,P068,click,2026-04-02 23:34:00,desktop,clothing,66,94.82
U229,P003,click,2026-04-02 23:35:00,tablet,clothing,324,150.51
U344,P053,view,2026-04-02 23:36:00,mobile,clothing,321,281.83
U397,P047,view,2026-04-02 23:36:00,tablet,clothing,244,337.63
U347,P036,view,2026-04-02 23:37:00,tablet,clothing,144,221.47
U201,P040,add_to_cart,2026-04-02 23:42:00,tablet,electronics,544,237.42
U477,P063,add_to_cart,2026-04-02 23:42:00,desktop,beauty,583,274.4
U256,P029,click,2026-04-02 23:42:00,mobile,electronics,536,454.49
U225,P098,click,2026-04-02 23:47:00,mobile,beauty,563,14.72
U225,P094,click,2026-04-02 23:50:00,tablet,beauty,549,399.08
U314,P075,click,2026-04-02 23:52:00,tablet,home,380,215.66
U381,P023,view,2026-04-02 23:52:00,desktop,home,37,260.33
U496,P039,view,2026-04-02 23:53:00,mobile,clothing,334,466.1
U268,P002,click,2026-04-02 23:53:00,desktop,clothing,452,496.5
U334,P057,click,2026-04-02 23:53:00,mobile,beauty,503,409.04
U261,P015,click,2026-04-02 23:53:00,tablet,home,408,344.25
U192,P014,add_to_cart,2026-04-02 23:54:00,desktop,beauty,414,185.31
U012,P068,click,2026-04-02 23:55:00,desktop,beauty,189,20.75
U355,P026,click,2026-04-02 23:58:00,tablet,electronics,268,249.96
U398,P086,view,2026-04-02 23:58:00,tablet,beauty,94,61.93
U340,P043,view,2026-04-02 23:59:00,desktop,home,71,41.43
U055,P028,view,2026-04-02 23:59:00,mobile,electronics,176,336.69
U335,P091,view,2026-04-02 23:59:00,mobile,beauty,383,430.22
U077,P017,click,2026-04-02 23:59:00,desktop,clothing,566,373.15
U440,P038,click,2026-04-03 00:00:00,tablet,electronics,471,142.25
U325,P097,click,2026-04-03 00:00:00,mobile,clothing,215,22.98
U484,P065,view,2026-04-03 00:00:00,mobile,electronics,369,448.56
U286,P069,click,2026-04-03 00:02:00,tablet,clothing,521,374.45
U041,P046,click,2026-04-03 00:04:00,mobile,home,176,47.25
U044,P057,view,2026-04-03 00:06:00,mobile,home,106,359.46
U331,P051,view,2026-04-03 00:09:00,tablet,clothing,26,495.39
U417,P090,click,2026-04-03 00:10:00,mobile,clothing,301,59.46
U231,P033,view,2026-04-03 00:11:00,mobile,clothing,448,309.65
U282,P031,view,2026-04-03 00:12:00,mobile,clothing,223,150.04
U392,P009,view,2026-04-03 00:12:00,mobile,beauty,422,357.16
U335,P021,click,2026-04-03 00:12:00,mobile,home,481,27.63
U165,P081,click,2026-04-03 00:13:00,tablet,home,175,17.82
U394,P097,view,2026-04-03 00:14:00,tablet,clothing,237,249.98
U441,P053,click,2026-04-03 00:14:00,desktop,home,460,366.6
U135,P091,view,2026-04-03 00:14:00,tablet,electronics,341,450.05
U401,P021,click,2026-04-03 00:14:00,desktop,home,127,22.95
U431,P050,click,2026-04-03 00:15:00,desktop,home,274,195.96
U300,P094,view,2026-04-03 00:15:00,tablet,electronics,147,408.71
U164,P007,click,2026-04-03 00:17:00,desktop,beauty,341,235.81
U312,P073,view,2026-04-03 00:18:00,mobile,home,327,470.42
U423,P053,click,2026-04-03 00:22:00,mobile,beauty,442,80.28
U346,P067,view,2026-04-03 00:23:00,desktop,electronics,122,435.15
U195,P094,click,2026-04-03 00:24:00,desktop,electronics,199,269.56
U476,P092,view,2026-04-03 00:25:00,desktop,home,151,496.3
U191,P001,click,2026-04-03 00:26:00,desktop,beauty,559,439.06
U390,P039,click,2026-04-03 00:26:00,mobile,home,342,187.69
U414,P037,click,2026-04-03 00:26:00,mobile,beauty,410,220.62
U378,P035,click,2026-04-03 00:27:00,mobile,electronics,329,96.42
U222,P036,click,2026-04-03 00:28:00,desktop,home,166,126.37
U195,P007,click,2026-04-03 00:31:00,desktop,home,109,66.36
U486,P083,click,2026-04-03 00:33:00,tablet,beauty,217,155.86
U262,P041,click,2026-04-03 00:33:00,tablet,beauty,323,43.86
U001,P033,add_to_cart,2026-04-03 00:35:00,desktop,electronics,413,302.56
U114,P067,click,2026-04-03 00:36:00,mobile,electronics,249,255.34
U191,P047,view,2026-04-03 00:39:00,mobile,clothing,235,420.04
U411,P011,view,2026-04-03 00:40:00,mobile,home,33,131.71
U267,P059,view,2026-04-03 00:41:00,desktop,clothing,136,350.19
U301,P067,add_to_cart,2026-04-03 00:41:00,desktop,electronics,582,139.62
U149,P012,add_to_cart,2026-04-03 00:41:00,mobile,electronics,526,147.8
U459,P076,view,2026-04-03 00:42:00,tablet,electronics,229,140.4
U029,P033,click,2026-04-03 00:42:00,desktop,clothing,270,122.76
U362,P077,view,2026-04-03 00:43:00,mobile,beauty,52,151.48
U435,P022,view,2026-04-03 00:44:00,mobile,home,205,343.1
U035,P059,click,2026-04-03 00:44:00,tablet,clothing,448,112.79
U310,P016,add_to_cart,2026-04-03 00:45:00,desktop,home,580,271.93
U260,P039,click,2026-04-03 00:46:00,desktop,home,328,121.68
U293,P027,view,2026-04-03 00:46:00,tablet,beauty,157,182.0
U314,P022,click,2026-04-03 00:47:00,desktop,electronics,79,83.84
U431,P057,view,2026-04-03 00:47:00,mobile,home,59,411.2
U344,P046,view,2026-04-03 00:47:00,mobile,clothing,195,421.34
U230,P064,click,2026-04-03 00:47:00,mobile,electronics,378,379.87
U244,P013,view,2026-04-03 00:48:00,tablet,clothing,163,136.28
U013,P017,view,2026-04-03 00:49:00,desktop,beauty,334,427.27
U147,P011,click,2026-04-03 00:54:00,mobile,electronics,245,38.02
U183,P040,add_to_cart,2026-04-03 00:55:00,desktop,electronics,455,18.32
U415,P042,click,2026-04-03 00:55:00,mobile,beauty,449,244.64
U161,P100,click,2026-04-03 00:58:00,desktop,clothing,576,486.21
U291,P050,view,2026-04-03 00:58:00,mobile,home,376,459.62
U337,P017,view,2026-04-03 00:59:00,tablet,clothing,315,328.35
U258,P059,click,2026-04-03 01:00:00,tablet,electronics,436,460.78
U306,P058,view,2026-04-03 01:01:00,tablet,beauty,240,429.37
U193,P079,view,2026-04-03 01:02:00,mobile,clothing,151,89.46
U258,P011,add_to_cart,2026-04-03 01:04:00,desktop,clothing,587,323.11
U014,P097,click,2026-04-03 01:04:00,tablet,home,519,301.49
U464,P019,view,2026-04-03 01:04:00,tablet,beauty,300,316.97
U205,P078,view,2026-04-03 01:06:00,tablet,home,480,469.04
U039,P010,view,2026-04-03 01:09:00,tablet,home,211,325.88
U429,P025,view,2026-04-03 01:10:00,desktop,beauty,180,409.25
U419,P047,view,2026-04-03 01:11:00,desktop,electronics,80,284.77
U456,P029,click,2026-04-03 01:12:00,mobile,clothing,468,82.14
U466,P064,view,2026-04-03 01:12:00,desktop,home,242,346.61
U147,P093,click,2026-04-03 01:13:00,mobile,clothing,401,222.77
U313,P089,view,2026-04-03 01:13:00,tablet,home,129,45.49
U031,P096,click,2026-04-03 01:16:00,desktop,beauty,390,108.86
U298,P042,click,2026-04-03 01:16:00,tablet,electronics,597,477.92
U445,P041,view,2026-04-03 01:16:00,tablet,electronics,143,473.5
U444,P057,click,2026-04-03 01:17:00,mobile,beauty,490,293.02
U172,P068,view,2026-04-03 01:19:00,mobile,home,36,430.81
U282,P038,add_to_cart,2026-04-03 01:22:00,desktop,clothing,299,111.97
U153,P088,view,2026-04-03 01:23:00,mobile,beauty,59,475.99
U121,P005,add_to_cart,2026-04-03 01:23:00,desktop,clothing,247,49.53
U240,P034,click,2026-04-03 01:23:00,desktop,beauty,52,114.26
U159,P094,add_to_cart,2026-04-03 01:23:00,desktop,electronics,291,19.49
U254,P039,view,2026-04-03 01:24:00,tablet,beauty,252,248.4
U349,P018,add_to_cart,2026-04-03 01:26:00,tablet,clothing,593,190.17
U400,P059,view,2026-04-03 01:26:00,mobile,clothing,552,443.69
U269,P004,view,2026-04-03 01:29:00,tablet,clothing,219,306.99
U450,P069,click,2026-04-03 01:31:00,desktop,clothing,150,67.24
U479,P070,click,2026-04-03 01:31:00,desktop,home,380,462.67
U477,P023,view,2026-04-03 01:31:00,mobile,clothing,220,192.37
U454,P032,view,2026-04-03 01:31:00,mobile,beauty,224,251.98
U419,P050,click,2026-04-03 01:33:00,tablet,clothing,473,260.17
U003,P041,view,2026-04-03 01:38:00,mobile,beauty,175,367.36
U131,P006,view,2026-04-03 01:38:00,mobile,clothing,183,314.86
U127,P062,click,2026-04-03 01:39:00,tablet,electronics,396,204.16
U402,P071,click,2026-04-03 01:39:00,tablet,beauty,342,273.75
U154,P050,add_to_cart,2026-04-03 01:41:00,desktop,home,591,132.98
U457,P030,click,2026-04-03 01:41:00,tablet,beauty,501,63.19
U350,P062,view,2026-04-03 01:42:00,tablet,electronics,39,390.62
U204,P082,click,2026-04-03 01:45:00,mobile,clothing,593,446.91
U258,P010,click,2026-04-03 01:46:00,tablet,beauty,423,37.29
U092,P088,add_to_cart,2026-04-03 01:47:00,desktop,home,458,39.3
U190,P079,view,2026-04-03 01:47:00,mobile,clothing,322,383.15
U476,P051,view,2026-04-03 01:49:00,mobile,electronics,46,402.43
U247,P058,view,2026-04-03 01:49:00,mobile,beauty,139,220.48
U401,P007,add_to_cart,2026-04-03 01:49:00,desktop,electronics,510,347.56
U097,P043,view,2026-04-03 01:50:00,desktop,electronics,196,436.9
U228,P010,view,2026-04-03 01:50:00,tablet,clothing,267,244.64
U241,P093,view,2026-04-03 01:53:00,mobile,electronics,131,136.85
U235,P053,view,2026-04-03 01:53:00,mobile,clothing,424,265.36
U416,P099,view,2026-04-03 01:54:00,tablet,clothing,201,76.69
U485,P032,view,2026-04-03 01:58:00,mobile,electronics,33,56.8
U394,P008,view,2026-04-03 01:58:00,tablet,clothing,296,226.55
U452,P015,view,2026-04-03 02:00:00,tablet,home,139,142.23
U174,P066,view,2026-04-03 02:00:00,tablet,beauty,294,370.19
U004,P050,click,2026-04-03 02:01:00,tablet,clothing,588,172.58
U435,P095,click,2026-04-03 02:02:00,desktop,beauty,300,255.42
U404,P096,click,2026-04-03 02:03:00,mobile,beauty,529,175.19
U330,P032,click,2026-04-03 02:05:00,desktop,clothing,126,52.84
U074,P064,click,2026-04-03 02:07:00,desktop,electronics,350,334.3
U117,P057,click,2026-04-03 02:07:00,tablet,beauty,286,10.39
U299,P042,view,2026-04-03 02:09:00,tablet,electronics,232,293.16
U417,P062,view,2026-04-03 02:10:00,mobile,electronics,131,340.68
U359,P093,view,2026-04-03 02:12:00,desktop,electronics,29,374.82
U400,P015,view,2026-04-03 02:12:00,mobile,electronics,87,24.25
U219,P019,click,2026-04-03 02:15:00,mobile,clothing,369,214.89
U424,P034,view,2026-04-03 02:16:00,tablet,clothing,254,153.87
U481,P098,view,2026-04-03 02:16:00,tablet,clothing,56,367.38
U160,P005,view,2026-04-03 02:16:00,desktop,home,309,329.4
U085,P033,add_to_cart,2026-04-03 02:16:00,desktop,home,574,217.15
U053,P088,click,2026-04-03 02:17:00,desktop,clothing,189,17.62
U490,P015,click,2026-04-03 02:17:00,mobile,beauty,416,121.42
U019,P062,view,2026-04-03 02:18:00,mobile,electronics,175,243.02
U284,P100,view,2026-04-03 02:21:00,desktop,beauty,174,393.13
U416,P038,add_to_cart,2026-04-03 02:22:00,desktop,electronics,469,26.54
U283,P006,view,2026-04-03 02:22:00,mobile,home,250,242.33
U020,P079,click,2026-04-03 02:22:00,desktop,electronics,135,14.35
U006,P053,add_to_cart,2026-04-03 02:23:00,desktop,electronics,400,224.74
U228,P070,view,2026-04-03 02:23:00,mobile,beauty,234,339.03
U448,P009,view,2026-04-03 02:23:00,mobile,home,111,26.65
U155,P090,add_to_cart,2026-04-03 02:24:00,mobile,electronics,405,114.22
U392,P034,click,2026-04-03 02:24:00,mobile,beauty,303,93.0
U471,P022,click,2026-04-03 02:26:00,mobile,electronics,208,75.11
U426,P053,add_to_cart,2026-04-03 02:27:00,desktop,electronics,576,95.54
U433,P079,click,2026-04-03 02:29:00,tablet,home,360,60.49
U282,P031,view,2026-04-03 02:30:00,tablet,beauty,111,180.69
U245,P023,view,2026-04-03 02:30:00,desktop,clothing,203,269.84
U306,P042,click,2026-04-03 02:33:00,mobile,electronics,437,208.44
U271,P074,click,2026-04-03 02:33:00,mobile,electronics,427,331.19
U351,P058,view,2026-04-03 02:33:00,tablet,clothing,99,94.71
U031,P056,click,2026-04-03 02:34:00,tablet,electronics,483,385.73
U300,P022,view,2026-04-03 02:37:00,mobile,clothing,123,152.81
U231,P080,view,2026-04-03 02:37:00,tablet,clothing,315,289.66
U002,P010,view,2026-04-03 02:38:00,tablet,clothing,67,494.3
U020,P091,click,2026-04-03 02:38:00,desktop,beauty,589,454.91
U138,P019,view,2026-04-03 02:40:00,tablet,home,151,497.96
U087,P017,view,2026-04-03 02:40:00,tablet,home,362,462.83
U120,P054,add_to_cart,2026-04-03 02:41:00,desktop,electronics,316,82.0
U015,P012,view,2026-04-03 02:41:00,mobile,electronics,295,293.28
U150,P092,view,2026-04-03 02:41:00,mobile,clothing,21,221.93
U064,P098,click,2026-04-03 02:41:00,desktop,beauty,188,65.44
U192,P076,add_to_cart,2026-04-03 02:43:00,desktop,electronics,567,323.62
U053,P050,click,2026-04-03 02:44:00,mobile,home,579,284.32
U320,P083,view,2026-04-03 02:44:00,desktop,beauty,276,403.52
U087,P012,click,2026-04-03 02:45:00,desktop,clothing,313,300.32
U203,P064,add_to_cart,2026-04-03 02:45:00,tablet,clothing,488,40.48
U244,P002,click,2026-04-03 02:45:00,desktop,beauty,195,32.75
U039,P061,view,2026-04-03 02:47:00,mobile,home,112,392.22
U374,P095,view,2026-04-03 02:47:00,tablet,electronics,243,483.2
U298,P010,view,2026-04-03 02:48:00,desktop,beauty,234,312.31
U318,P056,view,2026-04-03 02:50:00,tablet,home,27,472.54
U252,P098,click,2026-04-03 02:50:00,mobile,home,600,381.51
U012,P080,view,2026-04-03 02:50:00,tablet,clothing,301,309.04
U160,P052,view,2026-04-03 02:53:00,desktop,beauty,209,222.94
U276,P081,click,2026-04-03 02:56:00,desktop,clothing,165,238.99
U210,P029,click,2026-04-03 02:56:00,tablet,electronics,511,480.12
U253,P071,add_to_cart,2026-04-03 02:59:00,desktop,beauty,562,72.44
U402,P029,view,2026-04-03 03:01:00,tablet,beauty,199,396.98
U419,P028,view,2026-04-03 03:02:00,mobile,clothing,161,212.48
U337,P063,view,2026-04-03 03:02:00,mobile,home,318,446.27
U320,P089,view,2026-04-03 03:03:00,mobile,clothing,276,278.38
U224,P030,view,2026-04-03 03:05:00,mobile,clothing,283,431.01
U227,P051,view,2026-04-03 03:06:00,desktop,home,113,275.04
U122,P009,click,2026-04-03 03:06:00,tablet,clothing,284,137.13
U023,P078,view,2026-04-03 03:06:00,tablet,home,168,43.87
U207,P093,view,2026-04-03 03:07:00,mobile,home,262,149.57
U022,P015,click,2026-04-03 03:09:00,mobile,home,382,164.61
U130,P086,click,2026-04-03 03:09:00,mobile,beauty,504,244.53
U153,P070,click,2026-04-03 03:10:00,desktop,clothing,549,307.81
U126,P064,view,2026-04-03 03:11:00,mobile,clothing,116,278.43
U350,P068,click,2026-04-03 03:11:00,mobile,clothing,232,93.57
U472,P095,click,2026-04-03 03:12:00,desktop,electronics,144,90.86
U014,P100,click,2026-04-03 03:14:00,tablet,electronics,191,110.45
U377,P047,view,2026-04-03 03:15:00,mobile,beauty,237,383.54
U025,P035,view,2026-04-03 03:15:00,tablet,clothing,39,496.29
U138,P040,view,2026-04-03 03:16:00,mobile,clothing,156,461.48
U033,P082,click,2026-04-03 03:17:00,desktop,clothing,348,308.65
U459,P041,click,2026-04-03 03:21:00,desktop,home,391,196.25
U486,P085,view,2026-04-03 03:22:00,desktop,beauty,179,306.51
U355,P084,add_to_cart,2026-04-03 03:22:00,tablet,clothing,589,192.24
U034,P056,view,2026-04-03 03:22:00,tablet,home,196,467.4
U459,P009,add_to_cart,2026-04-03 03:23:00,mobile,electronics,576,358.72
U221,P035,add_to_cart,2026-04-03 03:24:00,tablet,electronics,504,155.57
U227,P050,click,2026-04-03 03:25:00,tablet,beauty,464,233.94
U225,P009,add_to_cart,2026-04-03 03:27:00,desktop,electronics,528,31.79
U188,P090,view,2026-04-03 03:27:00,mobile,electronics,318,490.28
U232,P018,add_to_cart,2026-04-03 03:28:00,tablet,beauty,576,135.76
U245,P042,click,2026-04-03 03:29:00,mobile,electronics,303,36.81
U454,P009,view,2026-04-03 03:31:00,desktop,beauty,138,488.84
U500,P097,view,2026-04-03 03:33:00,desktop,clothing,247,297.83
U459,P057,view,2026-04-03 03:34:00,desktop,clothing,220,461.23
U098,P035,click,2026-04-03 03:36:00,tablet,clothing,542,420.11
U068,P060,view,2026-04-03 03:36:00,tablet,clothing,441,387.41
U500,P046,add_to_cart,2026-04-03 03:38:00,tablet,beauty,595,103.75
U391,P021,view,2026-04-03 03:39:00,tablet,beauty,118,471.66
U029,P100,view,2026-04-03 03:39:00,tablet,clothing,111,312.94
U238,P012,view,2026-04-03 03:40:00,tablet,clothing,146,489.4
U320,P080,view,2026-04-03 03:40:00,tablet,clothing,134,218.13
U439,P018,view,2026-04-03 03:43:00,mobile,home,376,243.68
U056,P073,view,2026-04-03 03:43:00,mobile,electronics,31,374.61
U447,P013,click,2026-04-03 03:43:00,mobile,home,511,91.08
U037,P046,add_to_cart,2026-04-03 03:44:00,desktop,beauty,565,255.16
U150,P006,view,2026-04-03 03:45:00,desktop,beauty,252,298.08
U329,P061,view,2026-04-03 03:46:00,mobile,beauty,357,262.98
U035,P052,add_to_cart,2026-04-03 03:47:00,desktop,electronics,533,201.1
U314,P025,view,2026-04-03 03:47:00,mobile,beauty,562,475.23
U071,P006,click,2026-04-03 03:47:00,desktop,home,229,269.52
U453,P087,view,2026-04-03 03:48:00,tablet,beauty,300,409.11
U351,P082,click,2026-04-03 03:49:00,desktop,home,159,81.06
U328,P033,view,2026-04-03 03:51:00,mobile,beauty,267,349.53
U163,P042,click,2026-04-03 03:53:00,desktop,clothing,132,16.07
U120,P015,add_to_cart,2026-04-03 03:53:00,desktop,home,426,60.17
U271,P011,view,2026-04-03 03:54:00,mobile,home,251,229.74
U352,P031,view,2026-04-03 03:54:00,tablet,clothing,172,197.07
U275,P057,click,2026-04-03 03:55:00,tablet,electronics,449,441.65
U019,P019,view,2026-04-03 03:59:00,tablet,home,43,123.77
U020,P043,click,2026-04-03 04:00:00,tablet,clothing,572,477.25
U330,P037,add_to_cart,2026-04-03 04:02:00,desktop,home,488,225.49
U135,P017,click,2026-04-03 04:02:00,mobile,electronics,413,319.11
U071,P044,view,2026-04-03 04:03:00,tablet,beauty,51,316.41
U269,P058,click,2026-04-03 04:03:00,mobile,beauty,590,189.1
U291,P023,add_to_cart,2026-04-03 04:04:00,desktop,electronics,534,68.03
U041,P071,view,2026-04-03 04:04:00,mobile,home,100,88.42
U126,P053,click,2026-04-03 04:08:00,mobile,home,447,357.79
U097,P039,click,2026-04-03 04:09:00,tablet,home,359,32.18
U423,P062,view,2026-04-03 04:10:00,tablet,electronics,209,314.68
U399,P001,add_to_cart,2026-04-03 04:10:00,mobile,beauty,562,231.69
U485,P047,view,2026-04-03 04:12:00,tablet,electronics,98,386.8
U281,P025,view,2026-04-03 04:15:00,mobile,clothing,145,47.01
U156,P009,view,2026-04-03 04:16:00,tablet,electronics,330,413.63
U294,P042,view,2026-04-03 04:16:00,tablet,clothing,500,479.0
U485,P008,view,2026-04-03 04:16:00,tablet,electronics,20,413.21
U399,P073,click,2026-04-03 04:17:00,desktop,home,426,274.12
U477,P007,click,2026-04-03 04:18:00,desktop,beauty,402,316.48
U408,P074,view,2026-04-03 04:19:00,mobile,home,85,425.13
U210,P019,click,2026-04-03 04:19:00,desktop,home,367,101.99
U071,P038,view,2026-04-03 04:19:00,desktop,electronics,217,443.96
U407,P010,view,2026-04-03 04:21:00,desktop,clothing,145,476.6
U396,P013,click,2026-04-03 04:21:00,mobile,home,450,115.75
U356,P028,add_to_cart,2026-04-03 04:22:00,tablet,clothing,553,124.14
U319,P034,view,2026-04-03 04:23:00,tablet,beauty,497,360.42
U261,P016,view,2026-04-03 04:24:00,desktop,home,14,367.0
U191,P043,view,2026-04-03 04:25:00,mobile,electronics,106,136.55
U124,P066,click,2026-04-03 04:25:00,mobile,clothing,492,255.29
U190,P041,click,2026-04-03 04:27:00,desktop,clothing,198,181.62
U183,P011,add_to_cart,2026-04-03 04:28:00,desktop,home,508,176.85
U225,P018,view,2026-04-03 04:29:00,desktop,home,114,332.63
U196,P004,add_to_cart,2026-04-03 04:29:00,desktop,electronics,590,32.5
U305,P012,click,2026-04-03 04:30:00,desktop,clothing,278,233.66
U442,P006,view,2026-04-03 04:32:00,desktop,clothing,196,156.81
U311,P015,add_to_cart,2026-04-03 04:33:00,tablet,clothing,503,116.55
U307,P014,click,2026-04-03 04:33:00,desktop,electronics,344,270.63
U387,P066,view,2026-04-03 04:33:00,tablet,beauty,18,494.21
U172,P055,click,2026-04-03 04:36:00,desktop,beauty,256,100.17
U488,P070,click,2026-04-03 04:36:00,desktop,beauty,41,79.97
U150,P060,add_to_cart,2026-04-03 04:37:00,desktop,beauty,431,64.96
U433,P025,view,2026-04-03 04:39:00,mobile,electronics,57,273.85
U009,P082,click,2026-04-03 04:39:00,desktop,home,135,26.37
U248,P013,view,2026-04-03 04:42:00,tablet,home,128,70.85
U284,P075,add_to_cart,2026-04-03 04:43:00,desktop,electronics,388,81.42
U031,P025,add_to_cart,2026-04-03 04:45:00,mobile,home,585,142.79
U183,P055,view,2026-04-03 04:46:00,tablet,clothing,131,362.47
U143,P005,click,2026-04-03 04:47:00,desktop,beauty,516,409.76
U448,P036,view,2026-04-03 04:47:00,mobile,beauty,164,109.15
U150,P006,view,2026-04-03 04:48:00,tablet,home,268,174.17
U180,P081,add_to_cart,2026-04-03 04:48:00,desktop,home,380,231.34
U168,P063,view,2026-04-03 04:48:00,desktop,clothing,45,159.9
U091,P053,view,2026-04-03 04:49:00,tablet,clothing,306,206.65
U192,P097,click,2026-04-03 04:49:00,tablet,clothing,564,390.74
U011,P086,click,2026-04-03 04:50:00,mobile,electronics,209,110.67
U074,P066,click,2026-04-03 04:53:00,mobile,clothing,509,389.94
U355,P071,view,2026-04-03 04:53:00,tablet,home,151,333.47
U396,P003,view,2026-04-03 04:54:00,mobile,home,453,387.54
U436,P038,click,2026-04-03 04:56:00,mobile,electronics,508,350.44
U061,P006,view,2026-04-03 04:57:00,tablet,beauty,172,346.84
U331,P056,view,2026-04-03 04:57:00,mobile,electronics,105,157.92
U258,P096,click,2026-04-03 05:00:00,tablet,home,539,363.76
U391,P059,click,2026-04-03 05:01:00,mobile,home,415,207.92
U409,P054,click,2026-04-03 05:02:00,mobile,electronics,430,418.36
U094,P057,click,2026-04-03 05:02:00,mobile,beauty,550,74.1
U232,P064,view,2026-04-03 05:02:00,tablet,home,93,371.75
U067,P061,add_to_cart,2026-04-03 05:06:00,desktop,beauty,473,178.43
U417,P067,add_to_cart,2026-04-03 05:07:00,mobile,electronics,472,91.98
U383,P066,view,2026-04-03 05:07:00,mobile,home,88,105.64
U499,P002,add_to_cart,2026-04-03 05:08:00,desktop,electronics,529,269.88
U378,P033,view,2026-04-03 05:08:00,mobile,home,148,158.63
U422,P040,click,2026-04-03 05:09:00,tablet,electronics,174,63.08
U180,P076,view,2026-04-03 05:10:00,tablet,electronics,255,347.71
U140,P007,click,2026-04-03 05:10:00,mobile,electronics,510,54.99
U475,P085,view,2026-04-03 05:10:00,mobile,beauty,549,470.81
U043,P092,view,2026-04-03 05:11:00,tablet,home,112,318.74
U256,P094,click,2026-04-03 05:11:00,tablet,electronics,599,431.71
U186,P021,click,2026-04-03 05:11:00,desktop,home,395,396.97
U055,P029,view,2026-04-03 05:11:00,desktop,home,168,265.06
U206,P055,click,2026-04-03 05:12:00,tablet,electronics,595,422.88
U144,P074,view,2026-04-03 05:12:00,desktop,clothing,243,192.77
U170,P042,click,2026-04-03 05:13:00,tablet,clothing,487,355.42
U476,P020,add_to_cart,2026-04-03 05:16:00,desktop,clothing,590,256.58
U432,P041,add_to_cart,2026-04-03 05:16:00,desktop,beauty,568,342.99
U497,P083,view,2026-04-03 05:17:00,mobile,electronics,71,11.75
U430,P058,view,2026-04-03 05:20:00,mobile,clothing,185,379.92
U403,P086,view,2026-04-03 05:21:00,mobile,beauty,86,462.56
U316,P068,view,2026-04-03 05:22:00,tablet,home,371,483.3
U114,P080,add_to_cart,2026-04-03 05:22:00,tablet,electronics,599,371.73
U459,P008,view,2026-04-03 05:22:00,desktop,clothing,11,25.94
U406,P014,view,2026-04-03 05:22:00,tablet,beauty,289,241.15
U249,P019,click,2026-04-03 05:23:00,tablet,electronics,125,30.09
U393,P047,click,2026-04-03 05:23:00,mobile,electronics,370,285.95
U323,P100,view,2026-04-03 05:23:00,tablet,beauty,47,249.96
U349,P064,view,2026-04-03 05:24:00,mobile,clothing,458,494.93
U268,P004,view,2026-04-03 05:24:00,tablet,beauty,249,318.03
U339,P012,view,2026-04-03 05:26:00,tablet,clothing,279,310.77
U304,P051,click,2026-04-03 05:26:00,desktop,clothing,373,282.09
U183,P078,add_to_cart,2026-04-03 05:27:00,tablet,home,566,83.43
U066,P095,add_to_cart,2026-04-03 05:29:00,desktop,beauty,265,46.25
U334,P035,click,2026-04-03 05:30:00,desktop,clothing,500,343.06
U459,P010,click,2026-04-03 05:30:00,tablet,clothing,560,496.8
U241,P006,click,2026-04-03 05:31:00,tablet,home,411,164.22
U064,P038,add_to_cart,2026-04-03 05:32:00,desktop,electronics,314,76.55
U454,P058,add_to_cart,2026-04-03 05:32:00,mobile,beauty,545,94.67
U453,P090,click,2026-04-03 05:34:00,desktop,home,413,412.21
U465,P083,view,2026-04-03 05:35:00,desktop,beauty,141,173.67
U196,P073,click,2026-04-03 05:36:00,desktop,clothing,172,209.04
U017,P031,view,2026-04-03 05:38:00,mobile,home,143,350.17
U461,P027,click,2026-04-03 05:40:00,tablet,electronics,254,126.9
U460,P097,add_to_cart,2026-04-03 05:40:00,tablet,beauty,586,27.37
U412,P099,view,2026-04-03 05:43:00,mobile,electronics,81,205.88
U229,P085,add_to_cart,2026-04-03 05:44:00,desktop,beauty,567,125.63
U060,P061,view,2026-04-03 05:44:00,tablet,home,341,377.82
U151,P094,click,2026-04-03 05:51:00,tablet,clothing,325,317.56
U388,P071,view,2026-04-03 05:51:00,tablet,beauty,342,440.35
U271,P093,click,2026-04-03 05:54:00,desktop,clothing,240,53.66
U280,P060,view,2026-04-03 05:54:00,tablet,clothing,98,384.86
U436,P069,click,2026-04-03 05:56:00,desktop,home,313,215.3
U343,P074,add_to_cart,2026-04-03 05:56:00,tablet,beauty,501,19.63
U225,P017,add_to_cart,2026-04-03 05:57:00,desktop,clothing,521,272.45
U111,P024,view,2026-04-03 05:57:00,mobile,home,144,447.36
U187,P034,view,2026-04-03 05:58:00,mobile,clothing,15,335.09
U386,P059,click,2026-04-03 05:59:00,tablet,clothing,380,361.6
U495,P020,view,2026-04-03 05:59:00,tablet,beauty,89,286.73
U221,P051,click,2026-04-03 06:00:00,mobile,electronics,531,227.74
U130,P030,view,2026-04-03 06:01:00,mobile,clothing,95,364.26
U363,P016,click,2026-04-03 06:02:00,mobile,beauty,572,134.55
U280,P084,view,2026-04-03 06:04:00,mobile,home,94,262.33
U044,P049,click,2026-04-03 06:05:00,tablet,home,451,141.46
U021,P014,view,2026-04-03 06:06:00,tablet,clothing,158,166.72
U334,P041,click,2026-04-03 06:06:00,tablet,clothing,456,432.46
U206,P068,view,2026-04-03 06:06:00,tablet,home,124,428.43
U407,P072,view,2026-04-03 06:07:00,mobile,electronics,366,443.16
U438,P053,view,2026-04-03 06:08:00,desktop,clothing,90,459.12
U252,P023,click,2026-04-03 06:09:00,tablet,electronics,286,57.66
U362,P091,add_to_cart,2026-04-03 06:10:00,desktop,home,595,146.15
U068,P004,click,2026-04-03 06:11:00,desktop,clothing,402,486.85
U090,P052,view,2026-04-03 06:14:00,mobile,beauty,86,400.67
U031,P079,add_to_cart,2026-04-03 06:14:00,desktop,beauty,406,202.57
U086,P098,view,2026-04-03 06:15:00,tablet,clothing,259,136.2
U385,P073,add_to_cart,2026-04-03 06:16:00,desktop,clothing,537,346.19
U415,P052,click,2026-04-03 06:16:00,desktop,beauty,548,477.14
U042,P097,view,2026-04-03 06:19:00,mobile,clothing,179,186.78
U276,P054,view,2026-04-03 06:19:00,mobile,beauty,198,172.98
U108,P059,add_to_cart,2026-04-03 06:20:00,desktop,beauty,597,246.22
U247,P003,click,2026-04-03 06:21:00,tablet,clothing,443,74.73
U412,P012,click,2026-04-03 06:21:00,tablet,beauty,275,113.11
U419,P073,view,2026-04-03 06:22:00,mobile,electronics,100,27.13
U460,P082,view,2026-04-03 06:25:00,tablet,electronics,92,328.45
U187,P003,add_to_cart,2026-04-03 06:25:00,desktop,electronics,571,93.18
U326,P052,click,2026-04-03 06:26:00,tablet,electronics,128,78.66
U176,P015,click,2026-04-03 06:26:00,desktop,electronics,48,140.42
U318,P006,click,2026-04-03 06:27:00,mobile,beauty,525,199.48
U430,P060,view,2026-04-03 06:27:00,mobile,clothing,196,125.16
U230,P031,view,2026-04-03 06:27:00,desktop,beauty,230,481.27
U202,P012,add_to_cart,2026-04-03 06:28:00,mobile,electronics,540,93.42
U487,P075,add_to_cart,2026-04-03 06:29:00,desktop,electronics,302,51.79
U309,P041,click,2026-04-03 06:30:00,tablet,home,250,17.77
U178,P095,click,2026-04-03 06:31:00,tablet,home,293,207.33
U133,P076,click,2026-04-03 06:33:00,tablet,clothing,396,87.59
U263,P066,view,2026-04-03 06:33:00,mobile,beauty,214,67.37
U339,P034,click,2026-04-03 06:34:00,mobile,electronics,233,157.62
U272,P091,click,2026-04-03 06:35:00,desktop,clothing,271,345.87
U379,P096,click,2026-04-03 06:37:00,tablet,electronics,577,250.77
U431,P034,view,2026-04-03 06:39:00,desktop,clothing,312,452.1
U098,P013,view,2026-04-03 06:39:00,desktop,home,56,297.27
U483,P097,click,2026-04-03 06:39:00,mobile,home,491,376.75
U022,P029,add_to_cart,2026-04-03 06:40:00,tablet,electronics,405,167.57
U105,P027,view,2026-04-03 06:40:00,desktop,clothing,169,498.19
U179,P067,click,2026-04-03 06:40:00,tablet,beauty,553,259.75
U023,P017,view,2026-04-03 06:40:00,tablet,clothing,504,480.91
U223,P053,view,2026-04-03 06:41:00,desktop,beauty,451,491.54
U446,P087,click,2026-04-03 06:42:00,desktop,home,221,218.98
U471,P069,view,2026-04-03 06:42:00,mobile,electronics,354,402.99
U441,P098,view,2026-04-03 06:42:00,mobile,beauty,188,63.08
U467,P017,add_to_cart,2026-04-03 06:43:00,tablet,beauty,518,20.72
U216,P040,view,2026-04-03 06:43:00,tablet,electronics,106,20.67
U203,P080,view,2026-04-03 06:43:00,mobile,electronics,217,361.42
U387,P001,view,2026-04-03 06:44:00,tablet,clothing,452,417.94
U437,P010,click,2026-04-03 06:44:00,mobile,home,472,236.41
U052,P078,view,2026-04-03 06:45:00,tablet,beauty,419,386.89
U132,P023,view,2026-04-03 06:47:00,mobile,beauty,349,334.65
U170,P025,click,2026-04-03 06:47:00,tablet,home,433,362.44
U464,P095,view,2026-04-03 06:48:00,mobile,beauty,152,154.47
U481,P006,click,2026-04-03 06:48:00,desktop,home,364,106.42
U273,P014,click,2026-04-03 06:49:00,desktop,electronics,238,133.56
U232,P005,click,2026-04-03 06:49:00,mobile,home,506,123.37
U152,P053,click,2026-04-03 06:50:00,desktop,beauty,180,359.08
U160,P050,click,2026-04-03 06:52:00,mobile,beauty,577,285.02
U248,P062,view,2026-04-03 06:52:00,mobile,beauty,207,249.28
U139,P033,add_to_cart,2026-04-03 06:53:00,tablet,beauty,555,20.36
U005,P098,click,2026-04-03 06:53:00,tablet,clothing,258,98.59
U159,P067,add_to_cart,2026-04-03 06:55:00,desktop,clothing,559,209.24
U487,P075,view,2026-04-03 06:55:00,mobile,clothing,122,254.21
U229,P024,add_to_cart,2026-04-03 06:56:00,desktop,beauty,525,139.04
U154,P008,view,2026-04-03 06:57:00,tablet,clothing,228,324.85
U341,P084,view,2026-04-03 06:59:00,mobile,clothing,57,321.3
U487,P031,view,2026-04-03 06:59:00,desktop,home,326,434.99
U339,P080,click,2026-04-03 06:59:00,mobile,beauty,334,49.9
U092,P056,click,2026-04-03 07:01:00,tablet,electronics,215,115.88
U457,P084,click,2026-04-03 07:01:00,desktop,beauty,437,475.53
U452,P023,add_to_cart,2026-04-03 07:01:00,desktop,clothing,468,87.82
U375,P065,view,2026-04-03 07:02:00,tablet,home,263,29.32
U034,P073,view,2026-04-03 07:02:00,desktop,clothing,233,446.71
U356,P079,add_to_cart,2026-04-03 07:04:00,mobile,electronics,544,309.09
U108,P047,view,2026-04-03 07:07:00,mobile,beauty,17,258.04
U123,P040,view,2026-04-03 07:07:00,tablet,beauty,179,373.53
U020,P048,click,2026-04-03 07:08:00,desktop,beauty,346,161.08
U297,P091,click,2026-04-03 07:08:00,tablet,clothing,339,82.28
U208,P057,click,2026-04-03 07:10:00,desktop,clothing,195,378.18
U401,P091,click,2026-04-03 07:11:00,mobile,home,272,175.17
U318,P054,add_to_cart,2026-04-03 07:11:00,desktop,clothing,561,156.49
U090,P091,view,2026-04-03 07:11:00,tablet,clothing,41,237.64
U083,P035,click,2026-04-03 07:12:00,desktop,beauty,375,287.0
U461,P064,view,2026-04-03 07:12:00,desktop,beauty,261,495.17
U221,P028,view,2026-04-03 07:17:00,desktop,clothing,65,489.97
U437,P023,view,2026-04-03 07:17:00,mobile,beauty,180,36.38
U186,P099,click,2026-04-03 07:18:00,tablet,electronics,600,461.49
U091,P072,click,2026-04-03 07:18:00,desktop,clothing,556,319.71
U271,P056,click,2026-04-03 07:18:00,mobile,electronics,152,83.84
U105,P018,view,2026-04-03 07:18:00,tablet,home,175,343.79
U115,P033,click,2026-04-03 07:19:00,mobile,clothing,527,136.0
U043,P032,click,2026-04-03 07:19:00,desktop,clothing,209,135.13
U298,P039,click,2026-04-03 07:22:00,tablet,clothing,285,115.41
U490,P090,view,2026-04-03 07:22:00,tablet,electronics,110,400.53
U161,P025,click,2026-04-03 07:22:00,tablet,beauty,364,279.18
U034,P077,add_to_cart,2026-04-03 07:23:00,tablet,electronics,521,129.75
U176,P022,add_to_cart,2026-04-03 07:23:00,mobile,electronics,553,339.83
U484,P084,click,2026-04-03 07:24:00,desktop,clothing,283,20.1
U452,P043,view,2026-04-03 07:24:00,mobile,clothing,174,399.61
U432,P062,click,2026-04-03 07:28:00,tablet,beauty,421,188.46
U436,P031,click,2026-04-03 07:30:00,tablet,clothing,453,95.82
U498,P097,add_to_cart,2026-04-03 07:30:00,desktop,home,394,141.19
U498,P091,click,2026-04-03 07:31:00,desktop,electronics,232,468.67
U469,P025,click,2026-04-03 07:33:00,desktop,electronics,145,397.16
U440,P098,view,2026-04-03 07:35:00,mobile,electronics,39,488.62
U190,P050,click,2026-04-03 07:36:00,mobile,electronics,303,213.51
U455,P042,click,2026-04-03 07:37:00,desktop,home,520,384.35
U312,P044,view,2026-04-03 07:38:00,mobile,clothing,307,230.88
U258,P027,view,2026-04-03 07:38:00,desktop,home,269,473.13
U158,P064,add_to_cart,2026-04-03 07:39:00,desktop,electronics,445,475.45
U050,P025,view,2026-04-03 07:40:00,tablet,electronics,374,459.73
U396,P068,click,2026-04-03 07:42:00,desktop,clothing,402,418.91
U378,P016,view,2026-04-03 07:43:00,mobile,home,449,474.61
U495,P088,click,2026-04-03 07:46:00,mobile,beauty,301,86.78
U407,P045,view,2026-04-03 07:47:00,tablet,beauty,222,76.26
U321,P094,click,2026-04-03 07:47:00,mobile,home,457,376.6
U280,P055,view,2026-04-03 07:47:00,desktop,home,33,170.33
U400,P079,click,2026-04-03 07:48:00,tablet,electronics,262,43.95
U009,P048,click,2026-04-03 07:48:00,desktop,clothing,395,471.88
U351,P032,click,2026-04-03 07:48:00,mobile,electronics,522,366.94
U149,P070,view,2026-04-03 07:50:00,mobile,home,239,283.41
U321,P016,click,2026-04-03 07:51:00,desktop,beauty,590,336.55
U333,P068,click,2026-04-03 07:52:00,desktop,electronics,401,396.42
U042,P063,click,2026-04-03 07:54:00,desktop,home,19,52.2
U198,P018,click,2026-04-03 07:56:00,mobile,home,591,287.74
U320,P012,view,2026-04-03 07:58:00,desktop,clothing,114,365.25
U442,P020,click,2026-04-03 07:59:00,mobile,beauty,518,391.4
U264,P035,click,2026-04-03 08:00:00,tablet,electronics,222,170.28
U274,P053,add_to_cart,2026-04-03 08:00:00,tablet,electronics,597,124.29
U441,P010,click,2026-04-03 08:03:00,tablet,clothing,534,91.59
U176,P058,click,2026-04-03 08:04:00,desktop,beauty,74,68.7
U351,P008,view,2026-04-03 08:04:00,tablet,clothing,105,260.07
U293,P024,click,2026-04-03 08:04:00,desktop,clothing,449,454.13
U113,P050,click,2026-04-03 08:05:00,desktop,clothing,432,423.55
U382,P009,view,2026-04-03 08:06:00,mobile,beauty,366,238.91
U087,P035,view,2026-04-03 08:06:00,tablet,home,45,111.51
U443,P050,view,2026-04-03 08:06:00,tablet,home,125,180.01
U491,P017,view,2026-04-03 08:08:00,mobile,beauty,379,235.07
U499,P060,click,2026-04-03 08:09:00,mobile,electronics,390,340.43
U471,P087,view,2026-04-03 08:14:00,desktop,clothing,270,422.18
U072,P086,click,2026-04-03 08:14:00,mobile,beauty,223,66.4
U144,P076,click,2026-04-03 08:16:00,mobile,electronics,480,460.12
U067,P098,add_to_cart,2026-04-03 08:17:00,desktop,beauty,462,54.61
U317,P008,view,2026-04-03 08:17:00,tablet,beauty,578,486.28
U463,P034,add_to_cart,2026-04-03 08:18:00,mobile,beauty,545,81.93
U458,P004,click,2026-04-03 08:21:00,tablet,clothing,455,74.92
U166,P057,view,2026-04-03 08:24:00,tablet,home,51,53.35
U358,P008,view,2026-04-03 08:24:00,tablet,clothing,359,499.74
U132,P019,click,2026-04-03 08:24:00,tablet,beauty,335,15.69
U111,P017,click,2026-04-03 08:25:00,tablet,clothing,359,89.52
U054,P050,view,2026-04-03 08:25:00,mobile,clothing,37,95.81
U060,P078,view,2026-04-03 08:25:00,mobile,home,23,474.7
U272,P050,add_to_cart,2026-04-03 08:30:00,desktop,clothing,482,126.55
U414,P051,view,2026-04-03 08:30:00,tablet,beauty,320,342.93
U395,P021,view,2026-04-03 08:32:00,tablet,clothing,94,356.77
U191,P025,click,2026-04-03 08:35:00,mobile,home,573,262.91
U158,P099,view,2026-04-03 08:36:00,tablet,clothing,119,359.74
U321,P033,view,2026-04-03 08:37:00,tablet,beauty,120,109.77
U114,P091,view,2026-04-03 08:38:00,desktop,home,14,290.86
U296,P002,click,2026-04-03 08:38:00,tablet,beauty,524,353.33
U433,P044,click,2026-04-03 08:38:00,mobile,electronics,223,132.44
U215,P011,view,2026-04-03 08:40:00,desktop,home,24,308.21
U446,P073,view,2026-04-03 08:40:00,mobile,beauty,256,404.83
U458,P062,view,2026-04-03 08:42:00,mobile,clothing,263,374.88
U478,P096,click,2026-04-03 08:42:00,desktop,beauty,174,95.68
U468,P100,view,2026-04-03 08:44:00,desktop,clothing,102,266.55
U459,P046,click,2026-04-03 08:47:00,tablet,clothing,412,29.7
U188,P070,add_to_cart,2026-04-03 08:49:00,desktop,beauty,402,130.25
U032,P002,view,2026-04-03 08:49:00,desktop,beauty,217,397.0
U279,P085,add_to_cart,2026-04-03 08:49:00,tablet,home,554,16.06
U041,P066,view,2026-04-03 08:50:00,desktop,clothing,183,306.06
U456,P005,view,2026-04-03 08:50:00,tablet,clothing,13,28.07
U063,P029,view,2026-04-03 08:51:00,mobile,electronics,150,194.37
U342,P040,view,2026-04-03 08:54:00,mobile,home,235,291.35
U054,P055,click,2026-04-03 08:55:00,mobile,home,319,117.97
U043,P037,view,2026-04-03 08:56:00,desktop,clothing,200,445.4
U256,P092,click,2026-04-03 08:56:00,tablet,home,344,126.79
U440,P092,view,2026-04-03 08:57:00,tablet,electronics,140,363.33
U314,P005,click,2026-04-03 08:57:00,mobile,clothing,511,194.85
U109,P020,add_to_cart,2026-04-03 08:59:00,desktop,clothing,515,53.48
U008,P085,add_to_cart,2026-04-03 09:00:00,desktop,clothing,599,183.0
U228,P027,click,2026-04-03 09:01:00,desktop,beauty,402,363.84
U407,P059,click,2026-04-03 09:02:00,desktop,electronics,434,288.56
U282,P067,view,2026-04-03 09:02:00,mobile,home,152,46.69
U104,P073,click,2026-04-03 09:02:00,desktop,home,345,446.6
U010,P079,click,2026-04-03 09:05:00,desktop,beauty,228,193.29
U187,P028,view,2026-04-03 09:05:00,tablet,home,398,436.88
U397,P029,view,2026-04-03 09:06:00,mobile,electronics,203,418.64
U083,P048,view,2026-04-03 09:07:00,desktop,electronics,139,499.13
U338,P100,view,2026-04-03 09:07:00,tablet,clothing,47,435.32
U001,P032,add_to_cart,2026-04-03 09:09:00,tablet,home,513,159.25
U314,P082,click,2026-04-03 09:09:00,tablet,beauty,419,172.73
U440,P100,view,2026-04-03 09:09:00,desktop,clothing,29,359.53
U389,P033,click,2026-04-03 09:11:00,mobile,home,283,67.76
U202,P090,view,2026-04-03 09:11:00,mobile,clothing,78,211.01
U212,P091,click,2026-04-03 09:13:00,desktop,electronics,268,433.72
U329,P018,click,2026-04-03 09:14:00,mobile,home,350,274.26
U394,P039,click,2026-04-03 09:15:00,mobile,electronics,420,274.24
U098,P049,view,2026-04-03 09:17:00,mobile,electronics,440,479.39
U387,P016,click,2026-04-03 09:18:00,tablet,home,415,218.58
U071,P069,view,2026-04-03 09:19:00,tablet,beauty,118,335.77
U272,P003,click,2026-04-03 09:20:00,tablet,clothing,441,189.75
U025,P010,click,2026-04-03 09:20:00,tablet,electronics,437,314.12
U453,P017,click,2026-04-03 09:20:00,desktop,electronics,293,318.62
U156,P009,view,2026-04-03 09:21:00,tablet,home,299,389.55
U020,P022,view,2026-04-03 09:22:00,desktop,home,13,493.75
U220,P007,click,2026-04-03 09:23:00,tablet,clothing,594,445.06
U098,P064,add_to_cart,2026-04-03 09:23:00,desktop,beauty,557,365.49
U321,P072,click,2026-04-03 09:25:00,desktop,home,355,47.86
U136,P092,add_to_cart,2026-04-03 09:27:00,desktop,electronics,481,67.11
U349,P086,view,2026-04-03 09:28:00,tablet,clothing,162,447.32
U051,P078,view,2026-04-03 09:29:00,tablet,clothing,443,465.6
U494,P055,click,2026-04-03 09:30:00,tablet,clothing,594,222.67
U348,P011,click,2026-04-03 09:31:00,desktop,beauty,223,54.64
U084,P100,click,2026-04-03 09:31:00,desktop,beauty,333,177.45
U237,P049,click,2026-04-03 09:32:00,tablet,electronics,408,295.13
U157,P084,click,2026-04-03 09:36:00,mobile,beauty,553,431.83
U279,P081,click,2026-04-03 09:41:00,desktop,electronics,163,207.81
U438,P034,click,2026-04-03 09:44:00,tablet,beauty,539,239.71
U358,P017,click,2026-04-03 09:44:00,mobile,electronics,342,28.1
U001,P087,click,2026-04-03 09:44:00,tablet,beauty,493,498.4
U435,P021,add_to_cart,2026-04-03 09:45:00,desktop,clothing,454,46.48
U293,P068,click,2026-04-03 09:45:00,desktop,beauty,458,403.01
U475,P029,click,2026-04-03 09:52:00,mobile,electronics,473,316.41
U335,P061,click,2026-04-03 09:52:00,tablet,home,350,205.07
U130,P095,click,2026-04-03 09:53:00,mobile,clothing,280,103.99
U205,P096,view,2026-04-03 09:53:00,tablet,beauty,67,473.93
U148,P027,view,2026-04-03 09:53:00,desktop,beauty,42,495.23
U276,P070,view,2026-04-03 09:54:00,desktop,beauty,161,235.4
U158,P023,click,2026-04-03 09:54:00,mobile,clothing,549,288.7
U257,P040,view,2026-04-03 09:55:00,tablet,clothing,124,327.58
U081,P047,view,2026-04-03 09:56:00,mobile,home,159,362.63
U269,P049,click,2026-04-03 09:57:00,mobile,clothing,523,100.48
U420,P054,add_to_cart,2026-04-03 09:58:00,desktop,home,573,175.02
U455,P018,click,2026-04-03 09:59:00,tablet,beauty,527,259.17
U214,P051,click,2026-04-03 10:00:00,tablet,beauty,545,302.16
U344,P056,click,2026-04-03 10:01:00,tablet,home,448,392.02
U197,P043,view,2026-04-03 10:01:00,mobile,clothing,280,326.59
U331,P068,click,2026-04-03 10:02:00,tablet,home,490,49.69
U060,P014,click,2026-04-03 10:04:00,mobile,clothing,477,211.27
U112,P047,view,2026-04-03 10:05:00,tablet,home,101,390.24
U290,P005,click,2026-04-03 10:05:00,desktop,home,286,225.05
U393,P019,click,2026-04-03 10:05:00,desktop,clothing,286,160.95
U439,P055,click,2026-04-03 10:06:00,mobile,home,514,56.52
U226,P039,view,2026-04-03 10:06:00,mobile,home,493,452.95
U349,P074,click,2026-04-03 10:06:00,tablet,beauty,440,379.09
U355,P072,click,2026-04-03 10:08:00,desktop,home,348,489.32
U099,P056,click,2026-04-03 10:09:00,mobile,home,485,325.77
U163,P055,click,2026-04-03 10:10:00,mobile,electronics,488,423.32
U151,P019,view,2026-04-03 10:10:00,desktop,clothing,20,309.57
U121,P099,view,2026-04-03 10:10:00,tablet,home,158,339.74
U058,P077,click,2026-04-03 10:13:00,desktop,electronics,48,95.14
U316,P011,click,2026-04-03 10:13:00,tablet,clothing,481,344.84
U136,P031,click,2026-04-03 10:15:00,tablet,home,425,195.22
U333,P098,click,2026-04-03 10:16:00,mobile,clothing,563,340.67
U252,P098,view,2026-04-03 10:17:00,mobile,home,67,314.58
U037,P045,click,2026-04-03 10:19:00,tablet,home,416,141.88
U147,P095,view,2026-04-03 10:19:00,desktop,clothing,238,389.55
U104,P063,click,2026-04-03 10:20:00,desktop,beauty,167,113.18
U323,P027,view,2026-04-03 10:21:00,mobile,electronics,122,337.78
U103,P076,click,2026-04-03 10:22:00,desktop,home,457,277.28
U491,P021,add_to_cart,2026-04-03 10:22:00,desktop,home,367,62.93
U235,P045,view,2026-04-03 10:22:00,tablet,clothing,275,113.89
U294,P048,click,2026-04-03 10:25:00,mobile,electronics,99,95.49
U191,P096,click,2026-04-03 10:25:00,desktop,home,446,281.54
U433,P019,add_to_cart,2026-04-03 10:25:00,mobile,beauty,588,277.8
U454,P011,view,2026-04-03 10:27:00,mobile,clothing,488,309.65
U070,P018,view,2026-04-03 10:27:00,tablet,beauty,243,293.66
U007,P061,click,2026-04-03 10:28:00,tablet,electronics,92,140.86
U266,P073,click,2026-04-03 10:28:00,desktop,clothing,356,450.22
U237,P049,click,2026-04-03 10:29:00,mobile,electronics,478,449.75
U399,P022,click,2026-04-03 10:29:00,desktop,electronics,85,239.81
U054,P031,view,2026-04-03 10:29:00,tablet,electronics,57,125.86
U058,P023,click,2026-04-03 10:30:00,tablet,home,540,335.32
U208,P002,add_to_cart,2026-04-03 10:31:00,tablet,electronics,551,56.66
U116,P065,view,2026-04-03 10:32:00,mobile,beauty,46,145.41
U374,P055,view,2026-04-03 10:33:00,tablet,home,154,304.56
U263,P021,click,2026-04-03 10:36:00,desktop,beauty,352,192.82
U291,P053,view,2026-04-03 10:36:00,tablet,clothing,184,340.54
U472,P053,view,2026-04-03 10:36:00,mobile,electronics,137,293.7
U218,P031,click,2026-04-03 10:38:00,tablet,beauty,377,385.62
U484,P050,view,2026-04-03 10:41:00,desktop,home,82,372.23
U284,P049,click,2026-04-03 10:41:00,tablet,electronics,282,91.0
U456,P099,click,2026-04-03 10:45:00,mobile,home,522,353.99
U327,P087,view,2026-04-03 10:45:00,mobile,clothing,385,394.03
U180,P099,click,2026-04-03 10:47:00,desktop,clothing,338,348.09
U168,P025,view,2026-04-03 10:47:00,mobile,electronics,167,345.46
U232,P052,click,2026-04-03 10:49:00,mobile,beauty,404,293.93
U391,P007,view,2026-04-03 10:50:00,tablet,clothing,351,349.04
U028,P024,view,2026-04-03 10:52:00,tablet,beauty,260,423.35
U041,P085,view,2026-04-03 10:53:00,tablet,home,209,445.11
U275,P037,view,2026-04-03 10:55:00,desktop,electronics,264,402.15
U228,P016,click,2026-04-03 10:56:00,mobile,electronics,364,203.27
U175,P012,view,2026-04-03 10:56:00,tablet,home,109,439.75
U448,P010,click,2026-04-03 10:56:00,tablet,clothing,417,71.94
U477,P037,add_to_cart,2026-04-03 10:57:00,desktop,clothing,599,214.15
U304,P057,click,2026-04-03 10:58:00,mobile,electronics,451,428.39
U325,P057,click,2026-04-03 10:58:00,tablet,clothing,562,480.93
U207,P069,click,2026-04-03 10:58:00,tablet,electronics,188,15.54
U382,P043,click,2026-04-03 10:59:00,desktop,electronics,448,482.8
U010,P013,click,2026-04-03 10:59:00,desktop,clothing,304,91.88
U466,P029,view,2026-04-03 11:00:00,mobile,electronics,42,418.09
U071,P035,click,2026-04-03 11:01:00,mobile,electronics,478,486.29
U365,P012,add_to_cart,2026-04-03 11:01:00,desktop,electronics,439,133.67
U105,P040,view,2026-04-03 11:02:00,mobile,electronics,32,452.24
U011,P064,click,2026-04-03 11:04:00,tablet,beauty,568,356.67
U011,P058,view,2026-04-03 11:06:00,mobile,electronics,231,172.62
U463,P030,add_to_cart,2026-04-03 11:07:00,desktop,electronics,447,29.78
U481,P081,add_to_cart,2026-04-03 11:07:00,mobile,clothing,564,122.96
U174,P093,view,2026-04-03 11:10:00,mobile,clothing,274,418.4
U084,P003,view,2026-04-03 11:10:00,mobile,clothing,18,39.67
U098,P083,view,2026-04-03 11:12:00,desktop,beauty,12,493.59
U343,P001,view,2026-04-03 11:16:00,mobile,electronics,96,121.53
U257,P067,view,2026-04-03 11:16:00,mobile,beauty,418,458.5
U402,P075,click,2026-04-03 11:17:00,mobile,electronics,177,116.52
U303,P046,click,2026-04-03 11:19:00,desktop,electronics,275,395.37
U282,P047,add_to_cart,2026-04-03 11:21:00,desktop,beauty,536,78.54
U050,P100,click,2026-04-03 11:23:00,desktop,beauty,187,148.5
U108,P009,click,2026-04-03 11:23:00,desktop,beauty,70,229.97
U086,P047,click,2026-04-03 11:25:00,desktop,beauty,186,134.53
U468,P045,view,2026-04-03 11:25:00,mobile,electronics,50,231.05
U474,P083,view,2026-04-03 11:26:00,tablet,home,405,269.53
U244,P034,click,2026-04-03 11:28:00,desktop,clothing,348,327.94
U391,P039,view,2026-04-03 11:28:00,tablet,home,242,45.58
U137,P050,click,2026-04-03 11:28:00,desktop,clothing,407,185.51
U310,P090,view,2026-04-03 11:28:00,desktop,beauty,71,232.13
U322,P023,click,2026-04-03 11:32:00,tablet,electronics,471,382.13
U047,P055,click,2026-04-03 11:32:00,tablet,electronics,528,305.23
U338,P043,view,2026-04-03 11:33:00,mobile,beauty,112,260.89
U324,P058,click,2026-04-03 11:34:00,tablet,electronics,312,59.73
U108,P099,click,2026-04-03 11:34:00,desktop,home,521,459.38
U097,P084,click,2026-04-03 11:34:00,desktop,beauty,564,418.02
U012,P006,click,2026-04-03 11:35:00,mobile,electronics,304,149.92
U042,P054,view,2026-04-03 11:36:00,mobile,electronics,18,251.91
U461,P061,click,2026-04-03 11:36:00,desktop,clothing,339,211.25
U129,P040,view,2026-04-03 11:37:00,tablet,beauty,198,403.0
U372,P044,click,2026-04-03 11:39:00,tablet,beauty,551,16.61
U265,P056,click,2026-04-03 11:41:00,tablet,beauty,509,29.61
U454,P091,view,2026-04-03 11:41:00,tablet,electronics,154,420.38
U401,P089,add_to_cart,2026-04-03 11:42:00,desktop,beauty,398,38.15
U308,P054,add_to_cart,2026-04-03 11:43:00,desktop,electronics,510,184.77
U456,P064,click,2026-04-03 11:44:00,desktop,home,76,128.48
U463,P078,click,2026-04-03 11:45:00,desktop,beauty,55,98.57
U064,P079,view,2026-04-03 11:47:00,tablet,beauty,119,58.89
U193,P033,click,2026-04-03 11:48:00,desktop,beauty,408,345.68
U206,P002,view,2026-04-03 11:48:00,tablet,clothing,280,206.36
U052,P055,view,2026-04-03 11:49:00,desktop,beauty,61,251.39
U313,P043,click,2026-04-03 11:49:00,mobile,home,571,287.47
U116,P099,add_to_cart,2026-04-03 11:50:00,tablet,electronics,396,164.86
U004,P085,add_to_cart,2026-04-03 11:50:00,mobile,beauty,569,110.86
U285,P007,view,2026-04-03 11:50:00,desktop,home,159,415.28
U145,P057,view,2026-04-03 11:53:00,tablet,home,130,267.09
U059,P072,click,2026-04-03 11:58:00,desktop,home,433,341.97
U100,P037,view,2026-04-03 12:00:00,mobile,beauty,129,40.47
U058,P098,click,2026-04-03 12:01:00,desktop,home,234,113.29
U182,P098,view,2026-04-03 12:03:00,tablet,home,122,142.89
U492,P048,view,2026-04-03 12:04:00,tablet,home,165,499.11
U067,P058,view,2026-04-03 12:05:00,desktop,electronics,115,210.47
U475,P074,add_to_cart,2026-04-03 12:06:00,desktop,electronics,465,239.65
U262,P024,add_to_cart,2026-04-03 12:07:00,desktop,clothing,437,204.18
U498,P061,click,2026-04-03 12:08:00,desktop,electronics,198,383.61
U201,P068,click,2026-04-03 12:08:00,mobile,home,504,300.61
U183,P080,view,2026-04-03 12:09:00,mobile,beauty,188,227.19
U371,P076,click,2026-04-03 12:09:00,desktop,beauty,499,269.44
U179,P053,view,2026-04-03 12:10:00,tablet,clothing,180,73.72
U358,P055,view,2026-04-03 12:10:00,tablet,clothing,332,232.01
U247,P091,click,2026-04-03 12:11:00,mobile,electronics,39,35.92
U182,P021,view,2026-04-03 12:15:00,mobile,clothing,101,383.62
U427,P014,view,2026-04-03 12:15:00,tablet,beauty,213,243.36
U371,P098,click,2026-04-03 12:15:00,desktop,beauty,277,56.74
U474,P076,view,2026-04-03 12:20:00,mobile,beauty,51,184.65
U289,P054,view,2026-04-03 12:20:00,mobile,home,114,447.52
U255,P086,view,2026-04-03 12:21:00,mobile,electronics,327,402.59
U164,P029,click,2026-04-03 12:24:00,mobile,beauty,381,199.33
U109,P054,view,2026-04-03 12:25:00,tablet,electronics,18,315.86
U446,P046,view,2026-04-03 12:26:00,tablet,beauty,145,229.85
U059,P062,view,2026-04-03 12:27:00,tablet,beauty,553,475.75
U193,P006,click,2026-04-03 12:30:00,desktop,home,114,79.5
U067,P059,add_to_cart,2026-04-03 12:31:00,desktop,electronics,589,194.25
U387,P024,view,2026-04-03 12:31:00,tablet,electronics,223,215.21
U300,P074,add_to_cart,2026-04-03 12:31:00,desktop,electronics,508,406.38
U082,P004,click,2026-04-03 12:31:00,mobile,electronics,248,100.13
U311,P091,view,2026-04-03 12:32:00,desktop,home,57,347.57
U160,P003,add_to_cart,2026-04-03 12:32:00,desktop,electronics,118,31.58
U449,P035,view,2026-04-03 12:33:00,desktop,electronics,20,287.02
U495,P005,view,2026-04-03 12:33:00,desktop,beauty,48,292.02
U185,P067,view,2026-04-03 12:35:00,desktop,home,117,345.37
U224,P032,click,2026-04-03 12:35:00,desktop,clothing,303,39.32
U054,P039,view,2026-04-03 12:35:00,desktop,home,41,315.07
U476,P003,click,2026-04-03 12:37:00,tablet,clothing,199,36.89
U196,P056,click,2026-04-03 12:38:00,desktop,beauty,500,395.33
U319,P034,add_to_cart,2026-04-03 12:38:00,desktop,home,458,231.12
U283,P014,view,2026-04-03 12:38:00,mobile,home,63,433.53
U264,P012,click,2026-04-03 12:39:00,desktop,clothing,193,203.46
U145,P020,add_to_cart,2026-04-03 12:40:00,desktop,beauty,453,190.57
U219,P003,view,2026-04-03 12:40:00,desktop,electronics,152,368.69
U399,P069,click,2026-04-03 12:41:00,mobile,clothing,539,468.06
U380,P047,click,2026-04-03 12:43:00,tablet,beauty,470,276.02
U005,P094,add_to_cart,2026-04-03 12:44:00,desktop,electronics,563,225.39
U343,P078,view,2026-04-03 12:45:00,desktop,home,120,314.5
U211,P024,view,2026-04-03 12:45:00,mobile,clothing,298,261.83
U086,P097,view,2026-04-03 12:45:00,desktop,clothing,89,177.38
U302,P036,click,2026-04-03 12:46:00,desktop,clothing,447,394.69
U407,P093,view,2026-04-03 12:47:00,tablet,clothing,308,314.05
U186,P033,add_to_cart,2026-04-03 12:48:00,desktop,electronics,555,290.9
U005,P022,click,2026-04-03 12:48:00,desktop,electronics,230,70.48
U096,P059,view,2026-04-03 12:52:00,tablet,beauty,455,378.11
U163,P092,add_to_cart,2026-04-03 12:53:00,tablet,beauty,593,93.44
U423,P082,view,2026-04-03 12:53:00,mobile,home,234,396.14
U481,P071,click,2026-04-03 12:54:00,tablet,electronics,493,187.61
U371,P020,click,2026-04-03 12:54:00,desktop,home,468,422.37
U412,P069,click,2026-04-03 12:57:00,desktop,beauty,35,93.18
U129,P094,view,2026-04-03 12:58:00,tablet,beauty,256,194.16
U033,P010,add_to_cart,2026-04-03 12:58:00,mobile,home,588,118.76
U433,P047,view,2026-04-03 13:02:00,desktop,electronics,98,234.08
U121,P021,view,2026-04-03 13:03:00,tablet,electronics,37,137.35
U085,P035,view,2026-04-03 13:03:00,desktop,beauty,128,337.26
U053,P081,view,2026-04-03 13:03:00,tablet,beauty,50,203.35
U272,P084,view,2026-04-03 13:04:00,tablet,electronics,15,286.01
U482,P093,view,2026-04-03 13:06:00,desktop,electronics,114,432.1
U347,P048,click,2026-04-03 13:06:00,desktop,electronics,159,211.7
U040,P033,click,2026-04-03 13:09:00,mobile,electronics,326,58.63
U124,P067,click,2026-04-03 13:09:00,desktop,beauty,215,443.38
U248,P005,add_to_cart,2026-04-03 13:10:00,mobile,clothing,556,85.04
U003,P074,click,2026-04-03 13:11:00,desktop,home,403,352.26
U435,P075,view,2026-04-03 13:12:00,mobile,beauty,507,497.49
U277,P020,click,2026-04-03 13:12:00,mobile,electronics,546,398.6
U133,P009,click,2026-04-03 13:14:00,mobile,home,356,53.24
U016,P057,view,2026-04-03 13:14:00,tablet,beauty,272,476.61
U276,P029,click,2026-04-03 13:14:00,desktop,electronics,260,266.08
U316,P045,click,2026-04-03 13:15:00,tablet,beauty,204,18.9
U152,P072,view,2026-04-03 13:15:00,desktop,home,169,323.2
U019,P060,view,2026-04-03 13:15:00,tablet,home,237,444.96
U362,P008,view,2026-04-03 13:16:00,tablet,clothing,22,168.08
U412,P025,add_to_cart,2026-04-03 13:17:00,desktop,beauty,438,86.24
U159,P084,view,2026-04-03 13:18:00,tablet,home,267,394.95
U139,P082,view,2026-04-03 13:19:00,tablet,beauty,177,459.67
U408,P071,click,2026-04-03 13:19:00,desktop,clothing,389,431.77
U229,P017,view,2026-04-03 13:20:00,tablet,home,47,364.42
U206,P006,view,2026-04-03 13:20:00,mobile,beauty,208,203.07
U254,P068,add_to_cart,2026-04-03 13:22:00,desktop,electronics,415,149.5
U212,P003,click,2026-04-03 13:24:00,tablet,electronics,339,410.44
U096,P028,click,2026-04-03 13:26:00,mobile,clothing,404,304.8
U444,P049,click,2026-04-03 13:27:00,mobile,clothing,597,222.37
U036,P078,click,2026-04-03 13:27:00,desktop,clothing,316,290.62
U450,P051,view,2026-04-03 13:28:00,mobile,home,93,288.8
U351,P094,click,2026-04-03 13:28:00,desktop,beauty,328,268.81
U194,P049,view,2026-04-03 13:28:00,mobile,home,117,274.14
U455,P017,view,2026-04-03 13:31:00,tablet,electronics,251,356.42
U488,P071,view,2026-04-03 13:31:00,tablet,home,73,159.32
U213,P005,click,2026-04-03 13:32:00,mobile,electronics,181,188.32
U475,P056,view,2026-04-03 13:33:00,mobile,home,226,437.78
U190,P085,view,2026-04-03 13:33:00,tablet,home,382,221.11
U440,P068,view,2026-04-03 13:34:00,mobile,electronics,85,163.36
U438,P005,view,2026-04-03 13:34:00,desktop,clothing,10,183.93
U330,P050,view,2026-04-03 13:35:00,tablet,electronics,266,468.63
U245,P091,view,2026-04-03 13:35:00,tablet,home,50,368.35
U313,P062,add_to_cart,2026-04-03 13:36:00,desktop,beauty,543,433.77
U095,P025,click,2026-04-03 13:39:00,mobile,electronics,390,48.79
U244,P061,add_to_cart,2026-04-03 13:39:00,tablet,electronics,590,121.47
U004,P002,click,2026-04-03 13:41:00,mobile,electronics,547,375.27
U328,P027,click,2026-04-03 13:42:00,tablet,beauty,326,229.76
U291,P080,add_to_cart,2026-04-03 13:42:00,desktop,clothing,383,94.36
U021,P015,view,2026-04-03 13:42:00,mobile,home,34,442.09
U310,P002,add_to_cart,2026-04-03 13:46:00,desktop,home,546,50.48
U468,P024,view,2026-04-03 13:47:00,desktop,beauty,110,265.49
U260,P002,view,2026-04-03 13:48:00,mobile,electronics,209,320.64
U234,P001,add_to_cart,2026-04-03 13:49:00,tablet,electronics,519,133.59
U467,P055,click,2026-04-03 13:49:00,desktop,beauty,524,334.74
U285,P060,view,2026-04-03 13:49:00,tablet,clothing,109,157.12
U296,P071,click,2026-04-03 13:51:00,tablet,clothing,594,441.57
U028,P004,add_to_cart,2026-04-03 13:51:00,mobile,beauty,554,109.69
U044,P033,click,2026-04-03 13:55:00,mobile,electronics,369,353.82
U091,P056,view,2026-04-03 13:56:00,mobile,home,195,397.31
U183,P074,click,2026-04-03 13:57:00,tablet,clothing,518,271.37
U295,P061,click,2026-04-03 13:58:00,desktop,electronics,319,216.14
U161,P038,view,2026-04-03 14:02:00,mobile,home,100,354.15
U320,P042,add_to_cart,2026-04-03 14:02:00,desktop,clothing,392,69.51
U158,P008,view,2026-04-03 14:07:00,mobile,beauty,337,434.39
U068,P031,view,2026-04-03 14:08:00,tablet,home,340,431.89
U488,P003,click,2026-04-03 14:09:00,tablet,electronics,361,237.78
U352,P034,click,2026-04-03 14:11:00,desktop,clothing,388,344.85
U174,P044,view,2026-04-03 14:11:00,tablet,electronics,21,74.0
U322,P057,click,2026-04-03 14:12:00,tablet,electronics,489,414.75
U007,P024,click,2026-04-03 14:12:00,mobile,electronics,451,422.87
U175,P048,view,2026-04-03 14:14:00,desktop,electronics,110,368.13
U116,P026,view,2026-04-03 14:15:00,tablet,clothing,153,421.6
U084,P030,click,2026-04-03 14:15:00,desktop,clothing,447,137.64
U292,P048,add_to_cart,2026-04-03 14:15:00,desktop,home,469,83.92
U304,P067,view,2026-04-03 14:16:00,mobile,clothing,10,460.14
U448,P022,view,2026-04-03 14:16:00,desktop,beauty,243,409.61
U344,P060,view,2026-04-03 14:22:00,tablet,home,56,217.78
U297,P088,view,2026-04-03 14:22:00,tablet,electronics,161,273.73
U348,P076,click,2026-04-03 14:23:00,tablet,clothing,279,119.95
U153,P068,add_to_cart,2026-04-03 14:24:00,desktop,electronics,481,47.95
U098,P028,view,2026-04-03 14:25:00,tablet,home,100,437.78
U253,P078,view,2026-04-03 14:26:00,tablet,electronics,95,494.09
U229,P094,view,2026-04-03 14:27:00,desktop,home,334,416.62
U412,P072,view,2026-04-03 14:29:00,mobile,electronics,81,325.71
U433,P078,view,2026-04-03 14:31:00,desktop,clothing,135,385.41
U378,P007,click,2026-04-03 14:31:00,desktop,beauty,280,120.31
U176,P034,add_to_cart,2026-04-03 14:32:00,desktop,beauty,554,80.29
U160,P023,view,2026-04-03 14:32:00,tablet,clothing,69,441.32
U333,P013,click,2026-04-03 14:34:00,desktop,clothing,81,225.85
U268,P063,view,2026-04-03 14:35:00,tablet,home,376,268.99
U034,P036,view,2026-04-03 14:39:00,tablet,home,378,488.64
U326,P057,view,2026-04-03 14:43:00,desktop,beauty,44,275.41
U462,P048,click,2026-04-03 14:45:00,tablet,electronics,491,349.93
U105,P001,view,2026-04-03 14:45:00,mobile,beauty,87,328.0
U328,P017,view,2026-04-03 14:47:00,mobile,beauty,256,69.12
U369,P059,click,2026-04-03 14:47:00,mobile,home,295,247.45
U130,P036,view,2026-04-03 14:47:00,mobile,beauty,226,471.14
U142,P070,view,2026-04-03 14:47:00,mobile,clothing,98,59.65
U140,P072,view,2026-04-03 14:49:00,mobile,electronics,214,447.31
U295,P100,click,2026-04-03 14:49:00,mobile,electronics,385,264.33
U093,P035,view,2026-04-03 14:52:00,mobile,home,56,317.61
U423,P026,view,2026-04-03 14:52:00,mobile,clothing,11,331.1
U038,P009,click,2026-04-03 14:52:00,desktop,beauty,305,100.48
U189,P044,click,2026-04-03 14:53:00,desktop,beauty,426,309.45
U211,P020,view,2026-04-03 14:53:00,tablet,clothing,179,323.37
U218,P030,click,2026-04-03 14:54:00,desktop,home,422,309.86
U057,P080,view,2026-04-03 14:54:00,mobile,beauty,224,417.02
U302,P087,click,2026-04-03 14:54:00,tablet,home,396,162.46
U224,P038,click,2026-04-03 14:56:00,tablet,electronics,295,78.77
U305,P069,view,2026-04-03 14:56:00,mobile,beauty,303,267.95
U389,P010,click,2026-04-03 14:57:00,mobile,home,228,96.19
U078,P100,click,2026-04-03 14:57:00,tablet,clothing,558,274.17
U025,P036,add_to_cart,2026-04-03 14:59:00,desktop,electronics,598,213.45
U251,P071,view,2026-04-03 14:59:00,mobile,clothing,312,161.09
U130,P088,view,2026-04-03 15:00:00,tablet,beauty,347,174.99
U159,P036,click,2026-04-03 15:01:00,mobile,clothing,536,241.08
U265,P030,view,2026-04-03 15:06:00,desktop,electronics,17,339.44
U367,P020,add_to_cart,2026-04-03 15:06:00,desktop,home,457,82.89
U427,P070,click,2026-04-03 15:06:00,desktop,electronics,138,257.89
U136,P022,view,2026-04-03 15:08:00,mobile,electronics,56,136.45
U155,P012,click,2026-04-03 15:09:00,tablet,electronics,516,131.56
U078,P015,view,2026-04-03 15:09:00,mobile,home,25,352.39
U048,P014,click,2026-04-03 15:09:00,tablet,clothing,491,433.84
U339,P022,click,2026-04-03 15:11:00,desktop,beauty,187,76.67
U316,P035,click,2026-04-03 15:12:00,desktop,clothing,460,362.03
U435,P078,view,2026-04-03 15:12:00,tablet,beauty,67,217.06
U032,P013,click,2026-04-03 15:12:00,mobile,home,592,370.76
U244,P082,view,2026-04-03 15:13:00,tablet,clothing,136,286.51
U124,P074,click,2026-04-03 15:13:00,tablet,beauty,403,412.77
U397,P025,view,2026-04-03 15:14:00,mobile,electronics,60,469.52
U009,P057,click,2026-04-03 15:14:00,tablet,clothing,374,239.08
U322,P094,view,2026-04-03 15:17:00,tablet,clothing,268,288.43
U127,P043,view,2026-04-03 15:18:00,mobile,electronics,14,25.06
U385,P046,view,2026-04-03 15:18:00,tablet,home,101,383.93
U096,P032,view,2026-04-03 15:18:00,mobile,beauty,173,399.8
U410,P019,view,2026-04-03 15:19:00,tablet,home,59,359.16
U491,P044,add_to_cart,2026-04-03 15:19:00,mobile,electronics,560,215.73
U038,P008,click,2026-04-03 15:20:00,tablet,clothing,344,53.73
U066,P053,add_to_cart,2026-04-03 15:22:00,desktop,beauty,484,242.01
U237,P006,view,2026-04-03 15:23:00,tablet,clothing,131,153.3
U097,P062,view,2026-04-03 15:23:00,tablet,home,566,433.8
U403,P095,view,2026-04-03 15:24:00,mobile,beauty,131,281.43
U304,P048,click,2026-04-03 15:25:00,tablet,clothing,161,16.41
U458,P037,view,2026-04-03 15:25:00,mobile,home,327,450.43
U136,P034,view,2026-04-03 15:27:00,mobile,home,83,36.5
U427,P014,click,2026-04-03 15:28:00,mobile,beauty,449,240.02
U329,P010,view,2026-04-03 15:29:00,tablet,electronics,127,152.28
U374,P016,view,2026-04-03 15:32:00,mobile,electronics,240,449.72
U389,P034,click,2026-04-03 15:32:00,desktop,clothing,496,368.14
U318,P080,click,2026-04-03 15:33:00,tablet,clothing,541,265.92
U023,P019,click,2026-04-03 15:33:00,mobile,electronics,525,322.55
U260,P077,click,2026-04-03 15:33:00,mobile,electronics,219,215.57
U317,P052,view,2026-04-03 15:34:00,mobile,clothing,81,356.79
U193,P015,view,2026-04-03 15:34:00,tablet,electronics,350,360.33
U252,P032,view,2026-04-03 15:35:00,tablet,beauty,228,485.87
U215,P046,add_to_cart,2026-04-03 15:35:00,desktop,home,558,338.53
U255,P063,view,2026-04-03 15:36:00,tablet,home,200,35.38
U350,P031,click,2026-04-03 15:38:00,tablet,beauty,597,349.45
U318,P084,click,2026-04-03 15:38:00,desktop,clothing,90,60.97
U165,P059,click,2026-04-03 15:38:00,tablet,electronics,182,158.22
U257,P026,view,2026-04-03 15:43:00,mobile,home,244,440.67
U149,P064,click,2026-04-03 15:44:00,tablet,beauty,539,451.67
U323,P044,click,2026-04-03 15:44:00,desktop,home,270,45.84
U394,P068,view,2026-04-03 15:48:00,tablet,clothing,58,359.51
U240,P085,add_to_cart,2026-04-03 15:49:00,desktop,beauty,555,61.25
U413,P054,click,2026-04-03 15:50:00,mobile,clothing,412,62.95
U104,P079,view,2026-04-03 15:52:00,tablet,home,170,44.03
U355,P009,view,2026-04-03 15:53:00,mobile,electronics,125,358.94
U333,P010,view,2026-04-03 15:55:00,desktop,beauty,332,457.84
U165,P092,click,2026-04-03 15:56:00,mobile,electronics,428,359.26
U477,P041,view,2026-04-03 15:57:00,desktop,electronics,195,427.0
U257,P060,click,2026-04-03 15:58:00,mobile,home,405,161.03
U478,P084,view,2026-04-03 15:59:00,mobile,home,15,477.75
U396,P050,add_to_cart,2026-04-03 15:59:00,desktop,home,308,19.92
U369,P047,add_to_cart,2026-04-03 16:00:00,mobile,electronics,580,386.73
U215,P038,click,2026-04-03 16:01:00,desktop,home,375,131.01
U473,P006,view,2026-04-03 16:01:00,tablet,beauty,27,41.28
U082,P100,view,2026-04-03 16:01:00,mobile,clothing,491,433.22
U451,P094,view,2026-04-03 16:04:00,tablet,home,267,482.72
U129,P075,click,2026-04-03 16:04:00,tablet,electronics,238,116.02
U320,P020,add_to_cart,2026-04-03 16:04:00,tablet,electronics,592,43.77
U442,P052,view,2026-04-03 16:05:00,tablet,beauty,25,363.64
U024,P069,click,2026-04-03 16:05:00,mobile,beauty,322,186.42
U462,P075,click,2026-04-03 16:05:00,desktop,beauty,124,238.46
U439,P078,add_to_cart,2026-04-03 16:07:00,desktop,clothing,369,104.83
U464,P014,add_to_cart,2026-04-03 16:08:00,mobile,home,490,80.72
U007,P024,click,2026-04-03 16:08:00,mobile,clothing,364,67.11
U436,P044,click,2026-04-03 16:08:00,desktop,clothing,386,259.47
U029,P056,view,2026-04-03 16:09:00,tablet,clothing,82,458.52
U445,P013,add_to_cart,2026-04-03 16:09:00,desktop,electronics,523,114.98
U051,P099,click,2026-04-03 16:09:00,desktop,electronics,308,451.7
U400,P098,add_to_cart,2026-04-03 16:09:00,desktop,beauty,421,86.6
U484,P093,add_to_cart,2026-04-03 16:10:00,desktop,electronics,574,218.62
U238,P097,click,2026-04-03 16:11:00,tablet,home,535,214.72
U392,P019,view,2026-04-03 16:11:00,desktop,clothing,208,450.06
U462,P062,view,2026-04-03 16:14:00,tablet,home,333,443.18
U439,P062,click,2026-04-03 16:15:00,desktop,home,503,433.91
U383,P064,click,2026-04-03 16:16:00,mobile,beauty,569,223.91
U028,P084,add_to_cart,2026-04-03 16:17:00,desktop,home,592,143.41
U442,P004,click,2026-04-03 16:17:00,mobile,home,343,164.91
U219,P063,click,2026-04-03 16:21:00,tablet,beauty,331,14.82
U094,P023,click,2026-04-03 16:21:00,desktop,home,280,442.48
U196,P003,view,2026-04-03 16:22:00,tablet,home,407,419.99
U486,P040,click,2026-04-03 16:25:00,tablet,electronics,265,105.84
U237,P082,click,2026-04-03 16:25:00,tablet,beauty,392,100.16
U227,P030,view,2026-04-03 16:27:00,tablet,home,19,343.53
U044,P060,add_to_cart,2026-04-03 16:28:00,desktop,clothing,543,92.74
U017,P042,click,2026-04-03 16:30:00,mobile,electronics,499,290.01
U404,P058,click,2026-04-03 16:33:00,mobile,electronics,243,291.02
U384,P029,view,2026-04-03 16:35:00,desktop,beauty,196,496.28
U012,P077,click,2026-04-03 16:36:00,desktop,home,271,62.82
U023,P097,view,2026-04-03 16:37:00,tablet,beauty,298,401.86
U400,P036,view,2026-04-03 16:37:00,mobile,home,253,425.89
U079,P053,view,2026-04-03 16:38:00,mobile,home,71,384.63
U362,P046,view,2026-04-03 16:38:00,mobile,beauty,241,449.15
U438,P031,add_to_cart,2026-04-03 16:43:00,desktop,home,504,117.39
U072,P059,view,2026-04-03 16:43:00,tablet,beauty,262,196.34
U461,P009,click,2026-04-03 16:45:00,desktop,beauty,567,243.61
U452,P064,click,2026-04-03 16:48:00,tablet,beauty,371,154.9
U065,P061,click,2026-04-03 16:49:00,tablet,clothing,565,237.99
U399,P060,view,2026-04-03 16:51:00,tablet,electronics,85,232.14
U240,P033,click,2026-04-03 16:52:00,mobile,electronics,346,364.07
U241,P091,view,2026-04-03 16:52:00,tablet,home,457,334.75
U436,P001,click,2026-04-03 16:55:00,desktop,clothing,436,379.9
U252,P030,click,2026-04-03 16:59:00,desktop,home,230,41.18
U415,P095,click,2026-04-03 17:00:00,desktop,beauty,383,305.62
U270,P060,click,2026-04-03 17:00:00,desktop,electronics,74,165.26
U258,P057,view,2026-04-03 17:01:00,mobile,home,302,427.84
U394,P016,view,2026-04-03 17:01:00,mobile,clothing,490,479.9
U156,P042,click,2026-04-03 17:01:00,mobile,beauty,528,387.1
U331,P042,click,2026-04-03 17:03:00,mobile,home,444,356.18
U281,P010,view,2026-04-03 17:04:00,mobile,clothing,355,365.84
U314,P016,view,2026-04-03 17:06:00,desktop,beauty,237,481.01
U456,P043,add_to_cart,2026-04-03 17:07:00,desktop,electronics,489,246.67
U392,P092,view,2026-04-03 17:07:00,mobile,clothing,44,152.04
U259,P004,add_to_cart,2026-04-03 17:08:00,mobile,home,546,19.69
U303,P044,click,2026-04-03 17:09:00,tablet,home,217,17.81
U253,P046,click,2026-04-03 17:11:00,mobile,clothing,516,148.63
U461,P088,view,2026-04-03 17:11:00,tablet,clothing,160,110.73
U222,P064,click,2026-04-03 17:13:00,mobile,clothing,325,220.55
U458,P097,add_to_cart,2026-04-03 17:13:00,desktop,beauty,577,261.94
U217,P068,click,2026-04-03 17:13:00,tablet,beauty,247,20.28
U388,P036,click,2026-04-03 17:15:00,tablet,home,330,43.9
U276,P058,add_to_cart,2026-04-03 17:16:00,desktop,beauty,317,42.33
U379,P078,click,2026-04-03 17:16:00,mobile,home,447,170.12
U022,P006,view,2026-04-03 17:17:00,desktop,clothing,222,443.32
U164,P039,click,2026-04-03 17:17:00,desktop,clothing,312,143.82
U131,P090,view,2026-04-03 17:17:00,tablet,beauty,310,480.26
U179,P006,click,2026-04-03 17:17:00,desktop,home,107,107.52
U357,P022,click,2026-04-03 17:17:00,mobile,electronics,443,271.27
U336,P019,click,2026-04-03 17:18:00,desktop,beauty,392,316.36
U356,P071,click,2026-04-03 17:19:00,mobile,clothing,472,492.1
U118,P032,view,2026-04-03 17:19:00,desktop,home,274,459.22
U158,P066,click,2026-04-03 17:21:00,tablet,electronics,476,469.38
U139,P057,click,2026-04-03 17:22:00,tablet,beauty,518,434.89
U469,P018,click,2026-04-03 17:22:00,desktop,clothing,453,329.2
U062,P050,click,2026-04-03 17:23:00,tablet,home,504,224.31
U348,P020,view,2026-04-03 17:24:00,mobile,beauty,15,100.12
U372,P008,view,2026-04-03 17:28:00,mobile,home,24,210.01
U435,P086,add_to_cart,2026-04-03 17:28:00,desktop,electronics,318,145.42
U449,P035,view,2026-04-03 17:30:00,tablet,beauty,37,360.11
U071,P016,click,2026-04-03 17:31:00,mobile,home,288,141.36
U015,P040,view,2026-04-03 17:38:00,tablet,electronics,112,272.26
U037,P041,add_to_cart,2026-04-03 17:39:00,mobile,home,537,40.58
U077,P064,click,2026-04-03 17:39:00,tablet,beauty,481,301.08
U020,P009,view,2026-04-03 17:39:00,desktop,electronics,109,381.23
U463,P058,view,2026-04-03 17:39:00,tablet,clothing,171,419.83
U008,P035,click,2026-04-03 17:39:00,tablet,beauty,431,176.68
U456,P042,click,2026-04-03 17:42:00,mobile,electronics,266,150.79
U219,P092,view,2026-04-03 17:42:00,mobile,beauty,223,233.06
U146,P047,add_to_cart,2026-04-03 17:43:00,tablet,beauty,520,147.25
U385,P013,click,2026-04-03 17:46:00,mobile,home,467,336.62
U078,P038,add_to_cart,2026-04-03 17:47:00,desktop,clothing,521,159.45
U420,P072,click,2026-04-03 17:48:00,mobile,beauty,471,139.3
U472,P020,view,2026-04-03 17:48:00,tablet,clothing,248,280.55
U127,P070,view,2026-04-03 17:50:00,desktop,beauty,139,456.02
U174,P036,click,2026-04-03 17:50:00,desktop,beauty,156,164.95
U398,P070,view,2026-04-03 17:53:00,tablet,home,342,478.07
U271,P022,click,2026-04-03 17:53:00,mobile,home,536,249.27
U436,P007,click,2026-04-03 17:53:00,mobile,clothing,390,319.84
U056,P010,view,2026-04-03 17:55:00,mobile,clothing,223,319.61
U299,P078,add_to_cart,2026-04-03 17:55:00,mobile,clothing,461,61.67
U097,P002,view,2026-04-03 17:56:00,mobile,home,267,399.3
U197,P070,click,2026-04-03 17:56:00,desktop,home,326,116.63
U022,P030,view,2026-04-03 17:57:00,tablet,home,233,180.04
U245,P081,view,2026-04-03 17:57:00,mobile,beauty,267,368.39
U377,P018,view,2026-04-03 17:58:00,tablet,clothing,139,161.72
U232,P048,view,2026-04-03 18:00:00,mobile,clothing,358,326.24
U151,P058,view,2026-04-03 18:01:00,mobile,home,281,253.92
U299,P013,click,2026-04-03 18:02:00,desktop,electronics,45,357.66
U482,P031,view,2026-04-03 18:02:00,tablet,clothing,12,217.31
U239,P090,click,2026-04-03 18:03:00,mobile,home,530,147.03
U147,P047,click,2026-04-03 18:03:00,desktop,clothing,497,430.88
U498,P099,view,2026-04-03 18:05:00,desktop,clothing,219,495.05
U322,P018,view,2026-04-03 18:05:00,tablet,home,166,260.02
U050,P085,click,2026-04-03 18:05:00,tablet,beauty,234,75.13
U340,P097,view,2026-04-03 18:05:00,tablet,beauty,217,261.31
U303,P049,view,2026-04-03 18:05:00,mobile,clothing,153,187.01
U372,P067,click,2026-04-03 18:07:00,desktop,clothing,138,56.95
U053,P007,view,2026-04-03 18:10:00,tablet,clothing,90,212.94
U313,P015,view,2026-04-03 18:10:00,tablet,beauty,409,440.82
U039,P020,click,2026-04-03 18:12:00,desktop,electronics,147,75.29
U077,P029,view,2026-04-03 18:14:00,tablet,electronics,280,321.9
U211,P085,add_to_cart,2026-04-03 18:14:00,mobile,clothing,562,33.4
U179,P059,view,2026-04-03 18:14:00,tablet,home,85,317.38
U009,P031,add_to_cart,2026-04-03 18:15:00,desktop,clothing,353,61.13
U404,P039,click,2026-04-03 18:15:00,mobile,beauty,519,366.27
U185,P028,click,2026-04-03 18:18:00,tablet,home,516,239.56
U131,P096,view,2026-04-03 18:18:00,mobile,clothing,290,421.78
U076,P069,view,2026-04-03 18:20:00,tablet,electronics,174,480.15
U062,P022,click,2026-04-03 18:21:00,mobile,beauty,539,246.06
U244,P079,add_to_cart,2026-04-03 18:21:00,desktop,clothing,356,33.24
U317,P077,view,2026-04-03 18:22:00,tablet,beauty,42,180.18
U299,P053,click,2026-04-03 18:22:00,desktop,clothing,378,220.33
U416,P011,view,2026-04-03 18:23:00,mobile,clothing,173,425.95
U125,P032,add_to_cart,2026-04-03 18:24:00,mobile,electronics,580,62.52
U103,P055,view,2026-04-03 18:25:00,mobile,electronics,190,71.19
U487,P077,click,2026-04-03 18:26:00,mobile,home,434,189.59
U158,P065,view,2026-04-03 18:26:00,mobile,clothing,117,138.38
U350,P052,click,2026-04-03 18:28:00,mobile,electronics,484,401.43
U390,P040,view,2026-04-03 18:29:00,desktop,clothing,90,297.54
U436,P006,click,2026-04-03 18:33:00,desktop,electronics,82,22.09
U210,P059,click,2026-04-03 18:33:00,mobile,home,431,129.85
U044,P053,view,2026-04-03 18:35:00,mobile,clothing,407,491.96
U089,P016,add_to_cart,2026-04-03 18:35:00,desktop,beauty,577,186.3
U082,P049,add_to_cart,2026-04-03 18:36:00,desktop,clothing,456,70.19
U211,P086,click,2026-04-03 18:38:00,mobile,beauty,563,360.91
U139,P056,view,2026-04-03 18:38:00,desktop,beauty,17,488.95
U061,P066,view,2026-04-03 18:39:00,desktop,home,179,301.14
U004,P089,click,2026-04-03 18:41:00,tablet,home,414,181.22
U125,P095,click,2026-04-03 18:41:00,mobile,electronics,351,379.65
U029,P053,click,2026-04-03 18:42:00,tablet,beauty,591,425.25
U043,P088,view,2026-04-03 18:42:00,desktop,beauty,199,320.3
U328,P097,click,2026-04-03 18:43:00,tablet,clothing,199,136.77
U106,P046,click,2026-04-03 18:44:00,desktop,electronics,82,103.74
U171,P058,add_to_cart,2026-04-03 18:45:00,mobile,electronics,590,110.28
U160,P032,view,2026-04-03 18:48:00,mobile,electronics,200,494.65
U119,P014,click,2026-04-03 18:50:00,tablet,electronics,369,38.0
U197,P029,view,2026-04-03 18:51:00,mobile,clothing,207,99.96
U150,P067,view,2026-04-03 18:51:00,tablet,clothing,188,334.08
U254,P036,click,2026-04-03 18:54:00,mobile,electronics,197,138.97
U215,P046,click,2026-04-03 18:55:00,mobile,electronics,240,155.71
U318,P020,view,2026-04-03 18:55:00,mobile,beauty,88,478.98
U302,P047,view,2026-04-03 18:56:00,tablet,home,28,100.45
U097,P002,click,2026-04-03 18:56:00,mobile,beauty,315,18.32
U139,P006,view,2026-04-03 18:56:00,mobile,home,10,260.79
U388,P003,click,2026-04-03 18:57:00,desktop,home,576,450.45
U062,P081,view,2026-04-03 18:58:00,tablet,beauty,437,417.47
U493,P047,view,2026-04-03 18:58:00,mobile,electronics,427,427.99
U272,P042,click,2026-04-03 19:00:00,desktop,beauty,282,499.82
U205,P055,add_to_cart,2026-04-03 19:02:00,desktop,clothing,542,122.75
U397,P053,click,2026-04-03 19:02:00,desktop,home,203,80.99
U279,P085,click,2026-04-03 19:04:00,desktop,clothing,408,224.21
U262,P050,click,2026-04-03 19:06:00,desktop,beauty,294,188.52
U047,P095,view,2026-04-03 19:07:00,mobile,electronics,59,263.02
U392,P072,add_to_cart,2026-04-03 19:07:00,tablet,electronics,347,86.39
U497,P009,click,2026-04-03 19:09:00,desktop,electronics,120,154.68
U278,P022,view,2026-04-03 19:09:00,tablet,home,71,276.43
U037,P027,view,2026-04-03 19:10:00,tablet,beauty,151,407.1
U105,P004,add_to_cart,2026-04-03 19:10:00,desktop,electronics,512,495.04
U267,P023,view,2026-04-03 19:10:00,mobile,home,319,251.63
U084,P076,click,2026-04-03 19:11:00,desktop,beauty,518,215.95
U228,P058,click,2026-04-03 19:12:00,tablet,electronics,568,174.57
U143,P095,view,2026-04-03 19:12:00,mobile,home,23,47.28
U077,P072,view,2026-04-03 19:14:00,tablet,electronics,72,279.65
U159,P070,add_to_cart,2026-04-03 19:14:00,desktop,beauty,515,173.58
U317,P028,view,2026-04-03 19:16:00,mobile,clothing,75,186.85
U015,P051,click,2026-04-03 19:21:00,tablet,beauty,519,102.48
U359,P022,click,2026-04-03 19:21:00,mobile,home,379,261.62
U400,P079,add_to_cart,2026-04-03 19:22:00,desktop,home,521,92.86
U311,P008,click,2026-04-03 19:22:00,desktop,home,195,346.26
U211,P099,click,2026-04-03 19:24:00,desktop,clothing,228,340.79
U360,P094,view,2026-04-03 19:24:00,tablet,clothing,23,256.0
U177,P060,click,2026-04-03 19:26:00,desktop,electronics,307,468.84
U247,P078,click,2026-04-03 19:27:00,tablet,beauty,222,30.49
U184,P003,view,2026-04-03 19:28:00,tablet,beauty,84,84.89
U273,P075,click,2026-04-03 19:31:00,mobile,clothing,539,363.97
U491,P048,view,2026-04-03 19:32:00,mobile,clothing,418,270.79
U383,P008,add_to_cart,2026-04-03 19:33:00,desktop,beauty,404,146.64
U317,P040,view,2026-04-03 19:33:00,tablet,clothing,158,375.87
U361,P059,click,2026-04-03 19:33:00,tablet,electronics,326,70.57
U107,P008,add_to_cart,2026-04-03 19:33:00,tablet,home,519,49.38
U322,P051,view,2026-04-03 19:34:00,tablet,beauty,377,315.61
U500,P100,click,2026-04-03 19:37:00,mobile,electronics,418,111.63
U036,P098,click,2026-04-03 19:37:00,tablet,home,367,35.44
U160,P030,add_to_cart,2026-04-03 19:37:00,desktop,electronics,559,36.58
U481,P051,view,2026-04-03 19:38:00,mobile,home,167,31.36
U002,P088,click,2026-04-03 19:40:00,mobile,electronics,550,114.89
U381,P016,click,2026-04-03 19:40:00,desktop,beauty,399,238.88
U060,P077,click,2026-04-03 19:41:00,desktop,electronics,364,360.71
U451,P044,click,2026-04-03 19:41:00,desktop,beauty,70,48.72
U078,P038,click,2026-04-03 19:42:00,desktop,beauty,318,85.09
U363,P080,view,2026-04-03 19:43:00,tablet,clothing,137,234.81
U179,P041,add_to_cart,2026-04-03 19:44:00,mobile,electronics,539,228.85
U428,P081,click,2026-04-03 19:44:00,mobile,electronics,191,149.96
U201,P064,view,2026-04-03 19:45:00,tablet,home,315,306.23
U131,P034,view,2026-04-03 19:46:00,mobile,clothing,219,145.67
U155,P026,click,2026-04-03 19:46:00,desktop,electronics,88,194.8
U035,P025,click,2026-04-03 19:47:00,desktop,clothing,423,310.24
U076,P045,click,2026-04-03 19:47:00,mobile,beauty,446,144.82
U458,P064,view,2026-04-03 19:48:00,tablet,beauty,139,316.39
U098,P040,view,2026-04-03 19:49:00,mobile,home,70,249.59
U128,P079,click,2026-04-03 19:50:00,desktop,clothing,304,145.98
U264,P051,click,2026-04-03 19:51:00,desktop,beauty,224,30.31
U266,P096,click,2026-04-03 19:54:00,tablet,electronics,387,439.19
U270,P090,view,2026-04-03 19:54:00,mobile,electronics,199,454.0
U113,P062,click,2026-04-03 19:57:00,mobile,beauty,585,381.31
U113,P095,view,2026-04-03 19:58:00,mobile,beauty,312,234.44
U337,P099,view,2026-04-03 19:59:00,mobile,home,381,463.55
U460,P066,view,2026-04-03 19:59:00,tablet,home,82,227.62
U355,P095,view,2026-04-03 20:00:00,desktop,home,63,39.13
U449,P075,view,2026-04-03 20:01:00,mobile,home,208,443.02
U419,P036,view,2026-04-03 20:02:00,mobile,electronics,80,445.74
U463,P047,view,2026-04-03 20:02:00,tablet,beauty,332,468.43
U295,P060,add_to_cart,2026-04-03 20:04:00,desktop,electronics,454,111.83
U049,P092,click,2026-04-03 20:05:00,tablet,beauty,484,198.71
U138,P085,view,2026-04-03 20:07:00,desktop,electronics,181,418.05
U466,P076,add_to_cart,2026-04-03 20:08:00,desktop,electronics,465,339.5
U265,P040,click,2026-04-03 20:08:00,tablet,clothing,444,181.24
U021,P005,click,2026-04-03 20:10:00,desktop,beauty,416,244.2
U440,P044,click,2026-04-03 20:11:00,desktop,clothing,201,87.03
U411,P064,add_to_cart,2026-04-03 20:11:00,tablet,electronics,581,51.2
U285,P019,view,2026-04-03 20:13:00,desktop,clothing,55,317.19
U034,P046,view,2026-04-03 20:15:00,tablet,home,41,153.33
U278,P028,click,2026-04-03 20:16:00,tablet,clothing,585,407.27
U357,P076,click,2026-04-03 20:16:00,desktop,beauty,167,133.57
U036,P015,view,2026-04-03 20:17:00,tablet,home,213,184.32
U126,P040,add_to_cart,2026-04-03 20:17:00,desktop,beauty,585,97.37
U182,P020,click,2026-04-03 20:18:00,mobile,home,387,134.31
U206,P029,view,2026-04-03 20:18:00,tablet,beauty,120,407.62
U153,P083,click,2026-04-03 20:20:00,tablet,electronics,398,93.26
U402,P015,click,2026-04-03 20:22:00,mobile,clothing,290,84.14
U385,P075,view,2026-04-03 20:22:00,tablet,clothing,401,264.51
U067,P040,add_to_cart,2026-04-03 20:22:00,desktop,electronics,312,161.72
U390,P033,click,2026-04-03 20:24:00,tablet,electronics,423,429.71
U125,P014,click,2026-04-03 20:25:00,tablet,home,593,248.61
U112,P011,view,2026-04-03 20:26:00,mobile,home,86,111.64
U215,P041,click,2026-04-03 20:26:00,mobile,home,350,42.45
U164,P021,view,2026-04-03 20:27:00,mobile,beauty,421,460.43
U033,P094,view,2026-04-03 20:28:00,tablet,clothing,186,127.59
U422,P018,click,2026-04-03 20:29:00,tablet,clothing,427,120.83
U112,P060,view,2026-04-03 20:30:00,tablet,beauty,143,488.16
U213,P081,click,2026-04-03 20:31:00,tablet,beauty,326,170.36
U200,P048,view,2026-04-03 20:33:00,tablet,electronics,112,171.08
U049,P017,click,2026-04-03 20:33:00,tablet,electronics,430,223.25
U371,P094,click,2026-04-03 20:34:00,mobile,clothing,471,90.24
U434,P070,view,2026-04-03 20:36:00,tablet,clothing,273,326.27
U299,P057,click,2026-04-03 20:38:00,mobile,beauty,463,176.67
U214,P098,click,2026-04-03 20:38:00,mobile,electronics,321,198.63
U436,P050,view,2026-04-03 20:39:00,tablet,home,355,347.21
U052,P038,add_to_cart,2026-04-03 20:41:00,mobile,clothing,474,109.92
U344,P083,view,2026-04-03 20:42:00,tablet,beauty,282,155.41
U030,P078,view,2026-04-03 20:42:00,mobile,home,99,149.76
U387,P091,click,2026-04-03 20:43:00,tablet,electronics,498,243.24
U390,P078,click,2026-04-03 20:44:00,tablet,electronics,221,243.73
U393,P009,click,2026-04-03 20:47:00,desktop,clothing,369,173.17
U120,P040,click,2026-04-03 20:48:00,desktop,electronics,283,495.36
U438,P081,click,2026-04-03 20:48:00,tablet,beauty,463,338.14
U133,P071,click,2026-04-03 20:49:00,desktop,home,323,403.82
U186,P008,click,2026-04-03 20:49:00,desktop,home,270,30.39
U035,P094,view,2026-04-03 20:49:00,desktop,beauty,164,359.77
U402,P044,click,2026-04-03 20:50:00,desktop,electronics,318,292.47
U484,P011,add_to_cart,2026-04-03 20:50:00,mobile,clothing,525,107.44
U140,P050,view,2026-04-03 20:52:00,mobile,beauty,544,492.81
U281,P020,view,2026-04-03 20:53:00,mobile,electronics,197,228.29
U230,P038,add_to_cart,2026-04-03 20:53:00,desktop,electronics,569,27.71
U067,P025,add_to_cart,2026-04-03 20:53:00,desktop,beauty,458,100.57
U066,P092,view,2026-04-03 20:57:00,mobile,clothing,72,190.26
U284,P001,view,2026-04-03 20:57:00,tablet,electronics,50,297.92
U244,P050,click,2026-04-03 20:58:00,mobile,clothing,373,29.81
U166,P008,add_to_cart,2026-04-03 21:00:00,mobile,home,474,108.94
U484,P007,view,2026-04-03 21:02:00,tablet,beauty,160,209.49
U302,P081,view,2026-04-03 21:02:00,mobile,beauty,61,436.28
U162,P018,view,2026-04-03 21:02:00,tablet,home,283,365.69
U475,P037,click,2026-04-03 21:06:00,desktop,clothing,353,241.97
U246,P064,click,2026-04-03 21:08:00,desktop,beauty,276,225.1
U131,P087,click,2026-04-03 21:10:00,mobile,home,184,83.29
U290,P067,click,2026-04-03 21:10:00,tablet,beauty,541,344.27
U431,P041,view,2026-04-03 21:13:00,tablet,beauty,204,176.79
U150,P013,click,2026-04-03 21:13:00,mobile,home,551,429.17
U457,P029,view,2026-04-03 21:13:00,desktop,home,78,250.82
U044,P061,view,2026-04-03 21:16:00,mobile,clothing,314,402.17
U475,P049,view,2026-04-03 21:17:00,mobile,clothing,72,160.41
U444,P057,view,2026-04-03 21:18:00,mobile,clothing,190,400.25
U323,P037,add_to_cart,2026-04-03 21:18:00,desktop,home,486,35.56
U435,P093,view,2026-04-03 21:18:00,mobile,electronics,29,304.14
U287,P095,view,2026-04-03 21:19:00,tablet,beauty,231,74.56
U013,P063,click,2026-04-03 21:20:00,mobile,electronics,368,190.77
U102,P094,view,2026-04-03 21:20:00,tablet,electronics,58,328.9
U165,P029,click,2026-04-03 21:20:00,tablet,beauty,473,253.35
U336,P088,view,2026-04-03 21:22:00,desktop,home,46,182.76
U196,P036,view,2026-04-03 21:23:00,mobile,clothing,124,405.46
U118,P008,view,2026-04-03 21:25:00,tablet,beauty,205,169.73
U412,P031,view,2026-04-03 21:26:00,desktop,clothing,100,206.01
U487,P069,click,2026-04-03 21:26:00,desktop,clothing,256,244.67
U071,P021,view,2026-04-03 21:26:00,mobile,home,513,463.3
U477,P017,view,2026-04-03 21:27:00,mobile,home,357,496.53
U047,P080,add_to_cart,2026-04-03 21:27:00,mobile,beauty,589,64.45
U440,P071,view,2026-04-03 21:27:00,mobile,electronics,192,363.5
U352,P052,click,2026-04-03 21:28:00,tablet,electronics,235,255.08
U165,P017,click,2026-04-03 21:30:00,desktop,home,325,180.68
U012,P058,view,2026-04-03 21:32:00,tablet,beauty,258,307.35
U039,P019,view,2026-04-03 21:33:00,desktop,clothing,129,42.83
U116,P085,add_to_cart,2026-04-03 21:33:00,tablet,home,580,30.49
U285,P078,click,2026-04-03 21:33:00,desktop,home,438,252.48
U114,P032,view,2026-04-03 21:35:00,mobile,clothing,83,248.18
U037,P096,view,2026-04-03 21:36:00,mobile,home,367,488.44
U092,P068,view,2026-04-03 21:36:00,tablet,beauty,70,284.77
U048,P070,view,2026-04-03 21:37:00,mobile,beauty,316,367.81
U440,P001,click,2026-04-03 21:37:00,mobile,home,549,191.54
U307,P012,view,2026-04-03 21:38:00,tablet,clothing,71,51.72
U365,P093,add_to_cart,2026-04-03 21:39:00,desktop,home,371,67.19
U243,P039,view,2026-04-03 21:40:00,tablet,beauty,244,306.93
U356,P029,add_to_cart,2026-04-03 21:43:00,mobile,electronics,410,24.62
U315,P090,view,2026-04-03 21:46:00,mobile,home,47,303.28
U265,P087,view,2026-04-03 21:47:00,mobile,electronics,93,218.07
U468,P084,add_to_cart,2026-04-03 21:47:00,desktop,electronics,413,89.32
U335,P083,click,2026-04-03 21:48:00,desktop,beauty,74,179.35
U422,P072,click,2026-04-03 21:51:00,tablet,clothing,444,285.23
U048,P100,view,2026-04-03 21:52:00,tablet,home,259,237.05
U227,P080,view,2026-04-03 21:54:00,tablet,clothing,21,254.29
U172,P047,click,2026-04-03 21:54:00,desktop,home,129,183.01
U301,P015,view,2026-04-03 21:55:00,tablet,beauty,255,277.86
U077,P052,view,2026-04-03 21:55:00,desktop,beauty,49,459.78
U184,P061,view,2026-04-03 21:55:00,tablet,clothing,122,329.81
U181,P080,click,2026-04-03 21:58:00,desktop,electronics,360,328.86
U092,P004,view,2026-04-03 21:58:00,mobile,clothing,564,397.54
U017,P094,view,2026-04-03 21:58:00,tablet,electronics,13,175.98
U305,P087,view,2026-04-03 22:00:00,tablet,home,391,325.8
U214,P006,view,2026-04-03 22:00:00,desktop,beauty,172,436.19
U426,P052,click,2026-04-03 22:00:00,desktop,clothing,423,301.22
U201,P093,view,2026-04-03 22:00:00,tablet,beauty,210,195.33
U128,P061,view,2026-04-03 22:00:00,desktop,beauty,222,343.58
U438,P068,add_to_cart,2026-04-03 22:01:00,tablet,electronics,559,94.19
U042,P006,click,2026-04-03 22:01:00,desktop,beauty,335,467.01
U171,P057,click,2026-04-03 22:01:00,desktop,clothing,450,380.03
U191,P098,click,2026-04-03 22:03:00,tablet,electronics,216,104.53
U019,P100,click,2026-04-03 22:03:00,desktop,electronics,53,278.96
U123,P003,view,2026-04-03 22:05:00,tablet,beauty,419,309.56
U209,P016,view,2026-04-03 22:07:00,mobile,electronics,139,300.41
U348,P052,view,2026-04-03 22:07:00,mobile,clothing,118,165.36
U197,P044,view,2026-04-03 22:08:00,tablet,home,281,391.94
U008,P003,click,2026-04-03 22:09:00,tablet,clothing,568,336.66
U008,P071,view,2026-04-03 22:11:00,tablet,electronics,11,262.76
U397,P100,click,2026-04-03 22:12:00,tablet,home,565,85.95
U405,P003,view,2026-04-03 22:15:00,tablet,clothing,24,233.98
U226,P024,view,2026-04-03 22:17:00,mobile,clothing,112,353.75
U257,P032,click,2026-04-03 22:18:00,mobile,beauty,479,336.47
U265,P089,add_to_cart,2026-04-03 22:19:00,mobile,home,586,91.35
U037,P015,view,2026-04-03 22:20:00,tablet,beauty,258,128.46
U166,P099,view,2026-04-03 22:20:00,mobile,beauty,161,276.13
U066,P011,view,2026-04-03 22:21:00,tablet,electronics,94,203.68
U435,P061,view,2026-04-03 22:26:00,tablet,home,273,419.24
U233,P100,click,2026-04-03 22:28:00,desktop,electronics,101,167.85
U124,P094,view,2026-04-03 22:29:00,desktop,home,142,384.46
U300,P051,click,2026-04-03 22:29:00,tablet,home,463,422.55
U398,P070,view,2026-04-03 22:29:00,mobile,home,83,320.92
U266,P029,click,2026-04-03 22:30:00,tablet,home,594,329.91
U061,P062,view,2026-04-03 22:31:00,mobile,clothing,88,446.51
U160,P073,add_to_cart,2026-04-03 22:38:00,mobile,home,554,106.05
U078,P019,view,2026-04-03 22:38:00,mobile,clothing,361,242.1
U282,P070,click,2026-04-03 22:41:00,tablet,beauty,522,424.13
U065,P059,click,2026-04-03 22:41:00,desktop,home,195,226.85
U272,P053,add_to_cart,2026-04-03 22:42:00,desktop,beauty,360,235.66
U323,P001,click,2026-04-03 22:43:00,mobile,clothing,505,469.24
U356,P077,click,2026-04-03 22:48:00,mobile,beauty,464,383.55
U178,P044,click,2026-04-03 22:51:00,desktop,home,208,295.99
U427,P087,view,2026-04-03 22:52:00,mobile,beauty,310,409.38
U013,P064,view,2026-04-03 22:52:00,tablet,clothing,62,50.45
U070,P016,add_to_cart,2026-04-03 22:53:00,desktop,home,497,16.72
U364,P003,click,2026-04-03 22:53:00,mobile,home,320,160.34
U311,P073,view,2026-04-03 22:54:00,mobile,electronics,122,65.01
U464,P079,click,2026-04-03 22:54:00,mobile,home,265,53.94
U117,P071,view,2026-04-03 22:55:00,tablet,beauty,113,197.81
U239,P061,view,2026-04-03 22:56:00,mobile,home,131,362.81
U198,P063,click,2026-04-03 22:57:00,desktop,beauty,359,387.64
U128,P013,click,2026-04-03 22:57:00,desktop,beauty,374,128.69
U064,P080,add_to_cart,2026-04-03 22:58:00,desktop,clothing,247,12.41
U500,P077,add_to_cart,2026-04-03 22:58:00,mobile,electronics,519,112.38
U050,P004,view,2026-04-03 22:58:00,mobile,beauty,202,391.74
U496,P040,view,2026-04-03 22:59:00,mobile,clothing,256,338.59
U286,P007,click,2026-04-03 22:59:00,desktop,clothing,347,444.94
U402,P054,add_to_cart,2026-04-03 23:00:00,desktop,clothing,444,85.0
U091,P053,view,2026-04-03 23:03:00,desktop,beauty,44,318.44
U305,P086,view,2026-04-03 23:03:00,tablet,beauty,149,371.95
U010,P001,click,2026-04-03 23:04:00,desktop,home,258,277.19
U489,P062,view,2026-04-03 23:05:00,desktop,home,37,395.32
U300,P079,click,2026-04-03 23:06:00,tablet,home,567,289.31
U218,P048,add_to_cart,2026-04-03 23:06:00,tablet,home,515,50.69
U110,P025,view,2026-04-03 23:09:00,desktop,home,237,487.35
U277,P074,add_to_cart,2026-04-03 23:09:00,desktop,home,405,215.7
U302,P072,click,2026-04-03 23:10:00,tablet,beauty,564,335.88
U155,P007,click,2026-04-03 23:11:00,desktop,beauty,226,145.96
U290,P054,click,2026-04-03 23:12:00,mobile,beauty,318,98.72
U384,P069,click,2026-04-03 23:13:00,mobile,beauty,462,68.33
U248,P011,add_to_cart,2026-04-03 23:14:00,desktop,beauty,468,84.27
U050,P063,view,2026-04-03 23:14:00,mobile,beauty,172,262.14
U335,P039,click,2026-04-03 23:16:00,mobile,beauty,359,316.57
U380,P059,click,2026-04-03 23:17:00,mobile,beauty,555,157.41
U167,P077,view,2026-04-03 23:18:00,mobile,clothing,42,431.47
U359,P019,click,2026-04-03 23:18:00,desktop,clothing,228,70.61
U405,P028,view,2026-04-03 23:18:00,tablet,clothing,81,261.93
U412,P012,click,2026-04-03 23:18:00,mobile,clothing,593,125.04
U168,P070,click,2026-04-03 23:20:00,tablet,home,564,346.77
U112,P057,view,2026-04-03 23:21:00,desktop,clothing,180,389.18
U153,P017,click,2026-04-03 23:22:00,mobile,electronics,346,207.55
U495,P067,click,2026-04-03 23:23:00,desktop,beauty,197,233.06
U246,P039,view,2026-04-03 23:24:00,mobile,home,573,486.24
U400,P059,click,2026-04-03 23:24:00,mobile,clothing,245,128.83
U140,P027,add_to_cart,2026-04-03 23:25:00,mobile,electronics,575,277.25
U199,P073,view,2026-04-03 23:27:00,mobile,home,242,436.94
U190,P072,view,2026-04-03 23:32:00,mobile,home,193,435.11
U474,P061,click,2026-04-03 23:32:00,mobile,electronics,187,29.9
U381,P093,click,2026-04-03 23:32:00,tablet,electronics,287,156.06
U058,P055,add_to_cart,2026-04-03 23:33:00,desktop,beauty,453,88.98
U350,P085,view,2026-04-03 23:34:00,desktop,home,75,485.11
U029,P093,view,2026-04-03 23:36:00,mobile,electronics,90,254.62
U077,P029,view,2026-04-03 23:38:00,tablet,beauty,148,357.4
U348,P075,view,2026-04-03 23:40:00,mobile,clothing,37,72.01
U423,P033,view,2026-04-03 23:41:00,tablet,beauty,159,395.37
U195,P048,view,2026-04-03 23:41:00,tablet,electronics,73,220.31
U449,P026,add_to_cart,2026-04-03 23:41:00,mobile,electronics,528,135.9
U170,P016,click,2026-04-03 23:42:00,tablet,home,297,189.75
U131,P027,view,2026-04-03 23:42:00,tablet,home,464,303.01
U351,P022,click,2026-04-03 23:44:00,mobile,electronics,335,190.43
U487,P054,view,2026-04-03 23:47:00,desktop,beauty,284,361.85
U197,P086,add_to_cart,2026-04-03 23:48:00,mobile,clothing,540,38.42
U493,P087,view,2026-04-03 23:49:00,mobile,electronics,86,35.59
U432,P019,click,2026-04-03 23:49:00,tablet,beauty,510,45.76
U499,P097,click,2026-04-03 23:50:00,desktop,home,326,58.12
U323,P100,add_to_cart,2026-04-03 23:52:00,tablet,beauty,504,66.5
U334,P003,view,2026-04-03 23:52:00,tablet,beauty,240,152.27
U026,P065,add_to_cart,2026-04-03 23:52:00,tablet,electronics,530,73.35
U314,P050,view,2026-04-03 23:55:00,tablet,home,237,366.35
U018,P098,click,2026-04-03 23:55:00,tablet,electronics,536,146.71
U103,P002,view,2026-04-03 23:56:00,tablet,beauty,61,438.12
U046,P097,click,2026-04-03 23:56:00,mobile,beauty,590,463.51
U445,P031,view,2026-04-03 23:57:00,tablet,clothing,414,450.23
U048,P041,click,2026-04-03 23:58:00,tablet,home,457,156.3
U439,P085,click,2026-04-03 23:59:00,mobile,home,332,114.2
U175,P040,view,2026-04-04 00:01:00,mobile,beauty,76,443.07
U126,P086,click,2026-04-04 00:04:00,mobile,electronics,286,213.4
U466,P006,click,2026-04-04 00:05:00,mobile,beauty,536,432.64
U344,P079,view,2026-04-04 00:06:00,mobile,home,263,404.31
U486,P035,click,2026-04-04 00:08:00,mobile,electronics,348,205.18
U321,P065,view,2026-04-04 00:08:00,mobile,home,82,238.59
U193,P062,click,2026-04-04 00:10:00,tablet,beauty,278,125.37
U276,P067,view,2026-04-04 00:12:00,tablet,electronics,75,497.96
U185,P046,click,2026-04-04 00:16:00,mobile,home,342,214.65
U100,P030,view,2026-04-04 00:17:00,mobile,clothing,298,326.88
U282,P054,view,2026-04-04 00:17:00,mobile,electronics,226,372.45
U183,P013,click,2026-04-04 00:19:00,desktop,clothing,342,260.34
U420,P012,click,2026-04-04 00:20:00,tablet,clothing,522,79.71
U241,P045,click,2026-04-04 00:20:00,tablet,clothing,490,445.15
U299,P065,view,2026-04-04 00:20:00,desktop,home,216,411.19
U269,P073,click,2026-04-04 00:21:00,tablet,electronics,584,226.04
U463,P004,view,2026-04-04 00:22:00,tablet,clothing,177,450.07
U467,P017,click,2026-04-04 00:22:00,tablet,beauty,343,30.06
U394,P065,view,2026-04-04 00:22:00,tablet,clothing,427,454.64
U173,P061,click,2026-04-04 00:23:00,mobile,home,563,229.48
U195,P003,view,2026-04-04 00:24:00,mobile,home,10,294.21
U048,P034,click,2026-04-04 00:24:00,mobile,clothing,510,28.22
U461,P035,add_to_cart,2026-04-04 00:24:00,desktop,electronics,227,129.49
U411,P063,view,2026-04-04 00:25:00,mobile,home,61,123.35
U071,P076,view,2026-04-04 00:29:00,mobile,beauty,59,349.39
U453,P095,view,2026-04-04 00:30:00,mobile,clothing,239,308.57
U154,P093,click,2026-04-04 00:30:00,desktop,home,286,81.56
U118,P091,view,2026-04-04 00:30:00,mobile,beauty,219,231.49
U099,P039,view,2026-04-04 00:31:00,tablet,home,34,57.5
U181,P060,click,2026-04-04 00:31:00,mobile,clothing,519,165.13
U073,P025,add_to_cart,2026-04-04 00:31:00,desktop,beauty,294,122.69
U485,P076,view,2026-04-04 00:32:00,desktop,electronics,101,336.09
U435,P074,view,2026-04-04 00:32:00,mobile,beauty,227,16.1
U334,P034,view,2026-04-04 00:36:00,tablet,clothing,28,446.31
U081,P027,click,2026-04-04 00:37:00,mobile,clothing,565,150.77
U021,P013,view,2026-04-04 00:38:00,desktop,home,314,489.12
U314,P050,view,2026-04-04 00:38:00,tablet,electronics,85,226.08
U115,P078,view,2026-04-04 00:40:00,desktop,beauty,155,456.81
U232,P099,view,2026-04-04 00:42:00,tablet,beauty,90,336.58
U129,P071,click,2026-04-04 00:44:00,tablet,electronics,465,362.38
U393,P100,view,2026-04-04 00:48:00,desktop,electronics,47,452.68
U400,P001,view,2026-04-04 00:54:00,tablet,electronics,20,230.41
U271,P073,add_to_cart,2026-04-04 00:55:00,desktop,electronics,395,26.25
U334,P038,click,2026-04-04 00:57:00,mobile,home,561,478.54
U459,P014,click,2026-04-04 01:00:00,mobile,home,356,116.52
U462,P018,click,2026-04-04 01:02:00,desktop,home,20,117.6
U347,P072,click,2026-04-04 01:03:00,tablet,clothing,301,115.33
U133,P047,click,2026-04-04 01:04:00,tablet,home,264,88.38
U397,P040,view,2026-04-04 01:05:00,mobile,clothing,441,346.44
U181,P092,click,2026-04-04 01:06:00,mobile,home,519,388.3
U231,P015,view,2026-04-04 01:09:00,tablet,clothing,393,226.88
U412,P068,view,2026-04-04 01:09:00,tablet,electronics,462,498.24
U008,P037,add_to_cart,2026-04-04 01:10:00,tablet,clothing,591,10.85
U114,P058,click,2026-04-04 01:10:00,mobile,electronics,507,445.56
U009,P048,view,2026-04-04 01:11:00,mobile,electronics,256,248.64
U041,P086,view,2026-04-04 01:12:00,mobile,clothing,209,496.73
U081,P063,view,2026-04-04 01:12:00,mobile,clothing,13,113.26
U232,P066,click,2026-04-04 01:12:00,mobile,clothing,581,29.83
U347,P066,click,2026-04-04 01:12:00,mobile,home,332,346.53
U262,P049,view,2026-04-04 01:16:00,mobile,clothing,18,376.48
U424,P051,click,2026-04-04 01:17:00,tablet,clothing,559,175.16
U217,P072,view,2026-04-04 01:17:00,mobile,clothing,372,113.33
U371,P036,view,2026-04-04 01:18:00,tablet,clothing,373,380.0
U457,P070,click,2026-04-04 01:19:00,mobile,home,381,34.89
U023,P013,view,2026-04-04 01:19:00,desktop,beauty,292,297.37
U243,P082,add_to_cart,2026-04-04 01:21:00,mobile,home,560,111.98
U177,P085,view,2026-04-04 01:23:00,desktop,beauty,103,457.99
U439,P051,view,2026-04-04 01:23:00,mobile,clothing,215,394.12
U234,P026,click,2026-04-04 01:24:00,mobile,beauty,415,370.96
U184,P023,view,2026-04-04 01:24:00,mobile,clothing,36,406.41
U412,P039,view,2026-04-04 01:27:00,mobile,beauty,109,415.64
U379,P070,add_to_cart,2026-04-04 01:27:00,desktop,clothing,594,163.41
U331,P013,click,2026-04-04 01:28:00,mobile,beauty,257,75.26
U483,P051,click,2026-04-04 01:29:00,tablet,beauty,272,238.75
U307,P055,click,2026-04-04 01:30:00,mobile,beauty,594,395.63
U414,P039,view,2026-04-04 01:32:00,tablet,beauty,97,303.73
U374,P038,view,2026-04-04 01:32:00,mobile,home,330,240.28
U406,P068,click,2026-04-04 01:35:00,tablet,clothing,464,200.38
U379,P003,click,2026-04-04 01:36:00,mobile,home,462,251.54
U200,P083,view,2026-04-04 01:36:00,mobile,home,305,318.89
U390,P087,click,2026-04-04 01:37:00,mobile,clothing,457,99.87
U124,P015,click,2026-04-04 01:37:00,mobile,beauty,452,172.51
U457,P018,view,2026-04-04 01:38:00,mobile,clothing,243,225.39
U018,P032,view,2026-04-04 01:38:00,tablet,home,276,241.33
U109,P050,view,2026-04-04 01:40:00,mobile,home,56,44.05
U290,P011,view,2026-04-04 01:41:00,mobile,electronics,52,206.72
U013,P001,add_to_cart,2026-04-04 01:41:00,desktop,clothing,558,253.82
U121,P002,view,2026-04-04 01:42:00,tablet,home,125,157.89
U401,P016,click,2026-04-04 01:44:00,tablet,home,468,388.22
U388,P083,view,2026-04-04 01:45:00,tablet,home,95,238.57
U146,P036,view,2026-04-04 01:46:00,tablet,electronics,152,416.54
U279,P008,view,2026-04-04 01:47:00,desktop,home,154,426.36
U024,P091,click,2026-04-04 01:48:00,tablet,electronics,413,214.42
U334,P038,view,2026-04-04 01:49:00,tablet,home,38,390.74
U481,P006,click,2026-04-04 01:50:00,mobile,clothing,370,294.31
U415,P092,click,2026-04-04 01:53:00,mobile,beauty,496,324.41
U450,P037,click,2026-04-04 01:54:00,desktop,electronics,443,384.34
U254,P028,view,2026-04-04 01:55:00,desktop,electronics,160,441.47
U330,P053,click,2026-04-04 01:56:00,desktop,home,479,342.09
U299,P094,click,2026-04-04 01:56:00,mobile,home,293,273.96
U047,P037,view,2026-04-04 01:56:00,mobile,beauty,166,355.78
U173,P089,click,2026-04-04 01:57:00,desktop,home,336,250.64
U058,P013,view,2026-04-04 01:58:00,tablet,clothing,66,246.75
U128,P019,click,2026-04-04 01:59:00,tablet,home,598,355.36
U219,P080,view,2026-04-04 02:00:00,mobile,electronics,50,451.72
U010,P068,view,2026-04-04 02:01:00,mobile,clothing,259,413.35
U147,P006,view,2026-04-04 02:01:00,desktop,home,187,444.75
U391,P009,add_to_cart,2026-04-04 02:01:00,desktop,electronics,303,224.61
U170,P063,click,2026-04-04 02:02:00,mobile,clothing,563,49.31
U188,P057,view,2026-04-04 02:02:00,mobile,electronics,410,445.78
U331,P090,view,2026-04-04 02:04:00,tablet,beauty,409,355.22
U150,P057,click,2026-04-04 02:04:00,mobile,electronics,446,333.41
U198,P091,click,2026-04-04 02:05:00,tablet,clothing,440,329.21
U111,P056,click,2026-04-04 02:09:00,mobile,beauty,408,106.43
U304,P041,click,2026-04-04 02:11:00,tablet,beauty,484,282.59
U376,P075,view,2026-04-04 02:12:00,mobile,clothing,22,167.13
U493,P043,click,2026-04-04 02:13:00,mobile,clothing,585,290.14
U247,P032,add_to_cart,2026-04-04 02:14:00,desktop,clothing,538,380.51
U212,P052,view,2026-04-04 02:16:00,desktop,electronics,24,385.6
U131,P001,click,2026-04-04 02:16:00,desktop,beauty,421,398.81
U076,P076,view,2026-04-04 02:17:00,desktop,electronics,82,150.72
U453,P098,view,2026-04-04 02:17:00,tablet,home,60,126.08
U219,P056,view,2026-04-04 02:17:00,tablet,clothing,16,40.69
U305,P062,view,2026-04-04 02:20:00,tablet,electronics,59,403.21
U335,P036,view,2026-04-04 02:22:00,tablet,electronics,49,129.88
U432,P063,click,2026-04-04 02:22:00,desktop,beauty,330,113.84
U129,P095,click,2026-04-04 02:22:00,mobile,electronics,417,345.28
U415,P063,view,2026-04-04 02:23:00,desktop,home,122,446.96
U332,P073,view,2026-04-04 02:24:00,tablet,clothing,286,487.72
U451,P002,click,2026-04-04 02:26:00,tablet,home,456,268.53
U369,P085,click,2026-04-04 02:27:00,desktop,home,292,150.23
U019,P073,view,2026-04-04 02:27:00,tablet,beauty,83,485.77
U108,P044,view,2026-04-04 02:28:00,desktop,beauty,226,335.9
U049,P041,click,2026-04-04 02:29:00,desktop,electronics,259,396.03
U076,P046,view,2026-04-04 02:31:00,mobile,electronics,287,358.41
U163,P077,view,2026-04-04 02:32:00,mobile,home,263,331.75
U122,P093,click,2026-04-04 02:32:00,tablet,beauty,484,77.77
U005,P099,view,2026-04-04 02:33:00,tablet,electronics,438,475.5
U161,P012,add_to_cart,2026-04-04 02:35:00,desktop,electronics,492,27.39
U010,P099,view,2026-04-04 02:35:00,tablet,electronics,51,22.01
U173,P051,click,2026-04-04 02:36:00,desktop,electronics,290,335.66
U095,P070,view,2026-04-04 02:37:00,mobile,home,188,82.79
U478,P100,view,2026-04-04 02:39:00,mobile,clothing,56,431.26
U312,P089,view,2026-04-04 02:44:00,mobile,home,78,14.95
U431,P038,click,2026-04-04 02:44:00,desktop,beauty,300,172.73
U470,P059,click,2026-04-04 02:45:00,mobile,electronics,263,345.07
U086,P059,view,2026-04-04 02:45:00,tablet,beauty,206,271.21
U226,P033,view,2026-04-04 02:46:00,mobile,home,86,181.54
U182,P074,view,2026-04-04 02:53:00,desktop,beauty,33,428.17
U435,P046,view,2026-04-04 02:53:00,desktop,home,208,380.85
U016,P030,click,2026-04-04 02:53:00,mobile,home,529,258.66
U387,P005,view,2026-04-04 02:54:00,desktop,clothing,26,290.06
U345,P078,click,2026-04-04 02:54:00,mobile,electronics,509,498.28
U422,P024,add_to_cart,2026-04-04 02:56:00,mobile,beauty,463,87.57
U243,P021,view,2026-04-04 03:00:00,mobile,beauty,366,362.28
U244,P063,view,2026-04-04 03:00:00,tablet,clothing,121,449.09
U049,P055,view,2026-04-04 03:02:00,mobile,clothing,183,160.38
U139,P032,add_to_cart,2026-04-04 03:04:00,mobile,home,559,83.84
U326,P018,view,2026-04-04 03:06:00,tablet,clothing,50,128.69
U312,P024,add_to_cart,2026-04-04 03:07:00,desktop,clothing,527,80.53
U365,P057,add_to_cart,2026-04-04 03:08:00,desktop,beauty,573,207.46
U384,P041,view,2026-04-04 03:08:00,desktop,beauty,231,340.52
U145,P020,view,2026-04-04 03:08:00,tablet,electronics,213,454.76
U133,P027,add_to_cart,2026-04-04 03:08:00,desktop,electronics,555,495.18
U371,P098,view,2026-04-04 03:10:00,tablet,clothing,91,100.14
U316,P070,click,2026-04-04 03:11:00,desktop,home,201,37.37
U104,P013,view,2026-04-04 03:12:00,mobile,electronics,387,391.15
U185,P077,click,2026-04-04 03:13:00,tablet,home,329,47.95
U344,P071,click,2026-04-04 03:14:00,desktop,beauty,43,18.06
U116,P074,click,2026-04-04 03:18:00,tablet,clothing,401,52.56
U007,P066,view,2026-04-04 03:19:00,mobile,home,138,193.08
U183,P076,view,2026-04-04 03:20:00,desktop,clothing,76,389.16
U369,P097,click,2026-04-04 03:20:00,mobile,home,473,93.72
U306,P073,click,2026-04-04 03:20:00,desktop,beauty,362,454.64
U432,P022,add_to_cart,2026-04-04 03:21:00,desktop,home,479,18.09
U203,P053,click,2026-04-04 03:22:00,desktop,clothing,204,328.64
U038,P016,view,2026-04-04 03:23:00,mobile,beauty,348,351.19
U066,P019,view,2026-04-04 03:23:00,tablet,home,199,496.36
U160,P094,view,2026-04-04 03:24:00,tablet,electronics,145,412.72
U295,P056,click,2026-04-04 03:24:00,tablet,clothing,155,28.21
U333,P036,view,2026-04-04 03:26:00,mobile,beauty,32,213.11
U213,P095,view,2026-04-04 03:26:00,mobile,beauty,420,320.11
U226,P059,view,2026-04-04 03:26:00,desktop,clothing,164,323.63
U270,P081,click,2026-04-04 03:29:00,mobile,home,368,148.73
U432,P009,view,2026-04-04 03:30:00,mobile,clothing,83,289.02
U091,P012,add_to_cart,2026-04-04 03:31:00,desktop,home,578,79.73
U248,P002,click,2026-04-04 03:32:00,tablet,electronics,68,41.82
U085,P012,click,2026-04-04 03:36:00,mobile,electronics,261,266.21
U239,P079,view,2026-04-04 03:36:00,tablet,clothing,142,66.36
U398,P021,view,2026-04-04 03:36:00,mobile,clothing,218,370.09
U282,P064,view,2026-04-04 03:38:00,tablet,home,157,131.39
U274,P002,click,2026-04-04 03:38:00,mobile,beauty,423,178.48
U314,P006,view,2026-04-04 03:40:00,tablet,beauty,123,127.53
U218,P047,click,2026-04-04 03:40:00,tablet,beauty,583,306.67
U345,P043,click,2026-04-04 03:41:00,desktop,home,397,385.98
U326,P022,view,2026-04-04 03:41:00,mobile,beauty,135,121.74
U405,P031,click,2026-04-04 03:44:00,mobile,beauty,488,415.42
U095,P087,view,2026-04-04 03:44:00,tablet,clothing,244,202.15
U298,P002,view,2026-04-04 03:47:00,tablet,beauty,354,373.22
U042,P100,view,2026-04-04 03:47:00,tablet,beauty,389,173.51
U092,P049,click,2026-04-04 03:48:00,mobile,beauty,448,67.09
U223,P043,click,2026-04-04 03:48:00,desktop,electronics,296,223.5
U207,P033,add_to_cart,2026-04-04 03:49:00,tablet,clothing,600,65.68
U143,P071,view,2026-04-04 03:50:00,mobile,home,45,415.43
U155,P006,add_to_cart,2026-04-04 03:51:00,desktop,home,423,235.67
U467,P055,click,2026-04-04 03:53:00,tablet,beauty,543,350.95
U214,P097,view,2026-04-04 03:53:00,mobile,clothing,235,427.85
U403,P099,view,2026-04-04 03:54:00,desktop,home,61,435.35
U145,P069,view,2026-04-04 03:55:00,desktop,home,60,315.44
U458,P001,view,2026-04-04 03:56:00,tablet,electronics,171,482.02
U179,P074,click,2026-04-04 03:57:00,desktop,electronics,148,164.56
U343,P023,click,2026-04-04 03:58:00,mobile,beauty,476,23.49
U153,P067,click,2026-04-04 04:02:00,desktop,clothing,98,71.63
U477,P054,add_to_cart,2026-04-04 04:04:00,desktop,electronics,377,261.01
U407,P043,view,2026-04-04 04:05:00,mobile,electronics,24,214.29
U134,P066,view,2026-04-04 04:05:00,mobile,electronics,84,108.89
U194,P095,click,2026-04-04 04:07:00,tablet,electronics,442,424.88
U422,P003,view,2026-04-04 04:08:00,mobile,clothing,485,476.02
U194,P004,view,2026-04-04 04:08:00,mobile,home,250,235.01
U258,P028,click,2026-04-04 04:09:00,desktop,clothing,342,143.86
U388,P027,click,2026-04-04 04:11:00,mobile,clothing,441,80.0
U061,P033,add_to_cart,2026-04-04 04:13:00,desktop,electronics,518,434.24
U132,P028,click,2026-04-04 04:15:00,mobile,electronics,377,27.5
U167,P051,click,2026-04-04 04:15:00,tablet,home,429,290.39
U079,P068,click,2026-04-04 04:17:00,mobile,beauty,453,75.81
U120,P021,view,2026-04-04 04:17:00,tablet,electronics,38,91.41
U387,P054,click,2026-04-04 04:17:00,tablet,home,334,50.07
U296,P032,view,2026-04-04 04:19:00,tablet,home,214,428.15
U031,P057,add_to_cart,2026-04-04 04:20:00,mobile,electronics,560,189.52
U254,P004,click,2026-04-04 04:20:00,desktop,electronics,171,158.01
U321,P064,click,2026-04-04 04:20:00,tablet,clothing,575,212.08
U072,P011,click,2026-04-04 04:21:00,mobile,clothing,544,231.56
U072,P046,view,2026-04-04 04:21:00,tablet,beauty,175,272.55
U325,P027,view,2026-04-04 04:21:00,tablet,clothing,580,496.0
U265,P001,view,2026-04-04 04:22:00,desktop,clothing,300,460.65
U043,P004,view,2026-04-04 04:23:00,tablet,beauty,249,263.53
U262,P079,click,2026-04-04 04:23:00,tablet,home,439,303.74
U291,P088,view,2026-04-04 04:23:00,mobile,beauty,354,268.37
U416,P044,view,2026-04-04 04:24:00,desktop,home,125,183.94
U195,P041,click,2026-04-04 04:24:00,mobile,electronics,491,473.43
U328,P040,view,2026-04-04 04:25:00,tablet,home,384,302.35
U193,P086,view,2026-04-04 04:25:00,tablet,home,210,320.54
U022,P067,add_to_cart,2026-04-04 04:26:00,desktop,clothing,384,174.76
U469,P048,view,2026-04-04 04:26:00,tablet,clothing,110,67.88
U385,P071,click,2026-04-04 04:28:00,desktop,electronics,390,420.68
U385,P019,click,2026-04-04 04:30:00,desktop,home,252,250.53
U389,P091,click,2026-04-04 04:31:00,mobile,clothing,240,108.22
U134,P038,click,2026-04-04 04:33:00,desktop,electronics,482,494.07
U094,P087,view,2026-04-04 04:33:00,tablet,electronics,159,419.51
U019,P041,view,2026-04-04 04:33:00,desktop,home,107,264.51
U132,P051,click,2026-04-04 04:35:00,desktop,clothing,210,231.05
U288,P007,view,2026-04-04 04:37:00,mobile,home,251,397.71
U026,P002,view,2026-04-04 04:38:00,desktop,electronics,45,273.28
U313,P028,click,2026-04-04 04:38:00,mobile,beauty,537,356.44
U392,P068,view,2026-04-04 04:39:00,mobile,home,114,246.3
U425,P014,view,2026-04-04 04:39:00,mobile,clothing,168,287.47
U240,P073,click,2026-04-04 04:40:00,tablet,electronics,300,42.6
U101,P096,click,2026-04-04 04:40:00,tablet,home,492,302.54
U108,P071,click,2026-04-04 04:41:00,tablet,electronics,552,477.44
U469,P041,click,2026-04-04 04:43:00,mobile,home,562,436.05
U310,P003,add_to_cart,2026-04-04 04:43:00,mobile,electronics,340,19.57
U401,P052,view,2026-04-04 04:43:00,desktop,beauty,154,181.16
U477,P026,click,2026-04-04 04:44:00,mobile,beauty,555,52.21
U440,P001,click,2026-04-04 04:44:00,tablet,clothing,450,338.16
U424,P094,click,2026-04-04 04:47:00,mobile,clothing,307,33.44
U156,P094,view,2026-04-04 04:47:00,tablet,beauty,298,248.28
U122,P085,click,2026-04-04 04:47:00,tablet,beauty,556,247.17
U293,P035,view,2026-04-04 04:48:00,mobile,home,254,57.73
U498,P051,click,2026-04-04 04:48:00,mobile,home,578,313.83
U412,P064,click,2026-04-04 04:49:00,tablet,clothing,181,29.81
U367,P075,view,2026-04-04 04:49:00,tablet,beauty,399,468.98
U405,P038,view,2026-04-04 04:51:00,mobile,beauty,311,67.87
U106,P063,view,2026-04-04 04:51:00,mobile,home,261,462.06
U157,P016,view,2026-04-04 04:52:00,mobile,clothing,501,420.65
U331,P061,click,2026-04-04 04:53:00,mobile,electronics,446,322.29
U266,P004,view,2026-04-04 04:53:00,mobile,clothing,105,292.34
U469,P044,click,2026-04-04 04:57:00,tablet,home,374,188.48
U195,P030,view,2026-04-04 04:59:00,mobile,beauty,280,459.04
U187,P061,click,2026-04-04 05:01:00,tablet,clothing,427,387.94
U010,P072,click,2026-04-04 05:05:00,tablet,home,386,201.26
U431,P088,view,2026-04-04 05:05:00,tablet,beauty,283,360.76
U060,P028,view,2026-04-04 05:07:00,desktop,beauty,101,292.15
U371,P068,view,2026-04-04 05:08:00,tablet,beauty,308,381.33
U180,P005,view,2026-04-04 05:08:00,tablet,home,128,328.32
U440,P078,view,2026-04-04 05:09:00,tablet,home,512,479.57
U028,P072,view,2026-04-04 05:09:00,tablet,home,335,457.85
U345,P061,view,2026-04-04 05:10:00,tablet,clothing,497,475.9
U040,P045,view,2026-04-04 05:12:00,desktop,clothing,244,412.79
U351,P020,click,2026-04-04 05:13:00,tablet,clothing,462,221.03
U343,P027,view,2026-04-04 05:13:00,tablet,clothing,179,298.12
U483,P001,view,2026-04-04 05:14:00,tablet,home,308,407.42
U369,P094,view,2026-04-04 05:17:00,tablet,home,254,86.93
U344,P029,view,2026-04-04 05:17:00,mobile,clothing,77,109.83
U284,P051,view,2026-04-04 05:19:00,tablet,beauty,155,430.32
U301,P035,view,2026-04-04 05:21:00,mobile,beauty,108,390.32
U384,P055,click,2026-04-04 05:23:00,mobile,home,572,184.44
U292,P085,click,2026-04-04 05:24:00,tablet,clothing,495,299.78
U288,P092,view,2026-04-04 05:25:00,mobile,electronics,95,269.39
U291,P031,view,2026-04-04 05:25:00,tablet,clothing,128,422.97
U482,P086,add_to_cart,2026-04-04 05:25:00,desktop,clothing,373,159.77
U412,P031,click,2026-04-04 05:25:00,desktop,electronics,154,145.84
U081,P021,click,2026-04-04 05:26:00,mobile,electronics,310,109.21
U281,P062,click,2026-04-04 05:26:00,desktop,beauty,240,95.38
U369,P070,view,2026-04-04 05:27:00,desktop,home,137,457.86
U079,P072,click,2026-04-04 05:29:00,mobile,electronics,398,227.5
U084,P072,view,2026-04-04 05:29:00,mobile,beauty,129,228.65
U452,P088,click,2026-04-04 05:29:00,mobile,electronics,503,151.66
U375,P051,view,2026-04-04 05:31:00,tablet,clothing,152,381.75
U155,P053,view,2026-04-04 05:34:00,mobile,electronics,88,87.02
U008,P054,click,2026-04-04 05:34:00,desktop,home,190,32.42
U078,P046,view,2026-04-04 05:37:00,mobile,beauty,250,164.22
U325,P051,view,2026-04-04 05:37:00,mobile,beauty,95,352.08
U117,P098,add_to_cart,2026-04-04 05:39:00,tablet,electronics,566,349.95
U402,P007,view,2026-04-04 05:40:00,mobile,electronics,313,249.61
U250,P019,view,2026-04-04 05:41:00,tablet,home,93,173.74
U102,P063,view,2026-04-04 05:41:00,tablet,clothing,544,488.49
U454,P066,view,2026-04-04 05:42:00,desktop,beauty,113,464.53
U153,P011,view,2026-04-04 05:44:00,mobile,beauty,20,355.44
U360,P020,view,2026-04-04 05:44:00,tablet,electronics,300,478.38
U414,P099,click,2026-04-04 05:46:00,mobile,beauty,307,59.3
U296,P024,view,2026-04-04 05:47:00,mobile,beauty,124,381.31
U205,P018,view,2026-04-04 05:48:00,tablet,home,21,91.05
U486,P051,click,2026-04-04 05:48:00,mobile,electronics,416,187.7
U072,P051,add_to_cart,2026-04-04 05:49:00,desktop,clothing,586,162.4
U145,P089,view,2026-04-04 05:50:00,tablet,beauty,47,11.78
U065,P072,click,2026-04-04 05:51:00,tablet,home,343,66.05
U476,P073,click,2026-04-04 05:52:00,mobile,electronics,301,106.06
U222,P061,click,2026-04-04 05:53:00,desktop,beauty,169,247.39
U091,P055,view,2026-04-04 05:54:00,mobile,clothing,292,114.42
U400,P058,click,2026-04-04 05:54:00,mobile,beauty,497,50.79
U458,P091,add_to_cart,2026-04-04 05:55:00,desktop,electronics,457,169.11
U241,P070,view,2026-04-04 05:55:00,tablet,beauty,74,175.74
U269,P085,click,2026-04-04 05:56:00,mobile,home,540,57.93
U003,P099,view,2026-04-04 05:58:00,tablet,beauty,176,38.77
U415,P096,click,2026-04-04 05:58:00,desktop,home,231,120.14
U115,P036,view,2026-04-04 05:59:00,mobile,beauty,185,392.21
U269,P056,view,2026-04-04 06:00:00,tablet,beauty,76,50.31
U037,P081,click,2026-04-04 06:02:00,tablet,home,373,235.9
U085,P030,view,2026-04-04 06:03:00,mobile,beauty,256,57.93
U487,P051,click,2026-04-04 06:03:00,desktop,home,333,366.47
U406,P058,view,2026-04-04 06:05:00,mobile,electronics,332,482.65
U310,P092,click,2026-04-04 06:06:00,desktop,clothing,400,213.32
U153,P009,view,2026-04-04 06:07:00,mobile,beauty,337,161.6
U340,P039,click,2026-04-04 06:10:00,tablet,home,304,113.72
U425,P011,view,2026-04-04 06:11:00,mobile,home,339,253.27
U128,P096,view,2026-04-04 06:11:00,mobile,electronics,11,464.36
U278,P075,click,2026-04-04 06:12:00,desktop,electronics,237,178.65
U061,P091,view,2026-04-04 06:12:00,tablet,clothing,455,307.18
U182,P069,view,2026-04-04 06:13:00,tablet,clothing,194,371.07
U129,P057,click,2026-04-04 06:18:00,desktop,electronics,362,328.76
U278,P060,view,2026-04-04 06:18:00,mobile,beauty,209,49.65
U463,P080,view,2026-04-04 06:18:00,mobile,electronics,124,448.47
U073,P076,click,2026-04-04 06:19:00,tablet,beauty,328,33.3
U077,P078,view,2026-04-04 06:19:00,tablet,clothing,286,130.91
U240,P015,click,2026-04-04 06:19:00,mobile,home,515,359.6
U233,P001,add_to_cart,2026-04-04 06:20:00,desktop,electronics,357,79.7
U262,P006,add_to_cart,2026-04-04 06:20:00,mobile,electronics,590,190.91
U139,P079,click,2026-04-04 06:23:00,tablet,home,214,150.49
U352,P007,click,2026-04-04 06:25:00,desktop,electronics,237,458.91
U443,P073,click,2026-04-04 06:25:00,desktop,electronics,329,111.31
U413,P014,view,2026-04-04 06:25:00,desktop,electronics,32,280.67
U398,P063,click,2026-04-04 06:25:00,tablet,clothing,417,323.87
U009,P030,click,2026-04-04 06:26:00,desktop,home,321,211.23
U043,P050,view,2026-04-04 06:26:00,tablet,beauty,246,429.63
U488,P043,add_to_cart,2026-04-04 06:27:00,desktop,electronics,486,326.6
U227,P090,add_to_cart,2026-04-04 06:29:00,mobile,home,539,70.71
U359,P022,add_to_cart,2026-04-04 06:29:00,desktop,home,492,323.74
U274,P071,view,2026-04-04 06:32:00,tablet,electronics,193,129.03
U392,P094,view,2026-04-04 06:32:00,mobile,clothing,400,295.43
U407,P100,click,2026-04-04 06:32:00,desktop,clothing,487,479.58
U332,P065,click,2026-04-04 06:32:00,desktop,clothing,522,238.87
U336,P098,view,2026-04-04 06:33:00,tablet,home,92,458.52
U207,P016,click,2026-04-04 06:34:00,mobile,clothing,318,203.22
U207,P092,click,2026-04-04 06:37:00,desktop,home,353,129.75
U103,P040,click,2026-04-04 06:38:00,mobile,electronics,522,170.2
U394,P009,add_to_cart,2026-04-04 06:39:00,desktop,clothing,571,167.01
U269,P081,view,2026-04-04 06:40:00,mobile,electronics,50,452.39
U432,P044,add_to_cart,2026-04-04 06:42:00,tablet,beauty,572,20.75
U213,P080,add_to_cart,2026-04-04 06:44:00,desktop,beauty,508,172.15
U225,P038,add_to_cart,2026-04-04 06:48:00,desktop,electronics,294,78.05
U277,P079,click,2026-04-04 06:48:00,mobile,home,498,215.84
U200,P012,click,2026-04-04 06:48:00,mobile,electronics,380,218.45
U359,P064,view,2026-04-04 06:49:00,desktop,clothing,196,231.93
U246,P055,add_to_cart,2026-04-04 06:52:00,desktop,electronics,486,175.89
U082,P046,view,2026-04-04 06:53:00,tablet,beauty,136,274.49
U356,P063,click,2026-04-04 06:55:00,desktop,beauty,322,34.2
U369,P033,view,2026-04-04 06:56:00,tablet,home,239,389.14
U125,P084,view,2026-04-04 06:57:00,desktop,home,149,349.89
U079,P076,view,2026-04-04 06:57:00,desktop,clothing,74,349.35
U147,P096,click,2026-04-04 06:59:00,desktop,electronics,114,113.35
U326,P095,view,2026-04-04 07:04:00,mobile,clothing,227,286.92
U366,P063,click,2026-04-04 07:05:00,mobile,home,408,191.09
U242,P007,view,2026-04-04 07:06:00,tablet,clothing,81,352.33
U447,P100,click,2026-04-04 07:08:00,mobile,beauty,434,20.22
U380,P091,view,2026-04-04 07:08:00,tablet,beauty,469,337.55
U429,P080,click,2026-04-04 07:08:00,desktop,beauty,339,118.79
U484,P045,view,2026-04-04 07:08:00,tablet,clothing,533,402.21
U099,P099,click,2026-04-04 07:10:00,tablet,beauty,290,117.36
U496,P037,view,2026-04-04 07:11:00,tablet,electronics,301,309.59
U055,P052,view,2026-04-04 07:11:00,mobile,clothing,204,123.76
U383,P052,view,2026-04-04 07:12:00,desktop,clothing,259,443.69
U115,P068,click,2026-04-04 07:12:00,tablet,clothing,460,295.72
U122,P099,click,2026-04-04 07:13:00,tablet,electronics,214,86.29
U050,P065,view,2026-04-04 07:13:00,tablet,home,421,374.05
U296,P066,view,2026-04-04 07:14:00,tablet,home,276,73.26
U500,P061,click,2026-04-04 07:15:00,mobile,electronics,239,127.08
U076,P097,view,2026-04-04 07:16:00,tablet,home,454,437.12
U291,P021,view,2026-04-04 07:17:00,tablet,electronics,54,479.3
U450,P069,view,2026-04-04 07:20:00,desktop,beauty,77,348.59
U267,P057,view,2026-04-04 07:20:00,tablet,electronics,15,200.78
U093,P014,add_to_cart,2026-04-04 07:21:00,desktop,beauty,589,118.75
U270,P071,click,2026-04-04 07:24:00,tablet,home,485,419.0
U036,P026,view,2026-04-04 07:24:00,mobile,clothing,185,75.75
U141,P059,add_to_cart,2026-04-04 07:26:00,desktop,home,585,416.83
U194,P021,click,2026-04-04 07:27:00,mobile,beauty,492,99.8
U459,P023,click,2026-04-04 07:29:00,desktop,clothing,366,335.21
U250,P086,click,2026-04-04 07:29:00,mobile,home,537,74.12
U362,P009,view,2026-04-04 07:31:00,mobile,home,508,475.35
U356,P025,view,2026-04-04 07:31:00,mobile,electronics,337,392.77
U457,P009,click,2026-04-04 07:33:00,mobile,electronics,467,448.98
U173,P009,view,2026-04-04 07:34:00,desktop,beauty,168,382.46
U043,P017,view,2026-04-04 07:37:00,mobile,home,369,205.16
U364,P033,view,2026-04-04 07:39:00,mobile,clothing,200,350.95
U178,P093,click,2026-04-04 07:39:00,tablet,electronics,317,20.35
U283,P006,click,2026-04-04 07:40:00,desktop,home,582,439.17
U230,P028,click,2026-04-04 07:40:00,mobile,home,592,434.75
U297,P033,add_to_cart,2026-04-04 07:42:00,desktop,electronics,490,81.21
U207,P006,view,2026-04-04 07:42:00,tablet,home,135,162.78
U307,P021,view,2026-04-04 07:42:00,mobile,clothing,287,474.88
U256,P095,view,2026-04-04 07:42:00,tablet,electronics,338,466.8
U142,P076,click,2026-04-04 07:43:00,tablet,clothing,192,90.55
U481,P049,view,2026-04-04 07:44:00,desktop,home,244,434.61
U224,P100,add_to_cart,2026-04-04 07:44:00,desktop,beauty,514,55.02
U151,P005,click,2026-04-04 07:45:00,desktop,electronics,299,136.93
U121,P044,view,2026-04-04 07:46:00,tablet,electronics,90,486.14
U124,P044,view,2026-04-04 07:48:00,mobile,beauty,171,55.35
U218,P013,click,2026-04-04 07:53:00,mobile,electronics,264,133.67
U316,P035,view,2026-04-04 07:54:00,tablet,electronics,28,265.9
U481,P013,add_to_cart,2026-04-04 07:54:00,tablet,beauty,529,113.63
U444,P061,click,2026-04-04 07:54:00,mobile,beauty,431,345.26
U081,P059,click,2026-04-04 07:56:00,tablet,electronics,319,68.37
U196,P043,add_to_cart,2026-04-04 07:58:00,mobile,beauty,464,103.82
U033,P041,click,2026-04-04 07:58:00,desktop,beauty,238,344.46
U247,P060,click,2026-04-04 07:59:00,tablet,clothing,476,169.65
U190,P100,click,2026-04-04 07:59:00,desktop,electronics,221,69.58
U208,P047,view,2026-04-04 08:00:00,desktop,beauty,74,352.69
U129,P039,click,2026-04-04 08:01:00,mobile,beauty,449,255.99
U294,P045,view,2026-04-04 08:01:00,tablet,clothing,418,376.88
U294,P012,click,2026-04-04 08:03:00,mobile,beauty,356,21.69
U127,P055,view,2026-04-04 08:04:00,desktop,beauty,33,288.82
U339,P071,click,2026-04-04 08:06:00,mobile,home,494,220.78
U103,P096,add_to_cart,2026-04-04 08:07:00,desktop,home,581,374.53
U217,P053,view,2026-04-04 08:07:00,tablet,clothing,158,266.13
U238,P003,view,2026-04-04 08:09:00,mobile,clothing,275,346.97
U088,P019,click,2026-04-04 08:10:00,desktop,beauty,510,308.41
U369,P038,click,2026-04-04 08:11:00,desktop,beauty,293,111.91
U277,P011,view,2026-04-04 08:11:00,mobile,home,72,121.37
U431,P077,view,2026-04-04 08:12:00,desktop,beauty,334,380.6
U428,P055,click,2026-04-04 08:13:00,mobile,electronics,403,485.24
U013,P040,add_to_cart,2026-04-04 08:13:00,tablet,electronics,590,267.74
U489,P096,add_to_cart,2026-04-04 08:13:00,desktop,electronics,464,156.36
U484,P098,view,2026-04-04 08:13:00,mobile,home,247,440.84
U303,P076,click,2026-04-04 08:13:00,desktop,clothing,583,455.97
U361,P040,click,2026-04-04 08:13:00,desktop,clothing,353,351.56
U111,P023,click,2026-04-04 08:13:00,desktop,home,229,183.75
U227,P034,add_to_cart,2026-04-04 08:15:00,desktop,clothing,345,64.11
U220,P093,click,2026-04-04 08:16:00,mobile,clothing,239,166.11
U456,P010,view,2026-04-04 08:16:00,mobile,clothing,65,341.79
U184,P069,view,2026-04-04 08:17:00,mobile,clothing,28,315.23
U444,P024,view,2026-04-04 08:21:00,desktop,beauty,224,340.1
U461,P009,click,2026-04-04 08:23:00,mobile,home,366,68.63
U240,P077,add_to_cart,2026-04-04 08:23:00,desktop,electronics,549,161.24
U062,P054,view,2026-04-04 08:23:00,mobile,electronics,32,113.3
U421,P037,add_to_cart,2026-04-04 08:23:00,mobile,home,536,198.97
U169,P030,view,2026-04-04 08:24:00,mobile,beauty,121,387.27
U371,P074,click,2026-04-04 08:25:00,tablet,home,466,358.71
U315,P092,view,2026-04-04 08:25:00,mobile,home,78,55.38
U112,P041,view,2026-04-04 08:26:00,tablet,home,249,470.94
U443,P087,click,2026-04-04 08:27:00,mobile,beauty,529,291.54
U452,P096,view,2026-04-04 08:27:00,mobile,clothing,23,262.32
U434,P042,click,2026-04-04 08:28:00,desktop,home,497,422.61
U158,P012,click,2026-04-04 08:28:00,tablet,electronics,442,192.65
U083,P075,view,2026-04-04 08:31:00,tablet,electronics,105,216.96
U012,P039,click,2026-04-04 08:31:00,mobile,beauty,393,199.95
U009,P081,click,2026-04-04 08:33:00,tablet,home,409,46.03
U418,P081,view,2026-04-04 08:33:00,mobile,home,34,168.04
U028,P057,click,2026-04-04 08:34:00,mobile,beauty,162,29.7
U296,P094,view,2026-04-04 08:34:00,mobile,beauty,318,272.83
U037,P047,click,2026-04-04 08:36:00,tablet,beauty,485,299.53
U069,P039,click,2026-04-04 08:38:00,desktop,electronics,200,119.9
U159,P016,view,2026-04-04 08:41:00,mobile,clothing,333,195.13
U374,P006,add_to_cart,2026-04-04 08:41:00,desktop,home,346,173.53
U411,P079,view,2026-04-04 08:46:00,desktop,clothing,80,438.09
U141,P046,click,2026-04-04 08:46:00,desktop,clothing,337,234.19
U249,P076,click,2026-04-04 08:48:00,tablet,beauty,287,213.9
U252,P020,click,2026-04-04 08:49:00,mobile,electronics,512,444.93
U303,P099,click,2026-04-04 08:49:00,desktop,clothing,515,285.68
U445,P033,view,2026-04-04 08:49:00,desktop,beauty,152,277.8
U176,P090,view,2026-04-04 08:50:00,tablet,home,188,214.7
U198,P063,view,2026-04-04 08:52:00,tablet,electronics,15,181.57
U439,P054,click,2026-04-04 08:52:00,mobile,electronics,286,137.35
U465,P088,click,2026-04-04 08:53:00,tablet,electronics,137,64.36
U412,P072,view,2026-04-04 08:53:00,mobile,home,195,195.33
U109,P018,click,2026-04-04 08:54:00,mobile,beauty,445,229.97
U205,P040,view,2026-04-04 08:54:00,tablet,clothing,237,338.74
U091,P021,add_to_cart,2026-04-04 08:57:00,desktop,clothing,543,159.51
U164,P075,view,2026-04-04 08:59:00,tablet,electronics,80,174.52
U277,P058,click,2026-04-04 08:59:00,desktop,home,361,485.36
U055,P034,view,2026-04-04 09:01:00,desktop,home,41,372.06
U478,P079,view,2026-04-04 09:03:00,tablet,home,454,497.64
U387,P091,view,2026-04-04 09:04:00,mobile,clothing,320,430.11
U016,P004,view,2026-04-04 09:04:00,desktop,clothing,84,292.17
U453,P098,view,2026-04-04 09:04:00,mobile,clothing,514,399.6
U435,P071,click,2026-04-04 09:04:00,tablet,beauty,366,393.76
U018,P017,view,2026-04-04 09:05:00,tablet,home,78,60.88
U424,P033,click,2026-04-04 09:06:00,desktop,clothing,84,59.74
U256,P070,view,2026-04-04 09:09:00,desktop,home,159,357.59
U244,P003,view,2026-04-04 09:10:00,mobile,home,402,260.94
U298,P067,view,2026-04-04 09:10:00,desktop,clothing,425,457.71
U021,P043,click,2026-04-04 09:10:00,mobile,home,363,199.05
U409,P057,view,2026-04-04 09:12:00,tablet,clothing,124,491.54
U066,P035,view,2026-04-04 09:12:00,tablet,home,177,245.27
U152,P100,view,2026-04-04 09:15:00,mobile,home,136,14.81
U209,P011,view,2026-04-04 09:18:00,tablet,beauty,138,204.03
U300,P047,click,2026-04-04 09:19:00,tablet,electronics,325,145.9
U359,P061,view,2026-04-04 09:20:00,tablet,home,416,353.14
U304,P002,view,2026-04-04 09:20:00,mobile,beauty,310,265.77
U217,P089,click,2026-04-04 09:21:00,tablet,beauty,421,206.55
U381,P012,click,2026-04-04 09:21:00,mobile,home,597,498.99
U295,P078,click,2026-04-04 09:21:00,desktop,beauty,143,50.23
U466,P035,view,2026-04-04 09:24:00,mobile,home,192,401.35
U323,P076,view,2026-04-04 09:26:00,desktop,home,41,410.03
U404,P007,click,2026-04-04 09:26:00,tablet,beauty,460,332.06
U420,P029,add_to_cart,2026-04-04 09:28:00,desktop,electronics,335,30.09
U430,P088,click,2026-04-04 09:29:00,tablet,clothing,314,123.51
U172,P008,view,2026-04-04 09:30:00,desktop,home,58,310.87
U269,P040,view,2026-04-04 09:32:00,desktop,home,126,350.49
U494,P079,click,2026-04-04 09:32:00,mobile,beauty,530,141.91
U273,P043,click,2026-04-04 09:33:00,desktop,beauty,586,391.02
U169,P008,view,2026-04-04 09:37:00,tablet,clothing,116,227.97
U171,P034,click,2026-04-04 09:37:00,desktop,beauty,273,218.59
U192,P037,click,2026-04-04 09:38:00,desktop,beauty,87,113.38
U143,P038,view,2026-04-04 09:39:00,tablet,beauty,250,158.59
U189,P042,add_to_cart,2026-04-04 09:39:00,desktop,home,560,168.91
U060,P042,view,2026-04-04 09:40:00,mobile,clothing,228,466.27
U226,P006,view,2026-04-04 09:41:00,mobile,home,352,362.88
U461,P081,add_to_cart,2026-04-04 09:41:00,desktop,home,568,148.78
U320,P045,click,2026-04-04 09:42:00,mobile,clothing,386,270.14
U127,P043,click,2026-04-04 09:43:00,desktop,clothing,229,113.68
U122,P060,view,2026-04-04 09:43:00,mobile,clothing,81,104.97
U252,P076,view,2026-04-04 09:43:00,desktop,home,350,496.23
U224,P100,click,2026-04-04 09:45:00,desktop,electronics,349,381.74
U131,P009,click,2026-04-04 09:46:00,desktop,beauty,326,219.65
U321,P010,click,2026-04-04 09:47:00,mobile,clothing,251,11.52
U207,P011,click,2026-04-04 09:50:00,desktop,clothing,408,189.77
U011,P021,click,2026-04-04 09:52:00,desktop,clothing,197,236.17
U088,P026,view,2026-04-04 09:52:00,tablet,beauty,359,384.55
U186,P016,view,2026-04-04 09:52:00,tablet,clothing,376,457.64
U188,P065,click,2026-04-04 09:53:00,desktop,home,443,473.9
U230,P085,click,2026-04-04 09:53:00,mobile,beauty,443,162.71
U389,P078,click,2026-04-04 09:55:00,tablet,beauty,414,233.92
U054,P086,add_to_cart,2026-04-04 09:56:00,desktop,beauty,540,210.14
U117,P031,click,2026-04-04 10:00:00,mobile,home,481,69.37
U400,P063,view,2026-04-04 10:00:00,mobile,home,377,459.23
U431,P026,view,2026-04-04 10:01:00,tablet,clothing,107,49.5
U200,P088,click,2026-04-04 10:02:00,desktop,clothing,495,353.64
U020,P018,click,2026-04-04 10:05:00,mobile,beauty,419,19.33
U099,P020,view,2026-04-04 10:07:00,mobile,clothing,318,324.66
U225,P030,view,2026-04-04 10:08:00,tablet,beauty,44,284.77
U455,P098,click,2026-04-04 10:09:00,tablet,beauty,280,123.61
U357,P075,click,2026-04-04 10:10:00,desktop,clothing,112,53.62
U068,P058,view,2026-04-04 10:11:00,tablet,home,33,418.46
U139,P088,click,2026-04-04 10:13:00,tablet,clothing,459,132.31
U321,P006,view,2026-04-04 10:14:00,mobile,beauty,155,396.89
U360,P097,view,2026-04-04 10:14:00,mobile,beauty,551,476.25
U282,P005,click,2026-04-04 10:15:00,desktop,beauty,444,376.55
U382,P089,view,2026-04-04 10:16:00,mobile,beauty,181,361.98
U395,P063,view,2026-04-04 10:16:00,mobile,clothing,135,75.39
U125,P044,click,2026-04-04 10:16:00,tablet,clothing,349,11.41
U459,P045,add_to_cart,2026-04-04 10:17:00,desktop,electronics,349,376.52
U161,P096,add_to_cart,2026-04-04 10:17:00,tablet,electronics,529,307.67
U470,P078,click,2026-04-04 10:21:00,mobile,electronics,561,352.44
U492,P068,add_to_cart,2026-04-04 10:23:00,desktop,clothing,547,168.08
U379,P088,click,2026-04-04 10:23:00,desktop,beauty,134,218.91
U447,P083,view,2026-04-04 10:25:00,desktop,home,117,101.18
U472,P007,click,2026-04-04 10:27:00,mobile,electronics,395,339.57
U371,P080,click,2026-04-04 10:27:00,desktop,clothing,306,102.33
U439,P050,add_to_cart,2026-04-04 10:29:00,desktop,clothing,574,93.19
U290,P091,add_to_cart,2026-04-04 10:30:00,desktop,beauty,589,96.22
U088,P050,view,2026-04-04 10:30:00,tablet,electronics,78,293.75
U480,P012,click,2026-04-04 10:33:00,mobile,electronics,296,104.13
U121,P001,click,2026-04-04 10:35:00,tablet,clothing,477,92.39
U386,P081,view,2026-04-04 10:36:00,desktop,clothing,209,406.08
U128,P042,view,2026-04-04 10:36:00,mobile,clothing,131,269.16
U481,P019,click,2026-04-04 10:36:00,tablet,beauty,256,87.03
U234,P032,click,2026-04-04 10:37:00,tablet,beauty,322,40.42
U406,P055,click,2026-04-04 10:40:00,mobile,home,511,187.37
U376,P075,view,2026-04-04 10:41:00,mobile,clothing,45,234.82
U244,P025,view,2026-04-04 10:42:00,mobile,electronics,245,450.53
U499,P062,view,2026-04-04 10:42:00,mobile,clothing,166,484.67
U485,P002,click,2026-04-04 10:44:00,mobile,clothing,379,37.55
U424,P080,view,2026-04-04 10:44:00,mobile,electronics,216,343.56
U401,P090,view,2026-04-04 10:47:00,mobile,electronics,167,226.69
U221,P040,click,2026-04-04 10:47:00,tablet,electronics,587,344.19
U272,P074,add_to_cart,2026-04-04 10:48:00,desktop,clothing,541,210.44
U443,P017,add_to_cart,2026-04-04 10:48:00,desktop,electronics,538,248.78
U467,P079,click,2026-04-04 10:48:00,mobile,beauty,303,138.49
U020,P062,view,2026-04-04 10:49:00,tablet,beauty,324,244.07
U107,P069,add_to_cart,2026-04-04 10:53:00,desktop,electronics,379,219.09
U208,P007,view,2026-04-04 10:54:00,mobile,clothing,221,16.39
U256,P080,click,2026-04-04 10:54:00,mobile,electronics,389,84.26
U264,P034,click,2026-04-04 10:56:00,mobile,home,560,414.75
U205,P098,view,2026-04-04 10:57:00,desktop,beauty,225,336.72
U333,P045,click,2026-04-04 11:00:00,desktop,beauty,348,211.98
U234,P020,click,2026-04-04 11:02:00,tablet,home,586,323.0
U484,P041,click,2026-04-04 11:03:00,mobile,beauty,494,275.52
U075,P086,view,2026-04-04 11:07:00,mobile,electronics,189,306.9
U312,P090,click,2026-04-04 11:09:00,tablet,beauty,358,160.52
U113,P015,add_to_cart,2026-04-04 11:09:00,desktop,electronics,419,152.82
U385,P003,view,2026-04-04 11:09:00,desktop,home,33,331.25
U115,P032,view,2026-04-04 11:11:00,tablet,beauty,201,232.69
U019,P015,view,2026-04-04 11:11:00,desktop,beauty,47,341.98
U018,P024,view,2026-04-04 11:12:00,mobile,home,64,255.38
U369,P014,view,2026-04-04 11:12:00,mobile,beauty,320,434.91
U344,P091,add_to_cart,2026-04-04 11:12:00,desktop,beauty,337,148.5
U338,P052,click,2026-04-04 11:13:00,desktop,home,393,270.25
U329,P093,click,2026-04-04 11:13:00,desktop,home,375,406.07
U048,P010,view,2026-04-04 11:14:00,mobile,beauty,200,139.86
U432,P055,view,2026-04-04 11:14:00,mobile,electronics,131,353.14
U322,P013,view,2026-04-04 11:15:00,mobile,home,209,163.34
U276,P097,view,2026-04-04 11:16:00,tablet,home,169,254.44
U070,P069,add_to_cart,2026-04-04 11:16:00,desktop,home,408,58.34
U286,P065,click,2026-04-04 11:16:00,mobile,home,563,260.17
U303,P027,click,2026-04-04 11:18:00,tablet,beauty,269,160.11
U113,P050,click,2026-04-04 11:21:00,tablet,electronics,579,479.42
U381,P099,click,2026-04-04 11:21:00,tablet,electronics,385,164.15
U047,P035,click,2026-04-04 11:22:00,desktop,clothing,218,143.15
U428,P082,view,2026-04-04 11:23:00,mobile,clothing,510,487.82
U017,P051,click,2026-04-04 11:23:00,desktop,home,372,69.53
U327,P025,click,2026-04-04 11:24:00,tablet,electronics,459,164.36
U154,P039,view,2026-04-04 11:25:00,desktop,electronics,310,486.88
U455,P086,view,2026-04-04 11:25:00,desktop,clothing,103,177.13
U177,P042,view,2026-04-04 11:26:00,tablet,clothing,212,66.36
U150,P065,click,2026-04-04 11:29:00,desktop,electronics,35,162.24
U141,P026,click,2026-04-04 11:30:00,mobile,beauty,354,117.68
U491,P079,click,2026-04-04 11:31:00,mobile,home,269,190.37
U396,P080,add_to_cart,2026-04-04 11:31:00,tablet,electronics,345,30.64
U390,P030,add_to_cart,2026-04-04 11:33:00,desktop,beauty,459,168.28
U157,P023,view,2026-04-04 11:36:00,desktop,clothing,382,473.58
U294,P061,click,2026-04-04 11:38:00,tablet,electronics,265,415.18
U322,P051,view,2026-04-04 11:39:00,desktop,beauty,93,262.64
U010,P032,add_to_cart,2026-04-04 11:39:00,desktop,beauty,354,201.09
U392,P077,click,2026-04-04 11:39:00,tablet,beauty,365,254.0
U356,P088,add_to_cart,2026-04-04 11:39:00,tablet,electronics,440,40.2
U484,P062,view,2026-04-04 11:39:00,mobile,beauty,379,333.44
U244,P018,add_to_cart,2026-04-04 11:40:00,desktop,home,478,56.2
U003,P086,add_to_cart,2026-04-04 11:40:00,tablet,electronics,551,157.53
U304,P054,view,2026-04-04 11:41:00,desktop,clothing,65,194.61
U264,P059,view,2026-04-04 11:41:00,mobile,beauty,109,463.98
U297,P025,click,2026-04-04 11:42:00,desktop,clothing,412,269.23
U173,P049,view,2026-04-04 11:42:00,tablet,home,133,89.6
U444,P048,click,2026-04-04 11:42:00,tablet,beauty,509,469.25
U341,P051,add_to_cart,2026-04-04 11:43:00,tablet,electronics,561,282.63
U150,P065,view,2026-04-04 11:45:00,mobile,clothing,504,402.66
U367,P094,add_to_cart,2026-04-04 11:46:00,mobile,electronics,486,137.6
U172,P031,click,2026-04-04 11:46:00,mobile,home,567,254.0
U194,P085,view,2026-04-04 11:47:00,mobile,clothing,282,205.28
U314,P009,click,2026-04-04 11:47:00,mobile,electronics,332,415.88
U366,P062,add_to_cart,2026-04-04 11:49:00,tablet,electronics,500,56.91
U473,P077,click,2026-04-04 11:49:00,tablet,beauty,290,26.75
U239,P055,add_to_cart,2026-04-04 11:50:00,desktop,electronics,276,36.75
U462,P049,view,2026-04-04 11:50:00,mobile,electronics,282,438.41
U328,P018,view,2026-04-04 11:51:00,tablet,home,474,489.44
U049,P073,click,2026-04-04 11:52:00,mobile,beauty,319,221.92
U012,P042,add_to_cart,2026-04-04 11:54:00,tablet,home,526,102.11
U369,P097,view,2026-04-04 11:55:00,desktop,beauty,228,473.49
U256,P050,add_to_cart,2026-04-04 11:57:00,desktop,clothing,487,222.32
U307,P074,add_to_cart,2026-04-04 11:58:00,tablet,electronics,582,102.0
U128,P017,click,2026-04-04 11:58:00,tablet,home,426,80.04
U438,P054,add_to_cart,2026-04-04 11:58:00,desktop,home,537,98.96
U140,P042,view,2026-04-04 12:00:00,mobile,clothing,151,347.66
U381,P051,view,2026-04-04 12:01:00,mobile,beauty,348,315.6
U486,P012,click,2026-04-04 12:01:00,desktop,clothing,430,309.89
U216,P002,click,2026-04-04 12:02:00,desktop,beauty,165,12.98
U330,P062,click,2026-04-04 12:02:00,desktop,home,337,254.04
U475,P046,click,2026-04-04 12:05:00,mobile,electronics,419,311.93
U179,P054,add_to_cart,2026-04-04 12:07:00,mobile,home,600,54.06
U190,P079,click,2026-04-04 12:10:00,tablet,electronics,408,59.7
U055,P003,view,2026-04-04 12:11:00,desktop,home,163,336.35
U269,P030,view,2026-04-04 12:12:00,desktop,clothing,116,493.17
U335,P004,view,2026-04-04 12:12:00,tablet,home,169,285.6
U136,P043,view,2026-04-04 12:15:00,tablet,clothing,62,247.5
U364,P034,click,2026-04-04 12:16:00,mobile,electronics,226,263.1
U198,P024,view,2026-04-04 12:19:00,desktop,clothing,140,37.45
U415,P004,click,2026-04-04 12:21:00,desktop,electronics,156,204.05
U019,P077,view,2026-04-04 12:22:00,tablet,beauty,492,456.07
U408,P045,view,2026-04-04 12:22:00,mobile,home,264,321.06
U436,P073,click,2026-04-04 12:23:00,mobile,beauty,199,54.54
U453,P025,view,2026-04-04 12:25:00,tablet,home,333,419.84
U235,P014,click,2026-04-04 12:25:00,tablet,beauty,366,131.22
U051,P043,view,2026-04-04 12:26:00,mobile,clothing,363,332.69
U226,P020,click,2026-04-04 12:28:00,mobile,clothing,360,104.03
U404,P042,view,2026-04-04 12:28:00,tablet,home,142,69.52
U208,P048,view,2026-04-04 12:32:00,mobile,electronics,117,247.69
U328,P026,add_to_cart,2026-04-04 12:33:00,desktop,electronics,536,455.7
U112,P018,view,2026-04-04 12:33:00,mobile,beauty,109,85.71
U065,P045,view,2026-04-04 12:33:00,mobile,beauty,180,411.36
U131,P061,click,2026-04-04 12:34:00,mobile,home,586,270.73
U435,P097,view,2026-04-04 12:34:00,desktop,beauty,80,316.81
U500,P052,view,2026-04-04 12:35:00,tablet,beauty,141,226.14
U288,P036,click,2026-04-04 12:35:00,tablet,home,415,101.9
U299,P061,click,2026-04-04 12:35:00,desktop,clothing,156,203.48
U448,P044,click,2026-04-04 12:35:00,desktop,electronics,287,491.56
U284,P094,click,2026-04-04 12:40:00,tablet,beauty,466,212.84
U106,P056,view,2026-04-04 12:40:00,tablet,electronics,78,379.15
U109,P041,view,2026-04-04 12:42:00,mobile,beauty,342,259.9
U058,P057,click,2026-04-04 12:44:00,desktop,clothing,491,472.62
U429,P068,add_to_cart,2026-04-04 12:44:00,desktop,beauty,498,265.13
U336,P097,view,2026-04-04 12:44:00,desktop,clothing,220,385.27
U213,P016,click,2026-04-04 12:45:00,tablet,home,509,123.48
U491,P067,click,2026-04-04 12:47:00,desktop,home,563,415.31
U161,P036,click,2026-04-04 12:48:00,mobile,electronics,590,491.67
U015,P079,add_to_cart,2026-04-04 12:48:00,desktop,electronics,287,124.02
U419,P061,view,2026-04-04 12:48:00,desktop,beauty,50,284.22
U414,P038,click,2026-04-04 12:49:00,mobile,clothing,430,96.36
U194,P081,click,2026-04-04 12:50:00,tablet,beauty,172,47.8
U307,P081,click,2026-04-04 12:50:00,mobile,home,332,206.01
U153,P019,view,2026-04-04 12:52:00,mobile,clothing,263,342.56
U283,P004,view,2026-04-04 12:53:00,tablet,electronics,13,165.96
U454,P016,click,2026-04-04 12:54:00,mobile,electronics,323,328.74
U170,P003,click,2026-04-04 12:55:00,desktop,clothing,185,145.78
U108,P052,view,2026-04-04 12:55:00,tablet,home,82,28.35
U343,P057,view,2026-04-04 12:57:00,tablet,clothing,160,295.18
U044,P043,click,2026-04-04 12:57:00,mobile,beauty,311,21.88
U143,P026,view,2026-04-04 12:58:00,desktop,electronics,45,460.94
U170,P077,view,2026-04-04 13:00:00,tablet,home,46,431.6
U416,P053,view,2026-04-04 13:00:00,desktop,clothing,68,466.7
U415,P061,click,2026-04-04 13:02:00,tablet,clothing,596,425.36
U128,P012,click,2026-04-04 13:03:00,mobile,clothing,471,448.67
U351,P012,view,2026-04-04 13:05:00,desktop,clothing,122,274.88
U116,P030,view,2026-04-04 13:05:00,mobile,home,163,301.33
U216,P003,click,2026-04-04 13:08:00,desktop,beauty,245,149.08
U180,P002,view,2026-04-04 13:09:00,mobile,clothing,252,310.22
U099,P058,view,2026-04-04 13:09:00,mobile,clothing,88,45.4
U491,P016,add_to_cart,2026-04-04 13:10:00,desktop,clothing,396,229.72
U481,P062,add_to_cart,2026-04-04 13:10:00,tablet,beauty,571,193.28
U337,P007,view,2026-04-04 13:10:00,mobile,beauty,157,198.21
U169,P015,view,2026-04-04 13:11:00,mobile,electronics,80,376.32
U069,P098,view,2026-04-04 13:11:00,desktop,clothing,76,286.72
U296,P011,click,2026-04-04 13:11:00,mobile,clothing,401,22.29
U431,P018,click,2026-04-04 13:13:00,desktop,clothing,416,316.21
U365,P075,click,2026-04-04 13:14:00,desktop,beauty,517,489.33
U426,P090,add_to_cart,2026-04-04 13:14:00,desktop,electronics,421,483.78
U316,P094,add_to_cart,2026-04-04 13:16:00,desktop,home,534,195.5
U375,P066,click,2026-04-04 13:16:00,tablet,electronics,137,218.58
U370,P023,view,2026-04-04 13:16:00,tablet,clothing,171,110.27
U432,P068,add_to_cart,2026-04-04 13:16:00,tablet,electronics,591,166.62
U074,P044,click,2026-04-04 13:17:00,mobile,clothing,372,114.92
U034,P082,click,2026-04-04 13:18:00,mobile,electronics,455,440.4
U026,P007,view,2026-04-04 13:19:00,mobile,electronics,97,207.03
U392,P047,click,2026-04-04 13:21:00,mobile,electronics,480,153.04
U382,P051,view,2026-04-04 13:22:00,mobile,beauty,144,40.51
U282,P009,view,2026-04-04 13:22:00,mobile,electronics,321,463.66
U307,P039,view,2026-04-04 13:22:00,tablet,clothing,373,302.63
U403,P026,view,2026-04-04 13:25:00,tablet,electronics,297,346.41
U431,P037,click,2026-04-04 13:26:00,desktop,beauty,243,483.16
U210,P052,view,2026-04-04 13:28:00,tablet,clothing,100,69.15
U313,P051,view,2026-04-04 13:29:00,tablet,electronics,260,234.88
U323,P005,click,2026-04-04 13:30:00,desktop,clothing,478,375.39
U078,P061,add_to_cart,2026-04-04 13:30:00,tablet,home,544,209.44
U134,P056,add_to_cart,2026-04-04 13:30:00,desktop,beauty,470,52.12
U489,P092,click,2026-04-04 13:31:00,desktop,clothing,401,266.16
U496,P095,click,2026-04-04 13:33:00,tablet,clothing,201,29.87
U434,P083,view,2026-04-04 13:33:00,mobile,beauty,194,296.44
U369,P042,view,2026-04-04 13:34:00,mobile,home,181,427.82
U054,P045,view,2026-04-04 13:34:00,tablet,beauty,159,119.79
U467,P049,click,2026-04-04 13:35:00,mobile,beauty,368,176.3
U038,P013,view,2026-04-04 13:36:00,desktop,clothing,128,122.52
U481,P093,add_to_cart,2026-04-04 13:37:00,desktop,electronics,412,95.17
U272,P004,view,2026-04-04 13:38:00,tablet,beauty,338,278.07
U222,P036,view,2026-04-04 13:38:00,tablet,home,226,423.98
U165,P060,view,2026-04-04 13:39:00,tablet,electronics,434,480.22
U424,P013,add_to_cart,2026-04-04 13:39:00,desktop,home,538,129.2
U124,P002,view,2026-04-04 13:40:00,mobile,beauty,485,447.51
U244,P043,view,2026-04-04 13:41:00,tablet,clothing,227,359.13
U171,P042,view,2026-04-04 13:42:00,mobile,beauty,235,273.57
U276,P009,click,2026-04-04 13:43:00,tablet,electronics,208,69.47
U471,P018,add_to_cart,2026-04-04 13:43:00,mobile,home,587,196.6
U312,P010,view,2026-04-04 13:44:00,desktop,beauty,140,229.17
U456,P058,click,2026-04-04 13:44:00,mobile,electronics,141,19.23
U273,P080,view,2026-04-04 13:46:00,tablet,beauty,339,348.85
U442,P021,view,2026-04-04 13:47:00,desktop,beauty,29,171.85
U258,P069,view,2026-04-04 13:50:00,mobile,home,80,75.28
U094,P004,view,2026-04-04 13:50:00,desktop,home,126,369.49
U150,P077,click,2026-04-04 13:51:00,mobile,beauty,342,116.6
U294,P025,add_to_cart,2026-04-04 13:52:00,desktop,electronics,542,183.01
U076,P092,click,2026-04-04 13:53:00,mobile,home,419,66.05
U403,P007,view,2026-04-04 13:53:00,mobile,beauty,209,376.97
U084,P021,view,2026-04-04 13:54:00,tablet,clothing,91,122.35
U424,P070,click,2026-04-04 13:55:00,desktop,home,211,87.5
U214,P062,view,2026-04-04 13:56:00,mobile,home,33,478.52
U069,P066,view,2026-04-04 13:56:00,mobile,electronics,84,272.68
U378,P027,view,2026-04-04 14:00:00,tablet,clothing,140,233.5
U137,P096,click,2026-04-04 14:01:00,tablet,electronics,257,101.42
U393,P092,view,2026-04-04 14:01:00,tablet,clothing,240,235.06
U277,P051,add_to_cart,2026-04-04 14:01:00,desktop,electronics,519,405.82
U122,P089,click,2026-04-04 14:02:00,tablet,electronics,570,447.78
U340,P094,click,2026-04-04 14:03:00,desktop,beauty,218,163.96
U093,P016,view,2026-04-04 14:03:00,desktop,beauty,121,121.08
U327,P069,click,2026-04-04 14:04:00,mobile,electronics,494,349.09
U201,P011,view,2026-04-04 14:04:00,mobile,beauty,53,478.79
U385,P069,view,2026-04-04 14:04:00,mobile,clothing,363,446.96
U113,P089,click,2026-04-04 14:06:00,mobile,beauty,352,20.4
U296,P044,view,2026-04-04 14:07:00,tablet,home,282,292.46
U164,P059,view,2026-04-04 14:11:00,tablet,clothing,354,216.83
U128,P025,view,2026-04-04 14:11:00,tablet,clothing,406,270.97
U477,P008,click,2026-04-04 14:12:00,tablet,electronics,412,201.74
U408,P039,view,2026-04-04 14:12:00,mobile,electronics,309,488.06
U149,P100,click,2026-04-04 14:13:00,mobile,clothing,499,311.45
U203,P025,view,2026-04-04 14:14:00,mobile,beauty,111,452.01
U191,P014,view,2026-04-04 14:15:00,desktop,beauty,90,433.33
U445,P099,click,2026-04-04 14:17:00,tablet,beauty,486,62.65
U137,P080,view,2026-04-04 14:17:00,tablet,electronics,217,357.05
U468,P027,click,2026-04-04 14:18:00,mobile,clothing,384,87.67
U447,P086,view,2026-04-04 14:18:00,mobile,clothing,558,469.48
U380,P073,click,2026-04-04 14:22:00,tablet,electronics,242,90.24
U312,P063,view,2026-04-04 14:23:00,mobile,clothing,256,303.91
U265,P027,click,2026-04-04 14:25:00,desktop,electronics,119,373.88
U213,P019,view,2026-04-04 14:25:00,tablet,beauty,84,278.16
U260,P011,click,2026-04-04 14:27:00,mobile,home,570,145.53
U054,P041,click,2026-04-04 14:28:00,mobile,electronics,584,418.96
U253,P065,view,2026-04-04 14:28:00,mobile,home,163,314.02
U236,P080,add_to_cart,2026-04-04 14:29:00,mobile,home,430,70.34
U109,P075,view,2026-04-04 14:30:00,mobile,beauty,201,317.54
U136,P020,add_to_cart,2026-04-04 14:30:00,desktop,electronics,461,64.5
U046,P049,view,2026-04-04 14:31:00,tablet,beauty,397,278.38
U352,P090,click,2026-04-04 14:31:00,tablet,beauty,239,72.6
U196,P001,view,2026-04-04 14:32:00,desktop,clothing,358,492.22
U291,P012,click,2026-04-04 14:32:00,mobile,home,477,275.52
U178,P020,view,2026-04-04 14:33:00,tablet,beauty,24,445.89
U164,P068,view,2026-04-04 14:33:00,mobile,home,85,288.85
U154,P044,view,2026-04-04 14:39:00,mobile,clothing,132,326.31
U255,P022,click,2026-04-04 14:39:00,tablet,electronics,361,54.13
U332,P053,click,2026-04-04 14:39:00,desktop,electronics,430,481.5
U193,P073,click,2026-04-04 14:39:00,desktop,clothing,367,101.63
U357,P083,view,2026-04-04 14:42:00,tablet,home,377,441.46
U016,P035,click,2026-04-04 14:42:00,desktop,home,344,400.22
U165,P015,view,2026-04-04 14:43:00,tablet,home,301,492.73
U106,P020,click,2026-04-04 14:44:00,desktop,clothing,251,237.61
U490,P068,view,2026-04-04 14:45:00,mobile,electronics,106,138.27
U173,P075,add_to_cart,2026-04-04 14:45:00,mobile,beauty,561,43.44
U392,P076,click,2026-04-04 14:45:00,desktop,beauty,121,81.49
U065,P057,click,2026-04-04 14:46:00,tablet,electronics,370,65.04
U263,P078,click,2026-04-04 14:47:00,tablet,clothing,296,189.13
U228,P059,view,2026-04-04 14:47:00,mobile,home,492,414.56
U002,P064,add_to_cart,2026-04-04 14:47:00,desktop,home,524,53.6
U409,P094,view,2026-04-04 14:47:00,mobile,beauty,43,85.63
U389,P086,view,2026-04-04 14:48:00,tablet,clothing,103,287.82
U365,P100,view,2026-04-04 14:49:00,tablet,electronics,50,234.86
U461,P092,click,2026-04-04 14:50:00,tablet,clothing,456,121.41
U486,P028,view,2026-04-04 14:51:00,mobile,electronics,13,94.45
U255,P028,add_to_cart,2026-04-04 14:54:00,desktop,electronics,395,379.77
U455,P047,click,2026-04-04 14:54:00,desktop,electronics,81,197.95
U143,P072,click,2026-04-04 14:54:00,mobile,electronics,532,200.87
U027,P100,view,2026-04-04 14:56:00,mobile,electronics,255,470.8
U385,P092,view,2026-04-04 14:57:00,tablet,beauty,416,384.32
U256,P088,click,2026-04-04 14:58:00,tablet,beauty,301,107.61
U149,P092,click,2026-04-04 15:00:00,desktop,clothing,195,72.74
U111,P047,view,2026-04-04 15:00:00,desktop,clothing,164,486.57
U119,P080,view,2026-04-04 15:00:00,mobile,beauty,278,285.44
U288,P008,click,2026-04-04 15:00:00,desktop,home,28,31.79
U090,P100,add_to_cart,2026-04-04 15:00:00,desktop,electronics,598,388.68
U335,P085,click,2026-04-04 15:01:00,desktop,electronics,456,437.19
U168,P015,add_to_cart,2026-04-04 15:02:00,desktop,electronics,178,48.75
U420,P061,view,2026-04-04 15:07:00,mobile,clothing,164,186.07
U175,P069,add_to_cart,2026-04-04 15:07:00,desktop,electronics,241,215.66
U158,P019,view,2026-04-04 15:07:00,mobile,beauty,324,338.52
U239,P060,add_to_cart,2026-04-04 15:08:00,tablet,electronics,537,122.95
U452,P096,view,2026-04-04 15:09:00,mobile,home,221,408.15
U458,P080,click,2026-04-04 15:09:00,tablet,electronics,224,69.31
U283,P002,click,2026-04-04 15:10:00,desktop,electronics,31,252.88
U133,P028,click,2026-04-04 15:13:00,tablet,electronics,488,480.04
U315,P008,view,2026-04-04 15:16:00,tablet,beauty,208,21.22
U373,P093,view,2026-04-04 15:16:00,tablet,electronics,181,241.87
U462,P042,click,2026-04-04 15:17:00,desktop,clothing,401,443.09
U173,P052,add_to_cart,2026-04-04 15:18:00,tablet,home,543,95.72
U494,P004,view,2026-04-04 15:18:00,tablet,beauty,412,415.56
U090,P049,view,2026-04-04 15:20:00,mobile,beauty,225,362.34
U109,P002,view,2026-04-04 15:20:00,desktop,home,101,445.17
U217,P028,click,2026-04-04 15:21:00,mobile,beauty,515,106.85
U286,P044,view,2026-04-04 15:21:00,tablet,beauty,334,160.92
U372,P027,click,2026-04-04 15:22:00,mobile,beauty,555,50.02
U254,P100,click,2026-04-04 15:23:00,tablet,beauty,469,221.79
U410,P059,add_to_cart,2026-04-04 15:24:00,desktop,electronics,504,269.22
U010,P096,click,2026-04-04 15:25:00,tablet,electronics,198,15.67
U192,P051,click,2026-04-04 15:25:00,mobile,electronics,332,66.71
U371,P083,click,2026-04-04 15:26:00,tablet,clothing,416,17.5
U312,P008,click,2026-04-04 15:27:00,desktop,electronics,442,428.28
U049,P033,click,2026-04-04 15:29:00,mobile,electronics,520,359.64
U189,P040,view,2026-04-04 15:30:00,tablet,clothing,184,460.93
U095,P022,click,2026-04-04 15:30:00,tablet,clothing,541,343.1
U043,P028,click,2026-04-04 15:31:00,desktop,clothing,340,440.72
U450,P072,view,2026-04-04 15:31:00,mobile,clothing,156,354.78
U205,P053,view,2026-04-04 15:34:00,desktop,clothing,46,200.67
U494,P004,view,2026-04-04 15:34:00,mobile,home,217,341.46
U238,P028,click,2026-04-04 15:34:00,mobile,clothing,243,27.78
U391,P084,view,2026-04-04 15:36:00,tablet,clothing,260,229.47
U270,P006,view,2026-04-04 15:39:00,mobile,home,103,296.72
U087,P035,add_to_cart,2026-04-04 15:40:00,desktop,clothing,593,232.1
U376,P057,view,2026-04-04 15:43:00,tablet,clothing,275,445.23
U415,P004,view,2026-04-04 15:44:00,mobile,beauty,216,450.97
U031,P090,view,2026-04-04 15:45:00,tablet,home,196,200.96
U100,P080,click,2026-04-04 15:46:00,desktop,clothing,272,271.59
U106,P021,click,2026-04-04 15:47:00,tablet,beauty,466,343.95
U414,P014,click,2026-04-04 15:50:00,mobile,electronics,353,211.24
U141,P009,view,2026-04-04 15:50:00,mobile,beauty,124,100.78
U452,P002,add_to_cart,2026-04-04 15:51:00,tablet,electronics,504,83.38
U288,P041,click,2026-04-04 15:52:00,tablet,home,296,182.5
U487,P058,click,2026-04-04 15:52:00,tablet,electronics,113,27.01
U368,P011,click,2026-04-04 15:54:00,mobile,electronics,559,230.28
U403,P021,click,2026-04-04 15:55:00,desktop,home,332,189.92
U443,P025,view,2026-04-04 15:55:00,mobile,clothing,318,443.51
U294,P065,click,2026-04-04 15:57:00,mobile,electronics,418,254.93
U136,P007,add_to_cart,2026-04-04 16:00:00,tablet,electronics,412,18.66
U055,P094,view,2026-04-04 16:00:00,mobile,electronics,99,110.92
U286,P001,add_to_cart,2026-04-04 16:01:00,mobile,electronics,472,10.57
U318,P025,click,2026-04-04 16:02:00,desktop,clothing,216,166.0
U169,P019,click,2026-04-04 16:02:00,mobile,clothing,345,246.23
U010,P060,click,2026-04-04 16:03:00,mobile,clothing,509,186.27
U405,P097,view,2026-04-04 16:03:00,desktop,clothing,23,319.33
U480,P045,click,2026-04-04 16:05:00,mobile,beauty,511,417.26
U229,P011,click,2026-04-04 16:08:00,mobile,electronics,298,177.32
U011,P085,add_to_cart,2026-04-04 16:09:00,desktop,electronics,541,371.25
U349,P066,view,2026-04-04 16:09:00,mobile,home,95,94.02
U287,P076,click,2026-04-04 16:10:00,tablet,beauty,263,28.19
U364,P064,view,2026-04-04 16:11:00,tablet,home,97,470.04
U171,P046,add_to_cart,2026-04-04 16:12:00,desktop,home,584,411.92
U221,P031,view,2026-04-04 16:13:00,mobile,home,61,149.55
U078,P035,view,2026-04-04 16:14:00,mobile,clothing,188,498.0
U185,P069,click,2026-04-04 16:15:00,desktop,clothing,522,280.62
U403,P081,view,2026-04-04 16:16:00,mobile,beauty,193,320.31
U135,P095,click,2026-04-04 16:17:00,desktop,clothing,391,250.69
U444,P076,add_to_cart,2026-04-04 16:18:00,desktop,electronics,178,41.07
U345,P032,click,2026-04-04 16:20:00,desktop,beauty,443,154.81
U280,P075,click,2026-04-04 16:20:00,tablet,electronics,423,355.69
U149,P033,view,2026-04-04 16:21:00,mobile,beauty,170,451.37
U237,P098,add_to_cart,2026-04-04 16:23:00,tablet,electronics,424,80.39
U289,P095,click,2026-04-04 16:23:00,mobile,home,461,275.52
U447,P074,add_to_cart,2026-04-04 16:25:00,desktop,clothing,294,72.85
U234,P097,click,2026-04-04 16:28:00,desktop,beauty,215,21.02
U001,P069,click,2026-04-04 16:28:00,tablet,beauty,315,166.29
U459,P042,add_to_cart,2026-04-04 16:28:00,desktop,clothing,511,150.08
U148,P078,click,2026-04-04 16:29:00,desktop,electronics,43,37.97
U483,P098,view,2026-04-04 16:30:00,mobile,beauty,174,87.54
U340,P009,view,2026-04-04 16:31:00,desktop,beauty,74,300.86
U120,P072,view,2026-04-04 16:31:00,mobile,clothing,142,267.83
U266,P019,click,2026-04-04 16:32:00,tablet,electronics,248,208.62
U277,P035,view,2026-04-04 16:33:00,tablet,beauty,92,225.88
U476,P086,view,2026-04-04 16:35:00,tablet,electronics,12,159.6
U369,P056,click,2026-04-04 16:37:00,tablet,home,501,151.59
U170,P097,click,2026-04-04 16:38:00,mobile,beauty,543,341.86
U009,P056,add_to_cart,2026-04-04 16:39:00,mobile,electronics,596,203.94
U347,P043,click,2026-04-04 16:40:00,desktop,clothing,426,331.11
U421,P057,click,2026-04-04 16:42:00,desktop,beauty,255,382.58
U384,P097,click,2026-04-04 16:42:00,tablet,beauty,582,172.16
U117,P051,view,2026-04-04 16:42:00,mobile,electronics,61,430.9
U033,P068,click,2026-04-04 16:43:00,desktop,beauty,250,24.02
U237,P089,add_to_cart,2026-04-04 16:44:00,mobile,home,544,212.56
U039,P023,click,2026-04-04 16:45:00,desktop,clothing,452,367.95
U179,P062,view,2026-04-04 16:46:00,mobile,beauty,507,424.06
U318,P003,add_to_cart,2026-04-04 16:47:00,desktop,clothing,584,121.73
U065,P062,click,2026-04-04 16:48:00,mobile,beauty,589,165.31
U114,P088,view,2026-04-04 16:48:00,desktop,beauty,225,416.25
U010,P067,click,2026-04-04 16:49:00,desktop,home,289,169.54
U211,P060,view,2026-04-04 16:49:00,mobile,home,429,332.29
U179,P072,view,2026-04-04 16:52:00,mobile,clothing,341,471.55
U264,P096,click,2026-04-04 16:54:00,desktop,home,219,175.55
U160,P046,view,2026-04-04 16:57:00,tablet,electronics,85,474.09
U389,P003,click,2026-04-04 16:58:00,desktop,beauty,425,251.33
U299,P082,add_to_cart,2026-04-04 16:58:00,desktop,electronics,355,110.64
U417,P038,add_to_cart,2026-04-04 16:58:00,desktop,home,499,130.67
U412,P088,view,2026-04-04 16:58:00,tablet,beauty,254,71.25
U055,P097,view,2026-04-04 16:59:00,desktop,clothing,77,361.53
U423,P040,click,2026-04-04 17:00:00,desktop,beauty,270,328.78
U293,P088,click,2026-04-04 17:00:00,desktop,beauty,171,230.02
U088,P054,click,2026-04-04 17:01:00,tablet,clothing,500,246.2
U160,P072,add_to_cart,2026-04-04 17:03:00,desktop,beauty,396,200.79
U385,P042,view,2026-04-04 17:04:00,tablet,beauty,87,294.28
U436,P004,view,2026-04-04 17:05:00,mobile,clothing,109,325.98
U445,P067,view,2026-04-04 17:05:00,tablet,beauty,217,61.17
U179,P078,click,2026-04-04 17:05:00,desktop,clothing,291,304.41
U371,P091,click,2026-04-04 17:06:00,mobile,clothing,385,198.04
U043,P028,click,2026-04-04 17:06:00,desktop,electronics,346,404.75
U305,P080,click,2026-04-04 17:06:00,mobile,home,535,295.19
U257,P065,view,2026-04-04 17:08:00,tablet,beauty,116,27.91
U058,P062,click,2026-04-04 17:09:00,desktop,home,164,72.47
U188,P096,click,2026-04-04 17:09:00,mobile,beauty,561,280.82
U348,P034,click,2026-04-04 17:09:00,desktop,home,269,77.53
U179,P072,click,2026-04-04 17:10:00,tablet,clothing,492,224.86
U335,P089,add_to_cart,2026-04-04 17:10:00,mobile,electronics,476,174.95
U265,P056,click,2026-04-04 17:11:00,mobile,clothing,588,200.28
U266,P060,view,2026-04-04 17:12:00,desktop,home,245,307.31
U397,P070,click,2026-04-04 17:13:00,tablet,beauty,444,157.15
U395,P013,view,2026-04-04 17:13:00,mobile,beauty,341,420.5
U467,P076,click,2026-04-04 17:14:00,desktop,home,258,108.7
U222,P003,click,2026-04-04 17:14:00,tablet,electronics,300,301.77
U114,P028,click,2026-04-04 17:15:00,mobile,beauty,566,312.3
U484,P021,add_to_cart,2026-04-04 17:16:00,tablet,beauty,574,166.76
U027,P040,click,2026-04-04 17:19:00,desktop,home,524,316.17
U212,P053,view,2026-04-04 17:19:00,tablet,clothing,568,475.54
U294,P068,click,2026-04-04 17:20:00,desktop,home,398,291.6
U311,P052,click,2026-04-04 17:22:00,mobile,home,370,32.39
U067,P066,click,2026-04-04 17:23:00,mobile,beauty,289,163.82
U173,P078,click,2026-04-04 17:23:00,desktop,home,353,300.6
U006,P009,click,2026-04-04 17:23:00,desktop,clothing,507,343.92
U398,P039,add_to_cart,2026-04-04 17:23:00,desktop,electronics,529,429.93
U175,P088,click,2026-04-04 17:23:00,tablet,clothing,371,101.66
U230,P046,view,2026-04-04 17:25:00,mobile,clothing,91,108.36
U374,P058,add_to_cart,2026-04-04 17:26:00,desktop,electronics,571,186.89
U138,P037,view,2026-04-04 17:29:00,tablet,beauty,143,491.62
U069,P001,click,2026-04-04 17:30:00,desktop,beauty,133,62.02
U274,P030,click,2026-04-04 17:31:00,mobile,home,298,101.45
U477,P059,add_to_cart,2026-04-04 17:34:00,mobile,electronics,592,89.56
U308,P029,view,2026-04-04 17:34:00,tablet,home,134,234.11
U127,P088,click,2026-04-04 17:38:00,desktop,home,327,119.82
U043,P067,click,2026-04-04 17:38:00,tablet,clothing,546,459.34
U355,P085,add_to_cart,2026-04-04 17:39:00,desktop,beauty,412,164.72
U097,P090,click,2026-04-04 17:39:00,tablet,clothing,568,252.28
U136,P016,click,2026-04-04 17:40:00,mobile,electronics,292,184.81
U382,P060,view,2026-04-04 17:41:00,tablet,beauty,298,84.4
U138,P045,click,2026-04-04 17:41:00,mobile,electronics,348,414.62
U360,P096,view,2026-04-04 17:42:00,tablet,clothing,135,323.91
U485,P063,click,2026-04-04 17:42:00,desktop,clothing,320,248.73
U237,P091,click,2026-04-04 17:42:00,mobile,electronics,508,88.48
U230,P022,click,2026-04-04 17:43:00,tablet,clothing,365,18.86
U309,P075,view,2026-04-04 17:44:00,mobile,beauty,291,373.66
U091,P046,click,2026-04-04 17:44:00,tablet,beauty,189,72.17
U236,P022,view,2026-04-04 17:48:00,desktop,home,100,405.22
U295,P036,click,2026-04-04 17:49:00,tablet,beauty,462,347.94
U153,P077,click,2026-04-04 17:49:00,mobile,home,529,360.17
U114,P076,click,2026-04-04 17:50:00,desktop,clothing,289,101.23
U149,P071,view,2026-04-04 17:51:00,mobile,electronics,84,215.22
U242,P081,view,2026-04-04 17:51:00,mobile,clothing,338,265.28
U009,P094,click,2026-04-04 17:53:00,tablet,beauty,542,266.11
U487,P100,view,2026-04-04 17:53:00,mobile,beauty,204,27.47
U036,P038,add_to_cart,2026-04-04 17:53:00,desktop,home,530,189.37
U293,P081,click,2026-04-04 17:54:00,desktop,clothing,515,354.81
U193,P027,click,2026-04-04 17:54:00,tablet,electronics,178,14.96
U218,P040,view,2026-04-04 17:55:00,tablet,beauty,106,64.66
U136,P041,view,2026-04-04 17:55:00,mobile,beauty,332,204.98
U422,P063,view,2026-04-04 17:56:00,mobile,clothing,488,408.04
U158,P025,view,2026-04-04 17:56:00,tablet,electronics,189,257.82
U037,P071,view,2026-04-04 17:57:00,tablet,home,408,276.62
U124,P052,add_to_cart,2026-04-04 17:59:00,desktop,beauty,561,217.74
U070,P022,click,2026-04-04 17:59:00,mobile,electronics,535,276.49
U494,P069,view,2026-04-04 18:00:00,tablet,beauty,197,194.34
U055,P080,click,2026-04-04 18:01:00,tablet,electronics,417,336.96
U011,P089,click,2026-04-04 18:01:00,mobile,beauty,379,72.8
U223,P010,view,2026-04-04 18:02:00,mobile,electronics,186,433.73
U371,P008,click,2026-04-04 18:03:00,mobile,beauty,502,262.04
U049,P086,view,2026-04-04 18:03:00,mobile,home,179,154.66
U409,P078,click,2026-04-04 18:05:00,desktop,clothing,348,99.7
U382,P020,view,2026-04-04 18:08:00,tablet,home,123,358.54
U352,P013,click,2026-04-04 18:11:00,desktop,beauty,200,115.0
U434,P061,click,2026-04-04 18:13:00,desktop,electronics,352,396.68
U415,P074,view,2026-04-04 18:14:00,desktop,beauty,183,435.21
U231,P066,click,2026-04-04 18:17:00,desktop,beauty,277,80.2
U278,P003,view,2026-04-04 18:18:00,desktop,beauty,37,446.03
U157,P034,view,2026-04-04 18:18:00,mobile,clothing,81,110.3
U096,P099,add_to_cart,2026-04-04 18:19:00,desktop,clothing,356,140.26
U362,P077,click,2026-04-04 18:21:00,desktop,home,172,202.61
U208,P069,view,2026-04-04 18:22:00,tablet,home,438,349.4
U217,P003,click,2026-04-04 18:22:00,desktop,home,171,95.04
U174,P071,click,2026-04-04 18:23:00,desktop,beauty,279,475.02
U471,P096,view,2026-04-04 18:25:00,tablet,home,129,346.03
U267,P020,click,2026-04-04 18:25:00,mobile,clothing,324,93.55
U075,P027,view,2026-04-04 18:27:00,mobile,electronics,20,98.84
U172,P046,click,2026-04-04 18:27:00,desktop,electronics,192,43.13
U466,P032,click,2026-04-04 18:29:00,mobile,clothing,476,26.23
U479,P099,view,2026-04-04 18:31:00,tablet,beauty,204,95.46
U005,P067,add_to_cart,2026-04-04 18:37:00,desktop,electronics,463,53.73
U044,P075,click,2026-04-04 18:37:00,mobile,electronics,401,195.85
U074,P079,view,2026-04-04 18:38:00,tablet,clothing,29,54.3
U045,P057,click,2026-04-04 18:38:00,mobile,home,588,320.33
U147,P070,add_to_cart,2026-04-04 18:39:00,tablet,electronics,454,192.18
U333,P071,click,2026-04-04 18:39:00,tablet,home,596,406.52
U489,P094,click,2026-04-04 18:40:00,tablet,clothing,450,197.29
U433,P057,view,2026-04-04 18:42:00,tablet,beauty,214,336.97
U083,P081,click,2026-04-04 18:44:00,mobile,home,539,248.77
U114,P079,click,2026-04-04 18:44:00,mobile,clothing,558,299.53
U309,P055,add_to_cart,2026-04-04 18:45:00,tablet,beauty,593,93.58
U447,P007,view,2026-04-04 18:47:00,mobile,beauty,64,174.83
U307,P054,click,2026-04-04 18:47:00,desktop,home,487,298.25
U324,P100,click,2026-04-04 18:50:00,tablet,beauty,478,340.43
U116,P089,click,2026-04-04 18:50:00,desktop,home,302,165.78
U372,P028,click,2026-04-04 18:50:00,tablet,electronics,555,444.65
U307,P017,click,2026-04-04 18:51:00,mobile,clothing,443,40.2
U337,P054,add_to_cart,2026-04-04 18:51:00,tablet,electronics,558,175.3
U076,P022,view,2026-04-04 18:52:00,tablet,beauty,289,370.86
U068,P011,view,2026-04-04 18:54:00,desktop,home,17,486.83
U234,P061,click,2026-04-04 18:55:00,tablet,beauty,274,136.78
U220,P006,click,2026-04-04 18:56:00,desktop,electronics,269,197.61
U429,P012,click,2026-04-04 18:56:00,tablet,electronics,479,435.08
U259,P036,click,2026-04-04 18:58:00,tablet,electronics,147,32.89
U085,P052,view,2026-04-04 19:00:00,mobile,clothing,408,459.68
U323,P058,view,2026-04-04 19:00:00,mobile,electronics,79,196.23
U200,P026,view,2026-04-04 19:01:00,mobile,electronics,43,420.76
U207,P049,click,2026-04-04 19:03:00,desktop,beauty,16,37.84
U473,P018,add_to_cart,2026-04-04 19:04:00,desktop,electronics,473,233.27
U424,P057,view,2026-04-04 19:04:00,mobile,electronics,153,75.53
U476,P071,add_to_cart,2026-04-04 19:06:00,desktop,clothing,510,354.29
U199,P002,click,2026-04-04 19:06:00,desktop,beauty,479,349.04
U228,P047,click,2026-04-04 19:06:00,mobile,electronics,436,15.32
U116,P083,view,2026-04-04 19:07:00,tablet,beauty,91,129.0
U473,P057,click,2026-04-04 19:08:00,desktop,home,216,349.09
U035,P005,click,2026-04-04 19:11:00,desktop,beauty,342,345.47
U430,P069,click,2026-04-04 19:12:00,desktop,home,177,26.21
U446,P060,add_to_cart,2026-04-04 19:15:00,tablet,electronics,437,146.18
U364,P093,click,2026-04-04 19:17:00,mobile,home,516,353.36
U404,P030,add_to_cart,2026-04-04 19:18:00,tablet,electronics,592,260.67
U136,P006,add_to_cart,2026-04-04 19:18:00,desktop,home,327,44.35
U499,P040,view,2026-04-04 19:19:00,tablet,beauty,396,411.45
U160,P069,click,2026-04-04 19:22:00,tablet,beauty,452,366.77
U143,P024,view,2026-04-04 19:23:00,mobile,beauty,31,484.05
U019,P054,click,2026-04-04 19:23:00,desktop,beauty,246,328.09
U403,P055,view,2026-04-04 19:24:00,tablet,clothing,416,436.12
U401,P021,view,2026-04-04 19:25:00,tablet,home,248,391.06
U263,P006,view,2026-04-04 19:25:00,desktop,clothing,111,121.21
U219,P099,add_to_cart,2026-04-04 19:27:00,desktop,home,394,16.19
U259,P029,add_to_cart,2026-04-04 19:28:00,desktop,clothing,505,217.22
U285,P094,click,2026-04-04 19:29:00,mobile,beauty,391,269.86
U005,P032,add_to_cart,2026-04-04 19:29:00,tablet,clothing,552,38.85
U274,P074,view,2026-04-04 19:30:00,tablet,beauty,187,60.58
U388,P052,view,2026-04-04 19:32:00,tablet,beauty,134,157.61
U111,P024,click,2026-04-04 19:32:00,mobile,home,510,148.88
U375,P054,view,2026-04-04 19:32:00,mobile,home,141,280.32
U472,P053,click,2026-04-04 19:33:00,mobile,home,270,140.38
U457,P093,view,2026-04-04 19:33:00,tablet,electronics,21,359.23
U386,P044,view,2026-04-04 19:34:00,tablet,electronics,92,429.36
U424,P028,click,2026-04-04 19:34:00,mobile,electronics,499,487.62
U043,P091,view,2026-04-04 19:36:00,mobile,clothing,145,478.32
U118,P053,click,2026-04-04 19:36:00,tablet,electronics,496,311.48
U275,P095,view,2026-04-04 19:38:00,tablet,clothing,85,84.07
U282,P017,click,2026-04-04 19:39:00,desktop,beauty,233,171.33
U048,P097,view,2026-04-04 19:39:00,tablet,clothing,259,99.72
U297,P044,click,2026-04-04 19:44:00,desktop,home,228,188.15
U420,P045,click,2026-04-04 19:45:00,desktop,clothing,475,378.26
U484,P027,view,2026-04-04 19:47:00,desktop,clothing,122,318.75
U344,P053,add_to_cart,2026-04-04 19:48:00,mobile,clothing,591,53.37
U191,P049,click,2026-04-04 19:49:00,tablet,beauty,370,185.28
U400,P043,view,2026-04-04 19:49:00,mobile,clothing,59,253.06
U051,P055,view,2026-04-04 19:49:00,mobile,home,296,347.28
U457,P014,click,2026-04-04 19:51:00,desktop,beauty,407,53.35
U463,P056,click,2026-04-04 19:55:00,desktop,beauty,277,251.62
U326,P052,view,2026-04-04 19:55:00,tablet,electronics,128,351.43
U153,P064,view,2026-04-04 19:56:00,desktop,beauty,103,493.31
U419,P055,view,2026-04-04 19:57:00,desktop,home,69,470.82
U202,P099,add_to_cart,2026-04-04 19:58:00,mobile,electronics,558,89.72
U287,P010,click,2026-04-04 19:59:00,desktop,clothing,481,144.45
U260,P052,view,2026-04-04 19:59:00,tablet,clothing,65,45.37
U450,P013,view,2026-04-04 20:01:00,tablet,beauty,297,140.38
U377,P040,view,2026-04-04 20:02:00,mobile,home,157,388.88
U087,P062,click,2026-04-04 20:02:00,tablet,beauty,297,169.88
U330,P067,click,2026-04-04 20:03:00,mobile,electronics,451,432.5
U422,P004,view,2026-04-04 20:03:00,tablet,beauty,85,297.75
U370,P099,click,2026-04-04 20:04:00,mobile,clothing,343,109.87
U276,P054,view,2026-04-04 20:04:00,mobile,home,201,402.41
U399,P038,click,2026-04-04 20:04:00,tablet,electronics,376,203.49
U045,P013,view,2026-04-04 20:05:00,mobile,clothing,378,364.72
U144,P048,view,2026-04-04 20:06:00,tablet,beauty,339,426.96
U273,P037,add_to_cart,2026-04-04 20:08:00,desktop,beauty,406,10.11
U030,P032,click,2026-04-04 20:08:00,desktop,beauty,462,252.7
U494,P090,click,2026-04-04 20:08:00,mobile,clothing,571,482.45
U186,P012,view,2026-04-04 20:11:00,tablet,beauty,87,76.63
U079,P014,add_to_cart,2026-04-04 20:11:00,desktop,electronics,300,158.89
U237,P052,view,2026-04-04 20:11:00,tablet,beauty,13,248.07
U129,P081,view,2026-04-04 20:11:00,mobile,home,129,192.53
U465,P094,view,2026-04-04 20:14:00,mobile,electronics,232,375.27
U194,P050,view,2026-04-04 20:15:00,tablet,home,161,316.38
U282,P077,view,2026-04-04 20:15:00,desktop,beauty,137,484.96
U200,P052,click,2026-04-04 20:15:00,desktop,home,249,88.06
U072,P039,view,2026-04-04 20:16:00,tablet,electronics,188,157.67
U340,P079,click,2026-04-04 20:16:00,desktop,electronics,524,495.31
U454,P063,click,2026-04-04 20:16:00,desktop,beauty,230,222.04
U127,P005,view,2026-04-04 20:19:00,desktop,beauty,85,20.04
U008,P052,click,2026-04-04 20:20:00,mobile,electronics,287,98.95
U392,P042,click,2026-04-04 20:21:00,desktop,home,92,175.66
U434,P047,view,2026-04-04 20:21:00,mobile,clothing,182,244.95
U234,P068,add_to_cart,2026-04-04 20:21:00,tablet,clothing,519,126.34
U125,P097,click,2026-04-04 20:22:00,mobile,electronics,486,317.2
U019,P097,click,2026-04-04 20:22:00,mobile,beauty,592,336.04
U150,P033,view,2026-04-04 20:24:00,tablet,home,410,477.55
U391,P055,click,2026-04-04 20:25:00,tablet,beauty,419,11.26
U074,P061,click,2026-04-04 20:26:00,mobile,beauty,495,189.48
U141,P034,view,2026-04-04 20:29:00,tablet,clothing,152,468.01
U254,P082,click,2026-04-04 20:30:00,desktop,home,335,279.78
U157,P090,click,2026-04-04 20:32:00,mobile,beauty,569,44.76
U442,P068,add_to_cart,2026-04-04 20:32:00,desktop,electronics,291,181.35
U177,P006,view,2026-04-04 20:32:00,mobile,beauty,45,70.35
U185,P010,click,2026-04-04 20:33:00,tablet,beauty,459,101.54
U153,P079,click,2026-04-04 20:34:00,desktop,clothing,230,194.9
U027,P036,click,2026-04-04 20:36:00,mobile,clothing,479,22.99
U427,P077,view,2026-04-04 20:36:00,mobile,clothing,232,177.58
U176,P076,view,2026-04-04 20:37:00,desktop,clothing,96,335.74
U412,P013,view,2026-04-04 20:38:00,tablet,clothing,242,102.25
U196,P055,click,2026-04-04 20:38:00,desktop,clothing,304,185.8
U428,P040,view,2026-04-04 20:38:00,mobile,clothing,253,79.66
U127,P048,view,2026-04-04 20:40:00,mobile,electronics,154,485.42
U144,P089,view,2026-04-04 20:43:00,tablet,beauty,114,177.72
U258,P053,view,2026-04-04 20:43:00,tablet,electronics,241,262.93
U237,P005,click,2026-04-04 20:45:00,mobile,beauty,558,390.95
U492,P060,click,2026-04-04 20:45:00,desktop,home,180,228.16
U484,P091,view,2026-04-04 20:46:00,mobile,beauty,219,338.39
U318,P001,click,2026-04-04 20:46:00,tablet,electronics,335,104.65
U473,P079,add_to_cart,2026-04-04 20:49:00,desktop,electronics,574,170.01
U144,P055,click,2026-04-04 20:53:00,desktop,home,347,353.55
U187,P091,click,2026-04-04 20:53:00,mobile,clothing,178,94.52
U200,P077,click,2026-04-04 20:54:00,desktop,home,380,49.35
U029,P060,click,2026-04-04 20:54:00,mobile,beauty,579,121.41
U414,P048,view,2026-04-04 20:57:00,desktop,home,134,230.12
U226,P035,add_to_cart,2026-04-04 20:57:00,tablet,electronics,577,223.27
U348,P099,view,2026-04-04 20:57:00,tablet,home,240,191.77
U296,P041,view,2026-04-04 20:58:00,mobile,electronics,293,313.54
U412,P034,click,2026-04-04 21:02:00,desktop,clothing,437,475.36
U102,P006,click,2026-04-04 21:02:00,desktop,clothing,247,147.19
U097,P029,view,2026-04-04 21:02:00,mobile,electronics,312,437.43
U226,P082,add_to_cart,2026-04-04 21:03:00,tablet,home,534,96.99
U072,P062,click,2026-04-04 21:05:00,tablet,beauty,281,16.4
U359,P043,click,2026-04-04 21:07:00,mobile,beauty,410,457.89
U376,P041,add_to_cart,2026-04-04 21:07:00,desktop,beauty,386,156.23
U047,P072,click,2026-04-04 21:10:00,desktop,home,427,199.59
U254,P094,view,2026-04-04 21:12:00,tablet,beauty,111,478.26
U475,P004,click,2026-04-04 21:12:00,desktop,clothing,188,97.65
U048,P055,click,2026-04-04 21:13:00,desktop,home,512,363.78
U334,P089,view,2026-04-04 21:15:00,tablet,beauty,44,371.0
U047,P067,click,2026-04-04 21:17:00,tablet,home,319,54.04
U407,P002,click,2026-04-04 21:17:00,tablet,beauty,314,39.01
U359,P038,view,2026-04-04 21:18:00,desktop,home,215,466.38
U312,P082,click,2026-04-04 21:19:00,tablet,clothing,590,172.62
U410,P035,click,2026-04-04 21:19:00,desktop,beauty,339,148.74
U361,P094,click,2026-04-04 21:20:00,tablet,clothing,531,459.14
U195,P003,view,2026-04-04 21:20:00,desktop,electronics,105,441.46
U239,P082,click,2026-04-04 21:20:00,desktop,clothing,520,432.27
U005,P083,view,2026-04-04 21:22:00,desktop,home,131,321.16
U155,P065,click,2026-04-04 21:23:00,tablet,electronics,145,158.5
U470,P018,view,2026-04-04 21:26:00,tablet,beauty,223,369.82
U209,P030,click,2026-04-04 21:28:00,desktop,home,153,43.37
U412,P059,view,2026-04-04 21:29:00,mobile,electronics,311,402.19
U330,P043,click,2026-04-04 21:29:00,tablet,beauty,502,263.35
U381,P012,click,2026-04-04 21:30:00,tablet,home,590,173.44
U465,P067,view,2026-04-04 21:30:00,desktop,home,258,482.2
U230,P079,click,2026-04-04 21:32:00,mobile,clothing,543,82.4
U337,P052,view,2026-04-04 21:34:00,mobile,home,201,370.39
U493,P041,click,2026-04-04 21:36:00,desktop,beauty,290,465.52
U079,P037,click,2026-04-04 21:36:00,mobile,home,514,210.26
U250,P098,view,2026-04-04 21:37:00,tablet,clothing,144,290.43
U018,P053,click,2026-04-04 21:38:00,desktop,beauty,320,437.57
U170,P038,view,2026-04-04 21:38:00,mobile,electronics,12,135.62
U214,P027,view,2026-04-04 21:39:00,tablet,clothing,369,394.0
U187,P082,view,2026-04-04 21:40:00,tablet,electronics,15,252.07
U259,P100,view,2026-04-04 21:41:00,tablet,home,249,468.01
U477,P015,view,2026-04-04 21:45:00,mobile,electronics,41,217.95
U052,P017,view,2026-04-04 21:45:00,tablet,clothing,262,252.08
U065,P093,add_to_cart,2026-04-04 21:45:00,mobile,electronics,596,298.07
U104,P081,view,2026-04-04 21:45:00,mobile,clothing,180,39.46
U421,P039,view,2026-04-04 21:46:00,tablet,beauty,103,357.83
U156,P055,view,2026-04-04 21:47:00,mobile,home,284,253.46
U410,P018,add_to_cart,2026-04-04 21:48:00,tablet,home,512,15.54
U001,P068,view,2026-04-04 21:48:00,desktop,clothing,16,237.52
U128,P047,view,2026-04-04 21:50:00,tablet,clothing,270,423.56
U359,P012,click,2026-04-04 21:52:00,desktop,beauty,180,145.88
U404,P044,click,2026-04-04 21:53:00,mobile,electronics,382,399.69
U136,P056,view,2026-04-04 21:54:00,mobile,clothing,178,347.65
U233,P060,click,2026-04-04 21:54:00,tablet,beauty,562,371.92
U177,P049,click,2026-04-04 21:55:00,tablet,home,367,117.15
U259,P086,view,2026-04-04 21:55:00,mobile,clothing,214,371.69
U420,P094,view,2026-04-04 21:55:00,tablet,beauty,205,84.56
U036,P068,click,2026-04-04 21:59:00,desktop,clothing,448,292.48
U482,P018,add_to_cart,2026-04-04 22:00:00,desktop,home,438,68.77
U211,P023,click,2026-04-04 22:02:00,desktop,clothing,83,31.83
U181,P096,click,2026-04-04 22:03:00,desktop,beauty,573,373.19
U070,P053,click,2026-04-04 22:03:00,tablet,clothing,371,31.58
U371,P082,view,2026-04-04 22:04:00,mobile,electronics,52,235.81
U311,P042,click,2026-04-04 22:04:00,mobile,clothing,399,123.27
U401,P023,click,2026-04-04 22:07:00,tablet,home,420,214.35
U420,P007,click,2026-04-04 22:07:00,desktop,home,261,17.76
U255,P092,click,2026-04-04 22:07:00,mobile,home,453,74.74
U006,P035,click,2026-04-04 22:07:00,tablet,home,518,148.95
U442,P042,click,2026-04-04 22:08:00,desktop,beauty,240,367.43
U266,P097,view,2026-04-04 22:08:00,mobile,home,24,41.17
U293,P028,view,2026-04-04 22:09:00,desktop,beauty,131,415.11
U240,P043,click,2026-04-04 22:11:00,tablet,electronics,455,179.86
U455,P079,view,2026-04-04 22:11:00,tablet,home,93,161.14
U218,P002,add_to_cart,2026-04-04 22:12:00,desktop,beauty,596,155.02
U247,P097,view,2026-04-04 22:12:00,tablet,beauty,348,282.93
U333,P045,view,2026-04-04 22:13:00,tablet,beauty,278,202.85
U027,P005,view,2026-04-04 22:14:00,desktop,clothing,151,188.45
U412,P012,add_to_cart,2026-04-04 22:15:00,desktop,electronics,350,198.94
U199,P033,view,2026-04-04 22:17:00,mobile,home,225,234.59
U027,P071,click,2026-04-04 22:17:00,mobile,home,392,18.49
U041,P012,add_to_cart,2026-04-04 22:18:00,tablet,beauty,575,73.92
U121,P071,click,2026-04-04 22:19:00,mobile,electronics,526,369.42
U354,P046,view,2026-04-04 22:19:00,tablet,beauty,80,22.46
U155,P009,view,2026-04-04 22:20:00,mobile,clothing,103,421.43
U105,P018,view,2026-04-04 22:20:00,tablet,beauty,120,463.61
U362,P021,add_to_cart,2026-04-04 22:20:00,desktop,electronics,528,264.06
U156,P040,view,2026-04-04 22:20:00,tablet,beauty,241,357.36
U205,P094,click,2026-04-04 22:21:00,desktop,electronics,350,362.84
U115,P020,view,2026-04-04 22:24:00,tablet,clothing,164,29.88
U478,P016,view,2026-04-04 22:24:00,tablet,home,156,29.54
U391,P095,view,2026-04-04 22:25:00,tablet,home,170,195.71
U238,P014,view,2026-04-04 22:26:00,mobile,clothing,95,478.54
U312,P060,add_to_cart,2026-04-04 22:31:00,desktop,electronics,402,309.53
U310,P008,click,2026-04-04 22:32:00,mobile,electronics,171,158.14
U296,P052,click,2026-04-04 22:33:00,mobile,home,303,227.58
U300,P051,view,2026-04-04 22:33:00,tablet,home,239,320.47
U203,P021,view,2026-04-04 22:34:00,desktop,beauty,32,427.18
U083,P031,click,2026-04-04 22:34:00,mobile,clothing,366,145.73
U390,P055,add_to_cart,2026-04-04 22:36:00,desktop,home,554,209.87
U385,P078,view,2026-04-04 22:36:00,desktop,home,84,452.01
U128,P085,view,2026-04-04 22:37:00,mobile,electronics,193,155.85
U035,P029,view,2026-04-04 22:38:00,mobile,electronics,179,203.89
U279,P091,view,2026-04-04 22:39:00,tablet,beauty,102,178.53
U035,P033,view,2026-04-04 22:40:00,mobile,beauty,42,76.55
U274,P079,view,2026-04-04 22:41:00,tablet,electronics,267,476.47
U040,P056,click,2026-04-04 22:42:00,mobile,clothing,439,457.11
U153,P059,click,2026-04-04 22:42:00,mobile,clothing,438,168.96
U224,P023,view,2026-04-04 22:42:00,tablet,beauty,299,228.58
U224,P086,view,2026-04-04 22:42:00,tablet,home,161,378.04
U218,P029,click,2026-04-04 22:43:00,tablet,electronics,249,36.9
U024,P024,view,2026-04-04 22:45:00,tablet,clothing,111,445.23
U456,P060,click,2026-04-04 22:46:00,mobile,clothing,318,24.42
U246,P048,view,2026-04-04 22:47:00,mobile,clothing,179,186.37
U226,P009,add_to_cart,2026-04-04 22:47:00,desktop,beauty,566,70.38
U163,P023,click,2026-04-04 22:48:00,desktop,home,384,289.91
U470,P061,view,2026-04-04 22:50:00,mobile,beauty,208,344.01
U127,P010,click,2026-04-04 22:52:00,tablet,home,207,56.39
U096,P008,add_to_cart,2026-04-04 22:52:00,desktop,beauty,568,37.86
U304,P007,view,2026-04-04 22:54:00,mobile,home,176,47.0
U243,P033,view,2026-04-04 22:54:00,mobile,clothing,108,279.66
U243,P054,click,2026-04-04 22:55:00,desktop,electronics,10,157.39
U035,P070,click,2026-04-04 22:55:00,desktop,clothing,277,236.68
U130,P092,view,2026-04-04 22:55:00,tablet,home,230,430.26
U011,P078,view,2026-04-04 22:55:00,tablet,electronics,88,383.72
U337,P038,view,2026-04-04 22:55:00,mobile,beauty,107,385.87
U112,P078,add_to_cart,2026-04-04 22:56:00,desktop,clothing,587,437.41
U314,P083,click,2026-04-04 22:57:00,mobile,home,181,76.75
U375,P003,click,2026-04-04 22:58:00,tablet,home,421,72.56
U402,P088,view,2026-04-04 23:00:00,tablet,clothing,154,287.22
U094,P033,view,2026-04-04 23:02:00,mobile,home,327,309.68
U334,P091,click,2026-04-04 23:02:00,tablet,clothing,490,346.26
U027,P085,click,2026-04-04 23:02:00,tablet,electronics,502,460.31
U024,P066,view,2026-04-04 23:04:00,tablet,home,74,452.91
U076,P091,view,2026-04-04 23:04:00,mobile,home,447,485.11
U344,P045,click,2026-04-04 23:07:00,desktop,clothing,249,260.62
U089,P062,click,2026-04-04 23:08:00,desktop,beauty,221,344.36
U354,P052,add_to_cart,2026-04-04 23:08:00,desktop,electronics,556,276.47
U306,P022,view,2026-04-04 23:10:00,mobile,electronics,180,123.79
U079,P011,click,2026-04-04 23:11:00,desktop,clothing,354,275.13
U389,P025,view,2026-04-04 23:12:00,tablet,home,34,134.9
U477,P024,add_to_cart,2026-04-04 23:13:00,desktop,beauty,279,12.82
U116,P064,click,2026-04-04 23:14:00,tablet,clothing,253,75.94
U310,P062,view,2026-04-04 23:15:00,mobile,electronics,32,476.79
U041,P063,click,2026-04-04 23:16:00,mobile,home,538,170.64
U371,P029,click,2026-04-04 23:18:00,desktop,beauty,289,334.16
U488,P063,click,2026-04-04 23:19:00,tablet,electronics,339,134.62
U323,P014,view,2026-04-04 23:20:00,mobile,home,205,237.09
U303,P098,click,2026-04-04 23:20:00,tablet,beauty,360,115.84
U183,P045,add_to_cart,2026-04-04 23:20:00,desktop,clothing,594,175.53
U247,P045,view,2026-04-04 23:20:00,mobile,home,147,152.02
U353,P085,click,2026-04-04 23:21:00,desktop,beauty,389,300.93
U386,P073,view,2026-04-04 23:22:00,tablet,clothing,297,228.0
U284,P085,view,2026-04-04 23:22:00,tablet,home,139,289.22
U438,P013,view,2026-04-04 23:23:00,mobile,electronics,219,275.34
U073,P037,click,2026-04-04 23:25:00,tablet,beauty,532,138.3
U225,P075,view,2026-04-04 23:25:00,mobile,beauty,104,312.78
U003,P004,click,2026-04-04 23:29:00,tablet,electronics,407,67.08
U124,P033,add_to_cart,2026-04-04 23:30:00,tablet,beauty,519,179.02
U400,P099,view,2026-04-04 23:31:00,mobile,home,114,294.84
U031,P100,view,2026-04-04 23:33:00,desktop,home,146,433.49
U379,P048,click,2026-04-04 23:33:00,desktop,beauty,390,262.32
U084,P055,click,2026-04-04 23:34:00,desktop,electronics,256,342.75
U222,P003,view,2026-04-04 23:35:00,tablet,clothing,260,47.67
U263,P044,view,2026-04-04 23:35:00,tablet,electronics,189,348.66
U452,P028,view,2026-04-04 23:36:00,tablet,home,285,118.59
U482,P013,view,2026-04-04 23:37:00,mobile,clothing,29,228.35
U478,P063,view,2026-04-04 23:39:00,mobile,home,111,396.42
U450,P077,click,2026-04-04 23:39:00,mobile,beauty,478,464.31
U110,P056,click,2026-04-04 23:41:00,tablet,clothing,445,258.69
U011,P079,click,2026-04-04 23:43:00,desktop,electronics,271,159.3
U040,P048,click,2026-04-04 23:44:00,desktop,electronics,29,105.09
U342,P051,add_to_cart,2026-04-04 23:44:00,desktop,electronics,545,265.75
U076,P067,view,2026-04-04 23:46:00,mobile,beauty,202,237.57
U062,P089,click,2026-04-04 23:46:00,desktop,home,295,187.54
U015,P049,click,2026-04-04 23:48:00,desktop,electronics,581,413.47
U040,P091,view,2026-04-04 23:49:00,mobile,clothing,444,420.68
U243,P004,view,2026-04-04 23:51:00,mobile,beauty,440,466.37
U468,P011,view,2026-04-04 23:52:00,mobile,clothing,61,173.04
U377,P081,add_to_cart,2026-04-04 23:52:00,desktop,beauty,518,253.6
U400,P018,click,2026-04-04 23:54:00,mobile,clothing,478,343.55
U325,P018,click,2026-04-04 23:57:00,desktop,electronics,271,305.37
U345,P064,click,2026-04-04 23:57:00,mobile,clothing,458,360.48
U035,P099,view,2026-04-05 00:00:00,tablet,beauty,371,473.38
U464,P007,click,2026-04-05 00:02:00,tablet,beauty,467,56.85
U312,P078,view,2026-04-05 00:03:00,desktop,clothing,40,215.87
U459,P068,view,2026-04-05 00:03:00,tablet,beauty,223,296.85
U314,P016,view,2026-04-05 00:07:00,desktop,clothing,36,425.54
U254,P011,click,2026-04-05 00:07:00,tablet,beauty,355,198.65
U088,P056,click,2026-04-05 00:08:00,mobile,home,490,227.24
U478,P061,view,2026-04-05 00:08:00,tablet,electronics,399,459.85
U092,P045,click,2026-04-05 00:09:00,tablet,clothing,558,446.36
U412,P020,click,2026-04-05 00:09:00,mobile,electronics,301,116.25
U013,P002,click,2026-04-05 00:09:00,tablet,electronics,335,134.67
U050,P057,click,2026-04-05 00:10:00,tablet,clothing,191,125.32
U291,P010,click,2026-04-05 00:12:00,desktop,clothing,140,207.42
U135,P062,view,2026-04-05 00:12:00,mobile,beauty,33,98.82
U289,P096,add_to_cart,2026-04-05 00:13:00,desktop,beauty,556,156.81
U367,P068,view,2026-04-05 00:13:00,mobile,home,188,249.73
U063,P033,view,2026-04-05 00:14:00,mobile,home,291,487.6
U446,P027,add_to_cart,2026-04-05 00:15:00,desktop,beauty,363,161.8
U438,P037,add_to_cart,2026-04-05 00:15:00,desktop,electronics,397,68.53
U378,P099,click,2026-04-05 00:15:00,desktop,beauty,290,85.6
U259,P064,view,2026-04-05 00:16:00,tablet,home,293,250.62
U147,P005,click,2026-04-05 00:20:00,mobile,electronics,464,334.52
U306,P043,click,2026-04-05 00:20:00,desktop,beauty,240,13.75
U203,P018,click,2026-04-05 00:22:00,desktop,beauty,276,186.12
U432,P057,click,2026-04-05 00:22:00,mobile,beauty,362,219.97
U148,P063,click,2026-04-05 00:23:00,desktop,home,424,443.92
U100,P026,click,2026-04-05 00:23:00,desktop,home,214,38.01
U108,P053,view,2026-04-05 00:24:00,tablet,beauty,268,375.62
U425,P085,click,2026-04-05 00:25:00,tablet,clothing,332,182.89
U214,P060,view,2026-04-05 00:25:00,desktop,home,93,428.98
U176,P061,add_to_cart,2026-04-05 00:26:00,tablet,electronics,405,94.82
U373,P029,view,2026-04-05 00:27:00,desktop,beauty,191,227.99
U060,P005,view,2026-04-05 00:27:00,tablet,clothing,148,254.8
U377,P100,add_to_cart,2026-04-05 00:28:00,mobile,electronics,415,76.73
U412,P009,view,2026-04-05 00:29:00,desktop,home,317,433.07
U078,P096,view,2026-04-05 00:30:00,tablet,home,90,342.04
U454,P007,view,2026-04-05 00:32:00,desktop,clothing,200,354.76
U022,P030,view,2026-04-05 00:33:00,mobile,electronics,200,495.61
U034,P096,click,2026-04-05 00:34:00,tablet,clothing,231,37.53
U086,P100,view,2026-04-05 00:35:00,desktop,beauty,14,287.45
U297,P005,add_to_cart,2026-04-05 00:35:00,desktop,beauty,360,75.43
U035,P005,click,2026-04-05 00:37:00,tablet,clothing,554,361.42
U393,P001,view,2026-04-05 00:37:00,tablet,beauty,51,331.68
U235,P073,view,2026-04-05 00:37:00,tablet,electronics,130,337.58
U123,P092,view,2026-04-05 00:38:00,mobile,electronics,32,308.06
U239,P046,click,2026-04-05 00:43:00,mobile,home,393,260.18
U384,P053,view,2026-04-05 00:43:00,tablet,electronics,199,342.51
U425,P042,view,2026-04-05 00:44:00,mobile,clothing,50,287.98
U149,P086,view,2026-04-05 00:49:00,tablet,beauty,70,163.35
U120,P053,click,2026-04-05 00:49:00,desktop,home,131,95.96
U452,P026,click,2026-04-05 00:49:00,mobile,home,503,320.28
U422,P041,click,2026-04-05 00:50:00,tablet,clothing,427,273.2
U349,P021,view,2026-04-05 00:50:00,mobile,clothing,228,331.61
U198,P059,add_to_cart,2026-04-05 00:53:00,desktop,clothing,436,244.39
U142,P039,add_to_cart,2026-04-05 00:53:00,desktop,clothing,432,40.17
U289,P068,click,2026-04-05 00:53:00,tablet,clothing,540,374.91
U336,P013,view,2026-04-05 00:54:00,tablet,home,50,365.95
U344,P060,click,2026-04-05 00:54:00,desktop,beauty,383,271.58
U150,P029,click,2026-04-05 01:00:00,tablet,clothing,399,63.75
U184,P018,add_to_cart,2026-04-05 01:00:00,desktop,electronics,292,138.29
U296,P059,click,2026-04-05 01:01:00,desktop,beauty,245,483.04
U500,P056,click,2026-04-05 01:02:00,tablet,beauty,454,219.64
U331,P074,click,2026-04-05 01:02:00,desktop,clothing,528,463.43
U166,P037,view,2026-04-05 01:04:00,tablet,home,562,424.13
U207,P038,click,2026-04-05 01:05:00,mobile,electronics,563,477.54
U016,P098,view,2026-04-05 01:05:00,tablet,home,125,219.2
U137,P048,click,2026-04-05 01:06:00,tablet,home,375,156.07
U342,P069,view,2026-04-05 01:07:00,tablet,home,60,47.24
U062,P057,click,2026-04-05 01:07:00,mobile,clothing,494,479.63
U093,P049,view,2026-04-05 01:08:00,desktop,clothing,256,340.4
U067,P090,click,2026-04-05 01:08:00,desktop,clothing,410,304.2
U037,P038,click,2026-04-05 01:08:00,tablet,home,356,30.09
U282,P064,click,2026-04-05 01:11:00,tablet,home,354,72.06
U029,P056,view,2026-04-05 01:12:00,mobile,electronics,334,452.1
U338,P070,click,2026-04-05 01:13:00,tablet,home,479,101.92
U107,P010,view,2026-04-05 01:13:00,mobile,clothing,293,473.59
U103,P010,click,2026-04-05 01:13:00,desktop,clothing,336,146.76
U128,P049,click,2026-04-05 01:15:00,desktop,home,371,355.11
U155,P037,click,2026-04-05 01:15:00,mobile,beauty,523,318.89
U194,P038,view,2026-04-05 01:15:00,desktop,beauty,107,390.18
U047,P087,click,2026-04-05 01:15:00,mobile,home,362,197.18
U320,P069,click,2026-04-05 01:16:00,tablet,clothing,508,153.27
U078,P072,view,2026-04-05 01:16:00,tablet,clothing,374,426.68
U156,P034,click,2026-04-05 01:18:00,tablet,electronics,479,460.14
U021,P027,view,2026-04-05 01:18:00,mobile,home,156,318.0
U171,P078,view,2026-04-05 01:18:00,tablet,home,234,120.6
U341,P030,click,2026-04-05 01:22:00,tablet,clothing,327,128.97
U155,P042,add_to_cart,2026-04-05 01:22:00,mobile,electronics,600,351.19
U428,P100,click,2026-04-05 01:22:00,mobile,clothing,410,281.66
U451,P018,click,2026-04-05 01:24:00,mobile,electronics,403,437.21
U437,P033,add_to_cart,2026-04-05 01:26:00,tablet,electronics,524,238.12
U030,P037,view,2026-04-05 01:28:00,mobile,home,131,218.45
U172,P050,click,2026-04-05 01:28:00,desktop,electronics,501,498.87
U333,P057,click,2026-04-05 01:28:00,mobile,beauty,573,237.27
U203,P047,view,2026-04-05 01:28:00,desktop,clothing,220,486.63
U437,P015,click,2026-04-05 01:29:00,mobile,beauty,450,147.55
U316,P034,click,2026-04-05 01:30:00,desktop,home,218,374.77
U378,P060,view,2026-04-05 01:31:00,tablet,beauty,229,313.26
U357,P064,view,2026-04-05 01:31:00,mobile,electronics,105,164.81
U325,P007,view,2026-04-05 01:32:00,mobile,beauty,82,131.81
U211,P084,view,2026-04-05 01:32:00,mobile,beauty,163,87.61
U446,P029,add_to_cart,2026-04-05 01:32:00,desktop,electronics,368,236.64
U270,P014,view,2026-04-05 01:32:00,desktop,clothing,211,429.56
U011,P080,view,2026-04-05 01:35:00,mobile,beauty,191,203.23
U448,P091,view,2026-04-05 01:35:00,tablet,beauty,109,227.9
U032,P039,view,2026-04-05 01:36:00,mobile,clothing,118,100.55
U413,P010,view,2026-04-05 01:37:00,tablet,clothing,347,465.19
U222,P041,click,2026-04-05 01:38:00,desktop,clothing,316,186.27
U397,P041,click,2026-04-05 01:38:00,tablet,electronics,454,393.24
U045,P045,click,2026-04-05 01:39:00,desktop,clothing,124,105.89
U378,P098,view,2026-04-05 01:40:00,tablet,home,193,283.71
U487,P029,add_to_cart,2026-04-05 01:41:00,desktop,clothing,476,171.63
U267,P034,view,2026-04-05 01:43:00,mobile,home,322,455.91
U098,P063,click,2026-04-05 01:45:00,desktop,electronics,59,189.68
U315,P088,view,2026-04-05 01:45:00,mobile,beauty,369,360.06
U143,P073,add_to_cart,2026-04-05 01:45:00,tablet,home,529,120.41
U136,P069,click,2026-04-05 01:46:00,tablet,beauty,499,43.99
U030,P011,click,2026-04-05 01:46:00,mobile,beauty,309,41.48
U301,P079,view,2026-04-05 01:46:00,tablet,clothing,16,169.17
U005,P042,view,2026-04-05 01:47:00,tablet,clothing,212,261.95
U216,P036,click,2026-04-05 01:47:00,tablet,home,408,119.07
U305,P048,click,2026-04-05 01:48:00,tablet,beauty,577,385.86
U380,P074,click,2026-04-05 01:48:00,tablet,home,517,91.27
U135,P090,view,2026-04-05 01:50:00,tablet,clothing,275,282.84
U031,P027,add_to_cart,2026-04-05 01:51:00,desktop,beauty,527,149.69
U290,P046,click,2026-04-05 01:52:00,tablet,electronics,351,400.59
U307,P068,add_to_cart,2026-04-05 01:52:00,desktop,home,469,139.14
U069,P037,click,2026-04-05 01:52:00,tablet,electronics,446,239.54
U264,P015,click,2026-04-05 01:53:00,desktop,home,522,344.87
U099,P050,click,2026-04-05 01:53:00,desktop,clothing,495,416.25
U470,P092,view,2026-04-05 01:54:00,mobile,electronics,393,342.54
U106,P072,add_to_cart,2026-04-05 01:54:00,desktop,home,569,351.43
U206,P070,click,2026-04-05 01:57:00,tablet,home,343,82.68
U377,P035,view,2026-04-05 01:59:00,desktop,clothing,87,485.88
U318,P029,click,2026-04-05 02:02:00,tablet,beauty,428,166.0
U481,P080,view,2026-04-05 02:03:00,mobile,home,29,444.21
U394,P008,view,2026-04-05 02:03:00,tablet,electronics,335,456.47
U116,P071,click,2026-04-05 02:05:00,tablet,home,419,186.67
U115,P078,click,2026-04-05 02:06:00,tablet,beauty,476,49.99
U101,P088,view,2026-04-05 02:09:00,mobile,beauty,234,188.92
U393,P076,add_to_cart,2026-04-05 02:12:00,mobile,electronics,483,129.29
U151,P007,click,2026-04-05 02:14:00,tablet,home,545,195.25
U152,P014,view,2026-04-05 02:14:00,mobile,beauty,388,456.9
U071,P093,click,2026-04-05 02:14:00,desktop,beauty,364,223.24
U126,P041,click,2026-04-05 02:14:00,desktop,electronics,217,187.93
U156,P097,view,2026-04-05 02:15:00,tablet,home,298,367.43
U479,P038,click,2026-04-05 02:15:00,desktop,clothing,462,437.52
U276,P006,click,2026-04-05 02:16:00,mobile,clothing,482,211.81
U472,P044,view,2026-04-05 02:17:00,tablet,beauty,471,377.75
U404,P046,add_to_cart,2026-04-05 02:17:00,mobile,electronics,562,74.25
U449,P065,view,2026-04-05 02:20:00,mobile,home,103,309.52
U491,P097,click,2026-04-05 02:20:00,mobile,home,325,68.76
U054,P051,click,2026-04-05 02:21:00,tablet,home,423,313.2
U313,P041,click,2026-04-05 02:21:00,desktop,clothing,133,234.14
U468,P059,view,2026-04-05 02:21:00,tablet,beauty,174,343.65
U132,P086,view,2026-04-05 02:23:00,mobile,home,19,449.33
U087,P036,click,2026-04-05 02:24:00,tablet,home,502,479.37
U411,P024,click,2026-04-05 02:24:00,tablet,electronics,333,332.37
U342,P024,click,2026-04-05 02:25:00,tablet,beauty,322,81.2
U077,P017,add_to_cart,2026-04-05 02:26:00,tablet,electronics,478,133.5
U024,P030,view,2026-04-05 02:27:00,tablet,beauty,92,198.62
U288,P078,add_to_cart,2026-04-05 02:28:00,mobile,electronics,561,383.58
U394,P059,view,2026-04-05 02:29:00,mobile,home,387,295.21
U007,P096,click,2026-04-05 02:29:00,tablet,clothing,358,337.52
U256,P008,view,2026-04-05 02:32:00,desktop,beauty,237,380.68
U331,P020,add_to_cart,2026-04-05 02:33:00,tablet,home,597,172.63
U395,P077,click,2026-04-05 02:33:00,desktop,home,321,447.95
U240,P080,click,2026-04-05 02:34:00,mobile,electronics,310,303.44
U207,P022,view,2026-04-05 02:34:00,tablet,electronics,141,212.16
U279,P094,view,2026-04-05 02:34:00,desktop,clothing,186,380.56
U421,P100,click,2026-04-05 02:36:00,mobile,home,331,208.48
U060,P002,view,2026-04-05 02:36:00,desktop,beauty,30,299.24
U117,P096,view,2026-04-05 02:36:00,mobile,home,357,454.13
U460,P004,view,2026-04-05 02:37:00,mobile,clothing,115,239.77
U129,P084,view,2026-04-05 02:38:00,desktop,beauty,37,363.53
U075,P055,click,2026-04-05 02:39:00,mobile,electronics,480,297.25
U266,P021,click,2026-04-05 02:39:00,mobile,clothing,478,144.98
U327,P093,click,2026-04-05 02:40:00,desktop,electronics,187,238.89
U091,P036,click,2026-04-05 02:40:00,desktop,electronics,276,380.97
U301,P020,view,2026-04-05 02:41:00,tablet,electronics,77,284.87
U327,P058,add_to_cart,2026-04-05 02:42:00,tablet,electronics,578,65.64
U358,P098,view,2026-04-05 02:43:00,tablet,home,477,444.7
U326,P055,view,2026-04-05 02:44:00,mobile,home,191,319.88
U390,P012,click,2026-04-05 02:45:00,desktop,electronics,367,425.16
U258,P094,view,2026-04-05 02:45:00,tablet,beauty,37,72.48
U094,P045,view,2026-04-05 02:48:00,mobile,home,317,350.17
U302,P053,add_to_cart,2026-04-05 02:48:00,mobile,electronics,322,26.86
U141,P063,click,2026-04-05 02:49:00,tablet,home,442,16.39
U424,P078,click,2026-04-05 02:49:00,tablet,clothing,523,398.94
U013,P032,view,2026-04-05 02:51:00,desktop,electronics,97,423.55
U235,P070,view,2026-04-05 02:52:00,desktop,home,128,165.36
U032,P062,click,2026-04-05 02:55:00,desktop,beauty,393,271.63
U262,P035,add_to_cart,2026-04-05 02:56:00,desktop,clothing,431,96.23
U490,P069,view,2026-04-05 02:57:00,desktop,clothing,264,326.76
U421,P076,add_to_cart,2026-04-05 02:58:00,desktop,electronics,237,161.97
U225,P009,view,2026-04-05 02:59:00,mobile,electronics,80,46.74
U336,P022,view,2026-04-05 03:00:00,tablet,electronics,293,360.28
U016,P028,click,2026-04-05 03:01:00,mobile,beauty,558,402.03
U339,P018,view,2026-04-05 03:03:00,mobile,electronics,138,306.81
U438,P037,add_to_cart,2026-04-05 03:03:00,mobile,clothing,551,60.28
U260,P080,click,2026-04-05 03:03:00,desktop,home,293,201.22
U148,P083,click,2026-04-05 03:03:00,tablet,electronics,414,320.25
U391,P091,view,2026-04-05 03:03:00,tablet,home,315,412.4
U265,P057,click,2026-04-05 03:04:00,tablet,home,535,191.56
U094,P014,add_to_cart,2026-04-05 03:05:00,desktop,electronics,563,47.59
U463,P090,view,2026-04-05 03:07:00,mobile,home,301,216.92
U419,P029,view,2026-04-05 03:07:00,mobile,home,14,111.86
U228,P012,view,2026-04-05 03:09:00,tablet,clothing,82,394.68
U266,P014,click,2026-04-05 03:09:00,mobile,home,587,25.98
U085,P036,add_to_cart,2026-04-05 03:09:00,desktop,electronics,435,234.55
U471,P047,click,2026-04-05 03:10:00,tablet,clothing,538,303.04
U313,P084,click,2026-04-05 03:11:00,mobile,clothing,412,40.89
U380,P037,view,2026-04-05 03:12:00,tablet,home,43,424.82
U149,P008,click,2026-04-05 03:13:00,desktop,clothing,373,192.0
U105,P037,view,2026-04-05 03:14:00,mobile,electronics,118,295.47
U461,P002,click,2026-04-05 03:14:00,mobile,home,437,475.65
U055,P010,view,2026-04-05 03:16:00,mobile,beauty,134,61.38
U136,P097,add_to_cart,2026-04-05 03:16:00,mobile,electronics,457,146.44
U462,P081,view,2026-04-05 03:16:00,tablet,home,514,476.36
U013,P028,view,2026-04-05 03:18:00,mobile,beauty,274,182.46
U008,P076,view,2026-04-05 03:19:00,tablet,home,411,299.23
U280,P069,click,2026-04-05 03:19:00,mobile,beauty,260,82.72
U142,P024,click,2026-04-05 03:20:00,tablet,electronics,453,480.34
U359,P057,view,2026-04-05 03:20:00,mobile,beauty,86,94.55
U208,P006,view,2026-04-05 03:20:00,tablet,home,68,81.12
U283,P096,view,2026-04-05 03:20:00,tablet,clothing,183,42.11
U076,P062,click,2026-04-05 03:24:00,desktop,home,252,87.61
U380,P024,add_to_cart,2026-04-05 03:24:00,mobile,electronics,568,43.97
U346,P051,click,2026-04-05 03:25:00,tablet,electronics,436,200.72
U120,P088,click,2026-04-05 03:25:00,desktop,home,304,141.8
U117,P074,view,2026-04-05 03:26:00,tablet,clothing,249,117.59
U067,P089,click,2026-04-05 03:26:00,tablet,clothing,568,152.28
U320,P004,view,2026-04-05 03:27:00,tablet,home,115,66.46
U078,P025,view,2026-04-05 03:27:00,tablet,beauty,217,450.72
U205,P042,view,2026-04-05 03:28:00,mobile,beauty,133,209.03
U199,P086,view,2026-04-05 03:28:00,desktop,electronics,184,401.4
U469,P067,click,2026-04-05 03:29:00,desktop,electronics,142,318.46
U476,P085,add_to_cart,2026-04-05 03:30:00,desktop,electronics,582,151.02
U216,P072,click,2026-04-05 03:32:00,desktop,home,302,11.58
U434,P097,click,2026-04-05 03:33:00,desktop,home,568,421.99
U350,P095,click,2026-04-05 03:33:00,desktop,clothing,403,285.97
U192,P067,view,2026-04-05 03:35:00,mobile,home,165,463.47
U270,P003,view,2026-04-05 03:36:00,tablet,beauty,150,43.68
U489,P073,view,2026-04-05 03:36:00,mobile,electronics,167,382.25
U038,P087,add_to_cart,2026-04-05 03:37:00,mobile,electronics,479,137.93
U151,P074,view,2026-04-05 03:38:00,mobile,electronics,132,114.43
U001,P035,click,2026-04-05 03:38:00,desktop,electronics,161,227.07
U496,P017,view,2026-04-05 03:38:00,tablet,clothing,455,425.59
U424,P032,click,2026-04-05 03:38:00,tablet,electronics,419,279.45
U100,P066,click,2026-04-05 03:39:00,mobile,beauty,433,19.4
U222,P074,add_to_cart,2026-04-05 03:39:00,desktop,electronics,584,167.64
U298,P014,view,2026-04-05 03:41:00,desktop,electronics,48,319.11
U039,P084,click,2026-04-05 03:41:00,desktop,home,384,337.8
U401,P003,view,2026-04-05 03:42:00,tablet,beauty,14,245.35
U389,P051,view,2026-04-05 03:43:00,desktop,home,383,425.77
U166,P077,click,2026-04-05 03:44:00,desktop,clothing,376,232.52
U307,P044,view,2026-04-05 03:46:00,tablet,electronics,189,329.77
U198,P042,add_to_cart,2026-04-05 03:47:00,desktop,beauty,441,73.29
U083,P059,view,2026-04-05 03:47:00,tablet,beauty,213,342.35
U463,P048,click,2026-04-05 03:48:00,desktop,clothing,301,65.77
U050,P093,click,2026-04-05 03:49:00,mobile,clothing,525,110.48
U452,P062,view,2026-04-05 03:51:00,mobile,beauty,25,218.89
U363,P046,view,2026-04-05 03:52:00,desktop,beauty,226,369.79
U162,P088,view,2026-04-05 03:52:00,mobile,clothing,379,226.31
U008,P066,add_to_cart,2026-04-05 03:53:00,desktop,electronics,585,103.08
U484,P006,click,2026-04-05 03:53:00,desktop,electronics,154,153.3
U444,P007,add_to_cart,2026-04-05 03:53:00,tablet,electronics,482,117.95
U069,P002,click,2026-04-05 03:54:00,mobile,beauty,193,71.99
U429,P083,click,2026-04-05 03:55:00,desktop,beauty,345,386.2
U116,P090,view,2026-04-05 03:56:00,tablet,clothing,46,217.45
U438,P025,click,2026-04-05 03:56:00,tablet,electronics,341,222.95
U476,P016,click,2026-04-05 03:58:00,mobile,electronics,556,430.55
U009,P035,add_to_cart,2026-04-05 04:00:00,desktop,electronics,355,89.26
U082,P069,view,2026-04-05 04:00:00,mobile,electronics,469,497.79
U204,P044,view,2026-04-05 04:02:00,mobile,electronics,130,126.56
U238,P075,add_to_cart,2026-04-05 04:02:00,tablet,clothing,437,38.58
U042,P076,view,2026-04-05 04:03:00,mobile,beauty,27,463.28
U432,P084,click,2026-04-05 04:03:00,tablet,home,394,316.68
U488,P090,view,2026-04-05 04:03:00,desktop,beauty,138,441.01
U411,P031,click,2026-04-05 04:03:00,mobile,home,349,107.39
U399,P028,click,2026-04-05 04:04:00,desktop,beauty,335,267.39
U321,P014,view,2026-04-05 04:04:00,desktop,clothing,174,484.1
U341,P036,view,2026-04-05 04:05:00,mobile,clothing,171,45.64
U046,P080,click,2026-04-05 04:06:00,tablet,home,563,424.23
U124,P061,add_to_cart,2026-04-05 04:06:00,desktop,home,599,238.57
U035,P061,add_to_cart,2026-04-05 04:07:00,mobile,beauty,493,30.38
U200,P025,view,2026-04-05 04:08:00,mobile,clothing,227,280.33
U452,P047,view,2026-04-05 04:09:00,mobile,clothing,174,103.93
U066,P051,view,2026-04-05 04:11:00,tablet,clothing,295,93.99
U377,P057,view,2026-04-05 04:12:00,mobile,electronics,283,303.04
U366,P010,add_to_cart,2026-04-05 04:13:00,desktop,home,530,164.89
U151,P025,click,2026-04-05 04:13:00,desktop,electronics,77,14.02
U189,P053,click,2026-04-05 04:14:00,mobile,beauty,587,469.14
U018,P065,view,2026-04-05 04:14:00,tablet,beauty,281,484.12
U027,P030,click,2026-04-05 04:15:00,tablet,beauty,440,417.86
U089,P002,view,2026-04-05 04:19:00,mobile,beauty,34,486.35
U065,P024,view,2026-04-05 04:20:00,desktop,beauty,222,253.64
U203,P096,click,2026-04-05 04:21:00,desktop,home,507,297.8
U379,P081,click,2026-04-05 04:22:00,tablet,clothing,351,251.61
U307,P051,view,2026-04-05 04:22:00,tablet,electronics,104,156.37
U148,P003,view,2026-04-05 04:24:00,mobile,clothing,289,332.56
U270,P016,click,2026-04-05 04:25:00,desktop,home,392,475.15
U359,P079,view,2026-04-05 04:26:00,mobile,electronics,92,390.38
U251,P090,click,2026-04-05 04:27:00,tablet,beauty,542,316.24
U023,P092,view,2026-04-05 04:27:00,mobile,clothing,261,213.53
U037,P071,view,2026-04-05 04:27:00,desktop,home,28,434.46
U272,P041,view,2026-04-05 04:30:00,mobile,home,340,263.0
U314,P081,click,2026-04-05 04:30:00,desktop,beauty,521,198.92
U392,P036,view,2026-04-05 04:32:00,desktop,beauty,171,496.7
U467,P059,click,2026-04-05 04:33:00,desktop,electronics,73,154.58
U154,P076,view,2026-04-05 04:35:00,mobile,electronics,128,360.84
U424,P036,view,2026-04-05 04:36:00,mobile,home,298,466.33
U056,P031,click,2026-04-05 04:38:00,desktop,beauty,567,492.75
U422,P030,click,2026-04-05 04:40:00,tablet,clothing,207,21.61
U155,P072,view,2026-04-05 04:40:00,desktop,beauty,57,480.53
U027,P098,view,2026-04-05 04:42:00,mobile,beauty,129,361.52
U174,P071,click,2026-04-05 04:42:00,desktop,clothing,453,485.74
U240,P036,view,2026-04-05 04:42:00,desktop,home,198,440.21
U204,P096,view,2026-04-05 04:43:00,desktop,beauty,242,373.46
U045,P083,view,2026-04-05 04:43:00,desktop,beauty,109,347.72
U287,P034,click,2026-04-05 04:44:00,tablet,beauty,482,362.74
U383,P073,view,2026-04-05 04:44:00,tablet,electronics,254,403.06
U044,P038,view,2026-04-05 04:45:00,desktop,home,100,184.28
U299,P096,add_to_cart,2026-04-05 04:46:00,mobile,electronics,593,97.52
U373,P069,click,2026-04-05 04:47:00,tablet,home,323,46.91
U121,P074,view,2026-04-05 04:47:00,tablet,clothing,260,134.36
U198,P088,add_to_cart,2026-04-05 04:47:00,desktop,electronics,445,93.02
U130,P029,click,2026-04-05 04:50:00,desktop,beauty,85,72.65
U258,P009,view,2026-04-05 04:51:00,desktop,clothing,144,398.04
U308,P019,click,2026-04-05 04:51:00,tablet,electronics,508,443.67
U193,P063,view,2026-04-05 04:52:00,desktop,beauty,33,233.92
U179,P062,click,2026-04-05 04:52:00,desktop,home,487,145.82
U171,P008,add_to_cart,2026-04-05 04:52:00,desktop,beauty,524,212.21
U415,P086,click,2026-04-05 04:53:00,mobile,electronics,445,398.71
U269,P021,view,2026-04-05 04:53:00,tablet,clothing,360,389.99
U147,P061,view,2026-04-05 04:54:00,tablet,beauty,18,301.3
U395,P093,add_to_cart,2026-04-05 04:55:00,tablet,electronics,555,78.41
U220,P088,click,2026-04-05 04:55:00,tablet,clothing,571,372.75
U389,P091,view,2026-04-05 04:55:00,tablet,electronics,263,435.66
U389,P069,view,2026-04-05 04:55:00,mobile,beauty,383,447.52
U262,P012,click,2026-04-05 04:56:00,mobile,home,594,239.22
U240,P053,click,2026-04-05 04:56:00,mobile,beauty,543,119.87
U151,P094,view,2026-04-05 04:58:00,desktop,beauty,294,393.44
U311,P094,click,2026-04-05 04:59:00,desktop,beauty,404,59.34
U279,P082,view,2026-04-05 05:01:00,desktop,clothing,226,367.79
U364,P033,click,2026-04-05 05:01:00,desktop,beauty,227,200.68
U057,P002,view,2026-04-05 05:02:00,mobile,electronics,56,404.94
U225,P024,view,2026-04-05 05:02:00,tablet,clothing,410,221.76
U022,P038,add_to_cart,2026-04-05 05:03:00,desktop,clothing,247,70.38
U185,P008,view,2026-04-05 05:04:00,mobile,home,20,71.78
U432,P082,view,2026-04-05 05:05:00,tablet,beauty,182,151.62
U289,P081,add_to_cart,2026-04-05 05:06:00,tablet,electronics,418,122.31
U434,P063,view,2026-04-05 05:06:00,tablet,clothing,114,16.9
U025,P074,view,2026-04-05 05:06:00,mobile,electronics,202,136.33
U168,P012,click,2026-04-05 05:07:00,desktop,clothing,482,277.96
U295,P099,view,2026-04-05 05:07:00,tablet,beauty,381,477.61
U380,P062,view,2026-04-05 05:10:00,desktop,clothing,150,377.69
U417,P097,view,2026-04-05 05:11:00,tablet,electronics,220,151.72
U015,P046,view,2026-04-05 05:11:00,mobile,electronics,179,136.99
U082,P079,click,2026-04-05 05:12:00,mobile,clothing,351,123.7
U199,P007,add_to_cart,2026-04-05 05:13:00,desktop,clothing,529,214.34
U219,P060,add_to_cart,2026-04-05 05:14:00,desktop,electronics,582,222.26
U160,P017,view,2026-04-05 05:14:00,mobile,electronics,157,203.95
U470,P023,view,2026-04-05 05:14:00,desktop,home,190,477.5
U306,P087,click,2026-04-05 05:15:00,mobile,electronics,331,453.39
U366,P076,view,2026-04-05 05:18:00,mobile,beauty,116,162.96
U469,P002,click,2026-04-05 05:18:00,desktop,home,523,479.34
U127,P095,add_to_cart,2026-04-05 05:18:00,tablet,beauty,483,64.34
U241,P098,view,2026-04-05 05:19:00,desktop,beauty,86,225.54
U154,P002,click,2026-04-05 05:20:00,tablet,home,382,240.72
U008,P091,view,2026-04-05 05:20:00,tablet,home,415,358.04
U456,P088,click,2026-04-05 05:21:00,tablet,beauty,394,195.74
U295,P016,click,2026-04-05 05:21:00,tablet,clothing,396,99.46
U364,P013,view,2026-04-05 05:23:00,mobile,clothing,209,250.64
U077,P040,view,2026-04-05 05:25:00,mobile,electronics,169,258.39
U226,P013,click,2026-04-05 05:25:00,mobile,clothing,291,148.63
U496,P097,view,2026-04-05 05:26:00,mobile,beauty,307,310.0
U106,P036,view,2026-04-05 05:28:00,tablet,clothing,531,372.36
U338,P064,view,2026-04-05 05:29:00,tablet,clothing,261,420.76
U256,P020,add_to_cart,2026-04-05 05:29:00,desktop,beauty,598,413.26
U103,P012,view,2026-04-05 05:30:00,mobile,home,125,204.67
U011,P082,view,2026-04-05 05:30:00,tablet,clothing,374,200.97
U259,P022,add_to_cart,2026-04-05 05:31:00,tablet,electronics,443,43.53
U342,P061,view,2026-04-05 05:32:00,mobile,home,88,247.94
U344,P077,click,2026-04-05 05:33:00,mobile,home,306,27.25
U369,P015,click,2026-04-05 05:33:00,desktop,clothing,249,313.84
U467,P091,view,2026-04-05 05:33:00,mobile,home,578,487.12
U314,P033,view,2026-04-05 05:39:00,tablet,electronics,131,349.33
U005,P070,add_to_cart,2026-04-05 05:39:00,desktop,clothing,562,197.79
U284,P007,view,2026-04-05 05:41:00,mobile,beauty,520,481.67
U132,P085,view,2026-04-05 05:42:00,mobile,clothing,22,71.22
U414,P073,view,2026-04-05 05:44:00,mobile,beauty,349,367.31
U134,P063,add_to_cart,2026-04-05 05:44:00,tablet,electronics,324,21.05
U136,P060,click,2026-04-05 05:45:00,desktop,beauty,173,185.22
U439,P065,view,2026-04-05 05:46:00,tablet,electronics,318,401.0
U215,P045,view,2026-04-05 05:46:00,tablet,home,287,168.77
U368,P041,click,2026-04-05 05:46:00,desktop,beauty,433,361.26
U274,P025,click,2026-04-05 05:48:00,mobile,beauty,558,377.77
U301,P071,click,2026-04-05 05:48:00,desktop,clothing,527,223.02
U403,P051,view,2026-04-05 05:49:00,tablet,beauty,120,299.74
U130,P036,add_to_cart,2026-04-05 05:50:00,desktop,home,587,62.45
U139,P074,click,2026-04-05 05:51:00,tablet,electronics,174,90.55
U375,P003,view,2026-04-05 05:52:00,mobile,clothing,41,122.17
U179,P033,view,2026-04-05 05:52:00,tablet,home,273,256.89
U007,P037,click,2026-04-05 05:52:00,mobile,electronics,301,162.22
U300,P073,add_to_cart,2026-04-05 05:53:00,desktop,home,538,177.09
U341,P071,add_to_cart,2026-04-05 05:53:00,tablet,beauty,537,73.14
U097,P033,click,2026-04-05 05:54:00,mobile,beauty,204,155.03
U452,P041,view,2026-04-05 05:56:00,desktop,home,80,470.83
U363,P017,view,2026-04-05 06:01:00,mobile,home,77,260.55
U469,P049,click,2026-04-05 06:01:00,tablet,clothing,507,292.51
U212,P060,click,2026-04-05 06:06:00,tablet,beauty,426,224.67
U086,P082,click,2026-04-05 06:07:00,tablet,electronics,165,163.93
U101,P016,click,2026-04-05 06:07:00,mobile,beauty,499,268.05
U292,P062,click,2026-04-05 06:08:00,desktop,beauty,365,291.3
U408,P086,view,2026-04-05 06:08:00,desktop,home,200,404.73
U372,P089,click,2026-04-05 06:09:00,desktop,clothing,389,378.27
U027,P076,click,2026-04-05 06:09:00,mobile,beauty,473,123.27
U257,P054,add_to_cart,2026-04-05 06:10:00,desktop,beauty,571,153.26
U124,P076,view,2026-04-05 06:10:00,tablet,beauty,56,282.28
U196,P091,view,2026-04-05 06:13:00,tablet,home,380,377.66
U100,P046,view,2026-04-05 06:13:00,tablet,clothing,23,494.49
U330,P038,click,2026-04-05 06:14:00,desktop,clothing,450,446.55
U260,P079,add_to_cart,2026-04-05 06:17:00,tablet,clothing,583,86.57
U341,P054,view,2026-04-05 06:18:00,tablet,home,59,256.75
U442,P004,view,2026-04-05 06:18:00,desktop,home,203,429.93
U050,P075,view,2026-04-05 06:18:00,desktop,clothing,142,178.28
U355,P028,add_to_cart,2026-04-05 06:20:00,desktop,electronics,568,115.09
U062,P053,add_to_cart,2026-04-05 06:20:00,desktop,clothing,586,48.67
U264,P098,click,2026-04-05 06:20:00,mobile,clothing,482,389.95
U422,P036,click,2026-04-05 06:22:00,mobile,electronics,438,358.61
U215,P033,click,2026-04-05 06:23:00,desktop,beauty,184,119.84
U129,P086,add_to_cart,2026-04-05 06:24:00,mobile,clothing,557,67.85
U138,P094,view,2026-04-05 06:25:00,desktop,clothing,189,316.96
U315,P095,view,2026-04-05 06:27:00,desktop,home,36,73.17
U307,P063,view,2026-04-05 06:27:00,mobile,home,183,382.45
U466,P088,click,2026-04-05 06:27:00,desktop,home,297,200.14
U370,P033,click,2026-04-05 06:28:00,desktop,electronics,239,283.59
U397,P030,view,2026-04-05 06:30:00,desktop,clothing,204,488.27
U252,P089,click,2026-04-05 06:30:00,desktop,home,472,383.23
U450,P069,view,2026-04-05 06:30:00,tablet,home,196,146.24
U033,P053,view,2026-04-05 06:31:00,tablet,home,189,341.12
U457,P027,click,2026-04-05 06:33:00,desktop,clothing,181,279.64
U411,P004,add_to_cart,2026-04-05 06:33:00,desktop,beauty,471,111.18
U345,P070,add_to_cart,2026-04-05 06:33:00,desktop,electronics,421,276.71
U487,P018,click,2026-04-05 06:34:00,desktop,beauty,398,183.32
U118,P099,add_to_cart,2026-04-05 06:34:00,mobile,home,460,45.11
U037,P081,view,2026-04-05 06:34:00,desktop,electronics,51,441.29
U132,P044,click,2026-04-05 06:35:00,tablet,home,269,110.07
U241,P081,add_to_cart,2026-04-05 06:37:00,desktop,clothing,598,91.64
U355,P070,view,2026-04-05 06:37:00,mobile,electronics,372,407.64
U444,P023,click,2026-04-05 06:38:00,desktop,home,168,308.79
U144,P011,click,2026-04-05 06:41:00,desktop,electronics,138,364.05
U210,P100,view,2026-04-05 06:42:00,mobile,clothing,48,107.96
U209,P043,view,2026-04-05 06:42:00,tablet,clothing,310,397.8
U233,P010,view,2026-04-05 06:44:00,desktop,beauty,148,442.59
U161,P067,add_to_cart,2026-04-05 06:45:00,desktop,home,396,12.32
U330,P087,add_to_cart,2026-04-05 06:46:00,mobile,electronics,544,349.9
U228,P014,view,2026-04-05 06:46:00,tablet,home,29,176.3
U103,P093,view,2026-04-05 06:47:00,mobile,beauty,270,189.13
U019,P035,view,2026-04-05 06:48:00,mobile,beauty,34,168.89
U076,P089,click,2026-04-05 06:48:00,desktop,beauty,189,31.58
U044,P023,click,2026-04-05 06:48:00,mobile,clothing,415,14.92
U023,P034,click,2026-04-05 06:50:00,mobile,clothing,431,149.74
U402,P080,view,2026-04-05 06:50:00,tablet,electronics,58,13.54
U076,P064,click,2026-04-05 06:51:00,desktop,beauty,196,104.32
U438,P078,view,2026-04-05 06:53:00,desktop,clothing,23,75.82
U485,P091,view,2026-04-05 06:53:00,tablet,beauty,334,329.59
U083,P046,view,2026-04-05 06:54:00,tablet,beauty,188,410.24
U263,P027,view,2026-04-05 06:55:00,mobile,beauty,226,448.1
U064,P084,view,2026-04-05 06:57:00,mobile,home,175,317.67
U263,P070,click,2026-04-05 06:59:00,tablet,beauty,504,373.46
U297,P095,click,2026-04-05 06:59:00,mobile,beauty,545,313.21
U404,P088,view,2026-04-05 07:00:00,mobile,beauty,299,465.09
U209,P015,view,2026-04-05 07:01:00,tablet,home,115,467.33
U226,P065,view,2026-04-05 07:01:00,mobile,home,102,268.87
U461,P040,view,2026-04-05 07:01:00,tablet,electronics,129,282.21
U128,P020,view,2026-04-05 07:02:00,tablet,beauty,190,451.08
U103,P060,click,2026-04-05 07:03:00,tablet,clothing,406,306.23
U039,P015,click,2026-04-05 07:03:00,mobile,electronics,476,492.7
U309,P042,click,2026-04-05 07:05:00,mobile,beauty,294,148.62
U103,P077,click,2026-04-05 07:06:00,desktop,beauty,328,154.49
U277,P001,add_to_cart,2026-04-05 07:06:00,desktop,clothing,548,228.42
U306,P076,view,2026-04-05 07:07:00,desktop,electronics,63,282.95
U092,P085,view,2026-04-05 07:08:00,mobile,electronics,335,445.93
U419,P053,click,2026-04-05 07:09:00,mobile,home,271,104.61
U268,P089,click,2026-04-05 07:10:00,mobile,clothing,290,51.48
U080,P038,click,2026-04-05 07:10:00,desktop,home,475,317.33
U264,P036,click,2026-04-05 07:12:00,desktop,beauty,468,441.13
U266,P031,add_to_cart,2026-04-05 07:12:00,mobile,beauty,452,66.2
U255,P083,click,2026-04-05 07:13:00,tablet,clothing,482,30.84
U052,P012,click,2026-04-05 07:14:00,desktop,home,80,150.81
U198,P088,click,2026-04-05 07:15:00,desktop,electronics,94,199.15
U427,P011,click,2026-04-05 07:17:00,tablet,clothing,582,409.63
U277,P077,add_to_cart,2026-04-05 07:21:00,tablet,home,584,297.37
U148,P068,click,2026-04-05 07:24:00,desktop,clothing,386,368.84
U101,P054,view,2026-04-05 07:26:00,mobile,electronics,236,434.52
U007,P054,view,2026-04-05 07:26:00,tablet,home,286,362.84
U406,P055,click,2026-04-05 07:27:00,mobile,electronics,326,52.48
U028,P071,click,2026-04-05 07:30:00,mobile,home,579,407.9
U384,P018,add_to_cart,2026-04-05 07:32:00,desktop,electronics,317,232.35
U195,P079,view,2026-04-05 07:33:00,mobile,clothing,376,450.03
U265,P079,view,2026-04-05 07:33:00,mobile,home,119,410.72
U328,P095,view,2026-04-05 07:34:00,tablet,beauty,446,401.84
U206,P048,click,2026-04-05 07:35:00,tablet,clothing,542,89.15
U491,P072,view,2026-04-05 07:36:00,tablet,home,113,463.9
U176,P029,add_to_cart,2026-04-05 07:36:00,tablet,electronics,453,215.97
U416,P074,view,2026-04-05 07:37:00,mobile,home,163,326.25
U337,P055,view,2026-04-05 07:38:00,mobile,clothing,230,337.49
U090,P098,add_to_cart,2026-04-05 07:38:00,desktop,electronics,274,100.6
U078,P005,click,2026-04-05 07:40:00,mobile,electronics,527,392.24
U158,P073,click,2026-04-05 07:40:00,desktop,clothing,336,271.8
U500,P033,view,2026-04-05 07:40:00,mobile,home,368,348.23
U098,P024,view,2026-04-05 07:41:00,tablet,electronics,235,383.68
U019,P080,view,2026-04-05 07:41:00,mobile,beauty,171,222.77
U127,P009,view,2026-04-05 07:43:00,desktop,home,213,354.11
U224,P010,view,2026-04-05 07:46:00,tablet,electronics,275,440.67
U415,P011,click,2026-04-05 07:48:00,mobile,beauty,467,194.99
U119,P062,view,2026-04-05 07:48:00,mobile,clothing,194,373.45
U082,P070,click,2026-04-05 07:48:00,mobile,clothing,350,101.31
U207,P091,click,2026-04-05 07:49:00,desktop,clothing,374,224.14
U010,P030,click,2026-04-05 07:49:00,tablet,electronics,354,154.29
U082,P093,click,2026-04-05 07:50:00,desktop,home,285,350.82
U027,P038,click,2026-04-05 07:50:00,tablet,electronics,519,375.07
U294,P026,view,2026-04-05 07:51:00,mobile,beauty,353,329.82
U007,P043,click,2026-04-05 07:53:00,mobile,electronics,574,461.34
U359,P021,view,2026-04-05 07:53:00,mobile,beauty,107,76.85
U021,P073,view,2026-04-05 07:54:00,tablet,home,178,460.18
U246,P082,view,2026-04-05 07:55:00,mobile,electronics,56,397.22
U335,P039,view,2026-04-05 07:56:00,mobile,electronics,147,375.9
U036,P065,view,2026-04-05 07:56:00,mobile,beauty,157,294.96
U470,P070,view,2026-04-05 07:58:00,mobile,clothing,195,440.85
U385,P001,click,2026-04-05 07:58:00,desktop,beauty,457,271.17
U256,P054,click,2026-04-05 07:58:00,desktop,beauty,217,165.0
U192,P004,add_to_cart,2026-04-05 08:01:00,desktop,electronics,550,49.71
U460,P011,view,2026-04-05 08:04:00,tablet,electronics,94,283.38
U357,P071,view,2026-04-05 08:08:00,desktop,electronics,22,431.76
U077,P100,view,2026-04-05 08:10:00,tablet,electronics,98,386.41
U087,P097,view,2026-04-05 08:10:00,tablet,home,49,176.44
U312,P086,click,2026-04-05 08:11:00,desktop,beauty,492,431.53
U417,P033,click,2026-04-05 08:11:00,tablet,beauty,540,379.54
U139,P013,click,2026-04-05 08:12:00,desktop,beauty,564,322.62
U311,P041,click,2026-04-05 08:12:00,mobile,clothing,600,274.52
U108,P040,add_to_cart,2026-04-05 08:15:00,desktop,beauty,473,102.84
U295,P042,view,2026-04-05 08:15:00,mobile,beauty,250,373.32
U026,P023,click,2026-04-05 08:16:00,mobile,home,432,14.74
U239,P100,view,2026-04-05 08:18:00,desktop,home,45,408.53
U011,P029,view,2026-04-05 08:18:00,mobile,clothing,173,58.83
U018,P054,view,2026-04-05 08:19:00,mobile,electronics,146,233.2
U332,P050,click,2026-04-05 08:20:00,tablet,beauty,528,124.47
U325,P055,click,2026-04-05 08:20:00,mobile,electronics,385,424.64
U347,P014,click,2026-04-05 08:22:00,mobile,beauty,378,209.61
U058,P073,view,2026-04-05 08:24:00,mobile,home,51,220.34
U358,P033,view,2026-04-05 08:24:00,mobile,beauty,181,183.18
U201,P044,click,2026-04-05 08:24:00,desktop,electronics,175,211.98
U038,P054,add_to_cart,2026-04-05 08:25:00,mobile,home,584,100.99
U305,P071,view,2026-04-05 08:25:00,mobile,electronics,52,399.76
U393,P015,view,2026-04-05 08:25:00,mobile,home,156,95.31
U013,P046,view,2026-04-05 08:27:00,tablet,home,98,438.11
U122,P037,click,2026-04-05 08:27:00,tablet,beauty,398,132.9
U485,P060,click,2026-04-05 08:30:00,desktop,home,369,214.36
U276,P094,view,2026-04-05 08:30:00,mobile,clothing,151,277.01
U165,P043,view,2026-04-05 08:30:00,mobile,clothing,448,419.87
U305,P064,click,2026-04-05 08:31:00,desktop,home,337,224.96
U254,P058,add_to_cart,2026-04-05 08:31:00,mobile,electronics,350,50.41
U130,P005,click,2026-04-05 08:32:00,tablet,home,521,194.23
U349,P002,view,2026-04-05 08:34:00,mobile,electronics,75,280.26
U265,P003,click,2026-04-05 08:35:00,tablet,home,598,413.15
U081,P005,view,2026-04-05 08:35:00,mobile,electronics,84,166.79
U486,P004,view,2026-04-05 08:36:00,desktop,clothing,157,317.51
U344,P049,click,2026-04-05 08:37:00,tablet,beauty,430,188.38
U233,P073,view,2026-04-05 08:37:00,tablet,home,156,347.62
U018,P096,click,2026-04-05 08:37:00,tablet,home,406,157.63
U371,P015,click,2026-04-05 08:38:00,desktop,beauty,338,165.56
U460,P067,view,2026-04-05 08:41:00,tablet,beauty,239,366.52
U390,P041,add_to_cart,2026-04-05 08:41:00,desktop,electronics,586,205.08
U326,P015,view,2026-04-05 08:42:00,mobile,clothing,36,62.23
U100,P023,click,2026-04-05 08:43:00,tablet,electronics,465,91.03
U467,P048,view,2026-04-05 08:43:00,tablet,beauty,257,401.24
U071,P097,view,2026-04-05 08:44:00,tablet,beauty,440,395.76
U212,P023,click,2026-04-05 08:45:00,desktop,electronics,32,86.76
U101,P088,add_to_cart,2026-04-05 08:46:00,desktop,electronics,471,60.8
U414,P062,click,2026-04-05 08:47:00,desktop,home,403,265.7
U026,P002,view,2026-04-05 08:48:00,tablet,home,383,398.49
U420,P090,click,2026-04-05 08:48:00,tablet,clothing,478,308.92
U438,P012,click,2026-04-05 08:49:00,desktop,home,354,69.05
U469,P011,click,2026-04-05 08:49:00,desktop,clothing,250,31.21
U025,P068,view,2026-04-05 08:49:00,mobile,electronics,56,251.55
U497,P066,click,2026-04-05 08:51:00,tablet,electronics,144,225.23
U484,P049,view,2026-04-05 08:51:00,desktop,beauty,396,480.61
U050,P096,view,2026-04-05 08:52:00,tablet,clothing,197,63.48
U128,P022,view,2026-04-05 08:52:00,desktop,clothing,251,359.43
U031,P059,click,2026-04-05 08:54:00,mobile,clothing,495,186.34
U328,P009,view,2026-04-05 08:54:00,mobile,clothing,326,311.05
U155,P002,view,2026-04-05 08:56:00,desktop,home,120,464.37
U217,P053,click,2026-04-05 08:58:00,tablet,home,501,220.82
U151,P067,view,2026-04-05 08:58:00,mobile,electronics,96,103.12
U192,P024,click,2026-04-05 08:58:00,tablet,home,429,106.75
U393,P037,click,2026-04-05 08:58:00,mobile,electronics,408,18.23
U149,P099,add_to_cart,2026-04-05 08:58:00,desktop,home,578,74.6
U089,P084,click,2026-04-05 09:01:00,tablet,beauty,454,161.27
U353,P038,view,2026-04-05 09:02:00,desktop,beauty,60,382.93
U435,P024,add_to_cart,2026-04-05 09:02:00,desktop,home,529,183.78
U100,P093,add_to_cart,2026-04-05 09:03:00,desktop,beauty,586,195.15
U399,P001,click,2026-04-05 09:03:00,desktop,electronics,371,389.56
U370,P001,click,2026-04-05 09:04:00,tablet,clothing,456,68.7
U036,P080,view,2026-04-05 09:04:00,tablet,beauty,138,391.22
U133,P010,click,2026-04-05 09:05:00,mobile,beauty,596,314.12
U172,P016,click,2026-04-05 09:08:00,mobile,electronics,425,422.36
U080,P011,add_to_cart,2026-04-05 09:08:00,desktop,beauty,364,85.28
U265,P074,click,2026-04-05 09:09:00,desktop,clothing,332,68.38
U328,P006,click,2026-04-05 09:09:00,desktop,electronics,147,444.6
U286,P028,add_to_cart,2026-04-05 09:10:00,desktop,home,569,303.51
U190,P090,click,2026-04-05 09:10:00,desktop,home,487,317.61
U420,P008,click,2026-04-05 09:10:00,mobile,clothing,491,235.82
U141,P070,add_to_cart,2026-04-05 09:15:00,desktop,electronics,346,340.49
U005,P012,view,2026-04-05 09:15:00,tablet,home,48,380.7
U413,P016,click,2026-04-05 09:16:00,desktop,electronics,296,308.03
U206,P057,add_to_cart,2026-04-05 09:17:00,mobile,clothing,528,127.88
U338,P033,view,2026-04-05 09:18:00,mobile,clothing,280,73.86
U447,P002,click,2026-04-05 09:18:00,desktop,clothing,248,178.06
U002,P068,view,2026-04-05 09:19:00,mobile,clothing,332,291.62
U457,P036,view,2026-04-05 09:20:00,tablet,beauty,328,353.32
U437,P019,view,2026-04-05 09:21:00,tablet,home,288,460.24
U226,P099,click,2026-04-05 09:22:00,tablet,electronics,446,117.36
U268,P092,view,2026-04-05 09:22:00,mobile,beauty,309,390.49
U391,P100,view,2026-04-05 09:23:00,mobile,home,120,294.42
U173,P028,click,2026-04-05 09:24:00,mobile,clothing,512,371.88
U415,P010,view,2026-04-05 09:24:00,tablet,beauty,10,18.03
U018,P007,click,2026-04-05 09:25:00,tablet,clothing,549,83.36
U124,P056,view,2026-04-05 09:25:00,mobile,home,10,75.69
U421,P005,click,2026-04-05 09:25:00,desktop,home,305,201.86
U180,P093,click,2026-04-05 09:26:00,tablet,home,378,270.02
U435,P039,view,2026-04-05 09:26:00,tablet,home,223,125.19
U174,P041,view,2026-04-05 09:27:00,tablet,home,306,365.25
U370,P017,click,2026-04-05 09:27:00,tablet,beauty,510,257.62
U071,P049,view,2026-04-05 09:27:00,desktop,beauty,368,487.75
U146,P086,view,2026-04-05 09:28:00,desktop,clothing,197,353.15
U149,P054,click,2026-04-05 09:29:00,tablet,beauty,505,290.45
U168,P085,view,2026-04-05 09:29:00,mobile,electronics,105,392.02
U301,P097,click,2026-04-05 09:29:00,mobile,beauty,558,294.41
U460,P021,click,2026-04-05 09:30:00,desktop,beauty,473,462.0
U495,P023,click,2026-04-05 09:31:00,desktop,electronics,48,90.77
U313,P060,view,2026-04-05 09:31:00,tablet,electronics,66,331.3
U434,P053,click,2026-04-05 09:32:00,desktop,clothing,557,472.92
U085,P028,click,2026-04-05 09:33:00,desktop,home,528,484.86
U235,P085,view,2026-04-05 09:34:00,desktop,clothing,128,263.65
U116,P017,view,2026-04-05 09:35:00,tablet,beauty,219,375.45
U126,P009,view,2026-04-05 09:35:00,desktop,beauty,129,294.92
U005,P043,click,2026-04-05 09:36:00,desktop,home,523,364.99
U372,P056,click,2026-04-05 09:36:00,tablet,beauty,489,441.21
U157,P078,view,2026-04-05 09:37:00,tablet,clothing,100,473.36
U410,P059,view,2026-04-05 09:41:00,mobile,electronics,294,291.07
U123,P044,click,2026-04-05 09:42:00,mobile,beauty,435,267.3
U415,P037,view,2026-04-05 09:43:00,mobile,clothing,118,67.76
U262,P063,add_to_cart,2026-04-05 09:47:00,desktop,clothing,587,123.38
U455,P082,click,2026-04-05 09:47:00,mobile,beauty,473,122.34
U137,P066,click,2026-04-05 09:47:00,tablet,beauty,330,169.27
U478,P001,click,2026-04-05 09:47:00,tablet,clothing,438,246.18
U428,P060,view,2026-04-05 09:48:00,tablet,clothing,49,267.52
U339,P055,add_to_cart,2026-04-05 09:50:00,desktop,beauty,371,91.58
U029,P095,click,2026-04-05 09:51:00,desktop,beauty,133,21.94
U310,P047,click,2026-04-05 09:52:00,mobile,home,595,478.6
U342,P082,click,2026-04-05 09:53:00,tablet,electronics,299,283.63
U088,P025,view,2026-04-05 09:53:00,tablet,beauty,102,259.72
U319,P035,view,2026-04-05 09:56:00,mobile,beauty,233,175.51
U430,P085,view,2026-04-05 09:57:00,mobile,electronics,159,452.66
U175,P097,view,2026-04-05 09:58:00,tablet,electronics,151,275.78
U424,P073,view,2026-04-05 09:59:00,desktop,electronics,18,290.69
U252,P025,add_to_cart,2026-04-05 10:00:00,desktop,electronics,331,145.76
U008,P025,click,2026-04-05 10:01:00,mobile,home,284,106.61
U046,P007,view,2026-04-05 10:03:00,mobile,beauty,62,18.53
U404,P017,click,2026-04-05 10:04:00,mobile,clothing,361,38.15
U049,P052,view,2026-04-05 10:05:00,tablet,beauty,449,476.57
U015,P072,click,2026-04-05 10:05:00,mobile,electronics,99,117.77
U049,P094,click,2026-04-05 10:06:00,mobile,clothing,511,401.61
U241,P068,view,2026-04-05 10:07:00,tablet,home,325,475.35
U337,P030,click,2026-04-05 10:07:00,desktop,clothing,414,342.74
U426,P054,view,2026-04-05 10:08:00,mobile,home,204,481.38
U170,P056,add_to_cart,2026-04-05 10:08:00,desktop,clothing,559,243.67
U443,P001,view,2026-04-05 10:11:00,mobile,clothing,116,134.95
U471,P014,add_to_cart,2026-04-05 10:12:00,desktop,electronics,197,42.43
U254,P015,click,2026-04-05 10:14:00,tablet,beauty,588,295.04
U283,P001,view,2026-04-05 10:15:00,tablet,clothing,301,308.96
U229,P069,add_to_cart,2026-04-05 10:15:00,mobile,electronics,453,145.11
U233,P003,view,2026-04-05 10:15:00,mobile,clothing,187,149.71
U497,P016,view,2026-04-05 10:15:00,mobile,beauty,138,318.03
U078,P073,view,2026-04-05 10:16:00,mobile,clothing,169,232.24
U448,P003,view,2026-04-05 10:17:00,mobile,beauty,195,234.32
U239,P077,view,2026-04-05 10:18:00,mobile,clothing,43,121.78
U258,P068,view,2026-04-05 10:20:00,mobile,beauty,283,309.28
U397,P068,click,2026-04-05 10:20:00,tablet,clothing,269,36.83
U488,P082,view,2026-04-05 10:20:00,tablet,home,132,392.32
U381,P061,view,2026-04-05 10:20:00,tablet,home,87,414.67
U048,P067,add_to_cart,2026-04-05 10:20:00,desktop,beauty,567,97.58
U223,P028,view,2026-04-05 10:20:00,desktop,clothing,19,140.46
U432,P063,click,2026-04-05 10:21:00,desktop,home,368,347.06
U297,P020,add_to_cart,2026-04-05 10:22:00,tablet,electronics,498,82.79
U393,P099,click,2026-04-05 10:22:00,tablet,home,478,53.31
U167,P069,view,2026-04-05 10:23:00,mobile,electronics,162,471.93
U124,P036,click,2026-04-05 10:24:00,tablet,home,162,20.35
U136,P049,view,2026-04-05 10:25:00,tablet,beauty,136,245.09
U226,P056,view,2026-04-05 10:26:00,tablet,electronics,348,356.61
U203,P068,click,2026-04-05 10:27:00,mobile,clothing,442,420.94
U332,P058,click,2026-04-05 10:28:00,tablet,home,569,136.54
U044,P015,view,2026-04-05 10:29:00,tablet,clothing,75,436.46
U105,P004,view,2026-04-05 10:30:00,tablet,clothing,189,473.7
U297,P007,view,2026-04-05 10:30:00,tablet,clothing,150,410.85
U071,P029,click,2026-04-05 10:31:00,desktop,electronics,148,259.98
U382,P025,click,2026-04-05 10:31:00,mobile,beauty,171,38.95
U399,P085,view,2026-04-05 10:31:00,mobile,home,404,475.78
U297,P019,view,2026-04-05 10:33:00,tablet,electronics,199,423.81
U408,P072,click,2026-04-05 10:33:00,desktop,electronics,393,494.74
U002,P014,view,2026-04-05 10:35:00,mobile,clothing,195,228.87
U417,P079,click,2026-04-05 10:37:00,desktop,clothing,420,91.46
U304,P020,view,2026-04-05 10:37:00,tablet,beauty,198,393.82
U195,P063,view,2026-04-05 10:37:00,tablet,electronics,104,66.25
U097,P080,add_to_cart,2026-04-05 10:38:00,mobile,home,564,130.79
U289,P063,click,2026-04-05 10:39:00,desktop,home,123,169.88
U255,P062,view,2026-04-05 10:40:00,tablet,home,91,447.56
U417,P080,click,2026-04-05 10:40:00,desktop,clothing,361,23.4
U009,P037,click,2026-04-05 10:40:00,mobile,beauty,595,150.24
U063,P043,view,2026-04-05 10:41:00,desktop,clothing,118,242.0
U298,P015,click,2026-04-05 10:43:00,mobile,electronics,529,163.93
U054,P097,add_to_cart,2026-04-05 10:43:00,desktop,electronics,354,134.06
U264,P013,click,2026-04-05 10:43:00,desktop,clothing,376,205.04
U006,P034,click,2026-04-05 10:46:00,desktop,clothing,270,379.06
U375,P088,view,2026-04-05 10:46:00,tablet,home,125,200.57
U150,P023,click,2026-04-05 10:48:00,mobile,home,502,211.02
U255,P013,add_to_cart,2026-04-05 10:48:00,mobile,electronics,565,268.35
U470,P033,click,2026-04-05 10:50:00,tablet,clothing,160,55.09
U332,P018,view,2026-04-05 10:50:00,mobile,clothing,24,26.43
U120,P027,click,2026-04-05 10:50:00,desktop,beauty,192,85.92
U074,P014,click,2026-04-05 10:50:00,tablet,beauty,421,242.18
U104,P072,add_to_cart,2026-04-05 10:53:00,desktop,beauty,600,253.29
U250,P032,view,2026-04-05 10:55:00,mobile,home,347,398.0
U154,P005,view,2026-04-05 10:56:00,desktop,beauty,99,485.73
U023,P038,view,2026-04-05 10:58:00,mobile,beauty,27,224.33
U085,P001,add_to_cart,2026-04-05 10:58:00,tablet,home,530,98.09
U345,P037,click,2026-04-05 10:59:00,desktop,clothing,333,239.64
U261,P034,click,2026-04-05 11:00:00,tablet,beauty,550,373.98
U409,P034,view,2026-04-05 11:00:00,mobile,home,235,322.54
U301,P091,view,2026-04-05 11:03:00,tablet,clothing,353,447.34
U453,P006,click,2026-04-05 11:04:00,tablet,clothing,244,132.22
U402,P062,click,2026-04-05 11:04:00,desktop,home,308,335.95
U232,P091,view,2026-04-05 11:05:00,tablet,electronics,194,213.74
U387,P057,click,2026-04-05 11:08:00,desktop,electronics,484,482.57
U487,P075,view,2026-04-05 11:08:00,desktop,beauty,45,471.66
U234,P045,view,2026-04-05 11:09:00,desktop,beauty,41,360.0
U268,P039,view,2026-04-05 11:10:00,mobile,clothing,139,282.14
U204,P053,view,2026-04-05 11:11:00,tablet,home,188,356.83
U209,P083,click,2026-04-05 11:12:00,tablet,beauty,409,116.76
U156,P019,view,2026-04-05 11:13:00,desktop,home,96,224.09
U457,P089,click,2026-04-05 11:13:00,mobile,home,346,73.36
U264,P088,view,2026-04-05 11:13:00,tablet,clothing,167,84.57
U134,P019,click,2026-04-05 11:17:00,tablet,electronics,302,261.31
U156,P095,click,2026-04-05 11:18:00,tablet,electronics,414,231.51
U151,P083,click,2026-04-05 11:19:00,mobile,home,373,78.81
U362,P080,add_to_cart,2026-04-05 11:19:00,desktop,home,374,78.74
U119,P032,click,2026-04-05 11:20:00,desktop,beauty,223,23.76
U408,P044,add_to_cart,2026-04-05 11:20:00,desktop,beauty,274,48.77
U162,P021,view,2026-04-05 11:22:00,mobile,home,144,310.99
U363,P052,click,2026-04-05 11:23:00,tablet,clothing,492,135.62
U163,P001,view,2026-04-05 11:24:00,mobile,clothing,145,148.88
U171,P027,view,2026-04-05 11:27:00,mobile,beauty,234,183.22
U335,P047,view,2026-04-05 11:27:00,mobile,beauty,171,423.47
U379,P038,add_to_cart,2026-04-05 11:27:00,desktop,electronics,388,326.38
U171,P012,view,2026-04-05 11:27:00,mobile,home,239,138.22
U299,P048,view,2026-04-05 11:28:00,tablet,home,44,71.31
U381,P009,view,2026-04-05 11:30:00,tablet,home,195,239.17
U023,P092,click,2026-04-05 11:30:00,desktop,clothing,197,209.66
U151,P020,click,2026-04-05 11:32:00,tablet,home,563,288.95
U337,P015,click,2026-04-05 11:32:00,mobile,clothing,483,62.23
U181,P050,click,2026-04-05 11:33:00,mobile,home,573,308.11
U225,P048,view,2026-04-05 11:33:00,desktop,clothing,346,413.34
U378,P025,click,2026-04-05 11:35:00,tablet,beauty,565,289.36
U054,P032,add_to_cart,2026-04-05 11:36:00,desktop,home,510,29.74
U237,P087,view,2026-04-05 11:36:00,tablet,clothing,310,334.81
U359,P064,click,2026-04-05 11:37:00,tablet,beauty,567,288.89
U342,P025,click,2026-04-05 11:38:00,tablet,beauty,301,62.1
U183,P004,view,2026-04-05 11:38:00,mobile,home,174,162.59
U175,P025,view,2026-04-05 11:39:00,desktop,clothing,175,452.3
U294,P066,view,2026-04-05 11:39:00,desktop,electronics,12,376.88
U127,P011,view,2026-04-05 11:40:00,desktop,beauty,188,208.37
U070,P019,add_to_cart,2026-04-05 11:41:00,desktop,home,297,40.8
U165,P085,click,2026-04-05 11:41:00,tablet,electronics,553,315.55
U026,P088,view,2026-04-05 11:42:00,tablet,home,174,219.9
U483,P003,click,2026-04-05 11:43:00,mobile,clothing,562,470.95
U386,P087,view,2026-04-05 11:45:00,tablet,beauty,142,333.23
U101,P037,view,2026-04-05 11:46:00,mobile,clothing,364,197.5
U443,P064,click,2026-04-05 11:47:00,tablet,beauty,362,250.59
U187,P010,click,2026-04-05 11:49:00,tablet,electronics,314,228.63
U473,P064,view,2026-04-05 11:50:00,tablet,beauty,164,198.82
U500,P086,click,2026-04-05 11:50:00,mobile,home,172,15.58
U019,P070,click,2026-04-05 11:52:00,tablet,clothing,510,81.88
U162,P073,click,2026-04-05 11:52:00,desktop,clothing,143,208.17
U288,P023,view,2026-04-05 11:56:00,mobile,beauty,283,398.22
U232,P051,view,2026-04-05 11:58:00,mobile,home,240,44.57
U198,P017,click,2026-04-05 12:00:00,desktop,home,316,412.67
U319,P064,view,2026-04-05 12:01:00,tablet,clothing,163,195.29
U426,P028,add_to_cart,2026-04-05 12:01:00,desktop,electronics,535,313.33
U064,P006,view,2026-04-05 12:01:00,tablet,home,173,80.58
U453,P056,click,2026-04-05 12:01:00,desktop,clothing,346,443.27
U345,P065,click,2026-04-05 12:02:00,tablet,beauty,474,131.96
U116,P045,view,2026-04-05 12:02:00,mobile,clothing,324,98.45
U050,P082,view,2026-04-05 12:06:00,tablet,clothing,431,303.96
U020,P036,click,2026-04-05 12:07:00,desktop,clothing,135,71.08
U057,P088,click,2026-04-05 12:08:00,desktop,electronics,203,226.7
U089,P056,view,2026-04-05 12:08:00,tablet,beauty,214,360.7
U033,P016,click,2026-04-05 12:09:00,tablet,clothing,442,19.81
U054,P041,view,2026-04-05 12:11:00,desktop,clothing,385,467.66
U313,P084,view,2026-04-05 12:11:00,mobile,clothing,199,402.32
U246,P070,view,2026-04-05 12:12:00,mobile,electronics,92,415.92
U470,P049,view,2026-04-05 12:14:00,tablet,home,355,383.3
U445,P040,view,2026-04-05 12:14:00,mobile,home,179,370.09
U211,P019,click,2026-04-05 12:16:00,desktop,beauty,374,218.72
U455,P019,view,2026-04-05 12:17:00,mobile,clothing,180,394.32
U151,P082,view,2026-04-05 12:17:00,tablet,clothing,131,433.27
U068,P076,click,2026-04-05 12:18:00,tablet,electronics,519,483.75
U044,P098,click,2026-04-05 12:19:00,tablet,beauty,415,132.14
U460,P078,view,2026-04-05 12:24:00,tablet,beauty,26,228.04
U471,P086,view,2026-04-05 12:24:00,desktop,clothing,79,321.55
U091,P032,click,2026-04-05 12:25:00,mobile,clothing,450,137.02
U089,P012,view,2026-04-05 12:28:00,tablet,beauty,91,356.02
U295,P031,view,2026-04-05 12:29:00,tablet,clothing,363,382.09
U321,P096,add_to_cart,2026-04-05 12:29:00,desktop,beauty,405,280.35
U294,P078,add_to_cart,2026-04-05 12:31:00,desktop,home,267,62.8
U088,P060,click,2026-04-05 12:32:00,desktop,electronics,214,276.51
U330,P015,view,2026-04-05 12:34:00,mobile,beauty,363,436.98
U317,P062,view,2026-04-05 12:34:00,mobile,clothing,73,134.69
U071,P100,click,2026-04-05 12:36:00,tablet,electronics,561,197.83
U201,P042,add_to_cart,2026-04-05 12:39:00,tablet,home,541,46.27
U462,P051,click,2026-04-05 12:41:00,mobile,clothing,398,39.28
U105,P084,add_to_cart,2026-04-05 12:41:00,mobile,electronics,593,216.22
U283,P027,add_to_cart,2026-04-05 12:42:00,tablet,electronics,514,231.67
U222,P014,click,2026-04-05 12:44:00,mobile,electronics,507,106.97
U313,P053,view,2026-04-05 12:44:00,desktop,beauty,119,478.83
U131,P094,view,2026-04-05 12:44:00,desktop,clothing,36,35.31
U334,P092,view,2026-04-05 12:45:00,tablet,electronics,368,479.35
U263,P066,click,2026-04-05 12:46:00,mobile,electronics,497,343.64
U083,P059,click,2026-04-05 12:46:00,tablet,home,362,355.14
U105,P094,click,2026-04-05 12:46:00,mobile,electronics,510,266.88
U256,P008,view,2026-04-05 12:47:00,tablet,electronics,100,263.26
U109,P085,view,2026-04-05 12:48:00,mobile,electronics,117,348.64
U086,P050,view,2026-04-05 12:49:00,tablet,beauty,337,405.03
U129,P024,click,2026-04-05 12:50:00,mobile,clothing,535,390.35
U315,P003,view,2026-04-05 12:50:00,mobile,home,280,270.55
U206,P091,click,2026-04-05 12:52:00,tablet,electronics,198,122.93
U390,P072,click,2026-04-05 12:55:00,tablet,clothing,339,268.98
U310,P037,click,2026-04-05 12:56:00,desktop,home,271,94.57
U214,P036,add_to_cart,2026-04-05 12:58:00,desktop,electronics,294,236.54
U009,P083,view,2026-04-05 12:58:00,tablet,clothing,103,153.78
U184,P100,click,2026-04-05 12:58:00,tablet,clothing,548,407.59
U006,P065,view,2026-04-05 12:59:00,tablet,clothing,85,161.51
U268,P067,add_to_cart,2026-04-05 13:01:00,desktop,electronics,592,123.53
U040,P030,view,2026-04-05 13:01:00,desktop,home,194,254.44
U183,P041,view,2026-04-05 13:01:00,mobile,clothing,251,131.23
U154,P026,view,2026-04-05 13:02:00,desktop,beauty,191,359.03
U111,P098,click,2026-04-05 13:03:00,tablet,electronics,151,188.48
U067,P022,click,2026-04-05 13:05:00,mobile,clothing,510,227.65
U244,P006,add_to_cart,2026-04-05 13:06:00,mobile,electronics,593,56.39
U026,P083,click,2026-04-05 13:06:00,mobile,home,396,101.5
U063,P060,click,2026-04-05 13:09:00,tablet,clothing,269,223.19
U096,P044,click,2026-04-05 13:10:00,desktop,beauty,338,398.7
U011,P099,click,2026-04-05 13:11:00,tablet,clothing,418,307.62
U389,P095,click,2026-04-05 13:14:00,tablet,electronics,585,397.98
U199,P097,view,2026-04-05 13:15:00,mobile,beauty,304,316.17
U111,P085,view,2026-04-05 13:17:00,tablet,electronics,168,193.91
U024,P048,click,2026-04-05 13:17:00,desktop,home,11,79.76
U069,P054,click,2026-04-05 13:19:00,desktop,clothing,353,198.34
U011,P027,view,2026-04-05 13:20:00,mobile,beauty,539,451.68
U364,P097,view,2026-04-05 13:20:00,tablet,clothing,186,130.14
U354,P081,view,2026-04-05 13:20:00,mobile,electronics,74,42.44
U348,P058,view,2026-04-05 13:23:00,mobile,home,88,229.15
U147,P089,click,2026-04-05 13:24:00,desktop,home,308,452.02
U498,P005,click,2026-04-05 13:25:00,desktop,electronics,119,367.21
U161,P047,view,2026-04-05 13:25:00,mobile,electronics,113,299.52
U162,P061,click,2026-04-05 13:25:00,tablet,beauty,526,39.97
U423,P032,click,2026-04-05 13:28:00,desktop,clothing,348,313.37
U206,P041,view,2026-04-05 13:28:00,mobile,beauty,258,192.19
U406,P048,click,2026-04-05 13:28:00,desktop,home,591,407.76
U230,P090,add_to_cart,2026-04-05 13:31:00,desktop,clothing,539,316.31
U166,P001,view,2026-04-05 13:31:00,mobile,beauty,87,422.47
U211,P067,view,2026-04-05 13:33:00,desktop,home,368,490.12
U133,P035,view,2026-04-05 13:34:00,desktop,home,174,412.99
U218,P010,view,2026-04-05 13:35:00,mobile,home,71,179.76
U105,P089,view,2026-04-05 13:35:00,desktop,home,204,384.31
U081,P054,click,2026-04-05 13:36:00,desktop,beauty,356,127.28
U151,P089,click,2026-04-05 13:39:00,desktop,electronics,445,355.34
U483,P056,view,2026-04-05 13:40:00,mobile,home,311,296.72
U147,P043,click,2026-04-05 13:41:00,desktop,clothing,248,202.53
U304,P046,click,2026-04-05 13:41:00,desktop,home,254,206.63
U139,P010,click,2026-04-05 13:43:00,mobile,electronics,335,154.83
U174,P054,click,2026-04-05 13:43:00,mobile,clothing,332,202.88
U387,P092,view,2026-04-05 13:45:00,tablet,beauty,566,476.26
U244,P038,view,2026-04-05 13:45:00,tablet,clothing,211,110.12
U361,P077,view,2026-04-05 13:46:00,tablet,clothing,45,45.06
U117,P093,view,2026-04-05 13:48:00,desktop,home,32,488.03
U110,P092,view,2026-04-05 13:48:00,desktop,clothing,49,155.41
U500,P002,view,2026-04-05 13:48:00,mobile,clothing,442,336.18
U273,P041,view,2026-04-05 13:48:00,mobile,clothing,272,305.37
U060,P024,view,2026-04-05 13:48:00,mobile,beauty,311,472.29
U315,P077,click,2026-04-05 13:49:00,mobile,electronics,510,229.88
U169,P078,view,2026-04-05 13:50:00,mobile,electronics,136,14.66
U261,P050,add_to_cart,2026-04-05 13:50:00,desktop,clothing,597,207.59
U024,P053,view,2026-04-05 13:51:00,tablet,home,23,206.17
U057,P056,click,2026-04-05 13:51:00,mobile,clothing,391,53.42
U144,P060,view,2026-04-05 13:53:00,tablet,clothing,360,308.73
U257,P072,click,2026-04-05 13:54:00,mobile,electronics,180,53.43
U099,P085,click,2026-04-05 13:54:00,tablet,clothing,559,304.46
U067,P001,click,2026-04-05 13:55:00,tablet,electronics,530,440.68
U437,P077,view,2026-04-05 14:02:00,desktop,electronics,48,475.34
U382,P054,add_to_cart,2026-04-05 14:02:00,mobile,beauty,558,52.58
U319,P022,view,2026-04-05 14:07:00,mobile,beauty,287,69.46
U267,P062,click,2026-04-05 14:07:00,mobile,clothing,365,269.41
U142,P055,click,2026-04-05 14:08:00,tablet,beauty,353,21.26
U268,P025,view,2026-04-05 14:08:00,tablet,clothing,95,376.8
U189,P062,view,2026-04-05 14:09:00,mobile,electronics,214,264.08
U042,P053,click,2026-04-05 14:11:00,mobile,electronics,489,447.9
U027,P035,view,2026-04-05 14:11:00,mobile,clothing,185,457.96
U121,P037,click,2026-04-05 14:13:00,tablet,electronics,562,372.99
U218,P070,add_to_cart,2026-04-05 14:13:00,desktop,electronics,548,118.89
U280,P039,add_to_cart,2026-04-05 14:14:00,desktop,beauty,548,373.28
U255,P088,view,2026-04-05 14:15:00,tablet,clothing,222,211.02
U228,P040,view,2026-04-05 14:15:00,mobile,clothing,202,105.87
U243,P045,click,2026-04-05 14:15:00,mobile,home,518,370.25
U071,P093,click,2026-04-05 14:16:00,mobile,electronics,398,319.76
U106,P035,click,2026-04-05 14:18:00,desktop,beauty,548,447.32
U434,P012,view,2026-04-05 14:19:00,desktop,clothing,62,392.6
U369,P013,click,2026-04-05 14:19:00,tablet,beauty,586,381.97
U205,P023,click,2026-04-05 14:21:00,tablet,clothing,450,215.37
U500,P014,click,2026-04-05 14:22:00,desktop,electronics,327,438.9
U167,P049,view,2026-04-05 14:25:00,desktop,beauty,17,357.94
U268,P072,view,2026-04-05 14:28:00,tablet,beauty,105,422.1
U010,P037,view,2026-04-05 14:28:00,tablet,home,400,431.27
U249,P015,click,2026-04-05 14:29:00,mobile,home,559,439.51
U168,P082,view,2026-04-05 14:31:00,tablet,electronics,285,496.0
U394,P019,click,2026-04-05 14:32:00,desktop,electronics,52,273.82
U257,P032,click,2026-04-05 14:33:00,tablet,home,493,55.31
U372,P055,view,2026-04-05 14:34:00,mobile,home,430,455.16
U442,P004,view,2026-04-05 14:35:00,mobile,clothing,120,138.97
U117,P017,add_to_cart,2026-04-05 14:35:00,desktop,home,554,135.79
U267,P033,click,2026-04-05 14:35:00,mobile,clothing,275,31.64
U003,P097,click,2026-04-05 14:36:00,tablet,beauty,391,235.53
U232,P082,click,2026-04-05 14:37:00,mobile,home,430,86.55
U416,P062,view,2026-04-05 14:39:00,desktop,electronics,102,332.91
U309,P026,click,2026-04-05 14:42:00,mobile,home,525,213.32
U223,P020,click,2026-04-05 14:43:00,desktop,clothing,408,176.1
U213,P015,view,2026-04-05 14:44:00,mobile,electronics,108,482.23
U112,P051,click,2026-04-05 14:46:00,tablet,home,527,23.76
U474,P018,view,2026-04-05 14:47:00,mobile,clothing,104,185.23
U290,P020,click,2026-04-05 14:48:00,desktop,beauty,372,250.33
U332,P018,view,2026-04-05 14:48:00,tablet,beauty,275,407.23
U438,P049,click,2026-04-05 14:48:00,mobile,electronics,256,162.25
U004,P061,add_to_cart,2026-04-05 14:48:00,desktop,electronics,396,113.26
U376,P008,click,2026-04-05 14:51:00,tablet,electronics,105,66.61
U081,P093,view,2026-04-05 14:53:00,desktop,clothing,115,450.81
U102,P091,view,2026-04-05 14:55:00,mobile,electronics,236,479.63
U061,P093,view,2026-04-05 14:56:00,mobile,clothing,278,431.5
U015,P058,add_to_cart,2026-04-05 14:56:00,desktop,beauty,401,103.4
U485,P084,view,2026-04-05 14:57:00,mobile,beauty,373,435.16
U091,P094,add_to_cart,2026-04-05 14:57:00,desktop,electronics,586,311.89
U257,P084,view,2026-04-05 14:57:00,desktop,clothing,274,442.46
U343,P076,click,2026-04-05 15:00:00,desktop,home,403,262.77
U051,P002,click,2026-04-05 15:00:00,desktop,clothing,415,426.17
U236,P080,click,2026-04-05 15:01:00,tablet,beauty,448,213.27
U309,P084,add_to_cart,2026-04-05 15:04:00,desktop,electronics,255,165.63
U133,P087,add_to_cart,2026-04-05 15:04:00,desktop,beauty,552,22.55
U079,P018,view,2026-04-05 15:09:00,tablet,electronics,90,300.77
U237,P016,view,2026-04-05 15:10:00,tablet,beauty,185,455.33
U338,P082,click,2026-04-05 15:12:00,tablet,home,264,29.04
U386,P058,click,2026-04-05 15:13:00,desktop,electronics,59,210.64
U140,P095,view,2026-04-05 15:13:00,mobile,home,423,398.95
U309,P011,click,2026-04-05 15:13:00,mobile,electronics,517,423.99
U354,P072,click,2026-04-05 15:18:00,tablet,electronics,550,418.68
U165,P061,view,2026-04-05 15:18:00,mobile,clothing,340,298.98
U433,P029,click,2026-04-05 15:20:00,desktop,clothing,523,402.73
U180,P093,click,2026-04-05 15:21:00,tablet,clothing,486,283.64
U234,P089,view,2026-04-05 15:21:00,tablet,beauty,336,183.27
U446,P071,view,2026-04-05 15:22:00,tablet,home,231,164.23
U429,P044,view,2026-04-05 15:22:00,tablet,beauty,45,121.07
U006,P035,view,2026-04-05 15:23:00,tablet,beauty,100,134.57
U159,P078,click,2026-04-05 15:24:00,mobile,electronics,187,193.36
U219,P089,view,2026-04-05 15:24:00,mobile,home,253,463.27
U058,P026,view,2026-04-05 15:24:00,mobile,beauty,46,494.33
U482,P014,view,2026-04-05 15:28:00,tablet,home,189,255.47
U429,P088,add_to_cart,2026-04-05 15:28:00,desktop,electronics,565,250.55
U450,P089,view,2026-04-05 15:30:00,mobile,clothing,339,304.18
U181,P090,click,2026-04-05 15:30:00,mobile,electronics,275,85.9
U308,P034,click,2026-04-05 15:31:00,desktop,electronics,355,317.9
U217,P084,add_to_cart,2026-04-05 15:32:00,desktop,electronics,556,44.14
U236,P090,click,2026-04-05 15:32:00,tablet,clothing,538,401.2
U226,P071,click,2026-04-05 15:33:00,desktop,clothing,49,10.05
U168,P013,click,2026-04-05 15:33:00,tablet,clothing,289,202.18
U082,P072,click,2026-04-05 15:42:00,tablet,electronics,287,70.93
U171,P053,view,2026-04-05 15:42:00,mobile,clothing,500,421.38
U265,P047,view,2026-04-05 15:43:00,tablet,clothing,255,384.2
U480,P041,add_to_cart,2026-04-05 15:46:00,desktop,clothing,469,154.1
U155,P028,click,2026-04-05 15:47:00,tablet,electronics,223,89.13
U395,P072,view,2026-04-05 15:47:00,desktop,clothing,71,321.6
U164,P064,click,2026-04-05 15:50:00,tablet,beauty,502,350.3
U074,P038,add_to_cart,2026-04-05 15:50:00,desktop,clothing,599,62.24
U425,P083,click,2026-04-05 15:52:00,desktop,electronics,484,475.96
U383,P028,click,2026-04-05 15:52:00,mobile,clothing,343,91.62
U252,P022,view,2026-04-05 15:52:00,desktop,beauty,293,498.21
U457,P085,add_to_cart,2026-04-05 15:52:00,mobile,electronics,600,142.39
U301,P036,view,2026-04-05 15:53:00,tablet,beauty,26,377.35
U421,P100,click,2026-04-05 15:54:00,desktop,clothing,189,155.02
U195,P009,add_to_cart,2026-04-05 15:55:00,desktop,clothing,572,267.89
U255,P010,view,2026-04-05 15:55:00,tablet,home,175,491.65
U020,P054,add_to_cart,2026-04-05 15:56:00,desktop,electronics,398,141.97
U224,P002,view,2026-04-05 15:56:00,mobile,home,304,450.29
U195,P025,view,2026-04-05 15:56:00,tablet,electronics,25,423.89
U375,P099,click,2026-04-05 15:56:00,desktop,beauty,403,409.64
U339,P079,click,2026-04-05 15:56:00,tablet,home,466,133.78
U078,P033,view,2026-04-05 15:58:00,mobile,beauty,178,100.14
U142,P095,view,2026-04-05 15:59:00,desktop,home,39,378.46
U222,P041,view,2026-04-05 15:59:00,mobile,clothing,243,411.62
U486,P016,view,2026-04-05 16:00:00,mobile,home,20,77.73
U140,P033,view,2026-04-05 16:00:00,tablet,home,552,427.71
U143,P007,add_to_cart,2026-04-05 16:01:00,desktop,electronics,496,273.15
U498,P084,view,2026-04-05 16:02:00,tablet,beauty,90,413.52
U404,P079,add_to_cart,2026-04-05 16:02:00,desktop,electronics,570,390.25
U121,P100,view,2026-04-05 16:03:00,tablet,home,237,124.08
U008,P005,click,2026-04-05 16:04:00,desktop,electronics,236,267.86
U098,P094,view,2026-04-05 16:06:00,desktop,clothing,76,362.5
U471,P052,view,2026-04-05 16:06:00,tablet,home,304,441.87
U085,P054,view,2026-04-05 16:07:00,desktop,beauty,162,442.98
U493,P028,add_to_cart,2026-04-05 16:07:00,mobile,electronics,314,24.69
U032,P003,click,2026-04-05 16:07:00,tablet,home,534,130.92
U314,P013,add_to_cart,2026-04-05 16:08:00,desktop,clothing,333,82.82
U443,P088,view,2026-04-05 16:08:00,mobile,clothing,389,399.25
U369,P043,click,2026-04-05 16:09:00,desktop,clothing,226,53.23
U087,P065,click,2026-04-05 16:10:00,tablet,clothing,572,338.09
U268,P089,click,2026-04-05 16:11:00,desktop,electronics,45,49.91
U231,P059,add_to_cart,2026-04-05 16:14:00,desktop,home,519,41.23
U197,P098,add_to_cart,2026-04-05 16:14:00,mobile,home,580,77.77
U078,P072,click,2026-04-05 16:14:00,desktop,beauty,401,470.47
U486,P069,view,2026-04-05 16:17:00,mobile,beauty,32,145.27
U216,P049,add_to_cart,2026-04-05 16:17:00,tablet,home,539,135.42
U073,P042,click,2026-04-05 16:17:00,mobile,beauty,435,200.86
U368,P074,view,2026-04-05 16:19:00,tablet,beauty,113,351.48
U255,P025,view,2026-04-05 16:19:00,mobile,home,418,405.53
U153,P003,click,2026-04-05 16:20:00,desktop,electronics,514,435.74
U396,P065,click,2026-04-05 16:21:00,desktop,beauty,274,139.69
U319,P057,add_to_cart,2026-04-05 16:21:00,desktop,clothing,433,11.63
U090,P014,view,2026-04-05 16:22:00,mobile,home,171,314.43
U493,P056,add_to_cart,2026-04-05 16:23:00,desktop,clothing,314,59.11
U082,P026,add_to_cart,2026-04-05 16:23:00,desktop,home,488,65.46
U348,P030,click,2026-04-05 16:26:00,mobile,clothing,423,158.55
U242,P087,view,2026-04-05 16:27:00,tablet,beauty,171,231.69
U384,P046,add_to_cart,2026-04-05 16:29:00,desktop,clothing,524,349.21
U037,P079,view,2026-04-05 16:29:00,desktop,home,172,167.13
U438,P040,click,2026-04-05 16:33:00,mobile,clothing,527,55.17
U056,P075,view,2026-04-05 16:37:00,mobile,beauty,227,461.48
U392,P029,add_to_cart,2026-04-05 16:37:00,tablet,electronics,559,408.04
U407,P065,click,2026-04-05 16:38:00,tablet,beauty,554,417.88
U254,P010,view,2026-04-05 16:41:00,mobile,beauty,190,367.82
U150,P059,view,2026-04-05 16:41:00,mobile,clothing,198,455.12
U444,P001,view,2026-04-05 16:41:00,mobile,clothing,46,54.34
U366,P032,view,2026-04-05 16:42:00,tablet,home,253,333.75
U151,P075,view,2026-04-05 16:43:00,mobile,clothing,338,272.02
U297,P018,add_to_cart,2026-04-05 16:43:00,desktop,clothing,381,125.47
U165,P087,click,2026-04-05 16:44:00,mobile,home,359,202.92
U103,P043,view,2026-04-05 16:48:00,mobile,electronics,185,485.64
U178,P030,view,2026-04-05 16:48:00,tablet,clothing,71,74.81
U427,P094,click,2026-04-05 16:49:00,desktop,electronics,354,420.03
U373,P067,view,2026-04-05 16:50:00,tablet,clothing,31,60.62
U082,P036,click,2026-04-05 16:50:00,tablet,electronics,348,210.64
U224,P092,click,2026-04-05 16:51:00,tablet,home,409,82.38
U344,P025,view,2026-04-05 16:52:00,tablet,clothing,261,129.57
U347,P098,click,2026-04-05 16:52:00,tablet,clothing,268,114.9
U132,P029,view,2026-04-05 16:52:00,mobile,beauty,57,485.67
U088,P088,view,2026-04-05 16:53:00,tablet,clothing,351,484.6
U494,P027,view,2026-04-05 16:53:00,mobile,clothing,241,261.4
U206,P053,view,2026-04-05 16:56:00,desktop,electronics,184,479.02
U200,P041,click,2026-04-05 16:56:00,mobile,beauty,445,173.36
U181,P090,view,2026-04-05 16:57:00,desktop,electronics,86,486.85
U086,P038,view,2026-04-05 16:58:00,desktop,clothing,96,352.41
U239,P052,view,2026-04-05 17:00:00,desktop,beauty,20,456.66
U220,P066,view,2026-04-05 17:00:00,desktop,clothing,89,221.88
U223,P085,click,2026-04-05 17:01:00,mobile,electronics,337,41.78
U211,P064,click,2026-04-05 17:05:00,tablet,electronics,384,109.14
U377,P097,view,2026-04-05 17:05:00,tablet,clothing,91,91.26
U228,P047,click,2026-04-05 17:06:00,desktop,clothing,593,476.0
U405,P044,view,2026-04-05 17:07:00,desktop,home,181,462.16
U277,P037,click,2026-04-05 17:08:00,mobile,electronics,325,109.34
U461,P073,view,2026-04-05 17:10:00,tablet,home,368,233.98
U427,P006,view,2026-04-05 17:11:00,tablet,home,83,264.43
U491,P008,click,2026-04-05 17:11:00,tablet,home,421,58.5
U177,P036,click,2026-04-05 17:11:00,desktop,electronics,243,131.07
U269,P021,view,2026-04-05 17:12:00,tablet,home,180,49.35
U374,P012,click,2026-04-05 17:12:00,desktop,home,331,290.92
U196,P082,click,2026-04-05 17:13:00,desktop,beauty,420,29.4
U263,P081,click,2026-04-05 17:16:00,mobile,clothing,519,412.62
U285,P010,view,2026-04-05 17:16:00,mobile,beauty,237,442.58
U238,P075,click,2026-04-05 17:19:00,mobile,home,414,287.56
U434,P021,add_to_cart,2026-04-05 17:19:00,mobile,home,506,51.11
U482,P034,add_to_cart,2026-04-05 17:20:00,desktop,electronics,560,112.99
U265,P002,click,2026-04-05 17:20:00,mobile,clothing,485,228.56
U125,P055,click,2026-04-05 17:22:00,desktop,electronics,262,70.61
U328,P004,add_to_cart,2026-04-05 17:23:00,desktop,electronics,242,120.58
U192,P077,click,2026-04-05 17:23:00,mobile,electronics,206,147.49
U025,P010,view,2026-04-05 17:25:00,tablet,electronics,150,437.34
U401,P035,view,2026-04-05 17:25:00,tablet,home,211,14.16
U105,P046,view,2026-04-05 17:26:00,mobile,electronics,77,239.52
U477,P053,click,2026-04-05 17:30:00,mobile,clothing,361,212.07
U104,P028,view,2026-04-05 17:31:00,tablet,clothing,252,167.36
U307,P067,click,2026-04-05 17:31:00,tablet,home,583,311.22
U348,P063,click,2026-04-05 17:31:00,desktop,electronics,446,473.27
U394,P013,add_to_cart,2026-04-05 17:31:00,desktop,electronics,476,74.68
U446,P021,add_to_cart,2026-04-05 17:33:00,desktop,electronics,541,190.75
U435,P010,click,2026-04-05 17:34:00,desktop,clothing,259,254.29
U317,P022,view,2026-04-05 17:35:00,mobile,home,238,125.27
U191,P056,view,2026-04-05 17:36:00,tablet,electronics,113,268.14
U465,P038,click,2026-04-05 17:36:00,mobile,electronics,266,378.62
U492,P068,view,2026-04-05 17:36:00,tablet,clothing,77,254.38
U269,P028,add_to_cart,2026-04-05 17:36:00,desktop,home,540,208.02
U427,P027,click,2026-04-05 17:36:00,mobile,electronics,507,468.26
U131,P009,click,2026-04-05 17:38:00,desktop,beauty,154,103.69
U448,P072,click,2026-04-05 17:39:00,mobile,clothing,561,317.82
U362,P007,view,2026-04-05 17:39:00,mobile,home,217,54.62
U111,P043,view,2026-04-05 17:43:00,mobile,electronics,144,70.47
U003,P068,view,2026-04-05 17:44:00,mobile,electronics,112,408.19
U208,P099,view,2026-04-05 17:44:00,desktop,beauty,318,488.54
U133,P055,click,2026-04-05 17:44:00,mobile,clothing,552,386.85
U285,P068,view,2026-04-05 17:45:00,tablet,beauty,93,32.25
U071,P072,view,2026-04-05 17:47:00,mobile,electronics,174,256.4
U347,P044,view,2026-04-05 17:47:00,desktop,home,62,86.21
U174,P027,view,2026-04-05 17:49:00,mobile,home,78,109.71
U323,P087,click,2026-04-05 17:50:00,desktop,electronics,85,202.29
U363,P059,click,2026-04-05 17:50:00,desktop,clothing,528,294.07
U338,P054,click,2026-04-05 17:51:00,desktop,clothing,193,26.56
U369,P050,click,2026-04-05 17:51:00,desktop,beauty,227,12.94
U227,P096,view,2026-04-05 17:52:00,desktop,clothing,270,403.69
U020,P096,view,2026-04-05 17:53:00,mobile,home,487,499.35
U038,P015,view,2026-04-05 17:53:00,desktop,clothing,16,264.7
U035,P087,click,2026-04-05 17:55:00,desktop,electronics,235,484.68
U242,P020,view,2026-04-05 17:55:00,mobile,clothing,282,281.93
U310,P028,click,2026-04-05 17:56:00,tablet,electronics,286,307.99
U345,P029,view,2026-04-05 17:56:00,tablet,electronics,319,318.81
U317,P059,view,2026-04-05 17:57:00,tablet,clothing,46,183.63
U133,P020,view,2026-04-05 18:02:00,mobile,home,207,241.75
U206,P072,click,2026-04-05 18:02:00,tablet,home,567,245.77
U377,P029,click,2026-04-05 18:02:00,mobile,clothing,579,342.15
U011,P031,add_to_cart,2026-04-05 18:04:00,tablet,clothing,545,23.95
U204,P020,view,2026-04-05 18:04:00,tablet,beauty,443,377.43
U173,P034,add_to_cart,2026-04-05 18:04:00,tablet,electronics,565,325.53
U348,P051,click,2026-04-05 18:04:00,tablet,clothing,453,391.38
U389,P021,add_to_cart,2026-04-05 18:04:00,mobile,electronics,346,82.51
U463,P067,click,2026-04-05 18:05:00,mobile,home,444,179.56
U178,P020,click,2026-04-05 18:07:00,desktop,home,305,440.41
U418,P015,view,2026-04-05 18:07:00,tablet,home,62,420.01
U103,P035,view,2026-04-05 18:08:00,tablet,beauty,35,382.78
U287,P098,click,2026-04-05 18:10:00,desktop,home,181,44.82
U397,P027,add_to_cart,2026-04-05 18:11:00,mobile,beauty,596,85.35
U445,P057,view,2026-04-05 18:11:00,tablet,home,71,263.92
U082,P030,click,2026-04-05 18:14:00,desktop,beauty,256,62.04
U483,P027,click,2026-04-05 18:14:00,desktop,home,297,238.23
U387,P035,view,2026-04-05 18:15:00,tablet,beauty,436,473.25
U077,P025,click,2026-04-05 18:17:00,mobile,clothing,502,280.01
U106,P074,click,2026-04-05 18:18:00,desktop,home,534,272.33
U406,P002,click,2026-04-05 18:18:00,desktop,clothing,219,107.22
U486,P047,click,2026-04-05 18:19:00,tablet,electronics,402,217.59
U241,P096,view,2026-04-05 18:20:00,mobile,electronics,66,97.14
U005,P094,add_to_cart,2026-04-05 18:20:00,desktop,electronics,506,281.82
U021,P094,view,2026-04-05 18:24:00,tablet,electronics,173,330.85
U083,P089,view,2026-04-05 18:25:00,desktop,clothing,249,327.36
U440,P096,view,2026-04-05 18:26:00,mobile,clothing,35,209.26
U287,P080,click,2026-04-05 18:27:00,tablet,clothing,446,189.82
U342,P021,view,2026-04-05 18:28:00,desktop,clothing,57,320.94
U155,P045,view,2026-04-05 18:31:00,mobile,home,256,425.32
U236,P045,click,2026-04-05 18:31:00,tablet,electronics,593,419.26
U216,P076,view,2026-04-05 18:34:00,mobile,clothing,358,471.42
U118,P076,add_to_cart,2026-04-05 18:35:00,desktop,electronics,485,204.11
U345,P013,click,2026-04-05 18:35:00,desktop,clothing,553,466.67
U350,P020,view,2026-04-05 18:36:00,tablet,beauty,21,203.26
U181,P018,view,2026-04-05 18:37:00,mobile,clothing,223,259.74
U235,P074,click,2026-04-05 18:38:00,desktop,clothing,443,272.63
U028,P051,view,2026-04-05 18:38:00,mobile,electronics,159,30.19
U135,P082,view,2026-04-05 18:39:00,desktop,clothing,86,196.23
U491,P043,view,2026-04-05 18:39:00,desktop,clothing,82,238.38
U078,P071,view,2026-04-05 18:39:00,mobile,clothing,149,262.12
U377,P015,view,2026-04-05 18:40:00,desktop,beauty,36,459.89
U339,P025,click,2026-04-05 18:41:00,mobile,home,571,432.66
U083,P058,view,2026-04-05 18:43:00,desktop,beauty,56,446.17
U179,P049,click,2026-04-05 18:43:00,desktop,beauty,244,348.7
U449,P062,view,2026-04-05 18:44:00,mobile,beauty,53,208.54
U180,P030,view,2026-04-05 18:48:00,desktop,home,49,441.97
U418,P044,click,2026-04-05 18:48:00,tablet,electronics,342,28.47
U272,P038,click,2026-04-05 18:50:00,tablet,electronics,345,78.48
U483,P090,add_to_cart,2026-04-05 18:52:00,desktop,home,296,43.61
U140,P035,view,2026-04-05 18:53:00,mobile,clothing,335,487.82
U437,P041,view,2026-04-05 18:54:00,desktop,beauty,61,416.82
U055,P015,view,2026-04-05 18:56:00,desktop,beauty,411,495.78
U209,P066,view,2026-04-05 18:57:00,desktop,home,108,414.02
U074,P088,view,2026-04-05 18:59:00,mobile,home,68,47.58
U018,P020,view,2026-04-05 18:59:00,mobile,electronics,25,378.81
U448,P006,click,2026-04-05 19:00:00,tablet,beauty,324,60.2
U329,P063,view,2026-04-05 19:00:00,tablet,clothing,376,338.78
U379,P080,view,2026-04-05 19:00:00,desktop,home,233,460.6
U259,P050,click,2026-04-05 19:00:00,desktop,clothing,408,101.68
U211,P018,click,2026-04-05 19:03:00,desktop,home,520,416.51
U473,P087,view,2026-04-05 19:03:00,mobile,clothing,184,338.15
U262,P018,click,2026-04-05 19:04:00,desktop,clothing,406,415.14
U111,P080,click,2026-04-05 19:04:00,mobile,home,348,47.55
U303,P046,click,2026-04-05 19:04:00,desktop,home,161,342.45
U388,P077,view,2026-04-05 19:05:00,tablet,beauty,351,427.02
U345,P074,click,2026-04-05 19:06:00,tablet,beauty,495,387.4
U441,P035,click,2026-04-05 19:06:00,mobile,electronics,599,433.98
U184,P016,click,2026-04-05 19:07:00,desktop,home,27,19.34
U054,P012,view,2026-04-05 19:10:00,mobile,beauty,303,461.58
U223,P099,click,2026-04-05 19:11:00,tablet,home,496,266.25
U232,P060,click,2026-04-05 19:11:00,mobile,electronics,544,289.07
U292,P088,click,2026-04-05 19:12:00,mobile,electronics,316,154.92
U129,P090,view,2026-04-05 19:14:00,tablet,clothing,271,216.26
U369,P085,click,2026-04-05 19:14:00,desktop,electronics,542,467.07
U311,P076,click,2026-04-05 19:14:00,mobile,beauty,460,226.97
U003,P004,view,2026-04-05 19:15:00,mobile,home,281,410.91
U183,P098,view,2026-04-05 19:15:00,mobile,home,156,115.23
U125,P036,view,2026-04-05 19:17:00,mobile,home,260,239.11
U321,P044,click,2026-04-05 19:17:00,tablet,home,296,110.23
U428,P070,click,2026-04-05 19:17:00,tablet,home,522,424.76
U354,P020,click,2026-04-05 19:18:00,desktop,clothing,102,181.45
U272,P023,click,2026-04-05 19:19:00,desktop,clothing,562,329.4
U278,P094,click,2026-04-05 19:19:00,mobile,electronics,437,263.18
U493,P060,click,2026-04-05 19:19:00,mobile,electronics,304,376.96
U393,P064,view,2026-04-05 19:20:00,tablet,home,474,480.85
U392,P053,click,2026-04-05 19:21:00,mobile,clothing,588,277.78
U133,P027,click,2026-04-05 19:21:00,mobile,home,303,77.18
U061,P062,view,2026-04-05 19:22:00,tablet,clothing,52,459.64
U081,P040,click,2026-04-05 19:23:00,desktop,beauty,592,432.93
U030,P053,click,2026-04-05 19:23:00,tablet,clothing,595,429.36
U438,P045,click,2026-04-05 19:24:00,mobile,clothing,491,137.81
U132,P034,view,2026-04-05 19:26:00,tablet,clothing,129,308.67
U083,P090,view,2026-04-05 19:28:00,tablet,home,393,434.87
U431,P063,view,2026-04-05 19:28:00,tablet,home,135,358.57
U078,P041,view,2026-04-05 19:29:00,mobile,electronics,333,434.83
U234,P024,view,2026-04-05 19:29:00,mobile,home,266,284.7
U030,P092,click,2026-04-05 19:30:00,tablet,beauty,493,430.01
U456,P068,click,2026-04-05 19:30:00,tablet,home,551,276.69
U004,P016,view,2026-04-05 19:31:00,mobile,clothing,128,319.02
U184,P053,view,2026-04-05 19:32:00,tablet,clothing,54,297.9
U251,P006,click,2026-04-05 19:32:00,mobile,beauty,385,189.24
U089,P075,add_to_cart,2026-04-05 19:33:00,tablet,electronics,466,99.82
U447,P077,view,2026-04-05 19:35:00,tablet,beauty,321,255.98
U077,P061,view,2026-04-05 19:35:00,tablet,clothing,73,289.36
U106,P077,add_to_cart,2026-04-05 19:36:00,desktop,clothing,507,289.5
U110,P035,click,2026-04-05 19:36:00,mobile,electronics,434,135.75
U290,P061,click,2026-04-05 19:37:00,tablet,beauty,266,153.66
U021,P088,click,2026-04-05 19:39:00,desktop,home,255,211.2
U251,P040,view,2026-04-05 19:43:00,mobile,electronics,175,284.57
U379,P079,view,2026-04-05 19:44:00,mobile,electronics,117,283.8
U428,P040,view,2026-04-05 19:45:00,mobile,beauty,69,59.63
U107,P091,view,2026-04-05 19:45:00,desktop,beauty,218,361.57
U453,P062,view,2026-04-05 19:47:00,desktop,beauty,303,386.21
U402,P017,view,2026-04-05 19:48:00,tablet,electronics,233,432.21
U417,P080,click,2026-04-05 19:49:00,tablet,electronics,262,53.33
U039,P079,view,2026-04-05 19:52:00,tablet,clothing,11,220.03
U424,P062,add_to_cart,2026-04-05 19:52:00,mobile,electronics,597,252.07
U482,P082,click,2026-04-05 19:53:00,tablet,clothing,600,292.6
U187,P032,click,2026-04-05 19:55:00,mobile,home,458,65.46
U076,P036,view,2026-04-05 19:55:00,mobile,home,259,465.62
U176,P003,view,2026-04-05 19:59:00,desktop,home,138,477.79
U076,P010,view,2026-04-05 20:02:00,mobile,beauty,241,458.76
U204,P042,click,2026-04-05 20:02:00,mobile,beauty,432,440.36
U124,P043,view,2026-04-05 20:04:00,tablet,clothing,76,208.37
U371,P084,view,2026-04-05 20:04:00,mobile,clothing,332,368.79
U165,P020,view,2026-04-05 20:05:00,tablet,clothing,471,319.11
U080,P076,view,2026-04-05 20:05:00,tablet,home,435,418.45
U476,P022,click,2026-04-05 20:05:00,mobile,electronics,511,209.4
U482,P051,click,2026-04-05 20:06:00,desktop,clothing,362,495.25
U144,P090,click,2026-04-05 20:07:00,mobile,clothing,405,244.92
U415,P071,click,2026-04-05 20:09:00,tablet,beauty,243,66.49
U327,P075,view,2026-04-05 20:09:00,mobile,home,214,117.63
U330,P098,view,2026-04-05 20:12:00,tablet,clothing,356,469.86
U081,P086,view,2026-04-05 20:13:00,desktop,electronics,170,406.42
U450,P067,add_to_cart,2026-04-05 20:13:00,desktop,clothing,530,411.51
U224,P039,click,2026-04-05 20:16:00,desktop,home,391,177.56
U462,P071,click,2026-04-05 20:17:00,mobile,home,566,259.3
U424,P055,click,2026-04-05 20:20:00,mobile,clothing,485,31.14
U045,P060,view,2026-04-05 20:20:00,desktop,beauty,201,437.76
U292,P096,add_to_cart,2026-04-05 20:20:00,tablet,electronics,414,68.86
U077,P028,click,2026-04-05 20:20:00,desktop,clothing,66,103.15
U281,P051,click,2026-04-05 20:22:00,tablet,electronics,503,366.44
U483,P031,add_to_cart,2026-04-05 20:22:00,tablet,home,472,22.9
U399,P013,click,2026-04-05 20:24:00,desktop,clothing,371,166.83
U083,P076,view,2026-04-05 20:27:00,desktop,beauty,230,233.25
U170,P032,click,2026-04-05 20:32:00,tablet,beauty,534,100.49
U373,P073,view,2026-04-05 20:32:00,tablet,home,497,341.82
U048,P041,add_to_cart,2026-04-05 20:33:00,tablet,electronics,597,31.63
U176,P068,click,2026-04-05 20:34:00,tablet,beauty,428,129.9
U171,P060,click,2026-04-05 20:36:00,desktop,clothing,588,488.63
U178,P003,add_to_cart,2026-04-05 20:36:00,desktop,beauty,488,48.82
U077,P099,click,2026-04-05 20:38:00,mobile,electronics,446,403.46
U440,P019,view,2026-04-05 20:38:00,mobile,electronics,196,231.89
U447,P043,view,2026-04-05 20:39:00,desktop,beauty,97,281.41
U282,P024,click,2026-04-05 20:39:00,desktop,beauty,55,83.08
U111,P077,click,2026-04-05 20:41:00,mobile,home,560,239.05
U444,P009,add_to_cart,2026-04-05 20:41:00,desktop,electronics,569,250.49
U252,P063,add_to_cart,2026-04-05 20:42:00,desktop,electronics,591,106.87
U076,P042,click,2026-04-05 20:45:00,mobile,electronics,344,339.06
U399,P063,view,2026-04-05 20:47:00,tablet,clothing,201,68.05
U141,P015,view,2026-04-05 20:48:00,mobile,clothing,61,416.99
U409,P009,add_to_cart,2026-04-05 20:50:00,desktop,clothing,540,201.5
U310,P074,view,2026-04-05 20:53:00,tablet,home,267,255.74
U421,P077,view,2026-04-05 20:54:00,tablet,home,240,436.16
U474,P098,view,2026-04-05 20:54:00,mobile,electronics,182,462.08
U117,P062,click,2026-04-05 20:54:00,desktop,clothing,213,195.23
U436,P075,click,2026-04-05 20:56:00,tablet,clothing,276,171.31
U199,P091,add_to_cart,2026-04-05 20:58:00,desktop,clothing,420,221.54
U288,P045,click,2026-04-05 20:58:00,mobile,home,242,14.76
U101,P021,view,2026-04-05 21:00:00,mobile,home,55,64.79
U433,P093,view,2026-04-05 21:03:00,desktop,home,146,395.22
U050,P055,view,2026-04-05 21:04:00,desktop,beauty,86,341.15
U421,P035,view,2026-04-05 21:04:00,desktop,clothing,168,409.22
U452,P090,view,2026-04-05 21:08:00,mobile,electronics,226,177.15
U458,P099,click,2026-04-05 21:08:00,mobile,beauty,440,253.48
U201,P036,click,2026-04-05 21:09:00,tablet,electronics,257,73.78
U311,P035,click,2026-04-05 21:11:00,mobile,electronics,304,95.77
U234,P005,view,2026-04-05 21:12:00,mobile,beauty,191,441.62
U452,P064,view,2026-04-05 21:14:00,tablet,electronics,97,329.32
U186,P006,view,2026-04-05 21:16:00,tablet,clothing,107,486.88
U430,P007,view,2026-04-05 21:17:00,tablet,home,496,478.44
U446,P014,view,2026-04-05 21:18:00,mobile,electronics,108,379.27
U251,P034,view,2026-04-05 21:18:00,tablet,electronics,33,277.3
U303,P034,click,2026-04-05 21:19:00,desktop,electronics,343,266.02
U485,P082,view,2026-04-05 21:19:00,mobile,beauty,307,468.34
U347,P027,click,2026-04-05 21:21:00,mobile,electronics,447,170.0
U102,P038,click,2026-04-05 21:21:00,mobile,clothing,234,92.34
U158,P080,add_to_cart,2026-04-05 21:23:00,tablet,home,466,63.91
U471,P039,click,2026-04-05 21:24:00,desktop,beauty,495,294.8
U174,P091,view,2026-04-05 21:24:00,tablet,clothing,393,202.41
U088,P027,view,2026-04-05 21:25:00,mobile,home,124,430.63
U462,P095,view,2026-04-05 21:25:00,mobile,home,114,336.57
U425,P068,view,2026-04-05 21:26:00,tablet,beauty,60,405.8
U365,P031,view,2026-04-05 21:26:00,tablet,clothing,189,376.91
U157,P055,view,2026-04-05 21:27:00,tablet,clothing,280,197.85
U287,P033,view,2026-04-05 21:28:00,tablet,clothing,185,202.17
U034,P040,view,2026-04-05 21:29:00,tablet,clothing,25,165.64
U463,P058,view,2026-04-05 21:30:00,desktop,clothing,269,417.01
U206,P095,view,2026-04-05 21:32:00,mobile,home,285,117.47
U101,P074,click,2026-04-05 21:32:00,mobile,home,437,274.92
U023,P012,view,2026-04-05 21:32:00,mobile,clothing,337,381.52
U004,P060,view,2026-04-05 21:33:00,tablet,beauty,94,488.73
U287,P014,click,2026-04-05 21:35:00,tablet,home,392,295.14
U105,P074,view,2026-04-05 21:35:00,mobile,clothing,216,319.2
U141,P003,view,2026-04-05 21:36:00,mobile,home,82,124.87
U023,P091,click,2026-04-05 21:36:00,tablet,home,564,214.32
U349,P062,view,2026-04-05 21:36:00,mobile,home,171,345.25
U453,P056,view,2026-04-05 21:38:00,tablet,beauty,22,280.24
U447,P082,add_to_cart,2026-04-05 21:38:00,mobile,clothing,479,45.18
U214,P093,view,2026-04-05 21:40:00,mobile,home,402,304.39
U456,P063,click,2026-04-05 21:40:00,desktop,electronics,296,286.31
U393,P037,add_to_cart,2026-04-05 21:41:00,tablet,home,475,10.84
U342,P070,click,2026-04-05 21:42:00,tablet,home,286,68.53
U413,P020,view,2026-04-05 21:43:00,mobile,home,25,492.49
U111,P078,click,2026-04-05 21:44:00,mobile,electronics,379,104.33
U302,P001,click,2026-04-05 21:45:00,mobile,beauty,518,230.46
U066,P005,view,2026-04-05 21:45:00,mobile,beauty,227,349.04
U275,P018,click,2026-04-05 21:47:00,mobile,electronics,543,450.39
U164,P085,view,2026-04-05 21:47:00,mobile,electronics,44,269.79
U129,P099,add_to_cart,2026-04-05 21:48:00,desktop,home,362,62.74
U105,P100,view,2026-04-05 21:48:00,desktop,beauty,38,372.69
U011,P074,click,2026-04-05 21:49:00,desktop,clothing,537,420.85
U148,P056,view,2026-04-05 21:50:00,mobile,beauty,129,417.64
U087,P051,click,2026-04-05 21:51:00,desktop,beauty,53,162.87
U256,P034,view,2026-04-05 21:53:00,mobile,beauty,320,285.88
U132,P047,click,2026-04-05 21:55:00,desktop,beauty,289,228.95
U124,P047,click,2026-04-05 21:55:00,tablet,clothing,307,46.87
U283,P015,click,2026-04-05 21:56:00,mobile,electronics,585,471.47
U427,P048,view,2026-04-05 21:57:00,tablet,electronics,84,276.22
U143,P026,click,2026-04-05 21:58:00,tablet,beauty,298,93.31
U076,P023,view,2026-04-05 21:59:00,mobile,beauty,278,340.07
U076,P010,view,2026-04-05 22:00:00,tablet,clothing,341,191.74
U252,P030,click,2026-04-05 22:01:00,tablet,clothing,524,270.84
U438,P001,click,2026-04-05 22:01:00,desktop,clothing,328,264.69
U246,P063,click,2026-04-05 22:01:00,desktop,clothing,169,74.36
U275,P059,click,2026-04-05 22:02:00,mobile,electronics,252,83.03
U184,P013,view,2026-04-05 22:02:00,tablet,electronics,24,201.55
U384,P004,view,2026-04-05 22:03:00,tablet,beauty,216,185.24
U415,P019,view,2026-04-05 22:04:00,desktop,beauty,91,307.83
U340,P077,view,2026-04-05 22:04:00,desktop,home,80,451.08
U376,P037,view,2026-04-05 22:06:00,tablet,home,466,489.56
U285,P033,view,2026-04-05 22:07:00,tablet,clothing,338,466.33
U282,P006,add_to_cart,2026-04-05 22:09:00,desktop,home,411,36.37
U494,P097,view,2026-04-05 22:09:00,tablet,clothing,161,76.7
U260,P013,click,2026-04-05 22:10:00,tablet,home,588,60.71
U430,P018,click,2026-04-05 22:11:00,tablet,electronics,430,201.37
U476,P079,view,2026-04-05 22:11:00,mobile,clothing,174,80.77
U428,P019,view,2026-04-05 22:12:00,mobile,clothing,13,59.3
U315,P065,click,2026-04-05 22:13:00,desktop,beauty,398,217.73
U175,P008,view,2026-04-05 22:13:00,mobile,electronics,127,58.26
U476,P042,click,2026-04-05 22:14:00,mobile,electronics,474,376.49
U316,P063,view,2026-04-05 22:14:00,mobile,electronics,36,418.08
U222,P074,view,2026-04-05 22:14:00,tablet,beauty,269,90.2
U368,P037,view,2026-04-05 22:17:00,mobile,clothing,26,219.01
U108,P092,view,2026-04-05 22:17:00,tablet,clothing,61,422.82
U161,P048,click,2026-04-05 22:18:00,desktop,electronics,374,373.75
U074,P031,view,2026-04-05 22:20:00,tablet,beauty,244,55.93
U115,P079,click,2026-04-05 22:20:00,tablet,beauty,493,488.4
U016,P023,click,2026-04-05 22:23:00,mobile,electronics,162,116.46
U180,P083,click,2026-04-05 22:23:00,desktop,beauty,354,276.0
U286,P052,view,2026-04-05 22:24:00,tablet,home,389,481.66
U096,P076,view,2026-04-05 22:24:00,tablet,electronics,200,430.33
U142,P075,click,2026-04-05 22:25:00,mobile,electronics,189,24.53
U469,P035,click,2026-04-05 22:25:00,mobile,clothing,243,35.61
U310,P098,click,2026-04-05 22:26:00,tablet,beauty,555,394.57
U291,P074,view,2026-04-05 22:26:00,tablet,beauty,188,398.62
U305,P007,click,2026-04-05 22:28:00,desktop,electronics,469,484.32
U240,P087,click,2026-04-05 22:29:00,mobile,electronics,492,481.52
U434,P035,view,2026-04-05 22:32:00,desktop,beauty,136,290.15
U047,P039,click,2026-04-05 22:33:00,mobile,electronics,495,441.08
U082,P022,click,2026-04-05 22:36:00,mobile,home,508,426.16
U217,P013,view,2026-04-05 22:38:00,mobile,clothing,155,113.6
U024,P057,view,2026-04-05 22:39:00,mobile,electronics,90,77.11
U377,P023,click,2026-04-05 22:39:00,mobile,home,549,222.15
U057,P050,view,2026-04-05 22:40:00,mobile,beauty,117,89.44
U169,P060,add_to_cart,2026-04-05 22:40:00,desktop,clothing,450,75.11
U122,P032,view,2026-04-05 22:41:00,mobile,electronics,50,240.7
U476,P009,click,2026-04-05 22:41:00,mobile,beauty,487,191.21
U375,P009,add_to_cart,2026-04-05 22:41:00,desktop,clothing,449,306.11
U031,P063,view,2026-04-05 22:42:00,tablet,clothing,163,245.12
U274,P070,view,2026-04-05 22:43:00,mobile,electronics,146,457.45
U084,P056,click,2026-04-05 22:43:00,tablet,beauty,452,193.03
U334,P099,view,2026-04-05 22:45:00,tablet,home,340,461.27
U320,P094,click,2026-04-05 22:48:00,desktop,beauty,556,488.25
U168,P008,view,2026-04-05 22:49:00,desktop,home,126,335.14
U482,P099,view,2026-04-05 22:49:00,tablet,beauty,107,134.51
U487,P055,add_to_cart,2026-04-05 22:49:00,desktop,electronics,413,85.04
U009,P068,view,2026-04-05 22:50:00,mobile,beauty,183,169.22
U342,P050,click,2026-04-05 22:51:00,desktop,beauty,276,266.99
U119,P009,click,2026-04-05 22:51:00,desktop,home,376,112.19
U199,P093,click,2026-04-05 22:52:00,desktop,beauty,113,169.48
U109,P087,click,2026-04-05 22:52:00,desktop,home,321,365.42
U316,P052,view,2026-04-05 22:53:00,mobile,home,197,360.8
U072,P025,view,2026-04-05 22:53:00,tablet,beauty,220,68.15
U123,P051,view,2026-04-05 22:54:00,tablet,home,39,206.68
U089,P065,add_to_cart,2026-04-05 22:55:00,desktop,clothing,532,244.29
U373,P046,view,2026-04-05 22:56:00,tablet,beauty,132,95.67
U317,P044,view,2026-04-05 22:57:00,tablet,electronics,156,478.59
U172,P012,view,2026-04-05 22:58:00,tablet,clothing,19,365.93
U091,P069,view,2026-04-05 22:58:00,mobile,electronics,134,89.91
U142,P099,click,2026-04-05 23:01:00,tablet,home,567,363.81
U124,P098,click,2026-04-05 23:02:00,desktop,beauty,365,185.8
U395,P090,view,2026-04-05 23:03:00,mobile,home,139,132.74
U204,P051,click,2026-04-05 23:04:00,desktop,clothing,232,136.19
U445,P018,view,2026-04-05 23:07:00,tablet,beauty,17,426.6
U116,P039,click,2026-04-05 23:08:00,desktop,electronics,191,157.78
U450,P099,click,2026-04-05 23:09:00,tablet,beauty,433,55.2
U344,P001,click,2026-04-05 23:09:00,tablet,clothing,391,52.37
U075,P080,click,2026-04-05 23:10:00,desktop,beauty,273,27.35
U024,P073,click,2026-04-05 23:11:00,tablet,beauty,532,323.92
U190,P017,view,2026-04-05 23:11:00,mobile,clothing,120,495.86
U255,P036,click,2026-04-05 23:11:00,desktop,clothing,319,411.53
U067,P026,click,2026-04-05 23:12:00,tablet,electronics,446,188.12
U033,P064,view,2026-04-05 23:12:00,tablet,clothing,153,250.67
U351,P083,click,2026-04-05 23:13:00,desktop,beauty,362,417.39
U004,P025,click,2026-04-05 23:13:00,desktop,home,320,173.69
U377,P086,view,2026-04-05 23:14:00,tablet,electronics,58,185.58
U397,P015,click,2026-04-05 23:14:00,tablet,beauty,579,233.9
U042,P085,click,2026-04-05 23:15:00,tablet,beauty,452,382.56
U120,P030,click,2026-04-05 23:18:00,desktop,clothing,330,20.67
U417,P002,click,2026-04-05 23:20:00,desktop,clothing,320,342.56
U288,P063,click,2026-04-05 23:21:00,tablet,clothing,482,90.07
U348,P032,view,2026-04-05 23:21:00,mobile,beauty,270,209.81
U161,P067,click,2026-04-05 23:22:00,mobile,clothing,313,100.08
U474,P083,add_to_cart,2026-04-05 23:23:00,tablet,electronics,573,35.1
U131,P011,click,2026-04-05 23:23:00,mobile,electronics,298,76.28
U293,P041,view,2026-04-05 23:23:00,tablet,clothing,263,125.42
U244,P086,click,2026-04-05 23:25:00,desktop,electronics,493,464.34
U388,P017,view,2026-04-05 23:25:00,desktop,beauty,349,455.04
U285,P009,add_to_cart,2026-04-05 23:26:00,desktop,home,558,141.79
U167,P019,click,2026-04-05 23:26:00,tablet,electronics,563,467.67
U069,P031,view,2026-04-05 23:26:00,mobile,beauty,154,190.88
U157,P074,click,2026-04-05 23:29:00,desktop,home,272,204.18
U425,P047,view,2026-04-05 23:30:00,mobile,clothing,455,489.38
U242,P072,click,2026-04-05 23:31:00,mobile,electronics,267,34.43
U048,P002,view,2026-04-05 23:34:00,tablet,clothing,153,424.09
U454,P060,click,2026-04-05 23:35:00,desktop,clothing,200,50.05
U023,P069,click,2026-04-05 23:36:00,mobile,home,525,380.5
U470,P002,click,2026-04-05 23:36:00,tablet,electronics,263,271.26
U175,P042,view,2026-04-05 23:38:00,mobile,electronics,91,87.55
U360,P067,view,2026-04-05 23:38:00,mobile,beauty,254,487.19
U200,P044,view,2026-04-05 23:40:00,mobile,home,80,287.83
U036,P045,view,2026-04-05 23:42:00,mobile,home,384,467.87
U260,P037,click,2026-04-05 23:45:00,tablet,home,573,313.21
U202,P082,add_to_cart,2026-04-05 23:45:00,desktop,electronics,441,314.99
U003,P032,click,2026-04-05 23:46:00,mobile,beauty,200,11.2
U209,P095,click,2026-04-05 23:47:00,mobile,beauty,279,191.68
U218,P060,add_to_cart,2026-04-05 23:48:00,mobile,electronics,588,19.18
U144,P077,view,2026-04-05 23:48:00,desktop,home,140,365.21
U038,P055,click,2026-04-05 23:51:00,desktop,home,445,249.42
U081,P041,view,2026-04-05 23:52:00,mobile,home,32,288.02
U378,P095,view,2026-04-05 23:52:00,mobile,beauty,185,201.92
U366,P058,add_to_cart,2026-04-05 23:55:00,desktop,beauty,553,95.15
U471,P021,view,2026-04-05 23:56:00,mobile,home,196,168.94
U271,P017,view,2026-04-05 23:56:00,mobile,home,427,399.64
U427,P031,view,2026-04-05 23:57:00,mobile,home,325,350.16
U057,P087,click,2026-04-05 23:57:00,mobile,electronics,498,185.13
U060,P007,click,2026-04-05 23:58:00,desktop,electronics,62,114.17
U273,P063,view,2026-04-05 23:59:00,desktop,electronics,37,364.42
U352,P026,click,2026-04-06 00:00:00,mobile,clothing,302,15.17
U386,P028,view,2026-04-06 00:00:00,desktop,beauty,383,492.24
U308,P022,view,2026-04-06 00:00:00,desktop,clothing,83,446.81
U144,P041,click,2026-04-06 00:01:00,desktop,beauty,185,264.41
U188,P028,click,2026-04-06 00:03:00,desktop,electronics,69,27.76
U455,P081,view,2026-04-06 00:04:00,tablet,beauty,239,209.58
U080,P052,view,2026-04-06 00:05:00,tablet,home,448,459.53
U244,P004,click,2026-04-06 00:06:00,desktop,home,386,466.72
U133,P076,view,2026-04-06 00:07:00,tablet,clothing,42,316.99
U254,P081,click,2026-04-06 00:07:00,mobile,home,470,385.06
U080,P081,click,2026-04-06 00:07:00,mobile,clothing,531,295.65
U148,P076,view,2026-04-06 00:07:00,mobile,electronics,89,368.28
U437,P032,view,2026-04-06 00:07:00,tablet,beauty,130,496.31
U124,P049,view,2026-04-06 00:07:00,tablet,home,355,313.06
U104,P048,view,2026-04-06 00:08:00,tablet,beauty,255,493.84
U359,P080,view,2026-04-06 00:08:00,mobile,electronics,29,481.48
U464,P001,click,2026-04-06 00:08:00,mobile,electronics,390,196.3
U053,P065,click,2026-04-06 00:08:00,tablet,beauty,293,109.58
U309,P072,add_to_cart,2026-04-06 00:09:00,tablet,clothing,569,127.61
U426,P034,click,2026-04-06 00:13:00,desktop,electronics,391,456.33
U166,P008,view,2026-04-06 00:15:00,mobile,clothing,79,43.44
U020,P009,view,2026-04-06 00:16:00,mobile,clothing,228,329.3
U081,P010,click,2026-04-06 00:16:00,mobile,clothing,584,271.14
U022,P094,click,2026-04-06 00:17:00,desktop,clothing,300,245.55
U156,P043,click,2026-04-06 00:18:00,tablet,beauty,397,22.27
U208,P075,view,2026-04-06 00:19:00,desktop,electronics,38,290.49
U167,P093,view,2026-04-06 00:20:00,tablet,clothing,275,308.77
U460,P066,view,2026-04-06 00:21:00,desktop,clothing,134,378.56
U026,P020,add_to_cart,2026-04-06 00:21:00,mobile,electronics,556,309.44
U010,P050,click,2026-04-06 00:22:00,mobile,home,319,37.83
U318,P064,view,2026-04-06 00:22:00,tablet,electronics,246,327.58
U346,P029,add_to_cart,2026-04-06 00:24:00,desktop,clothing,570,215.29
U286,P020,view,2026-04-06 00:25:00,desktop,home,138,393.26
U335,P012,click,2026-04-06 00:26:00,tablet,electronics,492,276.36
U058,P072,add_to_cart,2026-04-06 00:26:00,desktop,beauty,517,236.55
U106,P042,click,2026-04-06 00:26:00,mobile,electronics,333,274.27
U352,P031,click,2026-04-06 00:26:00,tablet,home,487,254.49
U362,P025,click,2026-04-06 00:28:00,tablet,home,470,462.46
U455,P022,click,2026-04-06 00:28:00,desktop,beauty,505,258.99
U260,P060,add_to_cart,2026-04-06 00:31:00,desktop,electronics,395,192.42
U152,P049,click,2026-04-06 00:31:00,desktop,clothing,441,181.31
U435,P042,view,2026-04-06 00:31:00,mobile,clothing,263,415.74
U320,P056,view,2026-04-06 00:33:00,tablet,beauty,120,51.48
U440,P099,click,2026-04-06 00:33:00,mobile,clothing,363,301.16
U209,P064,view,2026-04-06 00:33:00,mobile,beauty,220,85.98
U376,P015,click,2026-04-06 00:33:00,mobile,clothing,350,199.05
U126,P058,add_to_cart,2026-04-06 00:34:00,tablet,electronics,567,95.83
U437,P054,click,2026-04-06 00:34:00,mobile,home,599,384.12
U259,P035,click,2026-04-06 00:36:00,desktop,clothing,196,274.18
U314,P091,view,2026-04-06 00:36:00,tablet,clothing,21,335.28
U013,P056,click,2026-04-06 00:38:00,tablet,electronics,210,228.24
U166,P068,view,2026-04-06 00:39:00,tablet,clothing,131,322.57
U010,P045,click,2026-04-06 00:40:00,tablet,beauty,460,209.08
U481,P024,view,2026-04-06 00:40:00,tablet,beauty,10,124.24
U100,P019,click,2026-04-06 00:41:00,desktop,clothing,268,70.5
U411,P093,click,2026-04-06 00:43:00,tablet,beauty,546,301.53
U096,P045,add_to_cart,2026-04-06 00:46:00,desktop,electronics,281,180.57
U190,P093,view,2026-04-06 00:47:00,mobile,home,265,471.53
U345,P078,view,2026-04-06 00:48:00,tablet,home,78,189.69
U434,P043,view,2026-04-06 00:50:00,desktop,beauty,225,371.74
U114,P072,click,2026-04-06 00:54:00,mobile,beauty,495,94.5
U251,P086,add_to_cart,2026-04-06 00:54:00,tablet,electronics,575,224.23
U102,P007,add_to_cart,2026-04-06 00:55:00,desktop,beauty,437,88.6
U431,P046,view,2026-04-06 00:58:00,mobile,electronics,109,245.5
U346,P057,add_to_cart,2026-04-06 00:59:00,mobile,electronics,599,131.22
U058,P043,view,2026-04-06 01:00:00,desktop,beauty,83,230.78
U298,P020,view,2026-04-06 01:00:00,tablet,electronics,166,314.95
U500,P069,view,2026-04-06 01:01:00,tablet,electronics,23,497.12
U448,P060,view,2026-04-06 01:01:00,tablet,electronics,38,400.92
U159,P096,click,2026-04-06 01:02:00,tablet,beauty,476,255.87
U468,P009,click,2026-04-06 01:02:00,tablet,electronics,233,31.76
U458,P009,view,2026-04-06 01:02:00,mobile,electronics,147,118.15
U449,P096,click,2026-04-06 01:04:00,mobile,clothing,467,172.28
U342,P045,click,2026-04-06 01:07:00,mobile,clothing,492,144.62
U200,P013,click,2026-04-06 01:07:00,tablet,electronics,492,485.24
U418,P036,view,2026-04-06 01:08:00,tablet,beauty,33,396.54
U277,P058,click,2026-04-06 01:09:00,mobile,electronics,165,67.84
U378,P081,view,2026-04-06 01:09:00,desktop,beauty,139,270.74
U378,P028,view,2026-04-06 01:11:00,mobile,beauty,295,343.56
U490,P085,view,2026-04-06 01:11:00,tablet,clothing,141,87.9
U455,P032,click,2026-04-06 01:15:00,tablet,beauty,478,81.43
U417,P087,click,2026-04-06 01:17:00,mobile,home,385,337.64
U027,P004,click,2026-04-06 01:17:00,desktop,electronics,32,69.96
U446,P089,add_to_cart,2026-04-06 01:17:00,desktop,beauty,556,174.76
U202,P012,add_to_cart,2026-04-06 01:18:00,mobile,beauty,598,285.87
U189,P052,click,2026-04-06 01:19:00,tablet,clothing,546,100.58
U099,P048,click,2026-04-06 01:20:00,desktop,beauty,126,129.79
U057,P068,click,2026-04-06 01:22:00,mobile,clothing,379,101.99
U271,P076,click,2026-04-06 01:22:00,tablet,electronics,500,198.78
U357,P096,add_to_cart,2026-04-06 01:24:00,desktop,electronics,425,222.09
U126,P022,view,2026-04-06 01:24:00,tablet,electronics,254,459.47
U373,P024,view,2026-04-06 01:26:00,tablet,beauty,104,184.8
U398,P074,view,2026-04-06 01:26:00,mobile,home,366,456.85
U081,P052,view,2026-04-06 01:27:00,tablet,home,426,251.73
U368,P096,view,2026-04-06 01:28:00,tablet,home,39,199.05
U228,P033,view,2026-04-06 01:28:00,desktop,clothing,262,372.84
U224,P029,view,2026-04-06 01:30:00,mobile,home,83,55.44
U093,P051,add_to_cart,2026-04-06 01:31:00,desktop,home,272,30.78
U179,P074,view,2026-04-06 01:32:00,tablet,clothing,42,263.74
U219,P035,click,2026-04-06 01:33:00,desktop,home,249,66.94
U114,P015,view,2026-04-06 01:34:00,tablet,electronics,57,120.74
U366,P066,click,2026-04-06 01:34:00,mobile,clothing,411,381.77
U272,P065,click,2026-04-06 01:35:00,mobile,beauty,519,348.85
U468,P037,click,2026-04-06 01:36:00,tablet,clothing,338,321.53
U458,P035,click,2026-04-06 01:36:00,mobile,electronics,587,316.87
U259,P033,view,2026-04-06 01:36:00,tablet,home,351,176.51
U348,P012,add_to_cart,2026-04-06 01:38:00,desktop,beauty,568,117.47
U021,P003,click,2026-04-06 01:39:00,desktop,clothing,361,160.76
U291,P065,add_to_cart,2026-04-06 01:39:00,desktop,beauty,585,20.69
U344,P066,click,2026-04-06 01:41:00,tablet,electronics,551,281.84
U494,P094,view,2026-04-06 01:43:00,mobile,clothing,162,292.34
U489,P052,view,2026-04-06 01:43:00,desktop,home,29,62.46
U153,P012,click,2026-04-06 01:45:00,desktop,electronics,197,73.29
U102,P022,click,2026-04-06 01:46:00,desktop,clothing,413,399.68
U321,P053,view,2026-04-06 01:47:00,mobile,home,73,300.69
U394,P046,click,2026-04-06 01:49:00,desktop,home,138,102.47
U372,P049,click,2026-04-06 01:49:00,desktop,beauty,448,320.95
U321,P029,add_to_cart,2026-04-06 01:49:00,desktop,home,464,266.38
U305,P014,view,2026-04-06 01:49:00,desktop,beauty,163,230.55
U376,P096,click,2026-04-06 01:50:00,tablet,electronics,532,482.86
U453,P041,click,2026-04-06 01:51:00,tablet,clothing,552,165.97
U257,P053,view,2026-04-06 01:51:00,mobile,beauty,90,327.89
U383,P027,click,2026-04-06 01:53:00,desktop,home,128,96.4
U231,P050,click,2026-04-06 01:54:00,desktop,home,565,414.47
U308,P071,click,2026-04-06 01:56:00,tablet,home,511,229.84
U294,P064,click,2026-04-06 01:58:00,mobile,home,314,36.27
U463,P079,view,2026-04-06 01:59:00,desktop,beauty,138,477.99
U481,P059,click,2026-04-06 02:02:00,mobile,beauty,467,168.02
U101,P092,add_to_cart,2026-04-06 02:03:00,desktop,clothing,536,43.25
U018,P068,click,2026-04-06 02:04:00,tablet,clothing,459,208.51
U414,P083,click,2026-04-06 02:05:00,tablet,clothing,480,64.2
U131,P026,click,2026-04-06 02:05:00,tablet,electronics,348,49.37
U243,P093,view,2026-04-06 02:07:00,mobile,clothing,247,138.59
U165,P019,view,2026-04-06 02:08:00,desktop,home,33,272.75
U416,P032,view,2026-04-06 02:08:00,tablet,electronics,196,104.65
U239,P015,click,2026-04-06 02:09:00,desktop,clothing,20,22.22
U129,P070,view,2026-04-06 02:09:00,tablet,beauty,39,361.85
U192,P046,view,2026-04-06 02:09:00,mobile,electronics,39,459.29
U180,P009,click,2026-04-06 02:10:00,desktop,clothing,481,477.02
U045,P039,view,2026-04-06 02:10:00,mobile,beauty,274,434.67
U263,P094,view,2026-04-06 02:10:00,mobile,beauty,60,345.92
U417,P089,view,2026-04-06 02:11:00,desktop,clothing,75,419.84
U308,P080,click,2026-04-06 02:13:00,mobile,beauty,420,230.35
U247,P003,click,2026-04-06 02:13:00,tablet,home,598,338.08
U370,P060,click,2026-04-06 02:16:00,desktop,home,181,215.7
U027,P007,view,2026-04-06 02:17:00,mobile,clothing,79,277.81
U235,P003,click,2026-04-06 02:18:00,desktop,beauty,481,490.08
U021,P005,add_to_cart,2026-04-06 02:18:00,desktop,clothing,375,46.15
U281,P005,view,2026-04-06 02:18:00,tablet,beauty,489,350.89
U009,P092,view,2026-04-06 02:19:00,tablet,home,405,306.37
U025,P016,click,2026-04-06 02:21:00,desktop,home,483,376.76
U341,P056,click,2026-04-06 02:21:00,tablet,electronics,90,168.53
U119,P045,view,2026-04-06 02:22:00,desktop,clothing,133,155.68
U490,P099,click,2026-04-06 02:23:00,mobile,beauty,497,118.47
U405,P047,click,2026-04-06 02:23:00,desktop,beauty,277,352.21
U074,P046,view,2026-04-06 02:24:00,tablet,beauty,283,297.5
U113,P036,view,2026-04-06 02:25:00,mobile,clothing,35,304.28
U419,P038,view,2026-04-06 02:26:00,desktop,home,201,415.92
U173,P042,click,2026-04-06 02:26:00,desktop,clothing,362,291.09
U172,P077,view,2026-04-06 02:27:00,tablet,clothing,82,222.71
U281,P010,view,2026-04-06 02:31:00,mobile,beauty,226,144.84
U491,P019,add_to_cart,2026-04-06 02:32:00,desktop,beauty,386,89.24
U157,P080,view,2026-04-06 02:33:00,desktop,home,352,439.33
U180,P052,view,2026-04-06 02:34:00,desktop,beauty,69,488.64
U157,P092,view,2026-04-06 02:34:00,mobile,home,172,190.89
U255,P058,view,2026-04-06 02:35:00,mobile,beauty,436,327.84
U161,P018,view,2026-04-06 02:36:00,tablet,clothing,444,291.37
U201,P073,click,2026-04-06 02:36:00,desktop,clothing,517,462.45
U367,P014,click,2026-04-06 02:37:00,mobile,home,349,50.82
U397,P013,click,2026-04-06 02:37:00,desktop,beauty,228,95.22
U145,P026,view,2026-04-06 02:38:00,desktop,home,71,322.45
U078,P029,add_to_cart,2026-04-06 02:40:00,desktop,clothing,406,129.06
U251,P033,view,2026-04-06 02:41:00,desktop,electronics,113,252.99
U295,P073,view,2026-04-06 02:43:00,tablet,clothing,88,49.41
U203,P014,click,2026-04-06 02:44:00,tablet,electronics,600,485.56
U364,P070,click,2026-04-06 02:47:00,desktop,beauty,594,485.63
U391,P058,view,2026-04-06 02:47:00,tablet,home,279,193.37
U465,P015,click,2026-04-06 02:47:00,desktop,clothing,272,48.98
U224,P083,add_to_cart,2026-04-06 02:50:00,mobile,electronics,569,346.8
U083,P046,view,2026-04-06 02:54:00,mobile,home,119,79.08
U430,P084,click,2026-04-06 02:54:00,tablet,clothing,534,393.81
U155,P063,add_to_cart,2026-04-06 02:55:00,mobile,electronics,431,61.5
U248,P067,view,2026-04-06 02:55:00,mobile,clothing,358,487.58
U406,P063,view,2026-04-06 02:55:00,tablet,beauty,105,433.34
U184,P072,view,2026-04-06 02:56:00,desktop,clothing,54,338.86
U415,P061,view,2026-04-06 02:58:00,desktop,clothing,28,317.24
U473,P074,click,2026-04-06 02:58:00,mobile,beauty,519,364.32
U489,P061,add_to_cart,2026-04-06 03:00:00,desktop,clothing,581,220.13
U427,P066,click,2026-04-06 03:01:00,mobile,electronics,323,12.87
U302,P085,click,2026-04-06 03:01:00,mobile,home,546,445.54
U458,P003,view,2026-04-06 03:02:00,desktop,home,57,265.1
U253,P003,view,2026-04-06 03:02:00,tablet,clothing,84,474.8
U076,P020,click,2026-04-06 03:03:00,desktop,clothing,329,361.22
U025,P075,click,2026-04-06 03:03:00,desktop,electronics,232,234.27
U385,P009,add_to_cart,2026-04-06 03:04:00,desktop,clothing,391,231.01
U136,P076,click,2026-04-06 03:04:00,mobile,clothing,525,421.53
U491,P079,click,2026-04-06 03:06:00,tablet,electronics,538,214.79
U456,P041,click,2026-04-06 03:06:00,desktop,electronics,323,335.55
U449,P023,add_to_cart,2026-04-06 03:06:00,desktop,beauty,579,226.44
U216,P046,view,2026-04-06 03:07:00,desktop,electronics,20,368.05
U282,P045,click,2026-04-06 03:07:00,tablet,beauty,547,288.34
U405,P004,add_to_cart,2026-04-06 03:07:00,mobile,electronics,399,49.02
U141,P070,add_to_cart,2026-04-06 03:08:00,desktop,beauty,547,37.24
U187,P092,click,2026-04-06 03:08:00,desktop,home,462,414.46
U138,P100,view,2026-04-06 03:08:00,mobile,clothing,166,238.21
U290,P098,view,2026-04-06 03:08:00,mobile,home,390,432.8
U254,P020,view,2026-04-06 03:10:00,mobile,home,438,447.2
U003,P001,view,2026-04-06 03:11:00,tablet,home,114,317.65
U324,P083,view,2026-04-06 03:13:00,tablet,clothing,308,350.65
U122,P013,click,2026-04-06 03:13:00,tablet,clothing,334,191.4
U438,P044,view,2026-04-06 03:15:00,tablet,home,74,97.68
U198,P092,click,2026-04-06 03:16:00,tablet,beauty,531,356.24
U342,P066,add_to_cart,2026-04-06 03:16:00,desktop,electronics,574,276.53
U369,P014,view,2026-04-06 03:16:00,tablet,clothing,173,203.73
U451,P032,click,2026-04-06 03:17:00,mobile,clothing,600,300.49
U400,P078,click,2026-04-06 03:17:00,mobile,home,599,389.5
U063,P080,click,2026-04-06 03:21:00,desktop,electronics,113,18.13
U115,P008,click,2026-04-06 03:25:00,desktop,home,301,124.33
U132,P049,click,2026-04-06 03:25:00,desktop,clothing,232,147.44
U157,P078,click,2026-04-06 03:27:00,desktop,home,149,45.8
U053,P029,click,2026-04-06 03:27:00,desktop,beauty,148,44.6
U252,P091,click,2026-04-06 03:27:00,tablet,clothing,599,326.26
U217,P084,add_to_cart,2026-04-06 03:27:00,desktop,home,435,225.59
U486,P096,add_to_cart,2026-04-06 03:28:00,desktop,beauty,578,99.93
U314,P092,view,2026-04-06 03:28:00,mobile,clothing,91,53.25
U001,P061,view,2026-04-06 03:28:00,desktop,home,44,329.59
U394,P053,click,2026-04-06 03:28:00,tablet,clothing,468,422.17
U489,P033,click,2026-04-06 03:32:00,mobile,home,545,282.66
U111,P077,add_to_cart,2026-04-06 03:32:00,tablet,electronics,532,317.74
U156,P072,click,2026-04-06 03:32:00,tablet,beauty,412,205.13
U124,P094,view,2026-04-06 03:33:00,tablet,home,111,182.53
U172,P063,view,2026-04-06 03:33:00,tablet,clothing,246,486.91
U030,P019,click,2026-04-06 03:33:00,mobile,home,399,42.59
U139,P026,click,2026-04-06 03:34:00,desktop,beauty,271,99.72
U457,P006,click,2026-04-06 03:37:00,desktop,clothing,236,93.03
U089,P037,view,2026-04-06 03:37:00,desktop,beauty,35,432.86
U343,P012,add_to_cart,2026-04-06 03:38:00,tablet,home,591,54.69
U172,P090,click,2026-04-06 03:38:00,desktop,clothing,115,12.99
U187,P060,view,2026-04-06 03:38:00,tablet,beauty,445,386.04
U253,P084,view,2026-04-06 03:42:00,mobile,beauty,295,320.44
U480,P030,view,2026-04-06 03:43:00,mobile,beauty,176,262.83
U197,P010,add_to_cart,2026-04-06 03:45:00,desktop,electronics,494,249.12
U303,P078,add_to_cart,2026-04-06 03:47:00,desktop,beauty,584,373.55
U097,P054,click,2026-04-06 03:47:00,mobile,home,557,143.69
U158,P028,click,2026-04-06 03:47:00,mobile,clothing,518,218.59
U183,P041,view,2026-04-06 03:51:00,mobile,beauty,215,256.34
U409,P038,click,2026-04-06 03:52:00,tablet,home,369,216.83
U144,P063,click,2026-04-06 03:53:00,mobile,electronics,521,353.33
U362,P023,view,2026-04-06 03:55:00,tablet,beauty,23,349.02
U177,P052,click,2026-04-06 03:58:00,mobile,beauty,438,460.26
U338,P057,click,2026-04-06 03:58:00,desktop,electronics,95,279.73
U204,P002,add_to_cart,2026-04-06 03:59:00,tablet,electronics,511,195.08
U376,P080,view,2026-04-06 04:03:00,tablet,electronics,115,292.22
U213,P040,click,2026-04-06 04:03:00,desktop,clothing,367,32.06
U160,P090,click,2026-04-06 04:09:00,tablet,electronics,391,446.94
U034,P065,click,2026-04-06 04:10:00,tablet,electronics,509,203.99
U399,P031,view,2026-04-06 04:10:00,mobile,home,113,258.52
U277,P010,add_to_cart,2026-04-06 04:12:00,mobile,beauty,561,38.94
U166,P062,view,2026-04-06 04:14:00,mobile,electronics,141,326.8
U131,P030,click,2026-04-06 04:14:00,desktop,home,263,171.1
U300,P081,click,2026-04-06 04:14:00,desktop,clothing,557,456.7
U153,P055,click,2026-04-06 04:15:00,desktop,home,106,277.57
U043,P023,view,2026-04-06 04:16:00,desktop,clothing,112,29.24
U399,P064,view,2026-04-06 04:17:00,tablet,home,185,120.03
U247,P047,view,2026-04-06 04:20:00,mobile,clothing,175,470.59
U010,P071,view,2026-04-06 04:20:00,mobile,beauty,461,480.76
U132,P053,view,2026-04-06 04:23:00,mobile,clothing,127,159.3
U415,P060,view,2026-04-06 04:23:00,tablet,clothing,406,315.26
U100,P046,view,2026-04-06 04:24:00,tablet,home,593,487.28
U230,P076,view,2026-04-06 04:25:00,desktop,beauty,209,279.29
U407,P055,view,2026-04-06 04:26:00,tablet,home,221,242.46
U388,P025,click,2026-04-06 04:26:00,mobile,home,259,91.73
U106,P091,click,2026-04-06 04:28:00,mobile,clothing,478,152.47
U294,P004,click,2026-04-06 04:29:00,desktop,home,346,325.78
U030,P083,click,2026-04-06 04:31:00,tablet,electronics,343,248.97
U431,P062,view,2026-04-06 04:32:00,mobile,home,167,373.71
U313,P004,view,2026-04-06 04:34:00,desktop,beauty,53,315.47
U133,P030,click,2026-04-06 04:37:00,desktop,beauty,208,193.91
U053,P014,click,2026-04-06 04:37:00,tablet,clothing,465,263.52
U391,P098,view,2026-04-06 04:40:00,desktop,clothing,394,486.24
U442,P083,view,2026-04-06 04:40:00,tablet,home,34,31.3
U475,P015,click,2026-04-06 04:41:00,desktop,beauty,316,114.89
U122,P086,click,2026-04-06 04:41:00,tablet,clothing,451,45.99
U131,P095,view,2026-04-06 04:42:00,tablet,home,273,227.22
U166,P071,click,2026-04-06 04:43:00,tablet,beauty,559,157.0
U487,P088,click,2026-04-06 04:45:00,tablet,beauty,371,33.57
U308,P077,click,2026-04-06 04:45:00,tablet,electronics,429,372.4
U019,P096,view,2026-04-06 04:46:00,tablet,home,131,391.3
U355,P060,click,2026-04-06 04:46:00,tablet,electronics,387,185.56
U245,P081,view,2026-04-06 04:48:00,desktop,beauty,182,317.23
U322,P094,click,2026-04-06 04:48:00,desktop,beauty,202,115.3
U388,P078,click,2026-04-06 04:48:00,desktop,electronics,252,240.96
U018,P070,click,2026-04-06 04:49:00,mobile,home,424,146.22
U125,P070,view,2026-04-06 04:50:00,tablet,electronics,52,152.7
U243,P094,view,2026-04-06 04:51:00,desktop,home,132,269.21
U286,P045,view,2026-04-06 04:52:00,desktop,beauty,119,464.5
U401,P099,add_to_cart,2026-04-06 04:52:00,desktop,electronics,365,28.69
U454,P066,view,2026-04-06 04:52:00,mobile,beauty,280,435.07
U025,P068,view,2026-04-06 04:55:00,tablet,clothing,391,379.19
U373,P079,view,2026-04-06 04:56:00,desktop,home,196,246.65
U471,P082,view,2026-04-06 04:57:00,desktop,clothing,82,167.94
U036,P099,view,2026-04-06 04:59:00,tablet,clothing,93,300.74
U239,P031,click,2026-04-06 05:01:00,mobile,electronics,379,130.0
U438,P012,click,2026-04-06 05:02:00,desktop,home,232,66.46
U365,P012,click,2026-04-06 05:07:00,desktop,home,494,422.05
U286,P057,view,2026-04-06 05:08:00,mobile,beauty,238,317.93
U103,P029,click,2026-04-06 05:08:00,desktop,clothing,337,324.03
U080,P051,add_to_cart,2026-04-06 05:10:00,mobile,electronics,475,139.98
U057,P022,view,2026-04-06 05:10:00,mobile,electronics,204,221.88
U283,P088,view,2026-04-06 05:11:00,tablet,clothing,36,104.26
U362,P065,view,2026-04-06 05:11:00,desktop,beauty,117,460.21
U367,P090,click,2026-04-06 05:11:00,desktop,electronics,228,339.78
U407,P048,click,2026-04-06 05:14:00,desktop,home,303,13.14
U015,P076,click,2026-04-06 05:14:00,mobile,home,251,180.04
U058,P016,click,2026-04-06 05:15:00,tablet,beauty,509,355.08
U328,P057,click,2026-04-06 05:16:00,mobile,beauty,429,62.16
U092,P022,add_to_cart,2026-04-06 05:18:00,desktop,home,565,42.27
U216,P036,view,2026-04-06 05:19:00,tablet,clothing,54,197.74
U192,P086,click,2026-04-06 05:19:00,tablet,home,426,209.51
U003,P100,view,2026-04-06 05:23:00,mobile,beauty,23,315.22
U035,P076,view,2026-04-06 05:24:00,tablet,beauty,259,395.92
U103,P026,view,2026-04-06 05:25:00,tablet,beauty,69,45.85
U169,P067,click,2026-04-06 05:27:00,desktop,clothing,252,308.31
U100,P087,view,2026-04-06 05:27:00,tablet,home,385,413.04
U269,P008,view,2026-04-06 05:28:00,tablet,beauty,218,376.03
U333,P065,view,2026-04-06 05:29:00,tablet,beauty,50,422.62
U259,P087,view,2026-04-06 05:30:00,mobile,home,86,361.61
U282,P017,view,2026-04-06 05:31:00,tablet,clothing,197,382.11
U227,P098,view,2026-04-06 05:31:00,mobile,electronics,80,314.24
U152,P023,view,2026-04-06 05:32:00,desktop,home,277,497.3
U239,P021,click,2026-04-06 05:32:00,tablet,electronics,498,374.96
U268,P085,click,2026-04-06 05:32:00,tablet,clothing,436,216.83
U397,P062,click,2026-04-06 05:34:00,desktop,home,519,332.32
U400,P018,add_to_cart,2026-04-06 05:39:00,desktop,clothing,582,440.59
U008,P053,click,2026-04-06 05:39:00,tablet,beauty,521,332.37
U468,P014,view,2026-04-06 05:41:00,tablet,clothing,154,480.0
U289,P080,click,2026-04-06 05:43:00,mobile,beauty,316,198.48
U417,P070,click,2026-04-06 05:43:00,mobile,electronics,499,339.72
U314,P002,click,2026-04-06 05:43:00,desktop,electronics,204,285.15
U444,P066,add_to_cart,2026-04-06 05:46:00,tablet,home,544,38.89
U197,P099,click,2026-04-06 05:46:00,mobile,electronics,464,478.66
U374,P055,click,2026-04-06 05:46:00,mobile,electronics,465,220.2
U452,P091,view,2026-04-06 05:46:00,tablet,clothing,92,117.94
U258,P057,view,2026-04-06 05:46:00,mobile,clothing,286,454.86
U251,P070,click,2026-04-06 05:47:00,mobile,home,500,90.9
U062,P066,click,2026-04-06 05:48:00,mobile,electronics,425,290.62
U152,P050,view,2026-04-06 05:48:00,mobile,clothing,281,302.4
U437,P079,view,2026-04-06 05:49:00,mobile,clothing,41,142.04
U459,P094,click,2026-04-06 05:51:00,tablet,clothing,203,20.12
U097,P091,view,2026-04-06 05:51:00,mobile,beauty,264,308.58
U271,P085,click,2026-04-06 05:52:00,desktop,electronics,235,231.53
U325,P035,view,2026-04-06 05:52:00,tablet,home,104,409.51
U149,P051,view,2026-04-06 05:55:00,mobile,clothing,43,460.48
U345,P032,click,2026-04-06 05:55:00,mobile,clothing,370,248.55
U277,P083,view,2026-04-06 05:59:00,mobile,beauty,247,467.72
U245,P062,add_to_cart,2026-04-06 06:00:00,desktop,electronics,489,265.07
U463,P072,view,2026-04-06 06:00:00,mobile,home,464,452.68
U495,P053,click,2026-04-06 06:03:00,desktop,electronics,112,188.72
U151,P040,click,2026-04-06 06:04:00,desktop,beauty,315,205.81
U026,P047,add_to_cart,2026-04-06 06:05:00,desktop,electronics,502,202.49
U334,P014,view,2026-04-06 06:05:00,desktop,beauty,127,313.12
U471,P044,view,2026-04-06 06:06:00,mobile,electronics,359,471.92
U066,P045,view,2026-04-06 06:06:00,tablet,beauty,182,128.8
U056,P069,view,2026-04-06 06:07:00,desktop,home,202,448.31
U024,P093,click,2026-04-06 06:08:00,desktop,electronics,93,92.04
U473,P012,add_to_cart,2026-04-06 06:09:00,desktop,clothing,482,366.82
U048,P060,view,2026-04-06 06:09:00,desktop,clothing,57,443.22
U360,P065,click,2026-04-06 06:09:00,tablet,clothing,521,261.14
U481,P090,view,2026-04-06 06:10:00,tablet,electronics,65,184.33
U164,P067,click,2026-04-06 06:11:00,desktop,electronics,315,300.29
U056,P078,click,2026-04-06 06:12:00,tablet,beauty,263,79.48
U244,P030,view,2026-04-06 06:12:00,mobile,clothing,289,218.3
U028,P030,click,2026-04-06 06:12:00,mobile,electronics,307,306.62
U280,P008,add_to_cart,2026-04-06 06:12:00,tablet,electronics,455,55.35
U149,P026,add_to_cart,2026-04-06 06:14:00,tablet,electronics,568,289.12
U446,P029,view,2026-04-06 06:17:00,desktop,clothing,259,483.44
U023,P060,view,2026-04-06 06:18:00,tablet,clothing,275,325.16
U370,P076,view,2026-04-06 06:19:00,tablet,clothing,186,169.21
U140,P025,view,2026-04-06 06:20:00,mobile,clothing,95,43.38
U382,P078,add_to_cart,2026-04-06 06:21:00,desktop,home,586,483.67
U084,P039,click,2026-04-06 06:22:00,mobile,beauty,379,21.96
U432,P086,view,2026-04-06 06:22:00,mobile,home,180,310.32
U200,P068,click,2026-04-06 06:22:00,desktop,electronics,368,271.95
U006,P060,add_to_cart,2026-04-06 06:26:00,mobile,electronics,468,257.28
U066,P004,view,2026-04-06 06:27:00,desktop,electronics,18,235.73
U413,P071,view,2026-04-06 06:28:00,mobile,electronics,105,354.93
U382,P024,view,2026-04-06 06:29:00,desktop,beauty,85,341.47
U429,P055,view,2026-04-06 06:29:00,tablet,beauty,251,206.53
U101,P028,add_to_cart,2026-04-06 06:30:00,tablet,clothing,587,93.22
U135,P088,view,2026-04-06 06:31:00,mobile,electronics,93,411.33
U306,P080,view,2026-04-06 06:31:00,tablet,electronics,125,345.71
U034,P091,view,2026-04-06 06:33:00,tablet,clothing,177,262.9
U074,P034,add_to_cart,2026-04-06 06:35:00,desktop,electronics,551,23.6
U222,P015,click,2026-04-06 06:36:00,tablet,clothing,435,256.14
U296,P043,click,2026-04-06 06:39:00,desktop,beauty,507,232.48
U461,P038,click,2026-04-06 06:41:00,tablet,electronics,514,223.99
U266,P038,click,2026-04-06 06:42:00,desktop,clothing,387,168.55
U444,P031,click,2026-04-06 06:45:00,tablet,home,412,21.14
U115,P070,click,2026-04-06 06:46:00,mobile,beauty,417,143.74
U256,P043,view,2026-04-06 06:48:00,mobile,clothing,178,380.48
U211,P095,click,2026-04-06 06:48:00,desktop,beauty,127,64.43
U226,P047,view,2026-04-06 06:49:00,mobile,home,120,190.86
U289,P014,click,2026-04-06 06:52:00,mobile,electronics,414,354.18
U258,P023,click,2026-04-06 06:53:00,desktop,beauty,331,191.29
U150,P029,click,2026-04-06 06:53:00,desktop,electronics,185,103.85
U074,P030,view,2026-04-06 06:54:00,mobile,home,200,305.95
U263,P049,click,2026-04-06 06:55:00,desktop,beauty,347,403.52
U489,P026,click,2026-04-06 06:58:00,tablet,home,410,91.17
U128,P015,add_to_cart,2026-04-06 06:58:00,tablet,clothing,557,155.24
U384,P090,click,2026-04-06 06:58:00,tablet,electronics,239,75.01
U059,P092,view,2026-04-06 07:00:00,tablet,clothing,13,472.59
U351,P070,click,2026-04-06 07:01:00,tablet,beauty,304,113.07
U349,P033,click,2026-04-06 07:02:00,tablet,clothing,483,276.55
U235,P042,click,2026-04-06 07:03:00,mobile,clothing,480,190.76
U111,P004,view,2026-04-06 07:04:00,tablet,beauty,89,297.97
U130,P041,view,2026-04-06 07:07:00,mobile,clothing,427,374.71
U056,P058,view,2026-04-06 07:08:00,tablet,clothing,372,259.67
U146,P013,click,2026-04-06 07:08:00,mobile,clothing,559,177.9
U216,P021,view,2026-04-06 07:11:00,tablet,home,337,450.49
U016,P077,add_to_cart,2026-04-06 07:11:00,tablet,electronics,445,55.04
U016,P032,add_to_cart,2026-04-06 07:12:00,tablet,beauty,568,127.2
U057,P091,click,2026-04-06 07:14:00,desktop,beauty,291,317.12
U150,P045,click,2026-04-06 07:16:00,desktop,home,338,148.09
U364,P018,view,2026-04-06 07:17:00,desktop,clothing,151,265.04
U185,P100,click,2026-04-06 07:20:00,mobile,home,438,319.59
U185,P037,click,2026-04-06 07:21:00,tablet,beauty,213,111.12
U368,P006,view,2026-04-06 07:21:00,mobile,beauty,191,92.41
U431,P002,view,2026-04-06 07:24:00,tablet,beauty,197,208.69
U255,P020,click,2026-04-06 07:24:00,tablet,clothing,381,103.1
U225,P073,view,2026-04-06 07:25:00,mobile,beauty,369,427.68
U144,P027,view,2026-04-06 07:25:00,tablet,electronics,168,406.5
U125,P035,view,2026-04-06 07:26:00,mobile,home,273,328.72
U007,P058,click,2026-04-06 07:26:00,tablet,clothing,553,263.8
U426,P094,view,2026-04-06 07:28:00,desktop,clothing,419,443.81
U126,P068,add_to_cart,2026-04-06 07:30:00,tablet,electronics,538,43.2
U373,P092,view,2026-04-06 07:30:00,tablet,electronics,123,256.89
U165,P008,click,2026-04-06 07:30:00,tablet,home,372,318.32
U410,P010,view,2026-04-06 07:31:00,mobile,home,142,270.39
U403,P066,view,2026-04-06 07:34:00,tablet,beauty,213,173.31
U242,P065,click,2026-04-06 07:34:00,desktop,home,284,121.56
U396,P019,view,2026-04-06 07:34:00,tablet,electronics,188,498.46
U464,P024,view,2026-04-06 07:34:00,desktop,clothing,194,371.17
U008,P100,view,2026-04-06 07:35:00,tablet,clothing,146,481.09
U382,P005,add_to_cart,2026-04-06 07:36:00,desktop,beauty,436,16.78
U401,P033,view,2026-04-06 07:37:00,tablet,clothing,107,44.94
U462,P091,click,2026-04-06 07:38:00,desktop,electronics,485,349.57
U362,P057,view,2026-04-06 07:38:00,tablet,home,248,245.52
U021,P025,click,2026-04-06 07:38:00,desktop,clothing,541,340.18
U348,P029,add_to_cart,2026-04-06 07:40:00,tablet,home,579,167.04
U218,P003,view,2026-04-06 07:40:00,tablet,beauty,134,76.37
U100,P087,view,2026-04-06 07:42:00,tablet,electronics,295,399.2
U075,P017,view,2026-04-06 07:43:00,mobile,home,159,219.25
U280,P061,view,2026-04-06 07:47:00,mobile,clothing,323,323.42
U045,P019,click,2026-04-06 07:48:00,tablet,electronics,457,252.32
U474,P014,click,2026-04-06 07:48:00,tablet,electronics,228,21.48
U273,P050,view,2026-04-06 07:49:00,desktop,electronics,33,387.1
U455,P021,click,2026-04-06 07:49:00,mobile,clothing,446,72.99
U332,P026,view,2026-04-06 07:51:00,mobile,beauty,179,238.44
U224,P093,click,2026-04-06 07:53:00,tablet,beauty,455,318.0
U418,P007,view,2026-04-06 07:54:00,tablet,clothing,230,376.42
U194,P054,add_to_cart,2026-04-06 07:56:00,desktop,electronics,320,241.42
U309,P054,add_to_cart,2026-04-06 07:56:00,desktop,home,584,477.02
U032,P097,click,2026-04-06 07:57:00,mobile,home,355,231.37
U429,P012,click,2026-04-06 07:58:00,desktop,electronics,321,109.28
U286,P028,click,2026-04-06 07:59:00,mobile,clothing,482,390.08
U428,P018,click,2026-04-06 07:59:00,tablet,electronics,418,143.39
U006,P019,view,2026-04-06 07:59:00,mobile,clothing,313,230.32
U167,P073,add_to_cart,2026-04-06 08:01:00,mobile,electronics,536,102.5
U110,P086,view,2026-04-06 08:03:00,tablet,beauty,125,214.19
U463,P036,view,2026-04-06 08:04:00,desktop,clothing,136,390.93
U390,P048,click,2026-04-06 08:04:00,mobile,clothing,484,335.4
U160,P080,click,2026-04-06 08:05:00,tablet,home,396,163.64
U235,P024,add_to_cart,2026-04-06 08:06:00,desktop,electronics,362,299.1
U112,P039,click,2026-04-06 08:06:00,mobile,home,203,48.89
U371,P043,click,2026-04-06 08:08:00,tablet,electronics,388,176.94
U398,P033,add_to_cart,2026-04-06 08:09:00,desktop,electronics,566,306.51
U265,P088,view,2026-04-06 08:09:00,mobile,home,469,369.43
U138,P053,click,2026-04-06 08:12:00,tablet,home,548,417.44
U053,P056,view,2026-04-06 08:14:00,mobile,electronics,396,466.41
U244,P071,add_to_cart,2026-04-06 08:14:00,desktop,electronics,251,45.34
U045,P048,click,2026-04-06 08:15:00,tablet,clothing,239,91.75
U362,P004,view,2026-04-06 08:16:00,mobile,home,480,370.67
U077,P076,click,2026-04-06 08:18:00,desktop,beauty,424,87.97
U002,P080,click,2026-04-06 08:18:00,desktop,beauty,506,358.69
U156,P065,add_to_cart,2026-04-06 08:19:00,tablet,home,515,164.66
U200,P028,view,2026-04-06 08:19:00,mobile,beauty,31,189.74
U188,P052,click,2026-04-06 08:20:00,tablet,electronics,393,207.66
U405,P026,click,2026-04-06 08:23:00,mobile,electronics,297,287.31
U305,P061,click,2026-04-06 08:24:00,tablet,home,546,242.08
U370,P082,add_to_cart,2026-04-06 08:27:00,mobile,electronics,511,150.14
U318,P020,click,2026-04-06 08:27:00,desktop,beauty,596,411.66
U055,P059,view,2026-04-06 08:28:00,mobile,electronics,378,472.68
U233,P065,view,2026-04-06 08:28:00,mobile,beauty,19,234.93
U486,P004,view,2026-04-06 08:28:00,tablet,beauty,120,447.12
U228,P078,view,2026-04-06 08:28:00,desktop,beauty,81,382.79
U194,P059,view,2026-04-06 08:30:00,tablet,home,179,446.28
U215,P026,view,2026-04-06 08:31:00,tablet,home,35,281.02
U387,P068,click,2026-04-06 08:33:00,desktop,beauty,271,311.93
U175,P026,view,2026-04-06 08:34:00,desktop,clothing,244,271.36
U320,P048,view,2026-04-06 08:37:00,mobile,home,74,206.27
U011,P041,view,2026-04-06 08:39:00,tablet,electronics,60,476.01
U315,P081,add_to_cart,2026-04-06 08:39:00,mobile,electronics,491,31.32
U134,P081,click,2026-04-06 08:41:00,desktop,home,534,273.15
U236,P033,add_to_cart,2026-04-06 08:41:00,mobile,home,589,124.88
U308,P086,add_to_cart,2026-04-06 08:42:00,desktop,home,557,240.41
U172,P077,click,2026-04-06 08:42:00,mobile,clothing,396,293.55
U179,P031,add_to_cart,2026-04-06 08:44:00,desktop,electronics,396,29.33
U061,P091,click,2026-04-06 08:44:00,desktop,beauty,259,364.55
U405,P031,view,2026-04-06 08:44:00,tablet,clothing,155,102.77
U049,P019,click,2026-04-06 08:45:00,mobile,home,312,83.85
U143,P002,add_to_cart,2026-04-06 08:46:00,desktop,beauty,597,173.69
U333,P044,add_to_cart,2026-04-06 08:47:00,desktop,beauty,588,400.87
U112,P067,view,2026-04-06 08:49:00,mobile,beauty,71,309.51
U026,P098,view,2026-04-06 08:49:00,tablet,home,139,45.64
U003,P070,view,2026-04-06 08:50:00,mobile,home,57,117.85
U462,P019,view,2026-04-06 08:50:00,mobile,electronics,258,445.58
U284,P075,click,2026-04-06 08:51:00,tablet,home,458,185.28
U481,P087,view,2026-04-06 08:52:00,mobile,electronics,228,469.27
U434,P022,click,2026-04-06 08:53:00,tablet,beauty,500,345.01
U187,P021,view,2026-04-06 08:53:00,tablet,electronics,118,30.09
U437,P098,click,2026-04-06 08:54:00,desktop,electronics,143,202.95
U455,P018,add_to_cart,2026-04-06 08:55:00,mobile,clothing,531,33.82
U471,P060,click,2026-04-06 08:55:00,tablet,electronics,307,85.63
U198,P057,view,2026-04-06 08:57:00,mobile,home,270,445.51
U335,P014,add_to_cart,2026-04-06 08:58:00,tablet,clothing,530,164.01
U461,P013,view,2026-04-06 08:59:00,mobile,clothing,101,340.98
U128,P044,view,2026-04-06 09:01:00,tablet,home,231,36.28
U373,P072,click,2026-04-06 09:01:00,tablet,clothing,562,118.87
U266,P024,click,2026-04-06 09:02:00,desktop,home,206,187.29
U228,P091,click,2026-04-06 09:02:00,desktop,home,517,142.45
U144,P065,view,2026-04-06 09:03:00,tablet,beauty,101,299.61
U489,P040,add_to_cart,2026-04-06 09:04:00,mobile,home,546,145.9
U182,P084,add_to_cart,2026-04-06 09:07:00,desktop,home,533,351.2
U456,P007,view,2026-04-06 09:08:00,desktop,clothing,260,344.6
U080,P065,click,2026-04-06 09:10:00,desktop,clothing,135,65.13
U438,P051,view,2026-04-06 09:10:00,mobile,beauty,138,49.9
U145,P034,click,2026-04-06 09:11:00,mobile,clothing,568,402.79
U421,P062,click,2026-04-06 09:12:00,desktop,electronics,320,244.31
U442,P056,view,2026-04-06 09:15:00,mobile,electronics,353,413.42
U334,P011,view,2026-04-06 09:15:00,tablet,clothing,17,354.83
U198,P090,click,2026-04-06 09:15:00,desktop,home,254,101.66
U254,P087,click,2026-04-06 09:16:00,mobile,electronics,496,296.77
U081,P021,click,2026-04-06 09:16:00,desktop,clothing,244,288.72
U371,P003,click,2026-04-06 09:19:00,tablet,beauty,481,268.4
U121,P088,click,2026-04-06 09:24:00,tablet,home,219,210.07
U425,P051,click,2026-04-06 09:24:00,desktop,clothing,49,23.54
U304,P099,view,2026-04-06 09:25:00,mobile,clothing,187,232.95
U266,P075,view,2026-04-06 09:26:00,desktop,home,83,223.9
U037,P027,click,2026-04-06 09:27:00,tablet,beauty,330,13.7
U086,P074,click,2026-04-06 09:28:00,mobile,clothing,413,405.84
U242,P019,view,2026-04-06 09:28:00,mobile,beauty,67,448.22
U058,P097,view,2026-04-06 09:29:00,mobile,home,253,445.06
U264,P057,click,2026-04-06 09:30:00,desktop,beauty,225,145.44
U207,P026,view,2026-04-06 09:30:00,mobile,home,160,169.53
U123,P036,click,2026-04-06 09:31:00,desktop,beauty,152,119.49
U077,P087,click,2026-04-06 09:32:00,tablet,home,390,276.21
U054,P029,click,2026-04-06 09:35:00,desktop,electronics,452,394.55
U002,P047,view,2026-04-06 09:36:00,mobile,beauty,440,490.16
U201,P051,view,2026-04-06 09:37:00,mobile,clothing,392,286.69
U168,P085,click,2026-04-06 09:41:00,tablet,electronics,199,235.01
U454,P013,add_to_cart,2026-04-06 09:41:00,desktop,home,557,356.4
U373,P092,click,2026-04-06 09:45:00,tablet,home,587,295.26
U006,P003,view,2026-04-06 09:46:00,mobile,clothing,196,376.27
U278,P051,add_to_cart,2026-04-06 09:48:00,tablet,home,471,85.62
U299,P018,add_to_cart,2026-04-06 09:50:00,tablet,electronics,447,68.14
U469,P014,click,2026-04-06 09:50:00,desktop,beauty,432,348.56
U063,P044,view,2026-04-06 09:51:00,mobile,electronics,63,226.25
U052,P035,view,2026-04-06 09:51:00,mobile,home,28,38.61
U083,P016,view,2026-04-06 09:52:00,tablet,home,204,206.25
U003,P085,view,2026-04-06 09:52:00,mobile,home,193,279.76
U297,P033,click,2026-04-06 09:54:00,desktop,home,376,324.72
U306,P044,click,2026-04-06 09:55:00,tablet,beauty,518,68.83
U021,P077,click,2026-04-06 09:55:00,desktop,home,203,369.25
U464,P079,click,2026-04-06 09:57:00,desktop,home,227,217.72
U161,P027,click,2026-04-06 09:59:00,desktop,electronics,109,58.53
U450,P045,click,2026-04-06 10:00:00,desktop,beauty,580,356.54
U030,P063,click,2026-04-06 10:00:00,mobile,electronics,368,404.12
U217,P087,view,2026-04-06 10:00:00,tablet,clothing,263,401.13
U335,P002,view,2026-04-06 10:01:00,mobile,clothing,101,341.72
U339,P024,view,2026-04-06 10:03:00,mobile,beauty,117,444.93
U214,P007,click,2026-04-06 10:08:00,desktop,beauty,346,206.35
U272,P029,click,2026-04-06 10:11:00,tablet,electronics,121,40.66
U268,P037,view,2026-04-06 10:12:00,desktop,home,42,450.1
U094,P027,view,2026-04-06 10:12:00,desktop,beauty,25,386.42
U138,P065,click,2026-04-06 10:13:00,desktop,home,408,153.61
U197,P093,view,2026-04-06 10:14:00,tablet,clothing,281,481.15
U219,P005,click,2026-04-06 10:17:00,mobile,electronics,314,232.81
U374,P025,view,2026-04-06 10:17:00,desktop,clothing,134,220.28
U262,P005,click,2026-04-06 10:17:00,tablet,clothing,493,12.09
U132,P092,click,2026-04-06 10:17:00,desktop,electronics,325,480.82
U487,P063,view,2026-04-06 10:19:00,mobile,electronics,45,252.2
U442,P038,view,2026-04-06 10:20:00,tablet,beauty,108,140.71
U428,P034,add_to_cart,2026-04-06 10:21:00,desktop,beauty,578,143.49
U178,P071,view,2026-04-06 10:22:00,tablet,electronics,164,387.17
U062,P048,click,2026-04-06 10:22:00,mobile,clothing,455,196.35
U206,P091,view,2026-04-06 10:22:00,mobile,beauty,258,331.81
U223,P012,click,2026-04-06 10:23:00,desktop,electronics,232,240.23
U315,P085,view,2026-04-06 10:23:00,tablet,home,222,228.04
U452,P093,click,2026-04-06 10:23:00,mobile,beauty,311,262.46
U255,P008,click,2026-04-06 10:25:00,tablet,home,324,106.36
U368,P011,click,2026-04-06 10:25:00,desktop,clothing,451,485.07
U469,P001,add_to_cart,2026-04-06 10:26:00,desktop,clothing,596,185.38
U323,P072,click,2026-04-06 10:27:00,desktop,home,264,204.79
U353,P083,view,2026-04-06 10:27:00,desktop,home,203,294.93
U159,P035,add_to_cart,2026-04-06 10:28:00,mobile,electronics,555,46.68
U190,P060,add_to_cart,2026-04-06 10:28:00,mobile,electronics,428,72.89
U136,P085,view,2026-04-06 10:28:00,tablet,clothing,215,288.41
U370,P012,view,2026-04-06 10:29:00,tablet,electronics,420,477.54
U146,P017,click,2026-04-06 10:30:00,tablet,beauty,382,139.28
U367,P088,view,2026-04-06 10:32:00,mobile,clothing,42,20.11
U010,P020,add_to_cart,2026-04-06 10:33:00,desktop,electronics,361,60.46
U162,P003,view,2026-04-06 10:33:00,mobile,clothing,223,107.85
U114,P067,click,2026-04-06 10:34:00,desktop,electronics,322,380.79
U397,P089,add_to_cart,2026-04-06 10:34:00,desktop,clothing,493,36.92
U146,P028,click,2026-04-06 10:35:00,desktop,electronics,212,214.77
U163,P058,view,2026-04-06 10:35:00,desktop,electronics,83,374.87
U407,P049,click,2026-04-06 10:36:00,desktop,beauty,244,33.17
U244,P076,click,2026-04-06 10:36:00,tablet,home,313,47.26
U469,P024,click,2026-04-06 10:36:00,desktop,home,416,400.2
U386,P075,click,2026-04-06 10:38:00,mobile,beauty,221,83.24
U145,P071,click,2026-04-06 10:39:00,mobile,home,192,102.0
U330,P038,view,2026-04-06 10:40:00,tablet,beauty,230,199.55
U158,P036,click,2026-04-06 10:40:00,mobile,electronics,462,145.91
U283,P019,click,2026-04-06 10:42:00,desktop,clothing,303,265.28
U454,P046,view,2026-04-06 10:46:00,tablet,electronics,317,482.1
U208,P046,view,2026-04-06 10:46:00,tablet,electronics,81,77.84
U208,P003,view,2026-04-06 10:47:00,tablet,beauty,57,298.11
U160,P048,add_to_cart,2026-04-06 10:47:00,desktop,electronics,564,317.6
U165,P079,view,2026-04-06 10:47:00,mobile,clothing,435,259.63
U291,P097,click,2026-04-06 10:48:00,mobile,home,486,362.57
U451,P079,click,2026-04-06 10:49:00,desktop,home,168,174.17
U269,P038,add_to_cart,2026-04-06 10:50:00,desktop,electronics,481,111.66
U454,P059,click,2026-04-06 10:50:00,desktop,electronics,244,457.8
U462,P057,click,2026-04-06 10:52:00,desktop,clothing,185,169.63
U225,P097,view,2026-04-06 10:52:00,desktop,electronics,27,472.08
U451,P091,view,2026-04-06 10:54:00,desktop,beauty,66,474.59
U087,P001,add_to_cart,2026-04-06 10:54:00,desktop,electronics,581,256.58
U379,P052,add_to_cart,2026-04-06 10:55:00,tablet,clothing,595,132.5
U399,P058,view,2026-04-06 10:58:00,desktop,clothing,165,381.17
U136,P028,view,2026-04-06 10:58:00,desktop,electronics,284,406.86
U416,P010,view,2026-04-06 11:00:00,tablet,home,28,452.3
U475,P036,click,2026-04-06 11:02:00,tablet,home,356,256.77
U327,P075,add_to_cart,2026-04-06 11:04:00,desktop,beauty,570,187.08
U213,P019,view,2026-04-06 11:05:00,mobile,electronics,32,131.49
U263,P033,click,2026-04-06 11:07:00,desktop,beauty,194,44.62
U335,P080,add_to_cart,2026-04-06 11:08:00,desktop,clothing,470,128.3
U129,P081,add_to_cart,2026-04-06 11:08:00,desktop,beauty,390,110.33
U112,P069,click,2026-04-06 11:09:00,tablet,home,535,234.5
U225,P013,click,2026-04-06 11:12:00,desktop,beauty,236,174.21
U403,P058,view,2026-04-06 11:14:00,tablet,home,131,152.89
U333,P044,view,2026-04-06 11:15:00,mobile,home,33,253.71
U289,P051,view,2026-04-06 11:16:00,mobile,home,80,286.57
U375,P028,add_to_cart,2026-04-06 11:16:00,desktop,clothing,355,44.97
U251,P032,click,2026-04-06 11:17:00,tablet,home,596,91.08
U251,P011,add_to_cart,2026-04-06 11:17:00,desktop,beauty,558,382.79
U008,P009,view,2026-04-06 11:17:00,mobile,home,230,74.31
U293,P044,view,2026-04-06 11:19:00,mobile,electronics,143,138.55
U400,P080,view,2026-04-06 11:24:00,desktop,clothing,138,382.87
U396,P008,click,2026-04-06 11:25:00,desktop,electronics,300,431.39
U352,P059,view,2026-04-06 11:26:00,tablet,clothing,246,318.61
U201,P024,click,2026-04-06 11:27:00,desktop,electronics,380,288.61
U080,P088,view,2026-04-06 11:27:00,desktop,electronics,198,365.54
U471,P051,view,2026-04-06 11:30:00,mobile,electronics,222,289.23
U237,P065,add_to_cart,2026-04-06 11:33:00,desktop,home,431,106.42
U406,P005,click,2026-04-06 11:33:00,mobile,clothing,497,62.97
U496,P089,view,2026-04-06 11:34:00,desktop,beauty,85,229.45
U058,P048,view,2026-04-06 11:34:00,tablet,beauty,283,101.2
U443,P081,view,2026-04-06 11:34:00,mobile,home,367,177.16
U378,P050,view,2026-04-06 11:34:00,mobile,home,234,184.24
U026,P067,view,2026-04-06 11:35:00,tablet,home,29,270.32
U154,P023,click,2026-04-06 11:36:00,mobile,electronics,354,316.02
U043,P052,add_to_cart,2026-04-06 11:36:00,desktop,beauty,591,81.04
U206,P082,click,2026-04-06 11:37:00,tablet,home,516,287.36
U040,P050,view,2026-04-06 11:38:00,desktop,clothing,237,479.49
U014,P081,view,2026-04-06 11:38:00,mobile,electronics,11,141.25
U112,P029,click,2026-04-06 11:42:00,mobile,beauty,465,213.75
U052,P040,view,2026-04-06 11:45:00,tablet,home,124,437.1
U303,P002,click,2026-04-06 11:46:00,mobile,home,359,188.84
U263,P086,click,2026-04-06 11:46:00,tablet,home,305,80.71
U318,P091,view,2026-04-06 11:46:00,mobile,electronics,16,360.16
U156,P032,add_to_cart,2026-04-06 11:47:00,mobile,electronics,579,44.14
U089,P080,click,2026-04-06 11:48:00,mobile,clothing,475,375.06
U409,P037,view,2026-04-06 11:49:00,mobile,beauty,92,137.0
U227,P060,view,2026-04-06 11:50:00,desktop,clothing,109,293.79
U074,P006,click,2026-04-06 11:52:00,desktop,home,565,442.09
U060,P006,add_to_cart,2026-04-06 11:52:00,desktop,electronics,168,29.14
U022,P046,view,2026-04-06 11:53:00,mobile,clothing,409,470.77
U008,P019,view,2026-04-06 11:53:00,tablet,clothing,229,320.56
U183,P090,view,2026-04-06 11:53:00,mobile,beauty,89,262.47
U336,P085,click,2026-04-06 11:54:00,desktop,electronics,444,410.61
U230,P047,click,2026-04-06 11:57:00,desktop,home,372,113.84
U247,P023,view,2026-04-06 11:57:00,tablet,home,39,491.69
U208,P073,add_to_cart,2026-04-06 11:58:00,desktop,electronics,521,162.8
U119,P005,click,2026-04-06 11:59:00,mobile,beauty,386,32.06
U244,P072,click,2026-04-06 12:01:00,desktop,clothing,175,358.19
U011,P090,click,2026-04-06 12:02:00,desktop,electronics,226,182.29
U114,P064,add_to_cart,2026-04-06 12:02:00,tablet,clothing,584,10.65
U493,P065,view,2026-04-06 12:04:00,mobile,clothing,99,371.45
U130,P096,view,2026-04-06 12:04:00,mobile,clothing,313,470.71
U334,P023,click,2026-04-06 12:05:00,desktop,beauty,212,295.13
U119,P028,view,2026-04-06 12:06:00,desktop,beauty,78,94.35
U279,P060,view,2026-04-06 12:07:00,tablet,clothing,204,268.16
U449,P028,view,2026-04-06 12:08:00,tablet,electronics,31,423.75
U439,P074,view,2026-04-06 12:08:00,desktop,electronics,32,474.07
U005,P019,click,2026-04-06 12:10:00,tablet,electronics,449,430.15
U356,P046,view,2026-04-06 12:11:00,tablet,home,151,62.92
U081,P072,view,2026-04-06 12:12:00,mobile,home,457,468.27
U177,P084,click,2026-04-06 12:12:00,mobile,electronics,244,293.18
U237,P003,click,2026-04-06 12:13:00,tablet,clothing,314,107.2
U377,P089,view,2026-04-06 12:13:00,tablet,clothing,181,465.41
U353,P077,click,2026-04-06 12:13:00,desktop,electronics,47,119.52
U425,P032,view,2026-04-06 12:14:00,tablet,clothing,203,317.47
U220,P075,click,2026-04-06 12:15:00,tablet,clothing,580,309.36
U477,P044,view,2026-04-06 12:15:00,tablet,electronics,178,281.86
U174,P093,view,2026-04-06 12:15:00,tablet,beauty,67,124.83
U105,P035,add_to_cart,2026-04-06 12:15:00,tablet,electronics,507,48.15
U267,P003,click,2026-04-06 12:16:00,mobile,electronics,193,22.09
U106,P098,view,2026-04-06 12:19:00,tablet,beauty,146,48.97
U257,P053,view,2026-04-06 12:19:00,tablet,home,120,443.64
U450,P070,add_to_cart,2026-04-06 12:20:00,desktop,home,518,126.85
U384,P025,view,2026-04-06 12:21:00,tablet,beauty,155,494.64
U313,P024,view,2026-04-06 12:22:00,tablet,beauty,75,354.37
U466,P025,add_to_cart,2026-04-06 12:22:00,tablet,beauty,512,88.07
U025,P014,view,2026-04-06 12:23:00,desktop,clothing,94,490.0
U282,P014,click,2026-04-06 12:23:00,mobile,electronics,238,37.8
U212,P063,view,2026-04-06 12:24:00,desktop,clothing,138,379.68
U058,P044,view,2026-04-06 12:25:00,tablet,electronics,123,383.21
U420,P015,view,2026-04-06 12:25:00,tablet,beauty,225,405.32
U004,P001,view,2026-04-06 12:25:00,tablet,home,352,420.97
U344,P029,view,2026-04-06 12:26:00,tablet,clothing,228,102.64
U374,P097,click,2026-04-06 12:28:00,tablet,electronics,318,162.67
U094,P028,click,2026-04-06 12:29:00,mobile,beauty,166,19.11
U346,P049,view,2026-04-06 12:29:00,desktop,clothing,328,488.69
U150,P062,view,2026-04-06 12:29:00,mobile,beauty,210,178.29
U414,P100,click,2026-04-06 12:31:00,mobile,electronics,439,240.28
U115,P079,view,2026-04-06 12:32:00,tablet,clothing,64,346.74
U057,P056,click,2026-04-06 12:33:00,desktop,electronics,162,197.82
U142,P014,view,2026-04-06 12:35:00,tablet,clothing,70,495.07
U058,P009,add_to_cart,2026-04-06 12:35:00,tablet,electronics,590,382.17
U297,P025,view,2026-04-06 12:36:00,desktop,beauty,82,313.2
U286,P097,click,2026-04-06 12:36:00,desktop,beauty,363,280.35
U203,P095,click,2026-04-06 12:37:00,desktop,beauty,366,259.53
U496,P039,click,2026-04-06 12:39:00,tablet,home,479,113.8
U045,P001,click,2026-04-06 12:39:00,desktop,clothing,217,190.34
U477,P022,view,2026-04-06 12:40:00,tablet,home,370,467.05
U221,P075,view,2026-04-06 12:41:00,tablet,electronics,98,108.02
U463,P052,click,2026-04-06 12:43:00,tablet,electronics,448,237.12
U442,P083,view,2026-04-06 12:45:00,mobile,home,75,275.76
U274,P049,click,2026-04-06 12:47:00,mobile,electronics,221,93.26
U214,P035,view,2026-04-06 12:48:00,mobile,home,122,313.97
U013,P019,view,2026-04-06 12:48:00,mobile,home,234,384.78
U135,P020,click,2026-04-06 12:49:00,mobile,clothing,250,65.75
U005,P052,click,2026-04-06 12:50:00,tablet,beauty,507,129.15
U025,P080,view,2026-04-06 12:53:00,tablet,clothing,365,315.65
U474,P033,click,2026-04-06 12:55:00,desktop,electronics,32,244.25
U248,P083,click,2026-04-06 12:56:00,mobile,clothing,526,427.61
U249,P087,view,2026-04-06 12:56:00,tablet,clothing,11,267.94
U329,P064,click,2026-04-06 12:56:00,desktop,beauty,336,292.59
U400,P071,click,2026-04-06 12:57:00,mobile,home,562,472.87
U388,P076,add_to_cart,2026-04-06 12:57:00,desktop,clothing,468,289.93
U028,P050,click,2026-04-06 12:58:00,tablet,beauty,586,289.38
U232,P089,click,2026-04-06 13:01:00,tablet,clothing,402,323.17
U410,P076,view,2026-04-06 13:05:00,tablet,beauty,216,212.79
U442,P028,view,2026-04-06 13:06:00,mobile,beauty,458,485.41
U148,P082,click,2026-04-06 13:07:00,desktop,beauty,351,155.76
U056,P084,click,2026-04-06 13:08:00,desktop,electronics,186,260.89
U375,P010,click,2026-04-06 13:08:00,desktop,electronics,58,317.49
U366,P079,click,2026-04-06 13:08:00,desktop,home,277,124.58
U458,P008,view,2026-04-06 13:08:00,mobile,beauty,133,89.5
U488,P091,view,2026-04-06 13:08:00,mobile,home,289,160.12
U174,P077,click,2026-04-06 13:08:00,desktop,electronics,15,205.3
U092,P015,click,2026-04-06 13:09:00,desktop,electronics,67,10.81
U226,P100,view,2026-04-06 13:09:00,tablet,clothing,353,370.09
U410,P084,click,2026-04-06 13:10:00,mobile,electronics,324,154.55
U339,P050,click,2026-04-06 13:10:00,desktop,clothing,459,207.89
U160,P043,add_to_cart,2026-04-06 13:12:00,desktop,electronics,387,307.68
U071,P037,click,2026-04-06 13:12:00,desktop,home,350,246.76
U470,P042,click,2026-04-06 13:12:00,desktop,clothing,509,217.02
U244,P086,click,2026-04-06 13:14:00,tablet,beauty,486,93.07
U111,P021,click,2026-04-06 13:15:00,tablet,beauty,349,98.26
U360,P079,view,2026-04-06 13:16:00,mobile,clothing,539,468.02
U334,P041,click,2026-04-06 13:16:00,desktop,clothing,359,103.89
U306,P075,view,2026-04-06 13:17:00,tablet,beauty,175,292.04
U160,P066,add_to_cart,2026-04-06 13:17:00,mobile,beauty,503,13.54
U168,P041,click,2026-04-06 13:18:00,desktop,clothing,55,10.44
U059,P043,add_to_cart,2026-04-06 13:19:00,desktop,electronics,545,338.47
U310,P018,click,2026-04-06 13:19:00,mobile,home,544,465.74
U063,P098,add_to_cart,2026-04-06 13:19:00,desktop,electronics,400,305.8
U287,P051,add_to_cart,2026-04-06 13:20:00,desktop,electronics,578,293.5
U497,P066,view,2026-04-06 13:21:00,tablet,electronics,69,156.32
U093,P027,click,2026-04-06 13:22:00,desktop,home,277,228.99
U235,P084,view,2026-04-06 13:23:00,mobile,home,281,491.63
U400,P075,view,2026-04-06 13:24:00,tablet,beauty,22,327.0
U292,P080,add_to_cart,2026-04-06 13:27:00,desktop,electronics,588,314.71
U262,P061,view,2026-04-06 13:28:00,mobile,clothing,457,458.71
U060,P037,view,2026-04-06 13:30:00,mobile,home,147,287.87
U115,P052,view,2026-04-06 13:31:00,tablet,electronics,168,146.01
U269,P008,click,2026-04-06 13:32:00,mobile,beauty,162,34.25
U426,P027,view,2026-04-06 13:34:00,desktop,clothing,83,213.64
U097,P049,click,2026-04-06 13:34:00,tablet,beauty,540,350.62
U366,P067,add_to_cart,2026-04-06 13:34:00,desktop,electronics,246,237.89
U166,P022,add_to_cart,2026-04-06 13:36:00,desktop,clothing,403,269.02
U301,P004,view,2026-04-06 13:38:00,mobile,home,271,270.88
U415,P092,click,2026-04-06 13:38:00,desktop,beauty,176,223.39
U197,P086,view,2026-04-06 13:38:00,mobile,home,115,339.81
U070,P040,view,2026-04-06 13:39:00,mobile,clothing,64,218.85
U057,P023,add_to_cart,2026-04-06 13:39:00,desktop,electronics,442,311.89
U289,P065,view,2026-04-06 13:40:00,mobile,electronics,281,386.35
U185,P060,click,2026-04-06 13:44:00,desktop,clothing,128,70.37
U168,P034,click,2026-04-06 13:44:00,tablet,electronics,248,101.98
U314,P062,click,2026-04-06 13:44:00,desktop,home,288,357.48
U212,P049,view,2026-04-06 13:45:00,mobile,home,290,175.54
U336,P018,view,2026-04-06 13:48:00,desktop,clothing,162,190.15
U245,P012,click,2026-04-06 13:48:00,desktop,clothing,581,369.23
U285,P032,click,2026-04-06 13:51:00,desktop,beauty,211,24.34
U416,P008,view,2026-04-06 13:52:00,mobile,beauty,52,297.54
U093,P005,view,2026-04-06 13:52:00,mobile,electronics,157,157.95
U418,P079,view,2026-04-06 13:52:00,mobile,home,47,347.18
U416,P095,view,2026-04-06 13:53:00,desktop,home,134,341.83
U410,P012,click,2026-04-06 13:54:00,mobile,beauty,278,15.34
U463,P086,view,2026-04-06 13:54:00,mobile,clothing,410,494.6
U065,P002,click,2026-04-06 13:55:00,desktop,home,417,202.62
U490,P020,view,2026-04-06 13:58:00,tablet,clothing,90,132.95
U215,P096,click,2026-04-06 13:59:00,mobile,clothing,585,407.83
U251,P020,click,2026-04-06 14:01:00,tablet,clothing,433,276.0
U259,P013,add_to_cart,2026-04-06 14:01:00,desktop,clothing,314,23.5
U149,P035,view,2026-04-06 14:02:00,desktop,clothing,121,332.65
U219,P090,view,2026-04-06 14:02:00,mobile,clothing,358,290.27
U483,P030,add_to_cart,2026-04-06 14:03:00,mobile,clothing,468,64.9
U222,P068,click,2026-04-06 14:03:00,mobile,electronics,309,61.34
U354,P061,click,2026-04-06 14:04:00,mobile,electronics,250,102.83
U389,P051,click,2026-04-06 14:04:00,tablet,home,192,10.1
U308,P093,click,2026-04-06 14:06:00,desktop,clothing,162,325.68
U397,P021,click,2026-04-06 14:08:00,desktop,clothing,559,409.65
U324,P015,view,2026-04-06 14:08:00,mobile,home,342,284.98
U172,P097,view,2026-04-06 14:08:00,mobile,beauty,389,363.08
U288,P026,view,2026-04-06 14:09:00,tablet,home,275,146.46
U123,P006,click,2026-04-06 14:10:00,mobile,home,479,92.31
U222,P074,click,2026-04-06 14:10:00,tablet,clothing,417,288.16
U459,P058,click,2026-04-06 14:11:00,tablet,beauty,507,146.78
U334,P050,view,2026-04-06 14:13:00,desktop,clothing,146,331.19
U282,P079,click,2026-04-06 14:13:00,mobile,electronics,375,457.51
U379,P070,click,2026-04-06 14:14:00,mobile,home,361,69.74
U116,P016,view,2026-04-06 14:14:00,mobile,home,46,46.41
U394,P051,click,2026-04-06 14:15:00,mobile,home,349,53.92
U479,P043,click,2026-04-06 14:15:00,mobile,electronics,77,122.88
U394,P033,view,2026-04-06 14:16:00,tablet,home,314,115.29
U393,P021,view,2026-04-06 14:20:00,mobile,clothing,291,475.93
U255,P039,view,2026-04-06 14:20:00,mobile,electronics,286,458.34
U086,P064,add_to_cart,2026-04-06 14:21:00,desktop,clothing,563,171.04
U011,P073,view,2026-04-06 14:21:00,mobile,clothing,479,365.41
U459,P046,click,2026-04-06 14:23:00,mobile,home,412,107.24
U443,P072,view,2026-04-06 14:25:00,mobile,home,250,438.26
U387,P088,view,2026-04-06 14:25:00,tablet,home,346,355.57
U286,P044,click,2026-04-06 14:25:00,tablet,beauty,543,428.88
U188,P041,add_to_cart,2026-04-06 14:25:00,tablet,electronics,581,50.15
U261,P002,view,2026-04-06 14:25:00,tablet,home,10,497.88
U006,P090,click,2026-04-06 14:25:00,desktop,home,463,420.0
U487,P014,click,2026-04-06 14:26:00,tablet,home,499,321.64
U360,P073,view,2026-04-06 14:28:00,tablet,home,285,417.76
U258,P082,view,2026-04-06 14:28:00,mobile,home,351,356.47
U013,P020,view,2026-04-06 14:31:00,mobile,beauty,96,467.28
U211,P033,click,2026-04-06 14:34:00,desktop,clothing,292,85.35
U104,P029,click,2026-04-06 14:34:00,desktop,home,312,358.09
U391,P008,view,2026-04-06 14:37:00,tablet,home,49,167.41
U466,P086,view,2026-04-06 14:38:00,mobile,home,111,234.5
U376,P089,view,2026-04-06 14:39:00,desktop,clothing,72,337.86
U216,P031,view,2026-04-06 14:39:00,tablet,home,524,379.41
U323,P081,view,2026-04-06 14:39:00,tablet,clothing,73,28.08
U127,P049,click,2026-04-06 14:40:00,mobile,clothing,464,126.48
U019,P051,click,2026-04-06 14:42:00,desktop,beauty,252,236.03
U173,P047,click,2026-04-06 14:43:00,tablet,electronics,262,238.93
U431,P087,view,2026-04-06 14:45:00,tablet,beauty,253,259.68
U379,P007,view,2026-04-06 14:45:00,mobile,home,150,132.27
U248,P062,view,2026-04-06 14:49:00,tablet,beauty,296,418.4
U283,P027,view,2026-04-06 14:49:00,mobile,clothing,145,220.8
U340,P050,click,2026-04-06 14:51:00,mobile,beauty,566,412.1
U202,P030,view,2026-04-06 14:55:00,tablet,clothing,381,357.5
U113,P041,click,2026-04-06 14:55:00,mobile,electronics,434,44.83
U299,P007,click,2026-04-06 14:56:00,tablet,beauty,527,302.32
U088,P078,click,2026-04-06 14:56:00,mobile,beauty,478,203.72
U300,P054,view,2026-04-06 14:58:00,tablet,clothing,219,457.58
U391,P088,click,2026-04-06 14:58:00,desktop,clothing,153,22.56
U050,P040,view,2026-04-06 14:59:00,tablet,home,78,282.74
U471,P017,click,2026-04-06 15:00:00,desktop,electronics,258,367.74
U152,P058,view,2026-04-06 15:01:00,mobile,beauty,207,443.98
U100,P017,view,2026-04-06 15:02:00,mobile,clothing,238,449.74
U373,P029,add_to_cart,2026-04-06 15:02:00,desktop,clothing,589,370.37
U458,P083,click,2026-04-06 15:03:00,tablet,electronics,283,76.52
U373,P048,add_to_cart,2026-04-06 15:04:00,desktop,home,513,42.06
U385,P085,view,2026-04-06 15:05:00,mobile,beauty,36,340.97
U385,P023,click,2026-04-06 15:05:00,tablet,clothing,350,330.06
U440,P088,view,2026-04-06 15:06:00,tablet,home,149,213.27
U241,P079,view,2026-04-06 15:09:00,tablet,home,51,433.45
U089,P041,view,2026-04-06 15:10:00,desktop,home,250,397.66
U084,P019,click,2026-04-06 15:12:00,mobile,clothing,369,146.39
U308,P094,click,2026-04-06 15:12:00,tablet,clothing,522,469.57
U228,P097,view,2026-04-06 15:13:00,tablet,beauty,319,369.72
U093,P087,view,2026-04-06 15:14:00,tablet,beauty,100,412.5
U338,P025,view,2026-04-06 15:15:00,mobile,clothing,229,342.51
U435,P041,click,2026-04-06 15:15:00,desktop,clothing,208,174.57
U365,P040,view,2026-04-06 15:15:00,tablet,beauty,388,437.54
U296,P082,view,2026-04-06 15:16:00,desktop,electronics,16,109.68
U288,P094,view,2026-04-06 15:18:00,tablet,electronics,235,494.67
U476,P061,click,2026-04-06 15:22:00,mobile,electronics,557,481.45
U088,P035,view,2026-04-06 15:22:00,tablet,clothing,388,292.86
U495,P079,view,2026-04-06 15:23:00,mobile,clothing,59,303.0
U122,P045,add_to_cart,2026-04-06 15:23:00,desktop,clothing,599,245.29
U009,P051,view,2026-04-06 15:23:00,mobile,electronics,21,62.61
U398,P033,view,2026-04-06 15:23:00,tablet,beauty,109,269.52
U070,P055,click,2026-04-06 15:24:00,tablet,beauty,303,211.21
U474,P020,view,2026-04-06 15:26:00,mobile,electronics,203,447.03
U369,P094,view,2026-04-06 15:26:00,mobile,home,36,71.14
U072,P052,click,2026-04-06 15:26:00,desktop,home,279,73.8
U463,P090,view,2026-04-06 15:26:00,mobile,clothing,134,205.11
U459,P079,click,2026-04-06 15:27:00,desktop,beauty,316,385.51
U402,P096,view,2026-04-06 15:28:00,mobile,home,146,469.56
U181,P094,add_to_cart,2026-04-06 15:29:00,desktop,home,496,58.51
U193,P001,click,2026-04-06 15:30:00,tablet,electronics,160,35.21
U291,P017,view,2026-04-06 15:30:00,mobile,home,361,349.11
U430,P015,view,2026-04-06 15:31:00,tablet,beauty,396,159.31
U179,P099,add_to_cart,2026-04-06 15:33:00,desktop,home,539,178.03
U404,P004,click,2026-04-06 15:34:00,tablet,home,385,228.95
U096,P038,click,2026-04-06 15:35:00,mobile,home,235,124.5
U274,P035,click,2026-04-06 15:36:00,desktop,clothing,259,124.99
U330,P005,add_to_cart,2026-04-06 15:37:00,mobile,electronics,313,88.02
U085,P064,view,2026-04-06 15:38:00,mobile,beauty,66,490.41
U030,P016,view,2026-04-06 15:40:00,tablet,clothing,496,318.63
U243,P031,view,2026-04-06 15:42:00,mobile,home,506,422.5
U470,P087,view,2026-04-06 15:42:00,tablet,electronics,364,489.37
U049,P086,view,2026-04-06 15:42:00,desktop,clothing,333,470.39
U022,P064,click,2026-04-06 15:42:00,desktop,beauty,269,399.1
U339,P071,click,2026-04-06 15:43:00,desktop,beauty,509,244.44
U007,P096,view,2026-04-06 15:43:00,mobile,home,40,21.7
U004,P003,add_to_cart,2026-04-06 15:43:00,desktop,electronics,452,94.79
U183,P081,view,2026-04-06 15:43:00,mobile,clothing,100,481.47
U300,P095,click,2026-04-06 15:45:00,tablet,clothing,477,147.74
U073,P055,click,2026-04-06 15:47:00,tablet,home,300,101.11
U359,P058,view,2026-04-06 15:47:00,tablet,beauty,163,73.68
U052,P053,view,2026-04-06 15:48:00,mobile,beauty,99,235.79
U039,P036,click,2026-04-06 15:48:00,tablet,beauty,501,95.76
U305,P006,view,2026-04-06 15:49:00,tablet,clothing,156,393.95
U044,P067,click,2026-04-06 15:50:00,mobile,home,471,28.44
U224,P022,add_to_cart,2026-04-06 15:53:00,desktop,home,414,23.1
U439,P077,view,2026-04-06 15:53:00,tablet,beauty,360,452.92
U305,P055,view,2026-04-06 15:55:00,mobile,home,278,441.54
U441,P054,add_to_cart,2026-04-06 15:58:00,desktop,clothing,438,224.58
U051,P005,click,2026-04-06 15:59:00,mobile,home,446,130.64
U463,P077,view,2026-04-06 16:01:00,tablet,electronics,184,194.02
U494,P065,view,2026-04-06 16:02:00,tablet,home,189,456.77
U449,P044,add_to_cart,2026-04-06 16:02:00,desktop,home,578,225.54
U171,P059,view,2026-04-06 16:03:00,tablet,home,73,255.74
U338,P024,click,2026-04-06 16:03:00,desktop,clothing,503,276.73
U439,P080,add_to_cart,2026-04-06 16:04:00,desktop,clothing,496,243.09
U114,P026,view,2026-04-06 16:04:00,mobile,electronics,160,466.52
U227,P014,add_to_cart,2026-04-06 16:05:00,desktop,electronics,527,179.74
U052,P059,view,2026-04-06 16:06:00,mobile,home,122,391.18
U390,P068,view,2026-04-06 16:07:00,mobile,clothing,51,356.21
U340,P031,view,2026-04-06 16:07:00,tablet,beauty,267,35.64
U331,P004,click,2026-04-06 16:09:00,desktop,electronics,158,228.13
U107,P088,view,2026-04-06 16:10:00,desktop,clothing,63,490.04
U367,P056,click,2026-04-06 16:12:00,tablet,electronics,376,127.53
U290,P002,click,2026-04-06 16:13:00,desktop,beauty,244,19.77
U258,P099,click,2026-04-06 16:13:00,desktop,electronics,275,190.41
U088,P088,add_to_cart,2026-04-06 16:14:00,tablet,electronics,580,143.73
U043,P096,click,2026-04-06 16:14:00,mobile,home,598,466.71
U372,P100,click,2026-04-06 16:15:00,desktop,beauty,426,109.35
U061,P058,click,2026-04-06 16:17:00,desktop,clothing,484,461.61
U439,P087,view,2026-04-06 16:18:00,mobile,home,373,343.08
U288,P060,click,2026-04-06 16:18:00,tablet,clothing,521,42.19
U057,P025,click,2026-04-06 16:19:00,mobile,beauty,541,370.89
U121,P096,click,2026-04-06 16:19:00,tablet,home,538,226.4
U435,P069,click,2026-04-06 16:20:00,desktop,beauty,239,268.2
U112,P012,click,2026-04-06 16:20:00,tablet,electronics,226,61.04
U450,P037,add_to_cart,2026-04-06 16:20:00,desktop,beauty,302,23.82
U258,P007,add_to_cart,2026-04-06 16:20:00,tablet,electronics,490,60.3
U211,P004,click,2026-04-06 16:21:00,desktop,home,401,191.78
U378,P016,click,2026-04-06 16:23:00,tablet,beauty,597,380.76
U131,P022,click,2026-04-06 16:23:00,desktop,electronics,318,189.51
U083,P044,view,2026-04-06 16:25:00,mobile,clothing,133,190.61
U042,P096,click,2026-04-06 16:28:00,desktop,home,184,35.23
U113,P064,click,2026-04-06 16:28:00,tablet,electronics,350,392.59
U004,P066,click,2026-04-06 16:28:00,desktop,home,284,205.45
U222,P042,click,2026-04-06 16:29:00,mobile,clothing,445,74.22
U054,P045,click,2026-04-06 16:29:00,desktop,electronics,296,406.14
U289,P049,click,2026-04-06 16:30:00,desktop,clothing,407,239.33
U132,P016,click,2026-04-06 16:31:00,tablet,clothing,364,309.85
U221,P055,click,2026-04-06 16:32:00,tablet,clothing,357,318.22
U168,P012,add_to_cart,2026-04-06 16:33:00,desktop,beauty,552,273.44
U058,P043,click,2026-04-06 16:33:00,desktop,clothing,197,142.41
U286,P026,click,2026-04-06 16:33:00,tablet,clothing,561,445.51
U269,P069,click,2026-04-06 16:34:00,mobile,clothing,363,138.14
U239,P080,view,2026-04-06 16:36:00,tablet,beauty,226,237.6
U020,P062,view,2026-04-06 16:36:00,mobile,beauty,84,35.37
U061,P003,click,2026-04-06 16:37:00,mobile,clothing,581,204.42
U489,P034,click,2026-04-06 16:37:00,desktop,clothing,587,424.7
U086,P058,add_to_cart,2026-04-06 16:39:00,mobile,electronics,493,274.86
U207,P025,view,2026-04-06 16:39:00,mobile,clothing,101,69.77
U119,P008,view,2026-04-06 16:40:00,tablet,beauty,245,461.55
U355,P006,click,2026-04-06 16:41:00,tablet,beauty,449,75.39
U482,P080,view,2026-04-06 16:42:00,mobile,clothing,168,165.48
U249,P085,click,2026-04-06 16:42:00,desktop,electronics,45,31.48
U409,P050,view,2026-04-06 16:46:00,tablet,electronics,278,368.77
U095,P059,click,2026-04-06 16:48:00,tablet,clothing,196,85.51
U233,P005,click,2026-04-06 16:50:00,mobile,home,535,331.93
U345,P008,add_to_cart,2026-04-06 16:51:00,mobile,electronics,566,51.44
U369,P040,click,2026-04-06 16:52:00,mobile,beauty,431,49.42
U129,P090,view,2026-04-06 16:53:00,mobile,home,386,297.98
U094,P012,view,2026-04-06 16:54:00,tablet,beauty,229,273.8
U151,P079,view,2026-04-06 16:54:00,mobile,beauty,240,350.73
U254,P024,view,2026-04-06 16:57:00,desktop,home,21,99.28
U079,P029,click,2026-04-06 16:57:00,mobile,beauty,568,465.05
U078,P010,click,2026-04-06 16:59:00,tablet,clothing,519,317.81
U250,P022,view,2026-04-06 17:01:00,mobile,beauty,151,353.83
U169,P021,add_to_cart,2026-04-06 17:01:00,desktop,home,549,224.05
U405,P059,view,2026-04-06 17:02:00,desktop,beauty,34,174.3
U086,P016,view,2026-04-06 17:02:00,tablet,home,379,216.92
U170,P005,click,2026-04-06 17:03:00,mobile,home,468,145.67
U059,P006,click,2026-04-06 17:08:00,tablet,electronics,240,313.7
U276,P080,view,2026-04-06 17:09:00,tablet,home,57,332.05
U304,P098,click,2026-04-06 17:10:00,mobile,clothing,512,143.64
U175,P074,view,2026-04-06 17:10:00,tablet,electronics,108,390.54
U289,P041,view,2026-04-06 17:13:00,desktop,home,100,405.18
U218,P019,view,2026-04-06 17:13:00,mobile,clothing,89,456.29
U094,P077,view,2026-04-06 17:15:00,tablet,home,226,443.53
U215,P099,view,2026-04-06 17:15:00,tablet,electronics,88,495.36
U179,P050,view,2026-04-06 17:17:00,tablet,electronics,289,466.7
U046,P054,view,2026-04-06 17:17:00,desktop,clothing,103,310.81
U405,P032,click,2026-04-06 17:24:00,tablet,electronics,403,474.45
U211,P023,view,2026-04-06 17:27:00,tablet,clothing,61,44.18
U266,P011,click,2026-04-06 17:29:00,mobile,electronics,389,304.64
U014,P015,click,2026-04-06 17:30:00,desktop,electronics,138,79.75
U407,P078,click,2026-04-06 17:31:00,mobile,home,334,145.95
U209,P045,click,2026-04-06 17:32:00,mobile,beauty,483,114.47
U445,P025,view,2026-04-06 17:32:00,tablet,home,98,404.68
U322,P068,click,2026-04-06 17:33:00,desktop,beauty,204,269.81
U229,P045,view,2026-04-06 17:33:00,mobile,clothing,127,266.73
U474,P074,view,2026-04-06 17:35:00,mobile,home,33,384.03
U200,P080,click,2026-04-06 17:37:00,mobile,home,531,307.7
U296,P014,view,2026-04-06 17:37:00,mobile,clothing,146,42.8
U237,P043,click,2026-04-06 17:39:00,tablet,clothing,509,474.23
U047,P024,view,2026-04-06 17:41:00,mobile,electronics,49,313.76
U314,P028,view,2026-04-06 17:41:00,mobile,home,141,90.37
U264,P087,view,2026-04-06 17:42:00,tablet,home,303,181.59
U131,P014,view,2026-04-06 17:43:00,tablet,clothing,27,389.75
U393,P046,click,2026-04-06 17:43:00,desktop,home,471,307.32
U209,P067,click,2026-04-06 17:43:00,desktop,electronics,319,455.53
U332,P058,view,2026-04-06 17:44:00,tablet,beauty,116,282.24
U326,P091,click,2026-04-06 17:45:00,tablet,beauty,335,97.7
U233,P094,view,2026-04-06 17:46:00,tablet,home,359,363.62
U354,P090,view,2026-04-06 17:48:00,desktop,beauty,210,353.45
U286,P089,click,2026-04-06 17:49:00,desktop,electronics,338,480.73
U239,P044,click,2026-04-06 17:52:00,tablet,home,500,359.83
U443,P014,add_to_cart,2026-04-06 17:52:00,desktop,home,582,71.04
U043,P020,view,2026-04-06 17:54:00,desktop,home,117,287.22
U411,P048,add_to_cart,2026-04-06 17:55:00,desktop,electronics,531,184.73
U334,P063,click,2026-04-06 17:55:00,mobile,home,504,342.3
U396,P094,view,2026-04-06 17:57:00,mobile,beauty,93,197.1
U207,P047,view,2026-04-06 17:57:00,desktop,beauty,125,410.47
U042,P093,view,2026-04-06 17:58:00,desktop,home,26,75.12
U466,P020,click,2026-04-06 17:58:00,desktop,clothing,213,155.68
U038,P078,click,2026-04-06 18:01:00,mobile,electronics,266,68.03
U262,P056,click,2026-04-06 18:02:00,mobile,clothing,392,89.55
U248,P080,click,2026-04-06 18:03:00,desktop,electronics,10,208.17
U053,P085,click,2026-04-06 18:03:00,tablet,beauty,390,48.33
U236,P057,click,2026-04-06 18:03:00,mobile,clothing,558,265.5
U085,P039,add_to_cart,2026-04-06 18:04:00,mobile,clothing,539,11.13
U013,P031,add_to_cart,2026-04-06 18:04:00,desktop,home,496,109.6
U418,P078,view,2026-04-06 18:07:00,mobile,beauty,362,454.82
U270,P077,view,2026-04-06 18:08:00,mobile,beauty,195,296.65
U300,P029,add_to_cart,2026-04-06 18:09:00,tablet,electronics,559,142.01
U072,P087,view,2026-04-06 18:09:00,mobile,home,163,91.85
U276,P089,click,2026-04-06 18:10:00,desktop,beauty,328,228.38
U286,P004,click,2026-04-06 18:10:00,mobile,electronics,468,434.18
U251,P057,view,2026-04-06 18:11:00,tablet,beauty,372,397.15
U316,P030,click,2026-04-06 18:11:00,mobile,home,502,403.0
U075,P018,click,2026-04-06 18:12:00,mobile,electronics,400,173.52
U341,P019,click,2026-04-06 18:12:00,mobile,electronics,429,33.75
U108,P085,add_to_cart,2026-04-06 18:14:00,desktop,home,296,65.85
U157,P035,view,2026-04-06 18:17:00,tablet,electronics,121,79.96
U166,P100,add_to_cart,2026-04-06 18:17:00,desktop,beauty,594,48.0
U449,P092,click,2026-04-06 18:17:00,tablet,electronics,61,16.98
U217,P076,view,2026-04-06 18:18:00,desktop,home,148,94.19
U331,P031,click,2026-04-06 18:19:00,desktop,electronics,143,65.01
U411,P097,view,2026-04-06 18:20:00,desktop,electronics,110,394.41
U232,P027,view,2026-04-06 18:20:00,mobile,beauty,95,10.01
U076,P037,view,2026-04-06 18:21:00,mobile,home,237,287.63
U318,P019,view,2026-04-06 18:23:00,tablet,clothing,298,228.22
U385,P038,click,2026-04-06 18:24:00,mobile,beauty,335,160.56
U218,P096,view,2026-04-06 18:24:00,desktop,clothing,40,113.21
U367,P007,click,2026-04-06 18:24:00,tablet,home,593,369.07
U468,P048,view,2026-04-06 18:25:00,desktop,electronics,78,342.25
U032,P093,view,2026-04-06 18:27:00,mobile,clothing,183,245.06
U119,P050,click,2026-04-06 18:30:00,desktop,home,470,149.08
U352,P041,view,2026-04-06 18:30:00,desktop,home,108,169.17
U275,P065,view,2026-04-06 18:32:00,tablet,home,457,390.56
U285,P025,click,2026-04-06 18:32:00,desktop,home,386,258.08
U005,P045,view,2026-04-06 18:32:00,desktop,beauty,55,87.07
U194,P009,view,2026-04-06 18:33:00,desktop,clothing,32,153.9
U488,P044,view,2026-04-06 18:34:00,desktop,clothing,136,368.73
U277,P031,view,2026-04-06 18:35:00,mobile,home,334,428.0
U058,P045,view,2026-04-06 18:36:00,mobile,clothing,160,264.62
U258,P096,view,2026-04-06 18:37:00,desktop,home,52,448.19
U442,P047,click,2026-04-06 18:37:00,mobile,home,322,255.99
U081,P006,click,2026-04-06 18:40:00,desktop,clothing,397,70.34
U028,P048,view,2026-04-06 18:41:00,tablet,clothing,136,182.26
U160,P008,view,2026-04-06 18:41:00,desktop,clothing,40,267.75
U476,P051,click,2026-04-06 18:43:00,desktop,beauty,439,436.61
U416,P055,click,2026-04-06 18:45:00,desktop,electronics,370,326.66
U134,P052,click,2026-04-06 18:46:00,tablet,home,380,333.1
U078,P049,view,2026-04-06 18:47:00,tablet,home,379,397.6
U082,P082,click,2026-04-06 18:47:00,mobile,clothing,502,25.03
U242,P009,click,2026-04-06 18:49:00,desktop,beauty,303,388.53
U009,P063,click,2026-04-06 18:49:00,desktop,beauty,19,28.29
U242,P067,view,2026-04-06 18:51:00,desktop,home,174,409.47
U255,P033,view,2026-04-06 18:51:00,desktop,home,33,422.86
U134,P059,view,2026-04-06 18:54:00,tablet,clothing,26,350.63
U076,P053,click,2026-04-06 18:54:00,desktop,beauty,155,67.44
U005,P013,view,2026-04-06 18:57:00,tablet,home,120,362.88
U418,P094,view,2026-04-06 18:59:00,mobile,home,356,234.21
U024,P025,view,2026-04-06 19:00:00,tablet,electronics,116,286.07
U002,P009,click,2026-04-06 19:01:00,desktop,clothing,380,343.66
U358,P038,add_to_cart,2026-04-06 19:02:00,desktop,electronics,353,129.07
U341,P002,view,2026-04-06 19:03:00,tablet,beauty,140,396.39
U497,P006,view,2026-04-06 19:08:00,tablet,beauty,455,424.07
U401,P038,add_to_cart,2026-04-06 19:08:00,desktop,clothing,564,57.74
U223,P016,view,2026-04-06 19:08:00,mobile,clothing,55,473.61
U489,P041,click,2026-04-06 19:11:00,mobile,clothing,181,28.19
U318,P031,add_to_cart,2026-04-06 19:13:00,desktop,electronics,373,61.5
U064,P031,add_to_cart,2026-04-06 19:13:00,desktop,home,561,285.62
U405,P070,view,2026-04-06 19:17:00,tablet,home,335,480.8
U024,P050,view,2026-04-06 19:17:00,tablet,home,39,438.06
U388,P027,add_to_cart,2026-04-06 19:17:00,desktop,home,524,218.24
U183,P079,click,2026-04-06 19:21:00,desktop,clothing,209,225.78
U141,P044,click,2026-04-06 19:21:00,tablet,beauty,575,95.43
U103,P041,add_to_cart,2026-04-06 19:26:00,tablet,electronics,501,195.34
U423,P048,click,2026-04-06 19:26:00,mobile,electronics,132,172.95
U149,P003,click,2026-04-06 19:28:00,desktop,beauty,360,343.95
U153,P003,view,2026-04-06 19:29:00,mobile,clothing,111,67.27
U482,P067,click,2026-04-06 19:30:00,mobile,home,193,104.81
U345,P014,view,2026-04-06 19:30:00,mobile,beauty,241,130.13
U149,P018,view,2026-04-06 19:31:00,mobile,home,65,265.54
U116,P025,click,2026-04-06 19:31:00,desktop,electronics,426,396.56
U219,P036,view,2026-04-06 19:31:00,tablet,home,47,271.18
U317,P006,click,2026-04-06 19:32:00,desktop,beauty,310,283.61
U364,P088,view,2026-04-06 19:32:00,mobile,home,474,389.96
U300,P099,click,2026-04-06 19:33:00,tablet,beauty,245,47.82
U134,P086,view,2026-04-06 19:33:00,mobile,beauty,277,418.32
U158,P099,click,2026-04-06 19:33:00,desktop,clothing,410,181.62
U271,P003,view,2026-04-06 19:37:00,mobile,beauty,239,167.09
U346,P028,click,2026-04-06 19:37:00,tablet,home,197,49.79
U059,P089,click,2026-04-06 19:38:00,desktop,beauty,417,244.42
U334,P021,view,2026-04-06 19:39:00,mobile,clothing,184,239.25
U172,P068,click,2026-04-06 19:40:00,desktop,beauty,122,121.94
U274,P014,click,2026-04-06 19:40:00,tablet,home,467,152.71
U105,P005,click,2026-04-06 19:41:00,tablet,home,498,401.6
U119,P092,click,2026-04-06 19:42:00,tablet,electronics,478,183.57
U097,P006,add_to_cart,2026-04-06 19:43:00,desktop,beauty,590,293.72
U291,P092,click,2026-04-06 19:45:00,tablet,clothing,419,29.47
U048,P001,view,2026-04-06 19:46:00,tablet,home,430,458.28
U461,P084,click,2026-04-06 19:48:00,mobile,beauty,495,67.63
U160,P032,click,2026-04-06 19:49:00,mobile,electronics,327,318.75
U085,P037,view,2026-04-06 19:49:00,desktop,home,125,437.55
U179,P072,view,2026-04-06 19:50:00,mobile,beauty,328,342.57
U013,P001,add_to_cart,2026-04-06 19:51:00,tablet,home,395,15.37
U391,P087,click,2026-04-06 19:51:00,mobile,clothing,287,209.94
U418,P046,click,2026-04-06 19:52:00,tablet,electronics,599,389.29
U056,P085,click,2026-04-06 19:52:00,mobile,home,570,183.21
U278,P056,view,2026-04-06 19:53:00,tablet,electronics,156,242.96
U498,P080,add_to_cart,2026-04-06 19:55:00,desktop,clothing,574,419.5
U137,P097,view,2026-04-06 19:56:00,tablet,clothing,288,150.34
U062,P073,click,2026-04-06 19:57:00,tablet,electronics,347,374.7
U265,P054,add_to_cart,2026-04-06 19:58:00,desktop,clothing,560,204.26
U341,P099,click,2026-04-06 20:02:00,mobile,clothing,195,18.58
U187,P052,view,2026-04-06 20:03:00,mobile,home,97,42.82
U462,P014,click,2026-04-06 20:03:00,desktop,clothing,190,109.07
U234,P019,view,2026-04-06 20:03:00,mobile,home,61,221.04
U322,P084,click,2026-04-06 20:05:00,desktop,beauty,251,178.63
U095,P034,view,2026-04-06 20:05:00,mobile,clothing,471,473.31
U218,P052,view,2026-04-06 20:06:00,mobile,home,449,462.92
U492,P055,view,2026-04-06 20:06:00,tablet,beauty,88,249.34
U098,P028,view,2026-04-06 20:07:00,tablet,clothing,22,435.5
U166,P087,add_to_cart,2026-04-06 20:07:00,mobile,electronics,576,280.38
U308,P065,click,2026-04-06 20:08:00,mobile,clothing,579,355.48
U403,P084,click,2026-04-06 20:09:00,mobile,home,435,95.67
U136,P042,add_to_cart,2026-04-06 20:10:00,desktop,electronics,419,181.3
U382,P030,add_to_cart,2026-04-06 20:10:00,tablet,clothing,499,125.52
U089,P026,view,2026-04-06 20:11:00,mobile,beauty,122,476.17
U334,P052,view,2026-04-06 20:12:00,tablet,electronics,99,156.31
U290,P044,click,2026-04-06 20:13:00,mobile,clothing,545,232.18
U230,P041,click,2026-04-06 20:14:00,desktop,clothing,512,495.28
U279,P003,click,2026-04-06 20:15:00,mobile,beauty,333,103.25
U034,P042,click,2026-04-06 20:18:00,mobile,beauty,488,422.58
U453,P013,add_to_cart,2026-04-06 20:19:00,desktop,electronics,542,247.36
U471,P016,click,2026-04-06 20:20:00,mobile,beauty,493,176.75
U487,P014,click,2026-04-06 20:21:00,desktop,home,169,87.26
U344,P065,add_to_cart,2026-04-06 20:22:00,desktop,home,596,114.36
U050,P035,view,2026-04-06 20:23:00,desktop,home,162,218.87
U438,P087,click,2026-04-06 20:23:00,tablet,beauty,576,458.82
U263,P096,click,2026-04-06 20:24:00,desktop,electronics,290,403.7
U059,P005,click,2026-04-06 20:24:00,desktop,home,415,308.48
U392,P093,add_to_cart,2026-04-06 20:25:00,desktop,home,572,76.36
U449,P031,click,2026-04-06 20:26:00,mobile,clothing,497,198.12
U172,P055,add_to_cart,2026-04-06 20:26:00,tablet,electronics,521,214.82
U196,P062,view,2026-04-06 20:27:00,mobile,beauty,153,283.99
U457,P097,view,2026-04-06 20:28:00,desktop,home,295,457.88
U499,P015,click,2026-04-06 20:29:00,tablet,beauty,191,35.7
U494,P018,click,2026-04-06 20:31:00,mobile,beauty,510,60.55
U326,P090,click,2026-04-06 20:34:00,desktop,electronics,236,156.57
U041,P052,view,2026-04-06 20:36:00,mobile,beauty,206,360.12
U309,P070,view,2026-04-06 20:37:00,tablet,beauty,273,349.73
U047,P088,click,2026-04-06 20:37:00,mobile,beauty,576,303.2
U004,P016,click,2026-04-06 20:38:00,mobile,clothing,590,98.98
U002,P082,add_to_cart,2026-04-06 20:39:00,desktop,clothing,316,20.27
U019,P089,view,2026-04-06 20:39:00,mobile,home,398,372.42
U098,P018,click,2026-04-06 20:40:00,desktop,beauty,360,104.18
U378,P044,click,2026-04-06 20:41:00,desktop,home,161,36.74
U194,P010,view,2026-04-06 20:41:00,desktop,clothing,59,344.66
U210,P037,view,2026-04-06 20:43:00,mobile,home,146,45.74
U436,P070,add_to_cart,2026-04-06 20:44:00,mobile,electronics,579,48.04
U464,P059,click,2026-04-06 20:46:00,mobile,home,353,49.71
U266,P002,view,2026-04-06 20:47:00,desktop,clothing,61,488.87
U285,P005,view,2026-04-06 20:48:00,desktop,electronics,118,420.78
U383,P070,click,2026-04-06 20:49:00,desktop,beauty,234,66.01
U286,P023,click,2026-04-06 20:50:00,mobile,beauty,347,29.42
U309,P007,click,2026-04-06 20:52:00,desktop,clothing,239,402.09
U274,P033,click,2026-04-06 20:54:00,mobile,beauty,423,57.61
U038,P075,view,2026-04-06 20:55:00,mobile,home,72,275.1
U362,P012,click,2026-04-06 20:55:00,mobile,clothing,379,83.46
U204,P048,add_to_cart,2026-04-06 20:57:00,mobile,clothing,462,71.47
U133,P024,click,2026-04-06 20:58:00,desktop,beauty,252,169.05
U497,P017,click,2026-04-06 20:58:00,tablet,beauty,493,322.02
U106,P004,add_to_cart,2026-04-06 21:02:00,desktop,clothing,331,136.9
U225,P070,click,2026-04-06 21:02:00,tablet,beauty,489,68.25
U232,P068,add_to_cart,2026-04-06 21:04:00,desktop,electronics,500,149.05
U239,P070,add_to_cart,2026-04-06 21:04:00,desktop,beauty,575,189.47
U310,P035,add_to_cart,2026-04-06 21:04:00,desktop,electronics,444,95.23
U089,P032,view,2026-04-06 21:05:00,mobile,clothing,110,272.64
U073,P057,view,2026-04-06 21:05:00,mobile,beauty,21,77.36
U422,P025,click,2026-04-06 21:07:00,desktop,electronics,284,457.95
U054,P059,click,2026-04-06 21:08:00,desktop,beauty,124,151.74
U073,P056,click,2026-04-06 21:09:00,mobile,clothing,492,183.76
U499,P049,click,2026-04-06 21:11:00,desktop,electronics,302,80.58
U049,P001,click,2026-04-06 21:12:00,desktop,clothing,38,85.64
U189,P092,add_to_cart,2026-04-06 21:13:00,tablet,electronics,500,74.56
U209,P067,add_to_cart,2026-04-06 21:15:00,desktop,electronics,367,170.34
U172,P031,view,2026-04-06 21:15:00,tablet,beauty,319,277.28
U164,P094,view,2026-04-06 21:16:00,mobile,home,75,124.34
U210,P054,view,2026-04-06 21:18:00,tablet,beauty,59,348.97
U258,P006,add_to_cart,2026-04-06 21:18:00,desktop,electronics,525,377.03
U332,P071,click,2026-04-06 21:19:00,mobile,electronics,185,139.43
U452,P076,view,2026-04-06 21:20:00,mobile,electronics,70,357.25
U144,P026,add_to_cart,2026-04-06 21:21:00,desktop,clothing,509,28.41
U350,P063,view,2026-04-06 21:23:00,tablet,electronics,288,244.1
U415,P001,view,2026-04-06 21:23:00,tablet,home,67,351.89
U047,P002,view,2026-04-06 21:24:00,desktop,clothing,91,222.51
U130,P072,add_to_cart,2026-04-06 21:28:00,desktop,home,580,305.95
U057,P002,view,2026-04-06 21:28:00,mobile,beauty,250,133.82
U128,P021,click,2026-04-06 21:29:00,tablet,electronics,387,444.62
U242,P012,click,2026-04-06 21:32:00,desktop,home,237,136.08
U067,P035,click,2026-04-06 21:32:00,mobile,electronics,256,241.21
U386,P028,click,2026-04-06 21:34:00,tablet,electronics,164,47.09
U227,P006,click,2026-04-06 21:35:00,tablet,clothing,257,44.67
U121,P043,view,2026-04-06 21:36:00,mobile,home,197,248.94
U422,P077,view,2026-04-06 21:38:00,mobile,beauty,274,412.66
U461,P019,click,2026-04-06 21:38:00,mobile,beauty,458,168.97
U077,P049,view,2026-04-06 21:40:00,mobile,clothing,235,474.42
U276,P093,click,2026-04-06 21:42:00,mobile,electronics,569,405.21
U307,P095,click,2026-04-06 21:43:00,tablet,clothing,460,61.31
U205,P070,click,2026-04-06 21:43:00,desktop,electronics,147,168.56
U230,P082,view,2026-04-06 21:43:00,mobile,clothing,142,462.1
U233,P066,click,2026-04-06 21:44:00,desktop,electronics,155,164.11
U492,P033,view,2026-04-06 21:45:00,mobile,beauty,22,93.76
U125,P090,click,2026-04-06 21:47:00,desktop,home,270,130.62
U157,P038,view,2026-04-06 21:47:00,mobile,home,379,328.83
U327,P005,click,2026-04-06 21:47:00,desktop,electronics,258,448.81
U061,P049,view,2026-04-06 21:47:00,desktop,clothing,210,189.96
U063,P064,view,2026-04-06 21:48:00,tablet,beauty,123,19.62
U415,P005,view,2026-04-06 21:49:00,mobile,home,387,392.24
U402,P099,click,2026-04-06 21:49:00,mobile,clothing,343,107.18
U145,P090,click,2026-04-06 21:50:00,tablet,home,525,240.66
U014,P017,view,2026-04-06 21:51:00,tablet,beauty,281,457.52
U071,P082,view,2026-04-06 21:52:00,mobile,beauty,333,442.65
U440,P006,view,2026-04-06 21:53:00,mobile,beauty,161,61.26
U144,P088,view,2026-04-06 21:54:00,mobile,clothing,288,275.62
U305,P007,add_to_cart,2026-04-06 21:55:00,tablet,electronics,559,16.44
U449,P011,view,2026-04-06 21:55:00,mobile,clothing,111,202.84
U374,P045,click,2026-04-06 21:56:00,desktop,clothing,488,263.88
U285,P020,view,2026-04-06 21:59:00,tablet,clothing,179,132.45
U289,P080,add_to_cart,2026-04-06 21:59:00,tablet,electronics,576,50.8
U254,P057,view,2026-04-06 22:00:00,mobile,clothing,324,281.07
U027,P080,click,2026-04-06 22:01:00,mobile,beauty,395,126.85
U002,P015,view,2026-04-06 22:05:00,tablet,electronics,86,490.97
U200,P014,add_to_cart,2026-04-06 22:05:00,desktop,clothing,447,320.7
U123,P013,view,2026-04-06 22:06:00,mobile,electronics,33,97.09
U150,P094,click,2026-04-06 22:08:00,tablet,clothing,544,320.98
U124,P004,view,2026-04-06 22:12:00,desktop,electronics,146,279.2
U489,P098,view,2026-04-06 22:15:00,mobile,clothing,50,207.91
U090,P017,view,2026-04-06 22:16:00,mobile,beauty,50,330.04
U225,P097,view,2026-04-06 22:17:00,desktop,beauty,356,413.66
U320,P055,view,2026-04-06 22:18:00,tablet,beauty,259,360.95
U125,P055,view,2026-04-06 22:21:00,mobile,beauty,192,364.08
U286,P032,click,2026-04-06 22:22:00,tablet,electronics,358,246.68
U078,P038,view,2026-04-06 22:22:00,mobile,beauty,325,392.95
U283,P083,add_to_cart,2026-04-06 22:22:00,desktop,electronics,460,256.96
U321,P063,add_to_cart,2026-04-06 22:22:00,desktop,home,448,203.17
U085,P046,add_to_cart,2026-04-06 22:22:00,mobile,electronics,593,128.19
U381,P019,add_to_cart,2026-04-06 22:23:00,desktop,electronics,400,127.08
U474,P087,click,2026-04-06 22:23:00,desktop,clothing,116,38.4
U266,P094,click,2026-04-06 22:24:00,mobile,clothing,357,197.4
U478,P004,view,2026-04-06 22:24:00,mobile,electronics,29,322.77
U478,P074,click,2026-04-06 22:26:00,tablet,beauty,325,85.72
U495,P016,click,2026-04-06 22:26:00,tablet,beauty,559,483.85
U199,P059,view,2026-04-06 22:26:00,mobile,beauty,112,385.61
U490,P059,view,2026-04-06 22:27:00,mobile,home,15,18.44
U020,P006,view,2026-04-06 22:27:00,mobile,electronics,41,345.6
U222,P053,view,2026-04-06 22:27:00,desktop,home,130,347.64
U133,P085,view,2026-04-06 22:28:00,mobile,home,73,274.45
U127,P004,view,2026-04-06 22:31:00,desktop,clothing,27,449.89
U443,P003,click,2026-04-06 22:32:00,mobile,beauty,336,115.7
U178,P067,click,2026-04-06 22:32:00,mobile,clothing,295,40.0
U037,P009,view,2026-04-06 22:36:00,mobile,clothing,169,93.76
U386,P040,view,2026-04-06 22:37:00,mobile,clothing,199,163.31
U014,P032,view,2026-04-06 22:39:00,tablet,electronics,94,56.72
U428,P064,click,2026-04-06 22:40:00,tablet,clothing,380,87.26
U343,P057,add_to_cart,2026-04-06 22:40:00,mobile,electronics,580,18.09
U429,P043,view,2026-04-06 22:41:00,desktop,home,316,494.43
U413,P023,click,2026-04-06 22:41:00,tablet,clothing,454,34.73
U107,P079,click,2026-04-06 22:42:00,desktop,home,311,385.28
U478,P062,click,2026-04-06 22:45:00,desktop,electronics,105,256.46
U386,P017,click,2026-04-06 22:45:00,desktop,beauty,67,99.99
U413,P045,add_to_cart,2026-04-06 22:45:00,desktop,home,570,127.87
U364,P031,click,2026-04-06 22:46:00,mobile,electronics,333,254.31
U183,P051,view,2026-04-06 22:47:00,tablet,home,169,491.66
U081,P016,view,2026-04-06 22:47:00,mobile,electronics,98,478.7
U395,P065,add_to_cart,2026-04-06 22:47:00,desktop,beauty,434,102.43
U164,P024,view,2026-04-06 22:48:00,mobile,beauty,68,57.22
U416,P028,click,2026-04-06 22:50:00,mobile,home,471,60.23
U343,P037,click,2026-04-06 22:51:00,desktop,clothing,214,233.87
U264,P073,view,2026-04-06 22:51:00,tablet,home,28,194.83
U282,P061,add_to_cart,2026-04-06 22:52:00,desktop,electronics,582,109.75
U469,P084,view,2026-04-06 22:53:00,tablet,clothing,473,302.28
U145,P061,view,2026-04-06 22:54:00,tablet,home,13,293.61
U426,P017,view,2026-04-06 22:54:00,mobile,home,285,196.91
U001,P073,click,2026-04-06 22:54:00,mobile,electronics,408,298.74
U430,P058,view,2026-04-06 22:56:00,mobile,home,59,136.02
U061,P091,click,2026-04-06 22:56:00,desktop,home,554,342.42
U452,P073,click,2026-04-06 22:56:00,tablet,electronics,254,175.49
U069,P077,click,2026-04-06 22:57:00,desktop,electronics,293,382.62
U266,P081,click,2026-04-06 22:57:00,mobile,beauty,437,311.22
U269,P051,click,2026-04-06 22:58:00,mobile,clothing,477,211.14
U417,P063,click,2026-04-06 22:59:00,mobile,electronics,369,250.13
U430,P021,view,2026-04-06 23:00:00,desktop,home,197,381.18
U151,P090,click,2026-04-06 23:00:00,tablet,beauty,309,224.62
U156,P070,view,2026-04-06 23:01:00,mobile,home,284,454.16
U121,P082,click,2026-04-06 23:02:00,tablet,beauty,443,176.11
U417,P001,view,2026-04-06 23:03:00,tablet,home,54,264.36
U094,P060,click,2026-04-06 23:08:00,desktop,electronics,463,308.56
U411,P019,click,2026-04-06 23:08:00,desktop,home,231,288.67
U119,P078,click,2026-04-06 23:09:00,tablet,beauty,444,305.55
U114,P026,view,2026-04-06 23:09:00,tablet,home,280,294.12
U114,P070,click,2026-04-06 23:11:00,mobile,beauty,591,346.72
U468,P019,view,2026-04-06 23:11:00,mobile,home,492,452.97
U302,P080,view,2026-04-06 23:14:00,tablet,electronics,36,74.35
U330,P057,view,2026-04-06 23:14:00,tablet,clothing,144,146.18
U289,P022,view,2026-04-06 23:14:00,tablet,clothing,82,397.84
U225,P022,view,2026-04-06 23:17:00,tablet,electronics,145,337.98
U266,P085,view,2026-04-06 23:18:00,tablet,clothing,262,316.56
U146,P084,view,2026-04-06 23:19:00,desktop,beauty,310,385.59
U257,P078,add_to_cart,2026-04-06 23:20:00,desktop,home,518,333.31
U440,P005,view,2026-04-06 23:20:00,tablet,clothing,217,57.12
U226,P088,click,2026-04-06 23:21:00,mobile,electronics,544,480.78
U156,P060,click,2026-04-06 23:21:00,tablet,electronics,316,209.14
U410,P001,view,2026-04-06 23:21:00,tablet,beauty,218,300.38
U456,P048,view,2026-04-06 23:21:00,desktop,beauty,360,436.18
U327,P052,click,2026-04-06 23:21:00,desktop,clothing,477,419.58
U484,P046,view,2026-04-06 23:24:00,desktop,beauty,19,389.15
U421,P057,view,2026-04-06 23:24:00,tablet,home,357,187.51
U300,P084,click,2026-04-06 23:25:00,mobile,electronics,315,156.85
U122,P091,click,2026-04-06 23:25:00,mobile,electronics,288,67.47
U402,P029,click,2026-04-06 23:26:00,tablet,electronics,261,163.71
U132,P037,view,2026-04-06 23:26:00,tablet,clothing,78,282.33
U306,P011,add_to_cart,2026-04-06 23:27:00,desktop,home,521,308.04
U316,P045,click,2026-04-06 23:29:00,tablet,electronics,269,40.45
U174,P052,view,2026-04-06 23:29:00,tablet,home,49,361.66
U278,P097,add_to_cart,2026-04-06 23:30:00,tablet,electronics,545,68.28
U007,P004,click,2026-04-06 23:31:00,mobile,electronics,366,159.74
U072,P093,view,2026-04-06 23:32:00,tablet,home,157,48.88
U320,P092,view,2026-04-06 23:33:00,tablet,electronics,79,404.09
U288,P030,add_to_cart,2026-04-06 23:34:00,desktop,home,544,103.67
U474,P073,view,2026-04-06 23:35:00,desktop,clothing,195,110.59
U417,P079,add_to_cart,2026-04-06 23:36:00,desktop,electronics,520,336.9
U285,P012,click,2026-04-06 23:36:00,desktop,electronics,82,35.92
U201,P074,view,2026-04-06 23:37:00,mobile,electronics,277,284.33
U284,P001,click,2026-04-06 23:37:00,mobile,clothing,363,233.57
U172,P074,view,2026-04-06 23:38:00,tablet,electronics,152,257.31
U028,P004,click,2026-04-06 23:40:00,desktop,electronics,536,407.29
U027,P086,view,2026-04-06 23:41:00,tablet,home,42,13.92
U382,P027,view,2026-04-06 23:41:00,tablet,clothing,89,338.86
U207,P070,click,2026-04-06 23:42:00,desktop,clothing,421,465.45
U062,P024,view,2026-04-06 23:42:00,tablet,electronics,441,485.57
U398,P055,view,2026-04-06 23:43:00,desktop,beauty,25,406.24
U111,P037,click,2026-04-06 23:43:00,tablet,beauty,258,15.68
U446,P065,click,2026-04-06 23:44:00,mobile,home,566,493.37
U001,P007,view,2026-04-06 23:44:00,mobile,clothing,188,245.21
U182,P033,click,2026-04-06 23:45:00,tablet,beauty,453,74.47
U315,P029,click,2026-04-06 23:45:00,tablet,electronics,355,90.53
U322,P081,view,2026-04-06 23:47:00,desktop,home,230,384.34
U362,P018,add_to_cart,2026-04-06 23:47:00,desktop,electronics,507,176.25
U103,P076,view,2026-04-06 23:49:00,tablet,clothing,89,53.35
U395,P026,view,2026-04-06 23:50:00,tablet,clothing,331,423.47
U399,P071,click,2026-04-06 23:50:00,tablet,electronics,260,160.07
U089,P032,click,2026-04-06 23:51:00,tablet,home,476,94.77
U239,P087,add_to_cart,2026-04-06 23:52:00,desktop,beauty,479,74.72
U380,P090,view,2026-04-06 23:53:00,mobile,electronics,177,299.66
U034,P017,click,2026-04-06 23:53:00,mobile,clothing,486,172.24
U219,P041,view,2026-04-06 23:56:00,tablet,clothing,401,473.28
U361,P013,view,2026-04-06 23:56:00,tablet,beauty,61,132.92
U494,P064,click,2026-04-06 23:59:00,tablet,electronics,78,71.55
U312,P088,click,2026-04-07 00:02:00,mobile,clothing,367,18.2
U355,P009,view,2026-04-07 00:02:00,tablet,beauty,221,301.83
U199,P036,view,2026-04-07 00:04:00,mobile,electronics,62,220.36
U200,P030,click,2026-04-07 00:09:00,mobile,clothing,535,304.32
U273,P054,add_to_cart,2026-04-07 00:09:00,desktop,electronics,495,238.12
U402,P059,add_to_cart,2026-04-07 00:09:00,desktop,electronics,385,224.08
U373,P033,click,2026-04-07 00:09:00,tablet,electronics,176,37.89
U110,P024,click,2026-04-07 00:09:00,tablet,home,569,223.87
U485,P100,click,2026-04-07 00:11:00,mobile,home,295,222.27
U089,P084,view,2026-04-07 00:13:00,tablet,beauty,113,65.64
U376,P090,click,2026-04-07 00:14:00,tablet,clothing,484,114.58
U450,P084,view,2026-04-07 00:15:00,tablet,beauty,257,407.39
U029,P088,view,2026-04-07 00:18:00,tablet,beauty,85,188.51
U250,P001,view,2026-04-07 00:19:00,tablet,home,221,274.6
U427,P052,view,2026-04-07 00:19:00,desktop,clothing,60,361.13
U481,P030,click,2026-04-07 00:20:00,tablet,clothing,379,33.29
U274,P075,add_to_cart,2026-04-07 00:20:00,mobile,clothing,471,17.37
U407,P046,view,2026-04-07 00:21:00,tablet,clothing,139,82.29
U485,P069,view,2026-04-07 00:22:00,mobile,beauty,238,309.84
U319,P039,view,2026-04-07 00:23:00,desktop,home,32,393.12
U041,P073,view,2026-04-07 00:24:00,mobile,electronics,253,393.66
U082,P044,view,2026-04-07 00:25:00,mobile,electronics,113,373.23
U112,P022,click,2026-04-07 00:26:00,mobile,home,174,49.02
U490,P058,click,2026-04-07 00:26:00,desktop,clothing,357,110.81
U318,P059,add_to_cart,2026-04-07 00:28:00,tablet,home,498,76.12
U080,P092,view,2026-04-07 00:29:00,desktop,beauty,324,461.17
U093,P052,view,2026-04-07 00:30:00,mobile,beauty,282,463.24
U054,P004,add_to_cart,2026-04-07 00:30:00,desktop,clothing,340,63.99
U225,P068,view,2026-04-07 00:31:00,mobile,beauty,329,467.81
U308,P083,click,2026-04-07 00:33:00,desktop,home,495,406.65
U250,P075,view,2026-04-07 00:34:00,desktop,clothing,120,79.66
U106,P086,click,2026-04-07 00:35:00,desktop,electronics,37,24.55
U283,P049,view,2026-04-07 00:35:00,desktop,electronics,85,366.75
U311,P011,click,2026-04-07 00:36:00,mobile,clothing,329,114.98
U391,P067,add_to_cart,2026-04-07 00:37:00,tablet,beauty,460,55.64
U493,P012,click,2026-04-07 00:37:00,desktop,clothing,374,365.11
U219,P070,click,2026-04-07 00:38:00,desktop,electronics,228,238.35
U200,P077,view,2026-04-07 00:38:00,tablet,clothing,253,54.92
U459,P033,click,2026-04-07 00:39:00,tablet,electronics,294,250.03
U289,P082,click,2026-04-07 00:40:00,desktop,beauty,364,229.07
U076,P012,view,2026-04-07 00:41:00,mobile,clothing,121,392.26
U094,P095,view,2026-04-07 00:42:00,tablet,electronics,192,194.88
U079,P086,click,2026-04-07 00:43:00,desktop,clothing,217,69.86
U476,P028,add_to_cart,2026-04-07 00:43:00,desktop,home,443,63.44
U371,P066,add_to_cart,2026-04-07 00:43:00,mobile,clothing,591,207.94
U161,P061,view,2026-04-07 00:46:00,mobile,beauty,107,421.19
U166,P037,view,2026-04-07 00:47:00,tablet,electronics,334,499.47
U431,P006,view,2026-04-07 00:48:00,tablet,home,474,463.96
U346,P029,click,2026-04-07 00:49:00,mobile,electronics,457,141.67
U020,P043,click,2026-04-07 00:51:00,mobile,home,474,305.94
U201,P087,add_to_cart,2026-04-07 00:51:00,desktop,electronics,406,234.96
U067,P084,click,2026-04-07 00:52:00,tablet,clothing,565,400.61
U329,P064,view,2026-04-07 00:53:00,tablet,home,117,347.71
U015,P079,add_to_cart,2026-04-07 00:53:00,tablet,clothing,551,22.4
U404,P046,view,2026-04-07 00:56:00,desktop,electronics,105,403.76
U434,P042,view,2026-04-07 00:57:00,mobile,home,46,208.06
U458,P065,click,2026-04-07 00:58:00,mobile,beauty,475,119.66
U452,P023,view,2026-04-07 00:58:00,mobile,home,91,224.27
U168,P093,view,2026-04-07 00:59:00,tablet,beauty,55,279.72
U157,P100,view,2026-04-07 00:59:00,desktop,home,20,137.52
U189,P064,click,2026-04-07 01:00:00,desktop,electronics,245,258.68
U232,P087,click,2026-04-07 01:00:00,mobile,home,441,72.95
U418,P082,view,2026-04-07 01:01:00,mobile,home,452,499.25
U460,P076,click,2026-04-07 01:01:00,desktop,clothing,500,388.23
U371,P035,view,2026-04-07 01:03:00,tablet,beauty,181,174.82
U125,P089,view,2026-04-07 01:03:00,mobile,home,68,311.29
U249,P039,view,2026-04-07 01:03:00,desktop,clothing,57,385.51
U486,P051,click,2026-04-07 01:03:00,desktop,electronics,314,176.56
U343,P086,view,2026-04-07 01:03:00,tablet,beauty,137,103.97
U354,P040,add_to_cart,2026-04-07 01:04:00,mobile,clothing,585,114.08
U089,P036,click,2026-04-07 01:04:00,desktop,electronics,80,50.85
U206,P098,view,2026-04-07 01:06:00,desktop,beauty,189,365.8
U367,P074,view,2026-04-07 01:08:00,mobile,beauty,81,254.59
U257,P063,view,2026-04-07 01:08:00,mobile,home,141,285.46
U412,P022,click,2026-04-07 01:08:00,mobile,electronics,578,441.69
U316,P007,click,2026-04-07 01:10:00,tablet,beauty,577,199.17
U405,P100,view,2026-04-07 01:15:00,tablet,home,120,261.97
U380,P094,click,2026-04-07 01:16:00,mobile,clothing,432,187.55
U346,P066,click,2026-04-07 01:18:00,tablet,clothing,560,140.2
U132,P081,view,2026-04-07 01:18:00,tablet,beauty,274,379.36
U047,P001,click,2026-04-07 01:18:00,mobile,electronics,218,59.47
U286,P007,click,2026-04-07 01:18:00,desktop,home,301,256.47
U005,P031,click,2026-04-07 01:19:00,desktop,electronics,400,166.26
U338,P058,view,2026-04-07 01:20:00,mobile,beauty,26,353.32
U025,P068,add_to_cart,2026-04-07 01:22:00,desktop,clothing,301,22.21
U275,P037,click,2026-04-07 01:22:00,desktop,clothing,159,23.76
U323,P018,add_to_cart,2026-04-07 01:24:00,mobile,home,456,20.71
U325,P024,view,2026-04-07 01:24:00,tablet,clothing,88,440.13
U404,P040,view,2026-04-07 01:24:00,mobile,electronics,446,455.37
U462,P028,add_to_cart,2026-04-07 01:25:00,desktop,beauty,432,67.69
U120,P015,click,2026-04-07 01:25:00,desktop,home,223,93.91
U327,P099,click,2026-04-07 01:26:00,tablet,electronics,555,465.5
U306,P006,add_to_cart,2026-04-07 01:27:00,desktop,home,440,80.48
U450,P023,click,2026-04-07 01:28:00,mobile,home,530,343.63
U286,P051,add_to_cart,2026-04-07 01:29:00,desktop,electronics,519,183.08
U298,P088,view,2026-04-07 01:30:00,mobile,beauty,87,154.87
U027,P072,view,2026-04-07 01:30:00,tablet,electronics,354,392.8
U270,P036,view,2026-04-07 01:31:00,tablet,clothing,55,479.06
U497,P004,view,2026-04-07 01:33:00,mobile,electronics,31,143.39
U040,P080,add_to_cart,2026-04-07 01:34:00,desktop,home,578,243.87
U090,P040,click,2026-04-07 01:34:00,mobile,electronics,356,82.54
U048,P092,view,2026-04-07 01:35:00,desktop,home,198,359.11
U183,P022,view,2026-04-07 01:36:00,desktop,clothing,284,398.58
U078,P042,view,2026-04-07 01:36:00,desktop,clothing,87,246.25
U252,P022,view,2026-04-07 01:38:00,mobile,beauty,218,303.59
U257,P062,click,2026-04-07 01:39:00,mobile,home,390,88.33
U321,P004,view,2026-04-07 01:40:00,mobile,beauty,314,191.69
U037,P036,view,2026-04-07 01:40:00,mobile,home,218,334.22
U125,P011,view,2026-04-07 01:41:00,tablet,clothing,148,338.18
U380,P079,add_to_cart,2026-04-07 01:41:00,desktop,clothing,588,38.85
U223,P093,view,2026-04-07 01:41:00,mobile,electronics,74,418.17
U018,P062,click,2026-04-07 01:41:00,mobile,clothing,442,121.5
U037,P005,add_to_cart,2026-04-07 01:44:00,desktop,electronics,548,32.67
U012,P026,click,2026-04-07 01:45:00,desktop,electronics,152,274.63
U160,P014,view,2026-04-07 01:45:00,mobile,beauty,54,367.69
U189,P040,view,2026-04-07 01:46:00,desktop,home,113,329.81
U019,P047,view,2026-04-07 01:46:00,desktop,clothing,126,100.13
U279,P006,click,2026-04-07 01:46:00,tablet,clothing,341,21.21
U087,P034,view,2026-04-07 01:47:00,desktop,clothing,203,388.47
U235,P017,view,2026-04-07 01:48:00,tablet,beauty,239,384.29
U070,P022,view,2026-04-07 01:53:00,mobile,home,191,248.47
U052,P091,click,2026-04-07 01:53:00,tablet,home,318,53.41
U476,P064,view,2026-04-07 01:54:00,tablet,home,178,315.66
U448,P071,click,2026-04-07 01:54:00,desktop,beauty,12,19.51
U022,P039,view,2026-04-07 01:54:00,tablet,beauty,34,103.48
U257,P004,click,2026-04-07 01:54:00,desktop,beauty,343,294.58
U347,P070,view,2026-04-07 01:55:00,desktop,clothing,58,223.61
U289,P061,click,2026-04-07 01:55:00,desktop,clothing,118,180.46
U249,P055,click,2026-04-07 01:57:00,mobile,beauty,270,43.08
U117,P008,view,2026-04-07 01:59:00,tablet,electronics,41,395.38
U466,P057,view,2026-04-07 02:01:00,tablet,clothing,170,34.85
U453,P009,click,2026-04-07 02:01:00,tablet,clothing,488,146.71
U169,P060,click,2026-04-07 02:04:00,tablet,electronics,263,36.27
U003,P014,add_to_cart,2026-04-07 02:05:00,mobile,electronics,490,36.89
U082,P086,view,2026-04-07 02:06:00,tablet,beauty,234,294.7
U380,P078,view,2026-04-07 02:07:00,desktop,home,145,489.6
U079,P026,view,2026-04-07 02:07:00,desktop,electronics,18,181.26
U453,P059,click,2026-04-07 02:09:00,tablet,clothing,292,91.48
U419,P006,view,2026-04-07 02:09:00,tablet,clothing,250,271.34
U351,P064,add_to_cart,2026-04-07 02:10:00,desktop,home,574,198.49
U375,P011,click,2026-04-07 02:10:00,mobile,home,345,140.78
U204,P034,view,2026-04-07 02:10:00,mobile,electronics,163,342.01
U124,P001,view,2026-04-07 02:10:00,tablet,home,168,289.81
U179,P091,add_to_cart,2026-04-07 02:11:00,tablet,electronics,509,170.7
U139,P018,click,2026-04-07 02:13:00,desktop,home,329,84.81
U057,P034,view,2026-04-07 02:16:00,desktop,clothing,24,360.61
U271,P042,view,2026-04-07 02:17:00,tablet,electronics,63,331.66
U175,P021,view,2026-04-07 02:17:00,mobile,home,170,284.03
U347,P091,click,2026-04-07 02:19:00,desktop,clothing,410,304.61
U181,P048,view,2026-04-07 02:19:00,mobile,beauty,292,310.24
U238,P075,view,2026-04-07 02:21:00,tablet,beauty,254,487.9
U448,P017,view,2026-04-07 02:21:00,mobile,home,436,418.17
U156,P074,view,2026-04-07 02:21:00,tablet,beauty,262,282.24
U141,P064,add_to_cart,2026-04-07 02:24:00,desktop,clothing,456,280.73
U301,P007,click,2026-04-07 02:26:00,mobile,electronics,561,445.08
U071,P040,add_to_cart,2026-04-07 02:27:00,desktop,home,362,20.06
U464,P046,click,2026-04-07 02:27:00,desktop,beauty,269,198.1
U428,P069,view,2026-04-07 02:28:00,mobile,home,286,91.52
U496,P076,view,2026-04-07 02:28:00,mobile,electronics,141,472.82
U316,P082,view,2026-04-07 02:28:00,tablet,electronics,155,143.95
U283,P046,click,2026-04-07 02:29:00,desktop,clothing,507,399.29
U151,P048,click,2026-04-07 02:30:00,mobile,clothing,307,152.31
U239,P036,view,2026-04-07 02:31:00,tablet,home,306,465.64
U121,P068,view,2026-04-07 02:34:00,mobile,home,256,358.99
U312,P033,view,2026-04-07 02:34:00,mobile,home,280,21.81
U091,P074,view,2026-04-07 02:35:00,tablet,beauty,181,105.79
U314,P083,click,2026-04-07 02:35:00,mobile,beauty,391,84.75
U284,P017,view,2026-04-07 02:36:00,tablet,home,410,473.22
U448,P055,view,2026-04-07 02:36:00,mobile,beauty,206,357.24
U382,P045,view,2026-04-07 02:36:00,mobile,beauty,42,109.54
U063,P056,add_to_cart,2026-04-07 02:37:00,mobile,electronics,589,321.94
U106,P068,click,2026-04-07 02:40:00,mobile,electronics,473,409.35
U041,P072,view,2026-04-07 02:41:00,mobile,beauty,371,349.89
U050,P057,view,2026-04-07 02:42:00,tablet,beauty,99,185.2
U037,P081,click,2026-04-07 02:43:00,tablet,clothing,468,400.8
U376,P055,view,2026-04-07 02:44:00,tablet,beauty,55,443.17
U454,P059,click,2026-04-07 02:44:00,tablet,beauty,391,139.12
U367,P008,click,2026-04-07 02:46:00,desktop,electronics,62,229.54
U432,P029,click,2026-04-07 02:47:00,tablet,home,468,138.87
U457,P041,add_to_cart,2026-04-07 02:47:00,tablet,home,594,62.96
U154,P042,add_to_cart,2026-04-07 02:51:00,tablet,electronics,469,223.64
U136,P004,click,2026-04-07 02:52:00,mobile,beauty,189,25.81
U421,P015,view,2026-04-07 02:55:00,tablet,home,114,284.73
U010,P001,view,2026-04-07 03:00:00,desktop,beauty,183,170.7
U384,P049,add_to_cart,2026-04-07 03:01:00,mobile,home,448,68.47
U238,P053,view,2026-04-07 03:01:00,desktop,beauty,380,445.39
U445,P037,click,2026-04-07 03:02:00,tablet,clothing,355,302.11
U051,P060,click,2026-04-07 03:04:00,desktop,beauty,69,42.65
U429,P057,view,2026-04-07 03:05:00,tablet,clothing,217,456.93
U415,P057,view,2026-04-07 03:05:00,mobile,clothing,316,338.93
U213,P068,view,2026-04-07 03:05:00,mobile,beauty,401,491.12
U037,P064,view,2026-04-07 03:05:00,mobile,clothing,182,422.13
U429,P036,add_to_cart,2026-04-07 03:05:00,mobile,electronics,594,118.06
U270,P003,click,2026-04-07 03:11:00,desktop,beauty,112,56.6
U273,P090,add_to_cart,2026-04-07 03:11:00,desktop,electronics,468,229.17
U428,P039,add_to_cart,2026-04-07 03:12:00,mobile,home,514,125.68
U180,P062,click,2026-04-07 03:13:00,desktop,clothing,285,116.46
U011,P018,click,2026-04-07 03:13:00,tablet,beauty,475,106.44
U456,P010,click,2026-04-07 03:14:00,desktop,home,230,320.16
U239,P073,view,2026-04-07 03:14:00,tablet,home,34,77.19
U353,P072,click,2026-04-07 03:15:00,tablet,beauty,421,20.38
U436,P023,view,2026-04-07 03:15:00,mobile,clothing,363,392.88
U002,P087,view,2026-04-07 03:15:00,tablet,home,381,415.28
U214,P064,view,2026-04-07 03:17:00,mobile,beauty,38,210.28
U222,P081,click,2026-04-07 03:18:00,mobile,home,278,224.72
U203,P097,click,2026-04-07 03:19:00,tablet,home,583,219.18
U404,P083,add_to_cart,2026-04-07 03:20:00,mobile,electronics,366,72.3
U175,P095,view,2026-04-07 03:20:00,tablet,electronics,100,62.05
U296,P098,view,2026-04-07 03:20:00,desktop,clothing,390,445.13
U305,P076,view,2026-04-07 03:21:00,tablet,beauty,337,427.5
U120,P073,view,2026-04-07 03:26:00,mobile,home,146,252.47
U432,P024,view,2026-04-07 03:27:00,mobile,electronics,246,374.92
U322,P008,add_to_cart,2026-04-07 03:28:00,mobile,home,494,65.44
U329,P076,click,2026-04-07 03:29:00,desktop,clothing,201,106.69
U293,P038,click,2026-04-07 03:30:00,tablet,electronics,457,344.55
U081,P038,add_to_cart,2026-04-07 03:30:00,desktop,home,513,80.28
U151,P006,view,2026-04-07 03:31:00,mobile,beauty,308,423.21
U316,P064,add_to_cart,2026-04-07 03:34:00,desktop,clothing,385,86.62
U259,P037,view,2026-04-07 03:34:00,desktop,beauty,161,480.41
U129,P039,view,2026-04-07 03:36:00,desktop,beauty,97,370.19
U024,P092,view,2026-04-07 03:37:00,mobile,electronics,268,300.14
U131,P049,click,2026-04-07 03:38:00,mobile,electronics,264,227.53
U356,P003,click,2026-04-07 03:39:00,mobile,home,596,458.6
U390,P026,view,2026-04-07 03:39:00,mobile,home,195,391.4
U358,P069,view,2026-04-07 03:40:00,mobile,clothing,429,408.81
U095,P039,view,2026-04-07 03:40:00,tablet,home,81,133.48
U433,P010,click,2026-04-07 03:46:00,tablet,electronics,462,365.59
U384,P071,view,2026-04-07 03:46:00,mobile,electronics,102,332.84
U417,P033,add_to_cart,2026-04-07 03:49:00,desktop,clothing,503,135.7
U421,P057,click,2026-04-07 03:50:00,desktop,beauty,123,212.34
U463,P028,view,2026-04-07 03:51:00,tablet,home,527,488.29
U413,P082,click,2026-04-07 03:51:00,mobile,home,471,49.14
U265,P005,click,2026-04-07 03:52:00,tablet,electronics,226,70.77
U193,P052,view,2026-04-07 03:54:00,mobile,home,218,156.09
U339,P069,view,2026-04-07 03:54:00,desktop,beauty,197,433.43
U345,P029,click,2026-04-07 03:55:00,desktop,clothing,152,206.21
U253,P042,add_to_cart,2026-04-07 03:55:00,desktop,clothing,543,50.77
U242,P089,add_to_cart,2026-04-07 03:56:00,desktop,clothing,474,15.5
U027,P044,view,2026-04-07 03:57:00,mobile,electronics,177,272.4
U433,P089,click,2026-04-07 03:58:00,mobile,home,589,230.83
U326,P069,view,2026-04-07 03:58:00,desktop,beauty,144,68.32
U458,P066,view,2026-04-07 04:01:00,mobile,beauty,70,382.94
U344,P056,add_to_cart,2026-04-07 04:01:00,desktop,electronics,547,44.81
U464,P058,click,2026-04-07 04:03:00,desktop,clothing,161,27.02
U295,P050,click,2026-04-07 04:04:00,desktop,beauty,408,472.85
U394,P034,click,2026-04-07 04:04:00,mobile,beauty,432,80.61
U278,P076,click,2026-04-07 04:05:00,mobile,electronics,484,258.97
U268,P086,view,2026-04-07 04:05:00,desktop,clothing,73,126.51
U420,P011,add_to_cart,2026-04-07 04:10:00,desktop,beauty,554,33.51
U152,P065,click,2026-04-07 04:11:00,desktop,clothing,399,499.58
U147,P038,view,2026-04-07 04:12:00,tablet,beauty,180,151.24
U089,P029,click,2026-04-07 04:12:00,desktop,home,572,451.79
U041,P092,add_to_cart,2026-04-07 04:13:00,desktop,clothing,443,117.01
U367,P044,add_to_cart,2026-04-07 04:13:00,tablet,electronics,532,239.14
U463,P094,add_to_cart,2026-04-07 04:14:00,desktop,electronics,273,198.01
U049,P006,view,2026-04-07 04:15:00,mobile,beauty,67,367.38
U235,P095,click,2026-04-07 04:15:00,tablet,electronics,470,499.42
U013,P048,add_to_cart,2026-04-07 04:17:00,tablet,electronics,425,29.79
U132,P088,click,2026-04-07 04:18:00,mobile,home,569,300.53
U176,P087,add_to_cart,2026-04-07 04:19:00,desktop,clothing,460,108.95
U263,P042,add_to_cart,2026-04-07 04:20:00,desktop,home,582,91.52
U294,P022,add_to_cart,2026-04-07 04:21:00,tablet,beauty,580,245.6
U314,P096,view,2026-04-07 04:21:00,mobile,beauty,98,102.31
U072,P020,click,2026-04-07 04:21:00,mobile,clothing,280,39.25
U343,P037,click,2026-04-07 04:22:00,mobile,home,430,57.51
U449,P070,add_to_cart,2026-04-07 04:26:00,desktop,clothing,492,133.92
U399,P028,add_to_cart,2026-04-07 04:26:00,desktop,electronics,538,270.22
U360,P009,add_to_cart,2026-04-07 04:26:00,desktop,home,452,75.44
U101,P048,click,2026-04-07 04:30:00,tablet,home,428,126.14
U301,P098,add_to_cart,2026-04-07 04:35:00,mobile,electronics,583,10.37
U468,P038,view,2026-04-07 04:35:00,desktop,beauty,35,385.13
U064,P095,click,2026-04-07 04:35:00,tablet,beauty,535,401.31
U470,P018,view,2026-04-07 04:37:00,tablet,home,285,11.19
U202,P074,click,2026-04-07 04:37:00,mobile,electronics,399,343.93
U398,P018,add_to_cart,2026-04-07 04:38:00,mobile,electronics,582,286.7
U309,P004,view,2026-04-07 04:38:00,tablet,beauty,280,216.81
U266,P023,add_to_cart,2026-04-07 04:39:00,desktop,electronics,541,231.66
U393,P065,view,2026-04-07 04:40:00,mobile,electronics,140,97.38
U195,P100,view,2026-04-07 04:42:00,tablet,electronics,200,343.47
U313,P077,click,2026-04-07 04:46:00,tablet,beauty,557,109.78
U401,P092,view,2026-04-07 04:46:00,tablet,home,80,231.96
U327,P058,view,2026-04-07 04:46:00,mobile,beauty,73,370.46
U260,P013,click,2026-04-07 04:46:00,desktop,beauty,184,118.45
U275,P050,view,2026-04-07 04:50:00,mobile,clothing,129,102.49
U191,P065,view,2026-04-07 04:51:00,mobile,clothing,181,457.16
U002,P034,view,2026-04-07 04:51:00,mobile,electronics,39,466.18
U315,P066,click,2026-04-07 04:51:00,desktop,home,167,230.5
U383,P023,add_to_cart,2026-04-07 04:51:00,desktop,home,584,131.78
U086,P085,click,2026-04-07 04:52:00,desktop,clothing,322,129.56
U085,P065,add_to_cart,2026-04-07 04:54:00,mobile,beauty,531,70.19
U378,P099,click,2026-04-07 04:54:00,mobile,electronics,286,327.59
U131,P031,click,2026-04-07 04:54:00,tablet,clothing,380,64.15
U353,P027,click,2026-04-07 04:55:00,tablet,beauty,481,449.93
U102,P076,view,2026-04-07 04:55:00,mobile,clothing,105,180.37
U339,P031,view,2026-04-07 04:55:00,desktop,electronics,49,221.09
U215,P085,view,2026-04-07 04:56:00,tablet,beauty,117,20.38
U139,P080,click,2026-04-07 04:56:00,desktop,electronics,195,214.68
U143,P093,view,2026-04-07 04:57:00,tablet,clothing,416,270.05
U220,P020,click,2026-04-07 04:57:00,tablet,home,577,363.88
U266,P027,add_to_cart,2026-04-07 04:57:00,desktop,electronics,465,156.26
U500,P030,add_to_cart,2026-04-07 04:57:00,desktop,electronics,598,376.95
U139,P044,view,2026-04-07 04:58:00,tablet,clothing,40,344.42
U246,P003,view,2026-04-07 04:59:00,desktop,beauty,92,218.2
U012,P036,view,2026-04-07 04:59:00,mobile,beauty,447,493.41
U034,P051,click,2026-04-07 04:59:00,mobile,clothing,346,137.02
U174,P086,add_to_cart,2026-04-07 04:59:00,desktop,clothing,444,235.66
U247,P029,view,2026-04-07 05:00:00,desktop,beauty,134,496.73
U021,P071,add_to_cart,2026-04-07 05:04:00,desktop,electronics,568,75.38
U367,P039,view,2026-04-07 05:04:00,desktop,beauty,190,376.49
U058,P048,view,2026-04-07 05:05:00,mobile,beauty,154,484.04
U408,P038,view,2026-04-07 05:07:00,tablet,clothing,43,273.09
U326,P096,click,2026-04-07 05:07:00,mobile,electronics,273,148.53
U064,P006,click,2026-04-07 05:09:00,desktop,home,262,362.26
U070,P070,click,2026-04-07 05:09:00,tablet,electronics,383,489.84
U494,P027,view,2026-04-07 05:10:00,mobile,beauty,64,14.3
U471,P009,view,2026-04-07 05:12:00,mobile,clothing,114,154.47
U487,P027,view,2026-04-07 05:13:00,desktop,beauty,70,405.8
U460,P012,click,2026-04-07 05:13:00,tablet,home,468,269.04
U006,P085,view,2026-04-07 05:14:00,mobile,clothing,94,267.32
U316,P100,view,2026-04-07 05:15:00,mobile,home,253,417.15
U170,P077,click,2026-04-07 05:15:00,tablet,home,362,287.36
U158,P063,view,2026-04-07 05:16:00,mobile,clothing,235,495.78
U466,P092,add_to_cart,2026-04-07 05:17:00,mobile,electronics,587,107.11
U345,P003,view,2026-04-07 05:18:00,desktop,clothing,186,449.56
U106,P080,click,2026-04-07 05:18:00,mobile,beauty,353,130.91
U042,P092,click,2026-04-07 05:20:00,tablet,clothing,399,298.23
U450,P081,view,2026-04-07 05:21:00,mobile,clothing,101,187.96
U361,P088,click,2026-04-07 05:21:00,mobile,electronics,216,219.53
U170,P032,click,2026-04-07 05:23:00,desktop,home,137,121.83
U469,P038,click,2026-04-07 05:23:00,desktop,home,400,321.41
U054,P009,view,2026-04-07 05:23:00,mobile,electronics,403,351.86
U296,P070,click,2026-04-07 05:26:00,desktop,home,89,219.18
U154,P008,click,2026-04-07 05:26:00,desktop,electronics,126,117.36
U375,P032,add_to_cart,2026-04-07 05:27:00,mobile,home,476,58.74
U380,P050,view,2026-04-07 05:27:00,mobile,clothing,361,467.96
U096,P085,view,2026-04-07 05:27:00,mobile,electronics,239,269.26
U264,P087,click,2026-04-07 05:30:00,tablet,beauty,413,106.6
U471,P093,view,2026-04-07 05:30:00,mobile,beauty,323,417.91
U284,P072,view,2026-04-07 05:31:00,mobile,clothing,327,478.26
U047,P048,click,2026-04-07 05:32:00,desktop,electronics,18,35.74
U454,P067,click,2026-04-07 05:32:00,desktop,home,55,25.61
U168,P011,view,2026-04-07 05:36:00,desktop,clothing,195,363.84
U011,P032,click,2026-04-07 05:36:00,mobile,electronics,518,309.9
U492,P062,view,2026-04-07 05:36:00,tablet,clothing,288,293.78
U486,P038,view,2026-04-07 05:38:00,tablet,home,194,236.64
U124,P014,view,2026-04-07 05:38:00,mobile,beauty,224,395.72
U076,P070,click,2026-04-07 05:39:00,mobile,beauty,184,57.95
U078,P079,add_to_cart,2026-04-07 05:39:00,desktop,electronics,408,35.75
U263,P057,click,2026-04-07 05:39:00,mobile,home,428,95.32
U101,P019,view,2026-04-07 05:39:00,tablet,home,287,495.4
U400,P027,click,2026-04-07 05:41:00,desktop,clothing,313,174.95
U366,P007,view,2026-04-07 05:43:00,desktop,home,97,285.37
U438,P072,view,2026-04-07 05:43:00,mobile,beauty,365,477.39
U037,P031,add_to_cart,2026-04-07 05:44:00,desktop,electronics,259,58.82
U355,P019,view,2026-04-07 05:44:00,tablet,beauty,24,476.92
U281,P031,add_to_cart,2026-04-07 05:46:00,desktop,electronics,230,92.4
U138,P008,click,2026-04-07 05:46:00,mobile,clothing,438,50.57
U205,P095,view,2026-04-07 05:47:00,tablet,beauty,51,367.13
U191,P077,click,2026-04-07 05:47:00,desktop,clothing,441,490.26
U167,P019,click,2026-04-07 05:47:00,tablet,beauty,388,53.47
U412,P010,view,2026-04-07 05:48:00,mobile,clothing,285,497.2
U160,P018,view,2026-04-07 05:49:00,tablet,electronics,130,226.26
U346,P059,view,2026-04-07 05:50:00,mobile,beauty,60,173.8
U108,P094,view,2026-04-07 05:50:00,tablet,beauty,58,352.06
U368,P024,click,2026-04-07 05:50:00,desktop,clothing,258,440.0
U236,P062,click,2026-04-07 05:50:00,desktop,beauty,369,146.55
U265,P013,view,2026-04-07 05:51:00,tablet,clothing,458,393.71
U484,P054,view,2026-04-07 05:52:00,mobile,clothing,568,433.04
U124,P046,view,2026-04-07 05:54:00,mobile,electronics,392,454.63
U483,P036,add_to_cart,2026-04-07 05:54:00,desktop,electronics,354,213.9
U163,P006,view,2026-04-07 05:54:00,mobile,home,313,434.73
U350,P048,view,2026-04-07 05:55:00,tablet,home,209,264.46
U212,P085,view,2026-04-07 05:56:00,desktop,clothing,53,213.45
U138,P013,view,2026-04-07 05:56:00,tablet,electronics,382,401.95
U039,P012,add_to_cart,2026-04-07 05:58:00,desktop,clothing,497,82.75
U295,P091,view,2026-04-07 05:58:00,desktop,clothing,124,262.82
U454,P025,click,2026-04-07 05:59:00,desktop,beauty,350,195.88
U362,P077,view,2026-04-07 06:00:00,tablet,beauty,188,194.93
U088,P009,view,2026-04-07 06:00:00,desktop,home,66,170.41
U181,P033,click,2026-04-07 06:01:00,mobile,clothing,362,115.79
U300,P073,click,2026-04-07 06:02:00,tablet,clothing,223,162.6
U134,P029,add_to_cart,2026-04-07 06:05:00,mobile,electronics,490,30.4
U009,P035,add_to_cart,2026-04-07 06:06:00,desktop,home,371,134.45
U130,P062,view,2026-04-07 06:06:00,tablet,clothing,484,422.24
U447,P011,view,2026-04-07 06:07:00,tablet,electronics,101,497.04
U351,P030,click,2026-04-07 06:07:00,mobile,beauty,516,288.09
U222,P081,click,2026-04-07 06:09:00,desktop,home,529,383.65
U270,P032,click,2026-04-07 06:10:00,desktop,home,323,486.65
U364,P031,view,2026-04-07 06:10:00,desktop,clothing,41,136.69
U320,P019,view,2026-04-07 06:10:00,desktop,electronics,49,412.06
U149,P043,add_to_cart,2026-04-07 06:10:00,mobile,home,590,154.74
U157,P022,view,2026-04-07 06:11:00,desktop,electronics,86,331.77
U150,P025,view,2026-04-07 06:12:00,tablet,beauty,72,65.39
U314,P059,add_to_cart,2026-04-07 06:12:00,desktop,electronics,342,12.15
U452,P055,click,2026-04-07 06:13:00,tablet,electronics,459,237.14
U376,P068,click,2026-04-07 06:13:00,desktop,clothing,385,257.76
U192,P082,click,2026-04-07 06:14:00,mobile,electronics,104,61.2
U282,P087,view,2026-04-07 06:14:00,tablet,beauty,16,390.08
U275,P095,click,2026-04-07 06:15:00,desktop,clothing,465,224.02
U162,P050,click,2026-04-07 06:15:00,mobile,beauty,563,152.53
U023,P075,view,2026-04-07 06:17:00,mobile,electronics,179,387.12
U440,P078,view,2026-04-07 06:17:00,mobile,beauty,428,355.11
U355,P089,view,2026-04-07 06:20:00,mobile,beauty,326,396.06
U410,P091,click,2026-04-07 06:21:00,mobile,beauty,514,289.79
U390,P062,view,2026-04-07 06:21:00,mobile,beauty,164,322.61
U291,P089,view,2026-04-07 06:21:00,tablet,clothing,326,401.43
U082,P090,view,2026-04-07 06:22:00,tablet,beauty,478,408.41
U093,P046,click,2026-04-07 06:25:00,desktop,electronics,227,325.57
U350,P068,click,2026-04-07 06:25:00,tablet,home,504,282.12
U095,P038,view,2026-04-07 06:25:00,mobile,beauty,508,444.9
U271,P030,view,2026-04-07 06:25:00,desktop,clothing,104,367.49
U390,P026,click,2026-04-07 06:26:00,desktop,clothing,17,18.6
U419,P049,view,2026-04-07 06:26:00,desktop,clothing,183,369.73
U195,P001,add_to_cart,2026-04-07 06:27:00,desktop,clothing,598,101.03
U338,P069,click,2026-04-07 06:28:00,desktop,home,448,330.92
U068,P034,add_to_cart,2026-04-07 06:29:00,desktop,electronics,307,39.98
U245,P055,view,2026-04-07 06:30:00,mobile,home,204,427.28
U221,P060,view,2026-04-07 06:30:00,mobile,clothing,108,410.17
U478,P016,click,2026-04-07 06:32:00,mobile,home,439,124.8
U024,P010,view,2026-04-07 06:32:00,tablet,beauty,396,379.42
U051,P087,add_to_cart,2026-04-07 06:34:00,desktop,electronics,463,351.87
U103,P005,view,2026-04-07 06:35:00,desktop,beauty,117,106.44
U179,P030,click,2026-04-07 06:37:00,tablet,beauty,419,29.6
U318,P087,view,2026-04-07 06:38:00,mobile,electronics,142,205.93
U046,P071,click,2026-04-07 06:38:00,desktop,clothing,140,220.76
U345,P002,click,2026-04-07 06:40:00,mobile,electronics,400,188.89
U466,P079,view,2026-04-07 06:42:00,mobile,beauty,64,345.17
U304,P078,click,2026-04-07 06:43:00,tablet,beauty,197,63.02
U092,P082,view,2026-04-07 06:43:00,mobile,home,268,184.25
U055,P004,click,2026-04-07 06:45:00,tablet,electronics,500,359.67
U499,P026,view,2026-04-07 06:45:00,desktop,electronics,127,423.69
U428,P071,click,2026-04-07 06:46:00,desktop,beauty,314,284.14
U109,P087,click,2026-04-07 06:47:00,desktop,home,332,315.08
U108,P007,click,2026-04-07 06:48:00,tablet,electronics,304,100.95
U458,P028,view,2026-04-07 06:48:00,tablet,home,404,462.64
U439,P028,view,2026-04-07 06:48:00,mobile,clothing,57,128.49
U289,P022,add_to_cart,2026-04-07 06:48:00,desktop,electronics,289,89.91
U007,P083,view,2026-04-07 06:49:00,mobile,clothing,258,344.77
U352,P100,add_to_cart,2026-04-07 06:49:00,tablet,electronics,555,287.75
U256,P007,click,2026-04-07 06:50:00,desktop,home,228,301.24
U365,P089,click,2026-04-07 06:54:00,desktop,home,476,355.33
U096,P046,view,2026-04-07 06:54:00,mobile,beauty,37,341.91
U269,P096,view,2026-04-07 06:54:00,mobile,clothing,239,97.72
U473,P075,add_to_cart,2026-04-07 06:55:00,tablet,electronics,489,81.83
U300,P015,add_to_cart,2026-04-07 06:56:00,desktop,clothing,508,278.56
U057,P052,view,2026-04-07 06:59:00,tablet,home,23,325.29
U335,P001,view,2026-04-07 07:01:00,mobile,home,514,456.35
U230,P097,add_to_cart,2026-04-07 07:01:00,mobile,electronics,537,32.47
U479,P018,click,2026-04-07 07:03:00,desktop,beauty,291,233.49
U338,P043,click,2026-04-07 07:03:00,tablet,clothing,396,165.66
U205,P028,view,2026-04-07 07:03:00,mobile,beauty,44,162.7
U253,P086,view,2026-04-07 07:04:00,tablet,clothing,18,26.64
U306,P034,view,2026-04-07 07:05:00,tablet,beauty,214,340.87
U345,P064,view,2026-04-07 07:05:00,mobile,clothing,548,479.58
U021,P082,add_to_cart,2026-04-07 07:05:00,mobile,electronics,399,36.64
U297,P090,click,2026-04-07 07:05:00,desktop,beauty,126,46.51
U321,P037,click,2026-04-07 07:06:00,tablet,beauty,588,411.77
U271,P093,click,2026-04-07 07:06:00,mobile,home,363,78.25
U013,P096,add_to_cart,2026-04-07 07:08:00,desktop,clothing,466,226.11
U402,P040,view,2026-04-07 07:09:00,mobile,home,408,434.47
U402,P009,view,2026-04-07 07:11:00,tablet,electronics,137,270.62
U169,P036,click,2026-04-07 07:11:00,tablet,clothing,297,110.72
U322,P089,click,2026-04-07 07:13:00,tablet,clothing,564,187.64
U387,P007,view,2026-04-07 07:13:00,mobile,home,325,473.54
U041,P026,view,2026-04-07 07:14:00,tablet,beauty,154,183.87
U166,P059,view,2026-04-07 07:14:00,tablet,beauty,156,335.37
U178,P045,view,2026-04-07 07:14:00,mobile,clothing,102,272.03
U250,P004,view,2026-04-07 07:14:00,desktop,clothing,52,209.42
U134,P008,click,2026-04-07 07:15:00,tablet,clothing,375,206.09
U444,P045,click,2026-04-07 07:15:00,tablet,home,354,247.19
U102,P063,view,2026-04-07 07:16:00,mobile,beauty,135,175.38
U357,P040,click,2026-04-07 07:16:00,tablet,clothing,504,192.59
U408,P058,click,2026-04-07 07:17:00,mobile,clothing,494,147.22
U019,P049,view,2026-04-07 07:17:00,tablet,home,85,142.19
U046,P083,view,2026-04-07 07:18:00,mobile,home,214,234.54
U338,P051,click,2026-04-07 07:18:00,tablet,beauty,481,409.49
U040,P098,add_to_cart,2026-04-07 07:18:00,tablet,electronics,569,174.91
U172,P069,add_to_cart,2026-04-07 07:20:00,tablet,clothing,547,103.68
U456,P016,view,2026-04-07 07:20:00,mobile,home,17,59.68
U191,P096,click,2026-04-07 07:21:00,desktop,clothing,263,306.07
U402,P093,click,2026-04-07 07:21:00,mobile,home,495,196.79
U207,P008,click,2026-04-07 07:22:00,tablet,clothing,575,157.27
U364,P072,click,2026-04-07 07:24:00,mobile,home,197,78.84
U160,P027,click,2026-04-07 07:24:00,mobile,beauty,309,168.35
U149,P006,view,2026-04-07 07:24:00,mobile,home,264,265.97
U231,P073,click,2026-04-07 07:26:00,desktop,beauty,260,195.37
U324,P044,click,2026-04-07 07:29:00,mobile,home,436,300.24
U287,P062,click,2026-04-07 07:29:00,mobile,clothing,371,89.6
U252,P071,click,2026-04-07 07:30:00,desktop,beauty,569,476.35
U128,P054,view,2026-04-07 07:31:00,mobile,home,27,196.16
U456,P078,view,2026-04-07 07:31:00,mobile,clothing,154,481.61
U398,P098,click,2026-04-07 07:31:00,desktop,clothing,175,41.35
U050,P056,click,2026-04-07 07:32:00,tablet,clothing,516,238.38
U471,P063,click,2026-04-07 07:32:00,tablet,home,302,125.53
U005,P075,click,2026-04-07 07:32:00,tablet,electronics,323,42.08
U267,P073,click,2026-04-07 07:33:00,desktop,clothing,107,32.83
U369,P054,view,2026-04-07 07:34:00,mobile,clothing,241,318.75
U331,P081,view,2026-04-07 07:34:00,tablet,beauty,227,270.92
U064,P064,click,2026-04-07 07:36:00,desktop,clothing,200,80.64
U122,P045,click,2026-04-07 07:37:00,desktop,clothing,161,80.13
U490,P006,add_to_cart,2026-04-07 07:39:00,desktop,beauty,568,203.93
U401,P008,click,2026-04-07 07:40:00,mobile,home,375,326.61
U214,P096,click,2026-04-07 07:42:00,tablet,beauty,484,20.6
U375,P001,click,2026-04-07 07:42:00,tablet,home,468,240.35
U119,P027,add_to_cart,2026-04-07 07:42:00,tablet,clothing,588,187.6
U310,P090,click,2026-04-07 07:42:00,tablet,electronics,341,160.55
U033,P011,click,2026-04-07 07:44:00,desktop,electronics,440,433.02
U234,P007,click,2026-04-07 07:45:00,mobile,electronics,462,376.96
U463,P044,click,2026-04-07 07:46:00,desktop,electronics,209,209.24
U471,P034,click,2026-04-07 07:47:00,desktop,clothing,98,60.67
U132,P095,view,2026-04-07 07:48:00,mobile,beauty,10,449.31
U446,P061,add_to_cart,2026-04-07 07:48:00,desktop,electronics,551,300.85
U098,P048,view,2026-04-07 07:51:00,tablet,clothing,189,345.76
U280,P068,view,2026-04-07 07:52:00,tablet,home,370,302.23
U146,P052,view,2026-04-07 07:53:00,tablet,home,68,266.09
U082,P052,view,2026-04-07 07:54:00,desktop,clothing,222,428.83
U449,P099,view,2026-04-07 07:55:00,tablet,clothing,264,375.27
U137,P047,view,2026-04-07 08:00:00,desktop,home,197,326.1
U023,P100,view,2026-04-07 08:03:00,tablet,home,213,496.8
U063,P055,view,2026-04-07 08:04:00,tablet,beauty,468,385.69
U163,P053,view,2026-04-07 08:04:00,tablet,beauty,336,321.63
U274,P070,view,2026-04-07 08:06:00,tablet,electronics,200,296.17
U044,P051,add_to_cart,2026-04-07 08:06:00,desktop,electronics,561,403.28
U366,P082,click,2026-04-07 08:07:00,desktop,clothing,512,487.93
U147,P091,click,2026-04-07 08:07:00,desktop,electronics,198,123.12
U096,P078,click,2026-04-07 08:09:00,desktop,home,524,346.14
U187,P009,view,2026-04-07 08:12:00,tablet,clothing,571,428.15
U207,P076,add_to_cart,2026-04-07 08:14:00,desktop,beauty,473,364.88
U012,P040,click,2026-04-07 08:16:00,mobile,beauty,551,263.66
U181,P029,click,2026-04-07 08:16:00,desktop,electronics,314,441.44
U454,P085,view,2026-04-07 08:18:00,tablet,electronics,274,452.13
U351,P025,add_to_cart,2026-04-07 08:19:00,desktop,electronics,411,107.81
U186,P058,click,2026-04-07 08:19:00,desktop,clothing,392,361.73
U185,P042,add_to_cart,2026-04-07 08:20:00,mobile,electronics,503,73.2
U318,P056,view,2026-04-07 08:20:00,mobile,clothing,180,497.23
U035,P032,add_to_cart,2026-04-07 08:21:00,desktop,home,445,165.94
U347,P041,view,2026-04-07 08:21:00,tablet,clothing,127,115.61
U265,P099,view,2026-04-07 08:24:00,tablet,clothing,392,301.41
U349,P034,add_to_cart,2026-04-07 08:27:00,tablet,electronics,529,272.77
U421,P087,view,2026-04-07 08:27:00,mobile,beauty,316,386.21
U100,P055,view,2026-04-07 08:29:00,tablet,beauty,118,215.98
U275,P018,click,2026-04-07 08:29:00,mobile,clothing,503,67.99
U348,P090,view,2026-04-07 08:29:00,desktop,home,70,107.41
U379,P073,view,2026-04-07 08:29:00,tablet,beauty,227,474.84
U462,P041,add_to_cart,2026-04-07 08:30:00,tablet,electronics,567,269.71
U278,P028,click,2026-04-07 08:30:00,tablet,home,508,17.42
U240,P053,click,2026-04-07 08:30:00,mobile,home,540,49.88
U302,P008,view,2026-04-07 08:31:00,mobile,electronics,38,62.89
U422,P073,view,2026-04-07 08:35:00,mobile,beauty,121,59.5
U069,P075,add_to_cart,2026-04-07 08:36:00,mobile,electronics,473,41.34
U291,P024,click,2026-04-07 08:36:00,desktop,electronics,228,40.29
U092,P006,add_to_cart,2026-04-07 08:37:00,desktop,electronics,506,96.59
U021,P001,view,2026-04-07 08:38:00,mobile,home,134,399.19
U121,P027,view,2026-04-07 08:38:00,desktop,home,191,482.39
U006,P051,click,2026-04-07 08:41:00,tablet,home,393,99.05
U304,P011,view,2026-04-07 08:42:00,mobile,home,257,356.35
U153,P096,click,2026-04-07 08:42:00,mobile,home,298,242.06
U263,P016,view,2026-04-07 08:43:00,mobile,electronics,232,474.66
U206,P051,view,2026-04-07 08:44:00,tablet,home,381,286.79
U226,P057,click,2026-04-07 08:44:00,desktop,home,257,238.25
U366,P093,view,2026-04-07 08:45:00,mobile,clothing,290,312.47
U137,P079,view,2026-04-07 08:47:00,tablet,electronics,206,430.92
U048,P049,click,2026-04-07 08:49:00,desktop,home,292,86.92
U464,P039,click,2026-04-07 08:50:00,mobile,home,417,146.57
U015,P045,view,2026-04-07 08:51:00,tablet,beauty,70,83.49
U101,P059,click,2026-04-07 08:52:00,desktop,home,171,176.82
U383,P016,click,2026-04-07 08:53:00,mobile,clothing,590,282.18
U136,P032,view,2026-04-07 08:53:00,mobile,home,69,12.63
U388,P021,view,2026-04-07 08:54:00,desktop,clothing,35,479.23
U350,P064,click,2026-04-07 08:55:00,tablet,beauty,309,101.04
U137,P071,click,2026-04-07 08:55:00,tablet,electronics,472,425.83
U158,P029,view,2026-04-07 08:57:00,mobile,home,330,466.83
U365,P071,view,2026-04-07 09:01:00,desktop,clothing,142,380.95
U366,P018,view,2026-04-07 09:02:00,tablet,home,102,454.72
U277,P072,view,2026-04-07 09:04:00,mobile,beauty,460,369.02
U473,P046,click,2026-04-07 09:04:00,mobile,beauty,247,187.12
U381,P011,click,2026-04-07 09:05:00,desktop,home,494,453.21
U102,P098,view,2026-04-07 09:06:00,mobile,beauty,53,327.16
U079,P005,view,2026-04-07 09:07:00,mobile,beauty,52,310.32
U317,P014,click,2026-04-07 09:08:00,tablet,beauty,309,146.28
U091,P023,view,2026-04-07 09:09:00,tablet,electronics,457,450.23
U312,P097,view,2026-04-07 09:09:00,tablet,clothing,196,210.38
U354,P086,click,2026-04-07 09:09:00,desktop,clothing,330,94.81
U191,P024,click,2026-04-07 09:12:00,tablet,clothing,488,192.64
U255,P053,click,2026-04-07 09:12:00,mobile,home,418,174.08
U033,P007,view,2026-04-07 09:14:00,mobile,clothing,164,490.93
U493,P016,add_to_cart,2026-04-07 09:16:00,desktop,beauty,503,236.73
U493,P002,view,2026-04-07 09:16:00,desktop,clothing,170,383.1
U472,P078,add_to_cart,2026-04-07 09:17:00,desktop,electronics,486,266.93
U316,P049,add_to_cart,2026-04-07 09:19:00,desktop,beauty,534,283.63
U107,P081,click,2026-04-07 09:19:00,mobile,beauty,451,454.87
U474,P002,view,2026-04-07 09:19:00,tablet,clothing,176,13.51
U245,P001,view,2026-04-07 09:20:00,mobile,clothing,362,485.34
U251,P059,add_to_cart,2026-04-07 09:24:00,desktop,clothing,538,81.04
U115,P019,click,2026-04-07 09:24:00,desktop,electronics,335,149.38
U139,P048,view,2026-04-07 09:25:00,desktop,electronics,29,442.07
U200,P066,add_to_cart,2026-04-07 09:25:00,desktop,electronics,349,121.05
U494,P004,click,2026-04-07 09:25:00,tablet,beauty,523,113.96
U336,P033,click,2026-04-07 09:26:00,tablet,electronics,409,405.66
U388,P041,view,2026-04-07 09:26:00,desktop,electronics,62,122.59
U480,P082,add_to_cart,2026-04-07 09:27:00,desktop,beauty,352,144.93
U369,P021,add_to_cart,2026-04-07 09:27:00,desktop,home,527,185.99
U390,P026,view,2026-04-07 09:28:00,mobile,home,265,451.61
U149,P018,view,2026-04-07 09:28:00,tablet,electronics,55,128.81
U494,P010,click,2026-04-07 09:30:00,mobile,electronics,349,190.92
U090,P016,add_to_cart,2026-04-07 09:30:00,mobile,beauty,547,89.08
U294,P063,view,2026-04-07 09:31:00,mobile,clothing,151,32.67
U218,P047,add_to_cart,2026-04-07 09:32:00,desktop,electronics,544,185.28
U264,P076,view,2026-04-07 09:35:00,tablet,beauty,283,348.35
U013,P060,view,2026-04-07 09:36:00,tablet,electronics,69,449.21
U398,P071,click,2026-04-07 09:37:00,desktop,beauty,144,127.52
U260,P086,view,2026-04-07 09:38:00,desktop,clothing,216,330.2
U410,P022,click,2026-04-07 09:38:00,tablet,home,290,110.05
U407,P094,view,2026-04-07 09:39:00,tablet,home,15,371.43
U279,P093,view,2026-04-07 09:40:00,mobile,clothing,143,416.51
U282,P014,add_to_cart,2026-04-07 09:41:00,desktop,clothing,528,180.26
U458,P097,view,2026-04-07 09:42:00,tablet,beauty,180,209.96
U374,P047,view,2026-04-07 09:42:00,tablet,clothing,24,122.68
U484,P059,view,2026-04-07 09:43:00,mobile,clothing,291,394.28
U154,P015,click,2026-04-07 09:45:00,tablet,electronics,497,168.0
U333,P077,click,2026-04-07 09:45:00,tablet,beauty,464,317.0
U489,P061,click,2026-04-07 09:48:00,tablet,electronics,202,52.59
U156,P083,view,2026-04-07 09:49:00,desktop,beauty,35,190.4
U342,P071,view,2026-04-07 09:52:00,tablet,beauty,389,222.96
U270,P044,click,2026-04-07 09:52:00,desktop,electronics,304,241.91
U316,P004,click,2026-04-07 09:53:00,tablet,clothing,506,25.87
U279,P044,view,2026-04-07 09:54:00,tablet,clothing,88,498.68
U275,P076,view,2026-04-07 09:56:00,mobile,home,190,110.6
U484,P003,click,2026-04-07 09:57:00,mobile,electronics,468,215.82
U275,P031,view,2026-04-07 09:58:00,tablet,home,176,399.38
U280,P033,click,2026-04-07 09:58:00,desktop,electronics,42,271.74
U470,P093,click,2026-04-07 09:59:00,tablet,electronics,448,435.28
U333,P096,view,2026-04-07 10:02:00,desktop,beauty,109,458.92
U412,P072,view,2026-04-07 10:03:00,desktop,beauty,247,415.22
U008,P021,view,2026-04-07 10:05:00,mobile,home,351,406.18
U073,P081,click,2026-04-07 10:07:00,desktop,home,182,321.26
U209,P038,click,2026-04-07 10:08:00,mobile,home,523,488.1
U437,P071,add_to_cart,2026-04-07 10:09:00,desktop,home,487,73.89
U279,P050,view,2026-04-07 10:10:00,tablet,home,234,440.97
U243,P086,view,2026-04-07 10:12:00,mobile,home,339,481.55
U210,P094,click,2026-04-07 10:12:00,desktop,clothing,340,80.08
U440,P002,add_to_cart,2026-04-07 10:12:00,desktop,home,578,456.15
U170,P086,view,2026-04-07 10:12:00,tablet,home,202,160.39
U224,P019,click,2026-04-07 10:12:00,mobile,home,516,27.43
U408,P039,add_to_cart,2026-04-07 10:13:00,tablet,electronics,540,173.74
U500,P036,add_to_cart,2026-04-07 10:14:00,desktop,clothing,406,80.06
U123,P068,add_to_cart,2026-04-07 10:16:00,desktop,home,558,391.37
U194,P071,click,2026-04-07 10:16:00,desktop,home,560,308.2
U064,P085,click,2026-04-07 10:17:00,desktop,beauty,468,234.78
U193,P022,view,2026-04-07 10:18:00,tablet,home,346,236.48
U434,P093,view,2026-04-07 10:18:00,desktop,home,290,373.14
U170,P003,add_to_cart,2026-04-07 10:19:00,desktop,electronics,529,64.31
U470,P004,view,2026-04-07 10:20:00,desktop,clothing,124,319.56
U393,P015,click,2026-04-07 10:20:00,desktop,clothing,347,202.24
U370,P044,view,2026-04-07 10:20:00,tablet,beauty,448,430.15
U286,P011,click,2026-04-07 10:20:00,desktop,clothing,184,346.02
U429,P090,view,2026-04-07 10:21:00,mobile,clothing,309,178.1
U244,P007,view,2026-04-07 10:23:00,mobile,clothing,42,236.69
U127,P050,add_to_cart,2026-04-07 10:23:00,tablet,home,523,139.34
U172,P087,view,2026-04-07 10:24:00,mobile,home,341,307.56
U090,P083,click,2026-04-07 10:25:00,tablet,electronics,515,317.27
U369,P031,view,2026-04-07 10:26:00,tablet,home,466,471.05
U205,P065,add_to_cart,2026-04-07 10:29:00,desktop,home,597,86.55
U064,P063,add_to_cart,2026-04-07 10:30:00,tablet,beauty,503,145.3
U430,P015,click,2026-04-07 10:35:00,tablet,electronics,441,213.37
U271,P079,view,2026-04-07 10:35:00,tablet,beauty,153,158.57
U146,P075,click,2026-04-07 10:36:00,tablet,beauty,453,242.18
U388,P004,add_to_cart,2026-04-07 10:37:00,tablet,clothing,592,173.62
U329,P060,view,2026-04-07 10:38:00,mobile,beauty,80,225.59
U445,P004,click,2026-04-07 10:38:00,mobile,clothing,394,23.34
U154,P016,view,2026-04-07 10:38:00,mobile,home,517,488.06
U324,P051,view,2026-04-07 10:38:00,tablet,clothing,134,88.77
U156,P057,click,2026-04-07 10:39:00,desktop,home,474,188.86
U400,P026,view,2026-04-07 10:40:00,tablet,home,103,196.86
U012,P007,view,2026-04-07 10:40:00,tablet,electronics,204,206.6
U242,P070,click,2026-04-07 10:41:00,tablet,electronics,365,229.0
U304,P053,click,2026-04-07 10:41:00,mobile,electronics,141,42.01
U127,P026,click,2026-04-07 10:41:00,mobile,home,356,66.44
U478,P015,add_to_cart,2026-04-07 10:42:00,tablet,electronics,368,130.39
U241,P075,view,2026-04-07 10:43:00,tablet,home,393,255.23
U024,P100,view,2026-04-07 10:43:00,desktop,beauty,123,297.22
U328,P059,click,2026-04-07 10:43:00,desktop,home,145,95.65
U317,P003,click,2026-04-07 10:44:00,desktop,beauty,227,122.4
U389,P041,click,2026-04-07 10:45:00,tablet,electronics,508,430.67
U125,P098,click,2026-04-07 10:46:00,tablet,home,316,74.34
U146,P008,add_to_cart,2026-04-07 10:50:00,tablet,electronics,484,233.68
U365,P100,click,2026-04-07 10:51:00,tablet,clothing,549,248.13
U183,P058,click,2026-04-07 10:53:00,desktop,clothing,161,44.15
U181,P025,click,2026-04-07 10:53:00,desktop,home,214,337.95
U023,P057,add_to_cart,2026-04-07 10:54:00,mobile,clothing,586,200.73
U446,P077,view,2026-04-07 10:55:00,desktop,beauty,54,406.48
U149,P023,click,2026-04-07 10:57:00,tablet,beauty,237,27.98
U421,P043,click,2026-04-07 10:57:00,desktop,clothing,249,140.27
U004,P065,add_to_cart,2026-04-07 10:59:00,desktop,electronics,332,120.0
U154,P043,view,2026-04-07 10:59:00,tablet,beauty,232,208.46
U333,P089,add_to_cart,2026-04-07 11:04:00,tablet,clothing,572,38.39
U019,P020,click,2026-04-07 11:04:00,mobile,home,413,127.26
U232,P049,view,2026-04-07 11:05:00,tablet,home,285,298.35
U134,P081,click,2026-04-07 11:05:00,mobile,electronics,328,158.75
U246,P068,view,2026-04-07 11:10:00,tablet,electronics,83,392.37
U253,P023,view,2026-04-07 11:13:00,mobile,home,46,486.11
U142,P068,click,2026-04-07 11:15:00,mobile,beauty,448,83.11
U180,P056,click,2026-04-07 11:16:00,tablet,home,470,232.47
U110,P075,click,2026-04-07 11:16:00,tablet,beauty,549,113.43
U268,P077,add_to_cart,2026-04-07 11:19:00,desktop,clothing,541,168.78
U182,P086,view,2026-04-07 11:21:00,mobile,electronics,192,481.75
U322,P005,view,2026-04-07 11:22:00,mobile,clothing,30,430.1
U342,P097,click,2026-04-07 11:24:00,desktop,home,252,18.04
U465,P009,view,2026-04-07 11:24:00,tablet,clothing,313,360.5
U251,P070,view,2026-04-07 11:24:00,desktop,clothing,115,319.92
U434,P016,click,2026-04-07 11:25:00,desktop,home,435,78.24
U311,P070,click,2026-04-07 11:26:00,desktop,clothing,330,133.35
U483,P097,view,2026-04-07 11:28:00,tablet,home,25,367.87
U298,P006,click,2026-04-07 11:31:00,tablet,home,525,337.48
U496,P069,click,2026-04-07 11:33:00,desktop,home,404,245.78
U352,P008,add_to_cart,2026-04-07 11:34:00,tablet,electronics,554,49.58
U345,P003,add_to_cart,2026-04-07 11:35:00,mobile,electronics,518,330.66
U044,P002,click,2026-04-07 11:35:00,desktop,home,317,314.43
U011,P056,add_to_cart,2026-04-07 11:37:00,mobile,electronics,560,398.88
U455,P098,click,2026-04-07 11:40:00,desktop,electronics,61,229.82
U388,P094,view,2026-04-07 11:40:00,mobile,clothing,158,34.96
U380,P085,view,2026-04-07 11:41:00,tablet,clothing,147,127.89
U140,P081,view,2026-04-07 11:41:00,tablet,clothing,147,211.83
U072,P095,view,2026-04-07 11:41:00,mobile,clothing,308,313.52
U022,P014,click,2026-04-07 11:41:00,desktop,home,478,350.05
U314,P060,click,2026-04-07 11:42:00,tablet,beauty,572,21.91
U025,P097,view,2026-04-07 11:44:00,mobile,electronics,64,99.59
U373,P080,view,2026-04-07 11:45:00,tablet,electronics,104,204.37
U301,P099,add_to_cart,2026-04-07 11:46:00,desktop,clothing,567,76.81
U064,P043,add_to_cart,2026-04-07 11:48:00,desktop,electronics,433,130.54
U313,P077,click,2026-04-07 11:49:00,desktop,home,395,159.89
U021,P093,click,2026-04-07 11:49:00,desktop,beauty,494,452.03
U468,P051,add_to_cart,2026-04-07 11:49:00,desktop,electronics,424,90.01
U146,P046,click,2026-04-07 11:50:00,tablet,beauty,591,483.08
U071,P075,view,2026-04-07 11:52:00,mobile,clothing,315,263.17
U411,P009,click,2026-04-07 11:53:00,desktop,electronics,397,140.16
U024,P063,click,2026-04-07 11:55:00,tablet,electronics,471,269.61
U409,P059,view,2026-04-07 11:55:00,mobile,beauty,353,219.74
U400,P024,view,2026-04-07 11:58:00,mobile,home,58,305.45
U062,P014,click,2026-04-07 11:59:00,tablet,electronics,492,389.4
U240,P098,view,2026-04-07 12:00:00,tablet,clothing,469,326.71
U475,P009,click,2026-04-07 12:01:00,mobile,home,545,289.61
U130,P007,click,2026-04-07 12:03:00,desktop,beauty,349,475.18
U193,P023,view,2026-04-07 12:04:00,mobile,beauty,260,327.02
U258,P038,view,2026-04-07 12:04:00,tablet,home,141,264.99
U295,P045,view,2026-04-07 12:05:00,tablet,beauty,35,383.6
U124,P095,view,2026-04-07 12:05:00,tablet,home,303,470.87
U370,P003,click,2026-04-07 12:06:00,desktop,home,151,159.83
U285,P039,click,2026-04-07 12:06:00,tablet,clothing,435,10.99
U439,P034,view,2026-04-07 12:07:00,tablet,home,168,23.36
U017,P063,add_to_cart,2026-04-07 12:07:00,desktop,beauty,521,404.74
U039,P007,view,2026-04-07 12:07:00,mobile,beauty,318,485.63
U077,P026,view,2026-04-07 12:08:00,tablet,home,196,416.48
U316,P073,view,2026-04-07 12:08:00,mobile,clothing,425,415.73
U044,P045,view,2026-04-07 12:08:00,mobile,home,135,499.04
U385,P071,view,2026-04-07 12:10:00,mobile,clothing,10,35.52
U110,P092,view,2026-04-07 12:11:00,desktop,clothing,53,270.28
U372,P021,view,2026-04-07 12:11:00,tablet,beauty,111,262.31
U209,P049,click,2026-04-07 12:11:00,mobile,electronics,480,461.54
U462,P015,view,2026-04-07 12:12:00,tablet,electronics,325,495.96
U003,P059,click,2026-04-07 12:17:00,mobile,home,450,125.18
U191,P033,view,2026-04-07 12:17:00,mobile,clothing,227,195.49
U428,P093,click,2026-04-07 12:18:00,tablet,electronics,204,64.75
U144,P020,view,2026-04-07 12:21:00,mobile,clothing,96,170.15
U440,P021,view,2026-04-07 12:21:00,desktop,beauty,101,90.74
U497,P077,click,2026-04-07 12:22:00,mobile,clothing,482,296.6
U434,P037,view,2026-04-07 12:23:00,mobile,electronics,118,283.82
U180,P009,click,2026-04-07 12:23:00,tablet,clothing,528,341.84
U313,P058,view,2026-04-07 12:29:00,tablet,clothing,34,362.32
U267,P064,view,2026-04-07 12:29:00,tablet,beauty,134,474.94
U114,P043,view,2026-04-07 12:29:00,tablet,clothing,165,360.42
U493,P015,view,2026-04-07 12:30:00,tablet,beauty,321,385.06
U408,P060,view,2026-04-07 12:32:00,mobile,home,103,210.15
U496,P005,view,2026-04-07 12:32:00,tablet,home,293,157.71
U365,P039,add_to_cart,2026-04-07 12:33:00,desktop,home,447,147.9
U401,P057,add_to_cart,2026-04-07 12:33:00,desktop,home,381,40.29
U212,P013,view,2026-04-07 12:34:00,tablet,beauty,250,293.06
U173,P076,view,2026-04-07 12:35:00,tablet,clothing,25,185.39
U021,P010,view,2026-04-07 12:36:00,desktop,beauty,204,491.28
U023,P007,view,2026-04-07 12:36:00,mobile,home,12,112.03
U108,P043,click,2026-04-07 12:36:00,mobile,beauty,476,263.73
U050,P098,click,2026-04-07 12:37:00,mobile,beauty,450,171.96
U428,P061,click,2026-04-07 12:38:00,desktop,beauty,571,479.55
U052,P061,view,2026-04-07 12:38:00,tablet,beauty,127,38.63
U301,P057,view,2026-04-07 12:39:00,mobile,home,75,115.18
U231,P053,click,2026-04-07 12:40:00,desktop,home,348,201.04
U022,P037,click,2026-04-07 12:42:00,desktop,electronics,134,283.01
U073,P003,view,2026-04-07 12:43:00,tablet,home,95,123.84
U249,P040,view,2026-04-07 12:44:00,tablet,home,244,496.48
U432,P016,add_to_cart,2026-04-07 12:44:00,tablet,electronics,365,13.47
U002,P026,view,2026-04-07 12:44:00,mobile,beauty,412,315.49
U213,P084,click,2026-04-07 12:45:00,mobile,clothing,539,373.54
U405,P052,view,2026-04-07 12:46:00,tablet,clothing,335,345.14
U283,P043,add_to_cart,2026-04-07 12:47:00,mobile,electronics,534,258.69
U444,P049,add_to_cart,2026-04-07 12:47:00,tablet,electronics,560,163.26
U149,P018,click,2026-04-07 12:48:00,mobile,beauty,598,224.91
U300,P067,click,2026-04-07 12:50:00,tablet,clothing,383,289.38
U483,P062,click,2026-04-07 12:50:00,tablet,home,544,287.58
U332,P068,click,2026-04-07 12:50:00,mobile,home,208,94.68
U222,P038,view,2026-04-07 12:50:00,mobile,home,220,297.3
U208,P068,view,2026-04-07 12:51:00,mobile,home,158,325.47
U010,P067,view,2026-04-07 12:51:00,desktop,home,25,406.0
U354,P092,view,2026-04-07 12:51:00,tablet,home,225,289.35
U193,P041,click,2026-04-07 12:52:00,desktop,beauty,420,385.24
U416,P061,click,2026-04-07 12:53:00,mobile,electronics,476,99.04
U173,P011,view,2026-04-07 12:53:00,mobile,home,301,419.69
U475,P094,click,2026-04-07 12:54:00,desktop,beauty,430,462.73
U393,P082,view,2026-04-07 12:55:00,desktop,beauty,188,467.43
U057,P086,view,2026-04-07 12:55:00,desktop,electronics,68,453.9
U165,P100,view,2026-04-07 12:56:00,desktop,home,95,498.86
U130,P092,click,2026-04-07 12:58:00,mobile,electronics,337,403.09
U495,P021,click,2026-04-07 12:59:00,desktop,home,594,392.57
U012,P058,view,2026-04-07 13:00:00,mobile,beauty,50,140.27
U413,P078,view,2026-04-07 13:00:00,mobile,home,200,273.13
U392,P064,view,2026-04-07 13:01:00,mobile,home,61,205.18
U475,P021,view,2026-04-07 13:02:00,tablet,electronics,139,152.89
U077,P052,click,2026-04-07 13:03:00,mobile,electronics,598,498.78
U421,P088,click,2026-04-07 13:04:00,tablet,home,263,143.2
U341,P063,add_to_cart,2026-04-07 13:04:00,desktop,clothing,537,82.33
U227,P059,view,2026-04-07 13:05:00,desktop,clothing,250,351.93
U259,P053,add_to_cart,2026-04-07 13:05:00,desktop,electronics,454,67.05
U212,P062,click,2026-04-07 13:05:00,tablet,clothing,432,370.85
U323,P041,click,2026-04-07 13:06:00,tablet,clothing,541,436.43
U100,P070,view,2026-04-07 13:07:00,mobile,beauty,30,159.0
U366,P072,click,2026-04-07 13:08:00,desktop,home,454,254.89
U118,P023,click,2026-04-07 13:09:00,desktop,home,326,87.75
U177,P035,click,2026-04-07 13:09:00,tablet,beauty,448,274.01
U465,P016,click,2026-04-07 13:10:00,desktop,electronics,296,269.02
U401,P060,view,2026-04-07 13:10:00,tablet,electronics,154,463.15
U249,P071,view,2026-04-07 13:10:00,tablet,clothing,242,273.04
U239,P074,click,2026-04-07 13:10:00,desktop,electronics,414,414.18
U326,P006,view,2026-04-07 13:11:00,tablet,home,202,327.43
U374,P098,click,2026-04-07 13:11:00,desktop,home,362,478.46
U270,P002,click,2026-04-07 13:11:00,mobile,electronics,567,241.99
U233,P002,click,2026-04-07 13:11:00,mobile,home,546,450.53
U465,P002,add_to_cart,2026-04-07 13:13:00,mobile,electronics,451,58.39
U244,P012,view,2026-04-07 13:15:00,mobile,home,112,208.41
U118,P031,add_to_cart,2026-04-07 13:19:00,desktop,electronics,500,367.73
U074,P041,add_to_cart,2026-04-07 13:20:00,tablet,home,571,102.59
U292,P010,view,2026-04-07 13:20:00,desktop,beauty,101,336.93
U387,P077,click,2026-04-07 13:20:00,mobile,clothing,318,24.35
U106,P012,view,2026-04-07 13:20:00,desktop,electronics,11,156.2
U321,P050,view,2026-04-07 13:21:00,mobile,beauty,209,240.64
U195,P001,click,2026-04-07 13:22:00,mobile,home,379,89.42
U455,P057,click,2026-04-07 13:24:00,tablet,clothing,586,63.04
U307,P024,click,2026-04-07 13:26:00,desktop,beauty,507,242.82
U188,P096,view,2026-04-07 13:26:00,mobile,beauty,136,451.59
U353,P051,view,2026-04-07 13:26:00,mobile,home,297,345.03
U036,P053,view,2026-04-07 13:28:00,tablet,beauty,479,303.63
U245,P088,view,2026-04-07 13:29:00,tablet,beauty,156,235.64
U233,P094,click,2026-04-07 13:30:00,desktop,home,307,388.24
U116,P082,view,2026-04-07 13:31:00,mobile,beauty,101,152.31
U037,P078,view,2026-04-07 13:34:00,mobile,beauty,94,378.67
U018,P047,click,2026-04-07 13:36:00,desktop,clothing,568,496.18
U257,P028,click,2026-04-07 13:37:00,mobile,clothing,547,427.06
U179,P088,view,2026-04-07 13:38:00,tablet,clothing,158,477.54
U435,P057,add_to_cart,2026-04-07 13:39:00,desktop,electronics,592,277.96
U473,P092,view,2026-04-07 13:39:00,tablet,home,61,405.11
U463,P071,click,2026-04-07 13:39:00,desktop,clothing,203,14.75
U301,P066,click,2026-04-07 13:41:00,desktop,electronics,437,428.69
U269,P045,add_to_cart,2026-04-07 13:41:00,tablet,home,536,60.9
U358,P046,view,2026-04-07 13:42:00,tablet,home,347,446.93
U430,P029,click,2026-04-07 13:43:00,tablet,electronics,172,188.33
U242,P057,click,2026-04-07 13:43:00,desktop,clothing,54,68.61
U264,P090,view,2026-04-07 13:43:00,tablet,home,48,386.98
U487,P099,add_to_cart,2026-04-07 13:44:00,desktop,beauty,455,113.7
U433,P067,view,2026-04-07 13:44:00,desktop,beauty,63,379.09
U218,P030,view,2026-04-07 13:45:00,mobile,beauty,140,389.62
U273,P006,click,2026-04-07 13:46:00,tablet,electronics,496,427.11
U110,P056,view,2026-04-07 13:46:00,desktop,home,130,314.25
U367,P031,click,2026-04-07 13:47:00,desktop,clothing,51,59.77
U487,P015,view,2026-04-07 13:50:00,mobile,home,42,378.18
U168,P046,view,2026-04-07 13:51:00,tablet,beauty,55,16.99
U280,P088,click,2026-04-07 13:51:00,tablet,electronics,306,254.43
U334,P055,view,2026-04-07 13:51:00,mobile,home,179,484.96
U161,P002,view,2026-04-07 13:52:00,tablet,beauty,16,74.26
U379,P078,click,2026-04-07 13:52:00,tablet,electronics,552,285.61
U412,P054,view,2026-04-07 13:55:00,tablet,home,35,176.87
U094,P088,click,2026-04-07 13:56:00,tablet,electronics,554,351.61
U269,P075,add_to_cart,2026-04-07 13:58:00,desktop,clothing,408,264.99
U252,P016,click,2026-04-07 14:01:00,desktop,clothing,498,158.22
U269,P071,view,2026-04-07 14:05:00,tablet,beauty,291,278.58
U037,P070,view,2026-04-07 14:06:00,desktop,beauty,212,395.56
U460,P066,view,2026-04-07 14:06:00,desktop,home,140,398.7
U161,P060,add_to_cart,2026-04-07 14:06:00,desktop,clothing,567,185.29
U042,P059,click,2026-04-07 14:07:00,tablet,home,422,225.64
U178,P008,click,2026-04-07 14:07:00,desktop,electronics,152,353.15
U237,P033,view,2026-04-07 14:08:00,mobile,clothing,368,490.86
U161,P072,view,2026-04-07 14:08:00,mobile,beauty,181,276.38
U224,P016,view,2026-04-07 14:11:00,tablet,electronics,192,128.49
U397,P063,view,2026-04-07 14:11:00,mobile,home,543,491.38
U101,P089,click,2026-04-07 14:13:00,mobile,clothing,334,110.83
U271,P003,add_to_cart,2026-04-07 14:19:00,desktop,electronics,340,108.56
U007,P086,click,2026-04-07 14:20:00,tablet,clothing,571,349.6
U060,P047,view,2026-04-07 14:22:00,tablet,beauty,240,393.58
U260,P071,view,2026-04-07 14:23:00,tablet,clothing,226,164.17
U004,P006,click,2026-04-07 14:23:00,mobile,beauty,181,57.68
U224,P045,click,2026-04-07 14:25:00,tablet,home,482,271.41
U019,P010,click,2026-04-07 14:25:00,tablet,electronics,418,138.3
U099,P070,click,2026-04-07 14:25:00,mobile,beauty,307,15.76
U381,P098,click,2026-04-07 14:27:00,tablet,electronics,368,309.65
U440,P067,view,2026-04-07 14:27:00,tablet,beauty,46,228.05
U299,P054,add_to_cart,2026-04-07 14:28:00,mobile,electronics,540,111.91
U320,P031,view,2026-04-07 14:29:00,tablet,electronics,185,370.17
U282,P100,click,2026-04-07 14:29:00,desktop,beauty,194,142.47
U386,P046,view,2026-04-07 14:32:00,tablet,home,276,391.73
U105,P044,add_to_cart,2026-04-07 14:35:00,desktop,clothing,385,87.32
U420,P093,view,2026-04-07 14:36:00,tablet,home,209,407.81
U486,P084,view,2026-04-07 14:36:00,desktop,clothing,82,120.0
U219,P031,view,2026-04-07 14:36:00,mobile,electronics,264,208.68
U167,P044,view,2026-04-07 14:38:00,tablet,beauty,257,283.93
U169,P071,view,2026-04-07 14:38:00,mobile,home,358,439.68
U107,P039,click,2026-04-07 14:38:00,desktop,electronics,237,41.14
U101,P061,view,2026-04-07 14:40:00,tablet,home,174,343.62
U412,P039,click,2026-04-07 14:42:00,mobile,home,557,212.25
U025,P072,view,2026-04-07 14:43:00,tablet,electronics,134,392.29
U331,P039,add_to_cart,2026-04-07 14:44:00,desktop,electronics,312,113.58
U136,P044,view,2026-04-07 14:45:00,tablet,home,82,261.23
U042,P079,view,2026-04-07 14:48:00,mobile,home,212,111.69
U012,P012,click,2026-04-07 14:49:00,tablet,home,418,26.35
U438,P033,click,2026-04-07 14:49:00,tablet,electronics,506,322.99
U187,P009,view,2026-04-07 14:49:00,mobile,electronics,258,392.1
U186,P041,view,2026-04-07 14:50:00,desktop,clothing,77,264.5
U299,P019,view,2026-04-07 14:51:00,tablet,home,547,489.79
U422,P026,click,2026-04-07 14:51:00,mobile,electronics,482,422.17
U228,P010,click,2026-04-07 14:51:00,desktop,electronics,348,447.13
U471,P036,view,2026-04-07 14:51:00,tablet,beauty,38,308.31
U456,P030,click,2026-04-07 14:52:00,tablet,beauty,570,280.89
U077,P091,add_to_cart,2026-04-07 14:52:00,tablet,home,537,30.34
U420,P096,view,2026-04-07 14:53:00,mobile,clothing,61,281.16
U358,P030,view,2026-04-07 14:53:00,tablet,beauty,94,432.89
U425,P044,view,2026-04-07 14:56:00,tablet,home,140,38.06
U316,P019,add_to_cart,2026-04-07 14:57:00,desktop,clothing,370,25.04
U144,P090,click,2026-04-07 15:01:00,tablet,electronics,375,465.03
U315,P043,view,2026-04-07 15:01:00,tablet,beauty,142,491.73
U281,P046,click,2026-04-07 15:02:00,desktop,home,503,453.78
U373,P090,add_to_cart,2026-04-07 15:03:00,desktop,home,567,13.11
U216,P100,add_to_cart,2026-04-07 15:04:00,tablet,electronics,493,58.93
U151,P065,click,2026-04-07 15:06:00,desktop,clothing,109,47.72
U204,P018,view,2026-04-07 15:07:00,mobile,home,211,263.69
U261,P037,view,2026-04-07 15:10:00,mobile,electronics,132,308.66
U405,P005,click,2026-04-07 15:10:00,desktop,beauty,377,349.2
U019,P075,click,2026-04-07 15:11:00,mobile,clothing,406,159.73
U413,P014,view,2026-04-07 15:11:00,mobile,clothing,363,374.73
U446,P060,view,2026-04-07 15:11:00,mobile,clothing,12,429.76
U259,P098,view,2026-04-07 15:12:00,tablet,electronics,191,352.22
U066,P028,view,2026-04-07 15:12:00,mobile,clothing,220,85.41
U182,P050,view,2026-04-07 15:13:00,tablet,electronics,124,406.03
U198,P020,view,2026-04-07 15:13:00,desktop,clothing,210,492.35
U397,P068,view,2026-04-07 15:13:00,tablet,electronics,30,67.54
U198,P100,view,2026-04-07 15:14:00,mobile,home,135,430.56
U152,P009,view,2026-04-07 15:15:00,mobile,electronics,268,374.73
U045,P086,view,2026-04-07 15:17:00,desktop,beauty,224,419.22
U239,P047,view,2026-04-07 15:18:00,tablet,home,256,277.87
U385,P010,click,2026-04-07 15:18:00,tablet,clothing,476,63.43
U206,P028,add_to_cart,2026-04-07 15:19:00,mobile,home,587,88.72
U248,P063,add_to_cart,2026-04-07 15:20:00,tablet,electronics,579,21.49
U201,P100,view,2026-04-07 15:20:00,tablet,clothing,459,331.76
U095,P006,click,2026-04-07 15:21:00,tablet,home,369,72.69
U377,P058,view,2026-04-07 15:21:00,mobile,clothing,185,362.41
U292,P068,click,2026-04-07 15:22:00,mobile,home,491,261.7
U400,P006,view,2026-04-07 15:22:00,mobile,home,72,85.56
U211,P014,click,2026-04-07 15:23:00,mobile,beauty,497,358.61
U201,P004,view,2026-04-07 15:23:00,mobile,electronics,185,480.49
U439,P068,view,2026-04-07 15:23:00,desktop,clothing,252,455.61
U416,P077,click,2026-04-07 15:24:00,desktop,home,123,13.86
U190,P052,view,2026-04-07 15:24:00,mobile,electronics,198,318.06
U049,P005,click,2026-04-07 15:25:00,desktop,clothing,301,148.09
U154,P043,view,2026-04-07 15:29:00,desktop,beauty,34,395.37
U375,P001,view,2026-04-07 15:29:00,mobile,clothing,328,197.57
U281,P003,view,2026-04-07 15:31:00,mobile,beauty,289,321.01
U447,P057,view,2026-04-07 15:38:00,tablet,clothing,173,409.45
U161,P049,view,2026-04-07 15:38:00,tablet,clothing,163,281.02
U080,P006,view,2026-04-07 15:38:00,desktop,beauty,123,221.81
U285,P023,view,2026-04-07 15:38:00,mobile,clothing,152,334.05
U052,P077,view,2026-04-07 15:39:00,mobile,home,97,313.59
U035,P021,click,2026-04-07 15:39:00,mobile,electronics,472,152.52
U413,P024,add_to_cart,2026-04-07 15:39:00,desktop,electronics,510,385.89
U239,P054,add_to_cart,2026-04-07 15:40:00,desktop,electronics,485,218.37
U158,P054,click,2026-04-07 15:40:00,desktop,clothing,318,78.58
U456,P070,click,2026-04-07 15:41:00,desktop,home,365,287.67
U393,P084,view,2026-04-07 15:41:00,mobile,electronics,185,376.2
U260,P061,add_to_cart,2026-04-07 15:41:00,tablet,clothing,596,42.24
U471,P040,click,2026-04-07 15:43:00,tablet,clothing,482,27.56
U382,P038,click,2026-04-07 15:43:00,mobile,beauty,433,316.16
U049,P061,view,2026-04-07 15:45:00,tablet,home,149,461.55
U165,P001,view,2026-04-07 15:47:00,mobile,electronics,304,467.49
U131,P039,click,2026-04-07 15:49:00,tablet,beauty,433,288.77
U333,P061,click,2026-04-07 15:49:00,desktop,clothing,548,323.83
U337,P067,view,2026-04-07 15:49:00,tablet,electronics,57,255.23
U396,P015,add_to_cart,2026-04-07 15:49:00,desktop,electronics,582,243.43
U200,P038,view,2026-04-07 15:50:00,tablet,clothing,197,464.12
U371,P078,click,2026-04-07 15:50:00,desktop,electronics,159,401.39
U136,P092,add_to_cart,2026-04-07 15:51:00,mobile,beauty,585,141.33
U318,P010,view,2026-04-07 15:51:00,mobile,electronics,14,435.13
U217,P014,view,2026-04-07 15:53:00,desktop,clothing,187,294.34
U336,P004,click,2026-04-07 15:54:00,tablet,home,505,304.7
U068,P027,view,2026-04-07 15:54:00,desktop,beauty,25,266.98
U023,P083,click,2026-04-07 15:54:00,desktop,home,328,52.64
U388,P051,view,2026-04-07 15:54:00,mobile,home,243,412.77
U497,P081,view,2026-04-07 15:55:00,desktop,electronics,28,447.02
U300,P047,view,2026-04-07 15:58:00,mobile,home,30,284.2
U485,P070,view,2026-04-07 15:59:00,tablet,beauty,35,326.64
U427,P042,view,2026-04-07 15:59:00,tablet,clothing,95,179.33
U239,P092,click,2026-04-07 15:59:00,mobile,beauty,295,107.14
U497,P041,click,2026-04-07 16:00:00,mobile,home,592,373.04
U130,P097,view,2026-04-07 16:00:00,tablet,home,296,339.08
U368,P100,click,2026-04-07 16:05:00,desktop,beauty,222,61.04
U152,P023,view,2026-04-07 16:07:00,mobile,clothing,63,459.82
U073,P097,view,2026-04-07 16:07:00,tablet,clothing,186,183.82
U441,P002,click,2026-04-07 16:07:00,desktop,clothing,236,181.82
U307,P012,click,2026-04-07 16:07:00,tablet,clothing,276,237.3
U247,P008,view,2026-04-07 16:08:00,mobile,home,356,406.18
U073,P078,view,2026-04-07 16:09:00,tablet,clothing,13,268.87
U343,P066,click,2026-04-07 16:09:00,tablet,home,551,402.85
U072,P066,click,2026-04-07 16:09:00,tablet,electronics,316,67.76
U036,P089,click,2026-04-07 16:11:00,tablet,clothing,406,197.51
U178,P099,view,2026-04-07 16:11:00,mobile,home,32,346.15
U288,P088,add_to_cart,2026-04-07 16:13:00,desktop,beauty,572,38.85
U115,P007,click,2026-04-07 16:13:00,mobile,beauty,501,149.6
U147,P040,view,2026-04-07 16:13:00,desktop,home,44,492.98
U487,P004,click,2026-04-07 16:14:00,desktop,home,289,38.52
U274,P039,add_to_cart,2026-04-07 16:14:00,desktop,electronics,400,270.72
U122,P026,view,2026-04-07 16:14:00,tablet,clothing,425,391.79
U391,P054,view,2026-04-07 16:15:00,tablet,home,233,235.81
U062,P065,view,2026-04-07 16:15:00,mobile,home,102,220.88
U070,P060,view,2026-04-07 16:16:00,tablet,beauty,16,195.51
U412,P082,click,2026-04-07 16:16:00,tablet,electronics,580,253.46
U006,P054,view,2026-04-07 16:16:00,tablet,home,311,441.97
U407,P012,add_to_cart,2026-04-07 16:17:00,desktop,home,463,226.31
U036,P056,view,2026-04-07 16:18:00,tablet,beauty,295,459.88
U396,P088,click,2026-04-07 16:20:00,desktop,electronics,163,375.16
U152,P011,click,2026-04-07 16:21:00,mobile,electronics,248,128.26
U243,P060,view,2026-04-07 16:21:00,mobile,beauty,174,217.43
U196,P002,click,2026-04-07 16:23:00,tablet,clothing,346,73.87
U055,P081,add_to_cart,2026-04-07 16:24:00,desktop,electronics,574,11.79
U319,P009,click,2026-04-07 16:26:00,desktop,beauty,270,291.14
U042,P005,click,2026-04-07 16:27:00,tablet,clothing,509,278.62
U264,P035,click,2026-04-07 16:30:00,tablet,clothing,584,299.99
U404,P027,click,2026-04-07 16:32:00,desktop,beauty,311,320.4
U211,P047,add_to_cart,2026-04-07 16:36:00,desktop,clothing,519,68.87
U276,P098,view,2026-04-07 16:36:00,mobile,clothing,483,454.7
U317,P068,click,2026-04-07 16:38:00,desktop,home,237,220.8
U378,P070,click,2026-04-07 16:39:00,tablet,beauty,309,28.51
U093,P007,view,2026-04-07 16:40:00,tablet,beauty,46,191.04
U162,P046,view,2026-04-07 16:43:00,tablet,electronics,173,319.91
U218,P010,add_to_cart,2026-04-07 16:44:00,desktop,electronics,226,106.18
U258,P048,click,2026-04-07 16:48:00,desktop,home,474,132.19
U043,P056,click,2026-04-07 16:49:00,mobile,beauty,449,42.44
U484,P044,view,2026-04-07 16:49:00,mobile,beauty,68,56.4
U420,P092,view,2026-04-07 16:52:00,desktop,clothing,60,412.38
U160,P022,view,2026-04-07 16:54:00,desktop,home,223,382.13
U499,P044,click,2026-04-07 16:56:00,desktop,beauty,296,334.81
U184,P026,click,2026-04-07 16:56:00,desktop,beauty,448,284.18
U325,P089,view,2026-04-07 16:57:00,mobile,home,56,428.85
U480,P047,click,2026-04-07 17:00:00,mobile,beauty,598,459.39
U186,P086,view,2026-04-07 17:00:00,desktop,electronics,201,339.34
U102,P073,view,2026-04-07 17:02:00,tablet,clothing,63,132.26
U146,P037,click,2026-04-07 17:06:00,tablet,beauty,325,100.43
U471,P068,view,2026-04-07 17:07:00,desktop,clothing,79,201.2
U271,P098,view,2026-04-07 17:08:00,tablet,electronics,142,112.47
U190,P052,view,2026-04-07 17:08:00,tablet,clothing,220,247.61
U403,P006,view,2026-04-07 17:10:00,desktop,home,147,445.02
U029,P029,add_to_cart,2026-04-07 17:12:00,desktop,home,507,66.15
U415,P083,add_to_cart,2026-04-07 17:13:00,desktop,home,598,341.99
U436,P008,view,2026-04-07 17:13:00,mobile,electronics,145,212.8
U015,P033,view,2026-04-07 17:14:00,mobile,electronics,151,306.69
U230,P098,click,2026-04-07 17:14:00,mobile,clothing,591,490.31
U076,P096,view,2026-04-07 17:15:00,tablet,home,186,359.06
U456,P005,view,2026-04-07 17:18:00,desktop,clothing,187,264.32
U184,P026,click,2026-04-07 17:18:00,desktop,beauty,302,281.78
U202,P088,add_to_cart,2026-04-07 17:20:00,desktop,electronics,509,18.79
U233,P082,add_to_cart,2026-04-07 17:21:00,mobile,electronics,521,61.5
U194,P040,view,2026-04-07 17:25:00,tablet,beauty,194,172.34
U050,P003,view,2026-04-07 17:26:00,tablet,beauty,26,311.98
U384,P031,click,2026-04-07 17:26:00,desktop,home,530,242.43
U286,P061,add_to_cart,2026-04-07 17:27:00,desktop,electronics,495,218.3
U434,P042,view,2026-04-07 17:27:00,mobile,clothing,176,262.54
U330,P020,view,2026-04-07 17:33:00,tablet,clothing,116,392.98
U198,P027,click,2026-04-07 17:35:00,desktop,home,491,127.61
U021,P071,click,2026-04-07 17:38:00,desktop,home,188,292.97
U002,P066,click,2026-04-07 17:39:00,tablet,electronics,271,170.4
U208,P041,view,2026-04-07 17:39:00,tablet,home,171,404.2
U371,P019,add_to_cart,2026-04-07 17:40:00,desktop,home,340,44.99
U027,P055,click,2026-04-07 17:42:00,tablet,home,537,406.39
U369,P075,view,2026-04-07 17:44:00,mobile,beauty,49,250.46
U018,P015,view,2026-04-07 17:45:00,mobile,beauty,57,430.88
U332,P040,click,2026-04-07 17:46:00,mobile,beauty,513,176.94
U267,P001,add_to_cart,2026-04-07 17:47:00,desktop,clothing,452,221.66
U130,P036,view,2026-04-07 17:48:00,mobile,electronics,92,173.72
U492,P079,click,2026-04-07 17:49:00,tablet,home,548,286.56
U101,P077,click,2026-04-07 17:50:00,mobile,electronics,396,88.26
U400,P094,click,2026-04-07 17:52:00,desktop,clothing,375,322.72
U440,P023,click,2026-04-07 17:54:00,desktop,home,479,258.4
U157,P048,view,2026-04-07 17:54:00,mobile,electronics,116,383.93
U079,P031,view,2026-04-07 17:55:00,mobile,beauty,119,345.54
U233,P096,click,2026-04-07 17:55:00,mobile,electronics,337,77.22
U413,P024,click,2026-04-07 17:56:00,desktop,clothing,127,106.24
U319,P100,view,2026-04-07 17:57:00,mobile,electronics,119,251.76
U142,P070,click,2026-04-07 17:58:00,tablet,beauty,445,77.24
U095,P054,add_to_cart,2026-04-07 17:59:00,mobile,beauty,549,154.78
U342,P011,view,2026-04-07 18:00:00,tablet,home,291,454.92
U489,P082,add_to_cart,2026-04-07 18:00:00,desktop,home,510,76.78
U369,P049,view,2026-04-07 18:01:00,mobile,beauty,202,456.48
U345,P069,click,2026-04-07 18:01:00,tablet,electronics,211,127.75
U270,P070,view,2026-04-07 18:01:00,tablet,clothing,314,342.17
U048,P084,click,2026-04-07 18:03:00,desktop,electronics,139,339.28
U145,P005,view,2026-04-07 18:05:00,tablet,home,201,274.94
U022,P013,click,2026-04-07 18:05:00,mobile,electronics,528,369.83
U089,P050,add_to_cart,2026-04-07 18:07:00,desktop,electronics,512,477.76
U399,P066,add_to_cart,2026-04-07 18:08:00,desktop,clothing,393,58.97
U027,P100,view,2026-04-07 18:09:00,desktop,beauty,95,437.85
U477,P012,click,2026-04-07 18:10:00,tablet,electronics,360,210.48
U200,P030,view,2026-04-07 18:10:00,mobile,beauty,264,456.76
U332,P029,view,2026-04-07 18:11:00,tablet,beauty,78,393.17
U391,P088,view,2026-04-07 18:12:00,desktop,home,161,476.24
U154,P065,click,2026-04-07 18:12:00,mobile,beauty,443,422.64
U325,P048,click,2026-04-07 18:13:00,mobile,home,272,27.24
U143,P070,view,2026-04-07 18:15:00,mobile,electronics,69,275.94
U428,P031,click,2026-04-07 18:15:00,mobile,clothing,429,404.72
U426,P072,click,2026-04-07 18:15:00,desktop,home,403,234.24
U322,P025,click,2026-04-07 18:15:00,desktop,home,487,374.13
U450,P090,view,2026-04-07 18:15:00,tablet,clothing,112,55.9
U437,P020,click,2026-04-07 18:17:00,mobile,clothing,365,243.94
U203,P083,view,2026-04-07 18:17:00,tablet,beauty,421,485.63
U429,P079,click,2026-04-07 18:19:00,mobile,beauty,431,385.03
U275,P089,view,2026-04-07 18:21:00,tablet,home,336,245.35
U035,P095,add_to_cart,2026-04-07 18:23:00,mobile,electronics,558,157.9
U153,P026,click,2026-04-07 18:23:00,tablet,beauty,376,178.97
U387,P071,click,2026-04-07 18:24:00,tablet,beauty,513,46.11
U486,P010,view,2026-04-07 18:24:00,mobile,home,331,399.43
U386,P069,click,2026-04-07 18:25:00,mobile,home,380,33.92
U017,P020,click,2026-04-07 18:28:00,tablet,clothing,509,204.15
U214,P010,view,2026-04-07 18:30:00,tablet,clothing,335,142.69
U153,P044,click,2026-04-07 18:31:00,desktop,home,526,214.31
U352,P090,view,2026-04-07 18:32:00,mobile,home,212,296.0
U046,P088,view,2026-04-07 18:34:00,mobile,clothing,50,389.44
U089,P068,view,2026-04-07 18:37:00,mobile,electronics,169,348.39
U471,P068,add_to_cart,2026-04-07 18:37:00,mobile,electronics,585,209.3
U469,P046,add_to_cart,2026-04-07 18:37:00,desktop,home,594,305.02
U023,P024,click,2026-04-07 18:40:00,tablet,clothing,473,12.3
U020,P097,click,2026-04-07 18:41:00,mobile,electronics,258,255.7
U236,P001,add_to_cart,2026-04-07 18:41:00,desktop,electronics,379,202.67
U319,P071,click,2026-04-07 18:41:00,desktop,electronics,408,376.11
U429,P065,click,2026-04-07 18:42:00,desktop,home,460,356.71
U400,P005,click,2026-04-07 18:42:00,desktop,electronics,115,325.63
U301,P087,view,2026-04-07 18:43:00,desktop,electronics,198,391.3
U221,P081,click,2026-04-07 18:44:00,mobile,home,547,423.7
U070,P050,click,2026-04-07 18:46:00,mobile,electronics,461,380.18
U110,P026,view,2026-04-07 18:47:00,tablet,electronics,53,334.74
U047,P089,click,2026-04-07 18:50:00,desktop,clothing,98,33.88
U045,P095,view,2026-04-07 18:50:00,mobile,clothing,56,279.6
U376,P077,view,2026-04-07 18:51:00,desktop,clothing,26,144.15
U267,P071,click,2026-04-07 18:51:00,tablet,electronics,386,270.88
U349,P049,view,2026-04-07 18:52:00,tablet,beauty,90,11.13
U226,P049,click,2026-04-07 18:52:00,desktop,home,318,162.13
U051,P073,click,2026-04-07 18:55:00,mobile,electronics,404,186.26
U056,P065,click,2026-04-07 18:58:00,mobile,home,368,243.14
U166,P081,click,2026-04-07 18:58:00,desktop,beauty,556,429.44
U464,P054,view,2026-04-07 18:58:00,tablet,clothing,231,351.64
U489,P003,view,2026-04-07 18:58:00,desktop,home,163,153.82
U362,P091,add_to_cart,2026-04-07 18:58:00,tablet,beauty,534,67.14
U046,P007,click,2026-04-07 18:59:00,desktop,electronics,320,314.01
U401,P071,click,2026-04-07 18:59:00,desktop,clothing,211,21.02
U414,P072,add_to_cart,2026-04-07 18:59:00,desktop,electronics,376,116.1
U423,P082,click,2026-04-07 19:03:00,desktop,clothing,259,121.38
U364,P100,view,2026-04-07 19:04:00,mobile,home,320,293.54
U462,P076,click,2026-04-07 19:07:00,tablet,home,587,292.56
U491,P014,view,2026-04-07 19:07:00,mobile,electronics,213,374.44
U181,P052,view,2026-04-07 19:08:00,tablet,clothing,255,221.89
U264,P039,click,2026-04-07 19:08:00,desktop,clothing,545,408.72
U124,P065,view,2026-04-07 19:09:00,mobile,electronics,251,449.48
U031,P022,view,2026-04-07 19:10:00,mobile,electronics,44,257.06
U153,P043,click,2026-04-07 19:12:00,tablet,clothing,354,12.92
U319,P073,view,2026-04-07 19:12:00,mobile,home,202,375.43
U234,P078,view,2026-04-07 19:14:00,mobile,electronics,125,279.99
U347,P051,view,2026-04-07 19:14:00,tablet,electronics,352,486.17
U360,P010,click,2026-04-07 19:15:00,tablet,clothing,477,114.39
U182,P030,view,2026-04-07 19:16:00,mobile,clothing,105,302.99
U394,P096,view,2026-04-07 19:17:00,desktop,home,304,470.73
U120,P008,view,2026-04-07 19:20:00,desktop,beauty,160,230.17
U400,P005,click,2026-04-07 19:22:00,tablet,beauty,450,253.6
U318,P082,click,2026-04-07 19:23:00,tablet,electronics,486,336.83
U141,P016,add_to_cart,2026-04-07 19:26:00,desktop,electronics,470,129.51
U414,P025,view,2026-04-07 19:28:00,mobile,home,20,121.3
U498,P041,view,2026-04-07 19:30:00,tablet,beauty,152,251.61
U307,P057,add_to_cart,2026-04-07 19:31:00,tablet,beauty,585,80.3
U174,P082,view,2026-04-07 19:31:00,tablet,electronics,160,173.08
U289,P051,view,2026-04-07 19:32:00,desktop,clothing,92,290.36
U471,P028,click,2026-04-07 19:34:00,desktop,home,308,145.16
U010,P036,click,2026-04-07 19:35:00,mobile,electronics,533,492.16
U206,P036,click,2026-04-07 19:35:00,mobile,home,473,208.99
U070,P087,click,2026-04-07 19:35:00,desktop,home,308,32.13
U140,P060,view,2026-04-07 19:39:00,mobile,clothing,166,162.7
U251,P015,view,2026-04-07 19:41:00,tablet,beauty,32,395.88
U284,P036,view,2026-04-07 19:42:00,mobile,clothing,55,440.94
U289,P084,click,2026-04-07 19:43:00,mobile,beauty,367,185.9
U240,P044,view,2026-04-07 19:43:00,mobile,clothing,219,323.73
U195,P043,click,2026-04-07 19:43:00,desktop,clothing,486,378.01
U038,P034,click,2026-04-07 19:43:00,mobile,home,349,262.99
U296,P084,click,2026-04-07 19:44:00,tablet,electronics,447,471.01
U060,P066,add_to_cart,2026-04-07 19:45:00,desktop,beauty,590,171.82
U438,P076,add_to_cart,2026-04-07 19:46:00,tablet,electronics,584,118.79
U151,P057,view,2026-04-07 19:47:00,mobile,electronics,104,376.03
U004,P079,view,2026-04-07 19:47:00,tablet,beauty,134,175.77
U371,P055,click,2026-04-07 19:47:00,mobile,home,174,72.78
U359,P075,view,2026-04-07 19:48:00,tablet,clothing,68,351.37
U015,P081,view,2026-04-07 19:48:00,tablet,clothing,38,269.86
U130,P026,view,2026-04-07 19:50:00,tablet,beauty,234,63.13
U161,P008,click,2026-04-07 19:52:00,tablet,electronics,517,290.42
U485,P054,add_to_cart,2026-04-07 19:52:00,desktop,beauty,515,239.99
U169,P042,click,2026-04-07 19:53:00,desktop,clothing,267,34.58
U406,P002,view,2026-04-07 19:53:00,tablet,beauty,271,243.33
U017,P078,view,2026-04-07 19:56:00,mobile,electronics,150,146.88
U479,P093,view,2026-04-07 19:57:00,tablet,clothing,308,164.46
U269,P057,click,2026-04-07 19:57:00,tablet,beauty,379,264.63
U021,P021,view,2026-04-07 19:58:00,mobile,beauty,24,438.54
U240,P056,add_to_cart,2026-04-07 19:59:00,desktop,clothing,587,96.63
U475,P068,click,2026-04-07 20:00:00,mobile,home,530,153.15
U232,P024,add_to_cart,2026-04-07 20:00:00,mobile,electronics,378,17.52
U372,P045,click,2026-04-07 20:00:00,tablet,beauty,325,130.46
U136,P008,view,2026-04-07 20:01:00,tablet,beauty,76,212.09
U417,P003,add_to_cart,2026-04-07 20:04:00,desktop,electronics,505,348.44
U193,P049,view,2026-04-07 20:05:00,tablet,clothing,130,166.42
U083,P002,view,2026-04-07 20:07:00,desktop,home,183,260.36
U043,P051,click,2026-04-07 20:07:00,desktop,home,89,65.5
U163,P005,view,2026-04-07 20:07:00,tablet,beauty,66,258.77
U464,P022,add_to_cart,2026-04-07 20:08:00,tablet,electronics,538,104.66
U200,P029,view,2026-04-07 20:08:00,mobile,clothing,489,307.84
U089,P091,click,2026-04-07 20:13:00,desktop,beauty,367,354.5
U147,P049,view,2026-04-07 20:14:00,desktop,home,69,319.09
U016,P099,view,2026-04-07 20:14:00,mobile,home,11,409.17
U300,P032,view,2026-04-07 20:15:00,tablet,beauty,55,254.86
U115,P020,click,2026-04-07 20:16:00,mobile,clothing,314,22.88
U487,P005,view,2026-04-07 20:18:00,tablet,electronics,132,412.67
U025,P083,view,2026-04-07 20:18:00,mobile,home,185,428.35
U333,P084,click,2026-04-07 20:20:00,tablet,clothing,501,237.34
U286,P048,click,2026-04-07 20:21:00,desktop,beauty,297,270.88
U185,P005,view,2026-04-07 20:23:00,mobile,home,151,438.46
U003,P083,view,2026-04-07 20:24:00,tablet,clothing,331,436.1
U036,P068,click,2026-04-07 20:25:00,mobile,electronics,157,152.24
U060,P035,click,2026-04-07 20:25:00,tablet,home,536,265.7
U109,P099,view,2026-04-07 20:25:00,desktop,home,173,175.28
U079,P030,view,2026-04-07 20:26:00,mobile,home,13,271.52
U222,P018,click,2026-04-07 20:28:00,tablet,clothing,285,193.36
U287,P081,view,2026-04-07 20:29:00,mobile,beauty,213,219.15
U075,P088,add_to_cart,2026-04-07 20:31:00,tablet,electronics,592,20.23
U029,P051,click,2026-04-07 20:33:00,mobile,beauty,388,19.23
U007,P083,click,2026-04-07 20:34:00,tablet,home,600,496.43
U246,P077,view,2026-04-07 20:34:00,desktop,beauty,238,273.08
U350,P067,view,2026-04-07 20:35:00,tablet,beauty,382,398.88
U105,P072,view,2026-04-07 20:35:00,tablet,electronics,182,444.88
U284,P088,view,2026-04-07 20:35:00,tablet,clothing,314,430.16
U059,P072,view,2026-04-07 20:36:00,tablet,electronics,327,373.57
U147,P074,add_to_cart,2026-04-07 20:37:00,desktop,electronics,447,296.7
U096,P048,view,2026-04-07 20:38:00,tablet,electronics,47,103.72
U250,P100,click,2026-04-07 20:38:00,mobile,beauty,516,285.24
U448,P087,view,2026-04-07 20:40:00,tablet,electronics,144,261.93
U287,P061,view,2026-04-07 20:40:00,tablet,electronics,62,328.28
U289,P029,click,2026-04-07 20:40:00,mobile,clothing,522,116.64
U468,P020,add_to_cart,2026-04-07 20:43:00,desktop,electronics,574,278.0
U302,P093,view,2026-04-07 20:44:00,mobile,clothing,252,159.44
U270,P006,click,2026-04-07 20:44:00,mobile,clothing,367,200.63
U298,P025,view,2026-04-07 20:46:00,tablet,beauty,225,27.47
U034,P051,view,2026-04-07 20:46:00,mobile,home,464,477.39
U046,P069,view,2026-04-07 20:47:00,mobile,clothing,405,253.93
U190,P066,view,2026-04-07 20:48:00,mobile,clothing,371,157.18
U324,P079,view,2026-04-07 20:49:00,mobile,electronics,48,317.53
U329,P063,view,2026-04-07 20:49:00,tablet,clothing,32,33.09
U369,P044,click,2026-04-07 20:49:00,desktop,electronics,178,300.08
U080,P083,click,2026-04-07 20:51:00,mobile,clothing,418,65.19
U290,P034,click,2026-04-07 20:51:00,tablet,home,596,225.22
U180,P045,click,2026-04-07 20:54:00,mobile,electronics,350,263.22
U232,P034,click,2026-04-07 20:55:00,tablet,beauty,495,255.51
U051,P069,view,2026-04-07 20:55:00,mobile,clothing,211,173.91
U382,P040,click,2026-04-07 20:55:00,mobile,electronics,390,211.27
U484,P015,view,2026-04-07 20:57:00,desktop,home,50,362.69
U357,P075,click,2026-04-07 20:59:00,mobile,beauty,557,367.96
U040,P072,click,2026-04-07 20:59:00,tablet,electronics,287,86.92
U324,P053,view,2026-04-07 21:00:00,tablet,home,16,107.38
U379,P044,click,2026-04-07 21:00:00,desktop,electronics,105,97.24
U022,P090,add_to_cart,2026-04-07 21:00:00,desktop,electronics,375,77.22
U274,P028,view,2026-04-07 21:02:00,tablet,beauty,177,126.52
U315,P005,view,2026-04-07 21:02:00,tablet,electronics,105,96.2
U072,P044,view,2026-04-07 21:04:00,mobile,electronics,106,124.7
U354,P004,view,2026-04-07 21:04:00,desktop,beauty,409,467.98
U017,P100,view,2026-04-07 21:04:00,tablet,home,61,71.08
U069,P054,click,2026-04-07 21:05:00,desktop,home,292,314.55
U461,P050,view,2026-04-07 21:05:00,desktop,beauty,131,362.78
U360,P099,add_to_cart,2026-04-07 21:07:00,tablet,electronics,486,206.4
U084,P048,click,2026-04-07 21:07:00,tablet,electronics,299,380.85
U282,P015,click,2026-04-07 21:08:00,desktop,home,149,59.61
U107,P051,add_to_cart,2026-04-07 21:08:00,desktop,electronics,480,14.09
U021,P016,add_to_cart,2026-04-07 21:09:00,tablet,beauty,492,111.58
U024,P093,view,2026-04-07 21:10:00,tablet,clothing,19,12.32
U322,P003,view,2026-04-07 21:10:00,tablet,clothing,425,355.04
U432,P017,click,2026-04-07 21:12:00,desktop,clothing,235,282.54
U299,P037,add_to_cart,2026-04-07 21:12:00,desktop,beauty,528,93.77
U262,P019,click,2026-04-07 21:12:00,mobile,clothing,438,147.41
U079,P069,add_to_cart,2026-04-07 21:14:00,desktop,clothing,550,346.12
U030,P039,view,2026-04-07 21:15:00,mobile,home,233,176.63
U344,P099,click,2026-04-07 21:15:00,mobile,clothing,388,156.57
U123,P050,view,2026-04-07 21:16:00,mobile,home,351,485.54
U117,P053,view,2026-04-07 21:17:00,tablet,home,144,28.16
U250,P024,click,2026-04-07 21:17:00,tablet,beauty,376,188.41
U008,P011,click,2026-04-07 21:19:00,desktop,beauty,191,77.59
U485,P002,add_to_cart,2026-04-07 21:21:00,desktop,electronics,349,108.89
U499,P035,view,2026-04-07 21:21:00,tablet,home,367,340.08
U447,P048,view,2026-04-07 21:21:00,mobile,home,64,363.3
U184,P083,click,2026-04-07 21:22:00,mobile,home,293,89.69
U134,P014,view,2026-04-07 21:22:00,tablet,electronics,262,345.94
U206,P032,click,2026-04-07 21:23:00,desktop,electronics,26,129.24
U174,P021,click,2026-04-07 21:28:00,desktop,electronics,360,396.75
U477,P014,view,2026-04-07 21:28:00,tablet,clothing,24,149.18
U367,P002,click,2026-04-07 21:29:00,tablet,electronics,499,270.39
U016,P015,view,2026-04-07 21:29:00,tablet,home,365,398.88
U395,P036,view,2026-04-07 21:31:00,mobile,home,331,448.48
U210,P041,click,2026-04-07 21:31:00,tablet,home,528,203.3
U165,P077,click,2026-04-07 21:32:00,desktop,electronics,303,289.57
U394,P050,add_to_cart,2026-04-07 21:32:00,desktop,electronics,379,169.74
U226,P078,add_to_cart,2026-04-07 21:34:00,mobile,electronics,462,45.22
U070,P008,click,2026-04-07 21:34:00,mobile,electronics,429,485.66
U265,P038,click,2026-04-07 21:35:00,mobile,electronics,435,378.9
U036,P017,click,2026-04-07 21:36:00,desktop,beauty,468,356.84
U178,P091,add_to_cart,2026-04-07 21:37:00,desktop,home,555,367.41
U105,P056,view,2026-04-07 21:37:00,tablet,beauty,300,334.85
U220,P069,click,2026-04-07 21:38:00,mobile,clothing,492,298.67
U405,P001,add_to_cart,2026-04-07 21:38:00,desktop,electronics,504,222.5
U129,P047,click,2026-04-07 21:39:00,desktop,home,428,481.72
U320,P040,click,2026-04-07 21:41:00,desktop,electronics,70,229.28
U411,P077,click,2026-04-07 21:42:00,desktop,electronics,345,488.26
U471,P034,click,2026-04-07 21:44:00,mobile,clothing,573,230.96
U178,P083,click,2026-04-07 21:44:00,desktop,clothing,497,188.55
U267,P074,view,2026-04-07 21:46:00,tablet,home,63,353.39
U090,P021,click,2026-04-07 21:46:00,mobile,clothing,554,265.43
U136,P083,view,2026-04-07 21:46:00,desktop,beauty,409,462.43
U449,P023,click,2026-04-07 21:46:00,tablet,home,417,202.93
U464,P035,add_to_cart,2026-04-07 21:46:00,tablet,electronics,540,155.7
U192,P040,view,2026-04-07 21:47:00,tablet,electronics,20,39.98
U350,P079,view,2026-04-07 21:49:00,mobile,beauty,252,350.93
U423,P023,view,2026-04-07 21:56:00,tablet,beauty,265,377.85
U468,P087,view,2026-04-07 21:56:00,mobile,beauty,36,171.55
U390,P099,view,2026-04-07 21:58:00,desktop,beauty,267,353.11
U046,P075,click,2026-04-07 21:58:00,desktop,clothing,54,170.64
U433,P037,click,2026-04-07 22:01:00,tablet,beauty,562,361.35
U061,P070,click,2026-04-07 22:02:00,mobile,home,315,201.83
U304,P037,click,2026-04-07 22:02:00,mobile,clothing,343,85.4
U350,P007,click,2026-04-07 22:03:00,tablet,electronics,371,312.51
U276,P067,view,2026-04-07 22:04:00,mobile,clothing,337,441.84
U139,P067,click,2026-04-07 22:05:00,desktop,beauty,126,142.05
U213,P036,view,2026-04-07 22:06:00,mobile,beauty,343,443.11
U062,P081,view,2026-04-07 22:06:00,tablet,clothing,501,402.76
U362,P045,click,2026-04-07 22:08:00,mobile,clothing,353,113.67
U170,P079,view,2026-04-07 22:10:00,tablet,electronics,101,339.96
U379,P053,add_to_cart,2026-04-07 22:11:00,desktop,beauty,549,369.85
U106,P004,add_to_cart,2026-04-07 22:11:00,desktop,electronics,480,318.74
U314,P013,view,2026-04-07 22:12:00,tablet,home,133,388.78
U023,P057,view,2026-04-07 22:15:00,mobile,beauty,283,445.88
U267,P012,view,2026-04-07 22:17:00,mobile,clothing,181,451.2
U207,P023,view,2026-04-07 22:17:00,tablet,electronics,39,106.75
U306,P080,view,2026-04-07 22:17:00,tablet,beauty,178,124.83
U189,P058,click,2026-04-07 22:19:00,desktop,clothing,191,307.02
U336,P024,click,2026-04-07 22:20:00,tablet,clothing,518,57.72
U494,P095,view,2026-04-07 22:20:00,tablet,home,168,436.46
U265,P006,click,2026-04-07 22:20:00,desktop,beauty,325,27.38
U173,P042,view,2026-04-07 22:22:00,mobile,home,40,330.97
U474,P058,click,2026-04-07 22:22:00,mobile,beauty,574,477.37
U093,P024,view,2026-04-07 22:25:00,desktop,electronics,68,380.29
U432,P022,add_to_cart,2026-04-07 22:26:00,desktop,electronics,590,282.63
U051,P016,view,2026-04-07 22:28:00,tablet,beauty,340,411.86
U340,P007,view,2026-04-07 22:30:00,tablet,beauty,183,295.28
U341,P024,click,2026-04-07 22:32:00,desktop,beauty,130,150.55
U471,P088,view,2026-04-07 22:34:00,mobile,beauty,36,284.49
U240,P073,click,2026-04-07 22:35:00,mobile,beauty,503,230.1
U314,P025,click,2026-04-07 22:36:00,tablet,electronics,374,339.61
U042,P042,click,2026-04-07 22:36:00,desktop,home,458,404.0
U029,P004,add_to_cart,2026-04-07 22:36:00,desktop,beauty,428,70.37
U002,P092,click,2026-04-07 22:36:00,desktop,home,278,343.76
U064,P070,view,2026-04-07 22:36:00,tablet,clothing,151,330.64
U194,P091,click,2026-04-07 22:37:00,mobile,clothing,547,241.49
U036,P049,view,2026-04-07 22:38:00,mobile,home,61,378.83
U258,P047,view,2026-04-07 22:38:00,tablet,beauty,402,468.67
U070,P010,add_to_cart,2026-04-07 22:39:00,mobile,electronics,462,83.16
U322,P047,click,2026-04-07 22:39:00,tablet,home,491,330.91
U383,P003,view,2026-04-07 22:39:00,mobile,electronics,349,423.0
