user_id,product_id,action,timestamp
1,12,view,2025-01-01 23:21:00
1,13,click,2025-01-02 23:55:00
1,1,view,2025-01-16 00:21:00
1,12,view,2025-01-18 17:03:00
1,23,view,2025-01-23 08:04:00
1,11,click,2025-02-05 17:37:00
1,24,view,2025-02-11 05:08:00
1,22,view,2025-02-26 10:55:00
2,7,view,2025-01-12 20:40:00
2,14,view,2025-01-15 19:56:00
2,11,view,2025-01-28 22:43:00
2,29,add_to_cart,2025-01-30 02:39:00
2,29,click,2025-02-05 17:37:00
2,10,click,2025-02-06 22:52:00
2,21,click,2025-02-28 01:26:00
2,9,view,2025-03-08 18:19:00
3,6,view,2025-01-07 00:34:00
3,15,view,2025-01-09 17:38:00
3,26,view,2025-01-10 08:35:00
3,14,view,2025-01-18 22:35:00
3,1,add_to_cart,2025-01-25 22:15:00
3,12,view,2025-02-01 18:46:00
3,10,view,2025-02-05 18:22:00
3,22,click,2025-03-04 01:56:00
4,22,view,2025-01-02 00:20:00
4,2,view,2025-01-22 13:58:00
4,1,view,2025-02-01 23:18:00
4,22,view,2025-02-08 21:53:00
4,20,click,2025-02-11 03:19:00
4,16,add_to_cart,2025-03-01 19:23:00
4,28,view,2025-03-06 07:27:00
4,13,add_to_cart,2025-03-07 23:52:00
5,9,add_to_cart,2025-01-08 23:30:00
5,9,view,2025-01-31 04:44:00
5,5,view,2025-02-04 10:03:00
5,20,add_to_cart,2025-02-20 06:17:00
5,16,view,2025-02-28 10:59:00
5,18,view,2025-02-28 17:36:00
5,24,view,2025-03-03 14:33:00
5,26,view,2025-03-03 19:03:00
6,13,view,2025-01-11 20:23:00
6,25,view,2025-01-27 05:55:00
6,13,click,2025-01-29 18:22:00
6,21,add_to_cart,2025-02-10 16:30:00
6,7,view,2025-02-17 20:17:00
6,28,view,2025-02-26 16:33:00
6,5,view,2025-03-07 15:03:00
6,18,view,2025-03-09 18:46:00
7,12,view,2025-01-10 07:37:00
7,22,click,2025-01-12 09:26:00
7,4,view,2025-01-17 07:02:00
7,26,click,2025-01-23 11:49:00
7,3,click,2025-01-25 16:32:00
7,11,click,2025-02-02 23:56:00
7,1,view,2025-03-02 04:35:00
7,25,click,2025-03-04 06:04:00
8,16,view,2025-01-15 01:37:00
8,5,view,2025-01-22 23:40:00
8,9,view,2025-02-07 03:44:00
8,16,view,2025-02-19 10:17:00
8,8,click,2025-02-24 02:42:00
8,11,add_to_cart,2025-03-04 23:30:00
8,13,click,2025-03-10 12:15:00
8,10,view,2025-03-10 15:38:00
9,20,click,2025-01-05 18:01:00
9,2,click,2025-01-13 00:35:00
9,25,view,2025-01-17 15:54:00
9,23,view,2025-01-19 04:26:00
9,28,view,2025-01-22 23:39:00
9,19,view,2025-01-24 21:04:00
9,26,view,2025-02-26 18:59:00
9,11,view,2025-02-26 21:21:00
10,25,view,2025-01-02 17:54:00
10,20,view,2025-01-06 05:37:00
10,10,click,2025-01-23 09:22:00
10,8,click,2025-01-25 18:53:00
10,23,view,2025-02-18 06:27:00
10,25,view,2025-02-23 22:18:00
10,29,click,2025-03-01 17:47:00
10,17,view,2025-03-07 08:28:00
11,13,view,2025-01-01 02:01:00
11,8,add_to_cart,2025-01-01 06:46:00
11,2,add_to_cart,2025-01-05 19:48:00
11,3,click,2025-01-07 14:32:00
11,18,view,2025-01-12 06:45:00
11,18,click,2025-01-13 02:48:00
11,16,view,2025-01-20 12:06:00
11,23,view,2025-02-01 08:11:00
12,7,view,2025-01-06 13:22:00
12,19,view,2025-01-07 19:50:00
12,8,view,2025-01-09 07:28:00
12,25,view,2025-01-28 08:19:00
12,5,view,2025-02-07 19:49:00
12,24,click,2025-02-17 06:18:00
12,7,view,2025-02-25 16:56:00
12,3,view,2025-03-07 08:29:00
13,26,click,2025-01-13 15:56:00
13,13,click,2025-01-15 08:48:00
13,24,view,2025-01-20 03:59:00
13,13,click,2025-01-29 05:06:00
13,21,add_to_cart,2025-02-03 08:54:00
13,10,view,2025-02-11 19:09:00
13,15,view,2025-02-24 20:06:00
13,21,view,2025-02-25 02:47:00
14,18,click,2025-01-04 23:30:00
14,15,view,2025-01-05 05:06:00
14,20,view,2025-01-08 23:29:00
14,30,add_to_cart,2025-02-14 07:08:00
14,2,view,2025-02-16 08:19:00
14,6,view,2025-02-23 07:12:00
14,27,view,2025-03-06 11:13:00
14,20,add_to_cart,2025-03-10 08:05:00
15,3,click,2025-01-23 15:45:00
15,27,view,2025-01-29 21:13:00
15,2,view,2025-02-08 01:41:00
15,21,view,2025-02-17 09:10:00
15,17,view,2025-02-19 05:17:00
15,11,view,2025-03-02 07:25:00
15,1,view,2025-03-03 03:13:00
15,24,view,2025-03-10 23:42:00
16,12,click,2025-01-26 14:14:00
16,27,view,2025-02-07 00:18:00
16,11,click,2025-02-07 13:16:00
16,2,view,2025-02-09 12:28:00
16,22,click,2025-02-14 11:49:00
16,14,click,2025-02-16 14:53:00
16,30,click,2025-02-27 06:27:00
16,27,click,2025-03-05 12:11:00
17,25,view,2025-01-03 09:08:00
17,16,view,2025-01-12 05:07:00
17,1,view,2025-01-14 10:26:00
17,6,view,2025-01-14 14:57:00
17,30,add_to_cart,2025-01-15 17:10:00
17,19,view,2025-01-15 22:28:00
17,8,click,2025-02-12 11:51:00
17,27,click,2025-03-06 18:41:00
18,23,click,2025-01-09 00:10:00
18,20,click,2025-01-11 21:49:00
18,27,click,2025-01-23 16:28:00
18,26,click,2025-02-04 06:53:00
18,4,view,2025-02-22 12:59:00
18,27,view,2025-02-23 16:41:00
18,17,view,2025-03-04 14:14:00
18,22,view,2025-03-07 00:51:00
19,7,view,2025-01-09 04:26:00
19,11,add_to_cart,2025-01-16 14:29:00
19,16,add_to_cart,2025-02-03 06:07:00
19,27,view,2025-02-07 13:22:00
19,9,view,2025-02-16 16:46:00
19,25,view,2025-02-17 18:57:00
19,10,view,2025-02-18 11:41:00
19,28,view,2025-03-07 02:24:00
20,13,view,2025-01-01 00:47:00
20,25,view,2025-01-03 09:18:00
20,19,view,2025-01-03 20:38:00
20,13,view,2025-01-17 13:09:00
20,3,view,2025-01-25 20:30:00
20,30,view,2025-02-02 16:01:00
20,27,view,2025-02-21 09:34:00
20,12,view,2025-03-01 04:30:00
21,11,view,2025-01-15 09:36:00
21,22,add_to_cart,2025-01-16 09:58:00
21,6,view,2025-01-20 08:35:00
21,16,view,2025-01-23 05:29:00
21,26,view,2025-02-01 14:20:00
21,21,click,2025-02-10 18:19:00
21,17,view,2025-02-13 08:02:00
21,23,click,2025-02-27 13:42:00
22,29,view,2025-01-02 12:02:00
22,6,click,2025-01-15 10:22:00
22,29,click,2025-01-18 09:13:00
22,16,view,2025-01-23 14:21:00
22,15,add_to_cart,2025-01-27 16:30:00
22,12,view,2025-02-17 06:15:00
22,19,click,2025-03-03 11:28:00
22,5,view,2025-03-08 08:26:00
23,7,click,2025-01-06 11:19:00
23,14,view,2025-01-17 02:02:00
23,4,click,2025-01-17 03:30:00
23,6,view,2025-01-23 09:44:00
23,16,view,2025-02-02 18:19:00
23,3,view,2025-02-09 16:10:00
23,19,add_to_cart,2025-02-14 18:13:00
23,23,click,2025-02-25 01:46:00
24,29,view,2025-01-01 15:02:00
24,26,click,2025-01-03 12:54:00
24,8,view,2025-01-07 00:15:00
24,27,view,2025-01-14 21:36:00
24,22,view,2025-01-18 03:23:00
24,11,view,2025-02-19 16:06:00
24,3,view,2025-02-25 04:19:00
24,24,view,2025-03-01 23:38:00
25,15,click,2025-01-09 03:38:00
25,3,click,2025-01-18 09:59:00
25,15,view,2025-01-24 17:27:00
25,12,click,2025-02-05 06:59:00
25,21,view,2025-02-05 14:24:00
25,25,view,2025-02-14 03:21:00
25,19,view,2025-02-22 01:14:00
25,14,view,2025-02-25 13:16:00
26,14,view,2025-01-12 06:48:00
26,1,view,2025-01-17 01:15:00
26,21,click,2025-01-18 04:05:00
26,29,view,2025-02-04 22:25:00
26,24,view,2025-02-11 02:30:00
26,1,view,2025-02-11 05:56:00
26,16,click,2025-02-13 23:41:00
26,3,click,2025-03-09 20:35:00
27,25,view,2025-01-03 21:13:00
27,27,view,2025-01-04 07:10:00
27,9,click,2025-01-05 08:32:00
27,11,view,2025-02-06 01:20:00
27,18,click,2025-02-22 04:01:00
27,7,click,2025-03-01 05:53:00
27,14,view,2025-03-09 04:42:00
27,27,click,2025-03-09 10:04:00
28,30,view,2025-01-10 21:43:00
28,16,view,2025-01-25 22:39:00
28,9,view,2025-01-30 19:02:00
28,19,view,2025-02-05 03:14:00
28,3,click,2025-02-06 20:37:00
28,15,view,2025-02-12 14:59:00
28,12,click,2025-02-15 13:08:00
28,14,click,2025-02-24 22:18:00
29,15,add_to_cart,2025-01-07 02:43:00
29,9,view,2025-01-07 13:58:00
29,5,view,2025-01-12 16:02:00
29,1,click,2025-01-23 17:22:00
29,23,click,2025-01-24 05:00:00
29,24,click,2025-02-02 01:00:00
29,6,view,2025-03-08 05:38:00
29,22,view,2025-03-10 20:08:00
30,14,click,2025-01-13 08:47:00
30,22,view,2025-01-17 05:07:00
30,18,view,2025-01-19 16:26:00
30,13,view,2025-01-29 23:55:00
30,19,view,2025-02-03 08:57:00
30,6,click,2025-02-05 20:15:00
30,27,click,2025-02-11 15:52:00
30,13,view,2025-02-21 11:59:00
31,4,click,2025-01-06 03:59:00
31,23,view,2025-01-17 07:23:00
31,14,view,2025-01-23 12:01:00
31,16,view,2025-02-15 23:20:00
31,16,click,2025-02-18 12:21:00
31,19,view,2025-02-20 05:57:00
31,23,add_to_cart,2025-02-21 22:06:00
31,5,view,2025-03-04 22:17:00
32,21,add_to_cart,2025-01-04 08:40:00
32,2,click,2025-02-02 13:09:00
32,28,view,2025-02-17 12:04:00
32,21,view,2025-02-24 06:52:00
32,22,click,2025-02-25 19:15:00
32,21,click,2025-02-25 20:42:00
32,4,click,2025-02-27 00:15:00
32,14,view,2025-03-02 07:35:00
33,23,view,2025-01-03 04:02:00
33,27,click,2025-02-05 05:55:00
33,4,view,2025-02-12 01:59:00
33,5,add_to_cart,2025-02-12 15:42:00
33,18,view,2025-02-13 01:51:00
33,17,view,2025-02-28 20:33:00
33,2,click,2025-03-03 11:21:00
33,25,view,2025-03-04 23:51:00
34,10,view,2025-01-09 10:15:00
34,2,view,2025-01-16 01:56:00
34,30,add_to_cart,2025-01-19 17:47:00
34,16,add_to_cart,2025-01-24 01:25:00
34,1,click,2025-02-15 09:05:00
34,14,view,2025-02-17 13:02:00
34,16,click,2025-02-17 22:33:00
34,5,add_to_cart,2025-03-06 02:44:00
35,3,view,2025-01-22 13:44:00
35,29,add_to_cart,2025-02-01 12:01:00
35,25,click,2025-02-01 15:24:00
35,14,view,2025-02-03 11:25:00
35,2,view,2025-02-11 20:01:00
35,4,click,2025-02-16 20:37:00
35,9,view,2025-02-19 15:12:00
35,16,click,2025-03-05 07:14:00
36,14,click,2025-01-03 22:45:00
36,22,view,2025-01-07 16:13:00
36,22,click,2025-01-15 23:37:00
36,18,click,2025-01-21 16:11:00
36,13,click,2025-01-31 08:17:00
36,14,click,2025-02-14 07:40:00
36,6,click,2025-02-15 09:39:00
36,15,view,2025-02-20 05:08:00
37,18,view,2025-01-05 17:52:00
37,13,view,2025-01-10 17:54:00
37,9,view,2025-01-14 19:00:00
37,28,view,2025-01-23 16:35:00
37,11,view,2025-02-04 08:26:00
37,4,click,2025-02-14 06:14:00
37,8,click,2025-02-25 08:55:00
37,23,click,2025-02-27 06:50:00
38,24,view,2025-01-05 01:33:00
38,20,view,2025-01-07 18:42:00
38,17,view,2025-01-11 15:50:00
38,9,view,2025-01-13 22:21:00
38,11,view,2025-02-03 08:49:00
38,30,add_to_cart,2025-02-16 12:11:00
38,29,view,2025-02-19 14:13:00
38,19,view,2025-03-06 04:10:00
39,14,view,2025-01-12 04:47:00
39,15,view,2025-01-15 18:08:00
39,4,add_to_cart,2025-02-01 20:06:00
39,22,view,2025-02-18 02:15:00
39,25,click,2025-02-18 20:53:00
39,2,click,2025-02-20 14:20:00
39,25,view,2025-02-26 05:06:00
39,27,click,2025-03-02 01:44:00
40,3,view,2025-01-06 22:25:00
40,3,view,2025-01-12 05:42:00
40,23,view,2025-01-29 13:37:00
40,29,view,2025-02-03 19:54:00
40,25,view,2025-02-05 12:56:00
40,24,click,2025-02-06 15:54:00
40,28,click,2025-02-28 21:02:00
40,4,click,2025-02-28 21:19:00
41,26,view,2025-01-03 22:27:00
41,6,view,2025-01-17 02:19:00
41,7,view,2025-02-11 07:08:00
41,20,view,2025-02-18 11:40:00
41,21,view,2025-02-19 02:52:00
41,9,view,2025-02-23 19:51:00
41,8,view,2025-03-06 12:41:00
41,29,view,2025-03-07 22:36:00
42,15,view,2025-01-13 05:01:00
42,2,view,2025-01-17 12:33:00
42,21,view,2025-01-26 17:51:00
42,11,click,2025-01-26 21:53:00
42,16,click,2025-02-09 21:42:00
42,26,view,2025-02-10 20:19:00
42,5,view,2025-02-26 16:01:00
42,12,add_to_cart,2025-03-10 05:38:00
43,28,click,2025-01-19 10:42:00
43,26,click,2025-01-21 19:07:00
43,13,click,2025-01-22 12:30:00
43,19,add_to_cart,2025-01-22 20:17:00
43,18,view,2025-01-28 09:56:00
43,26,view,2025-02-02 00:39:00
43,22,view,2025-02-02 07:19:00
43,16,view,2025-02-28 06:35:00
44,15,click,2025-01-03 23:55:00
44,14,click,2025-01-05 01:46:00
44,29,view,2025-01-18 12:07:00
44,12,view,2025-01-25 00:41:00
44,12,view,2025-01-26 18:22:00
44,24,view,2025-02-07 20:02:00
44,22,click,2025-03-01 17:28:00
44,25,view,2025-03-02 10:27:00
45,27,view,2025-01-12 21:26:00
45,20,view,2025-01-14 11:50:00
45,8,add_to_cart,2025-01-22 05:42:00
45,3,add_to_cart,2025-01-23 07:48:00
45,16,view,2025-02-02 05:51:00
45,25,click,2025-02-27 04:23:00
45,2,click,2025-03-03 03:48:00
45,3,view,2025-03-08 13:01:00
46,21,view,2025-01-02 02:33:00
46,25,add_to_cart,2025-01-02 22:05:00
46,15,view,2025-01-11 03:17:00
46,14,view,2025-02-09 07:45:00
46,8,view,2025-02-12 18:51:00
46,18,view,2025-02-14 06:08:00
46,20,view,2025-03-04 07:29:00
46,3,click,2025-03-04 12:57:00
47,16,add_to_cart,2025-01-08 17:20:00
47,19,view,2025-01-21 01:33:00
47,10,click,2025-01-21 12:30:00
47,17,view,2025-01-24 01:18:00
47,16,click,2025-01-27 20:07:00
47,8,click,2025-02-04 23:41:00
47,21,view,2025-03-04 12:50:00
47,13,view,2025-03-10 09:57:00
48,2,add_to_cart,2025-01-09 03:40:00
48,16,view,2025-01-14 23:29:00
48,14,click,2025-01-17 11:34:00
48,16,view,2025-01-18 10:55:00
48,5,view,2025-01-31 00:48:00
48,9,view,2025-02-02 21:18:00
48,9,view,2025-02-08 05:55:00
48,2,view,2025-02-27 03:17:00
49,2,click,2025-01-01 08:42:00
49,13,click,2025-01-07 01:18:00
49,12,view,2025-01-20 21:59:00
49,1,view,2025-01-28 03:07:00
49,11,view,2025-02-08 20:27:00
49,29,view,2025-02-17 13:08:00
49,29,add_to_cart,2025-02-21 13:30:00
49,3,click,2025-03-08 22:54:00
50,27,view,2025-01-05 10:28:00
50,20,add_to_cart,2025-01-16 19:22:00
50,16,view,2025-02-03 00:59:00
50,2,view,2025-02-08 08:29:00
50,2,view,2025-02-14 12:37:00
50,25,view,2025-02-19 18:14:00
50,16,click,2025-02-20 15:09:00
50,27,click,2025-03-01 05:45:00
51,25,click,2025-01-03 21:08:00
51,18,view,2025-01-06 02:36:00
51,11,view,2025-01-17 16:18:00
51,1,view,2025-01-30 21:45:00
51,12,view,2025-02-06 01:01:00
51,1,view,2025-02-23 17:38:00
51,11,view,2025-02-26 04:48:00
51,27,click,2025-02-27 16:28:00
52,12,view,2025-01-04 05:41:00
52,11,click,2025-01-07 12:19:00
52,3,view,2025-01-29 08:33:00
52,7,click,2025-01-29 09:25:00
52,15,view,2025-02-02 19:28:00
52,9,view,2025-02-11 15:52:00
52,9,view,2025-02-16 03:14:00
52,15,click,2025-02-24 03:54:00
53,6,view,2025-01-11 00:34:00
53,23,view,2025-01-17 12:30:00
53,14,view,2025-01-23 05:34:00
53,24,click,2025-01-28 19:24:00
53,20,click,2025-02-01 07:28:00
53,1,click,2025-02-10 11:56:00
53,29,add_to_cart,2025-02-23 05:28:00
53,10,view,2025-03-06 11:53:00
54,20,click,2025-01-20 15:21:00
54,16,click,2025-01-29 02:44:00
54,6,view,2025-01-30 22:54:00
54,22,view,2025-02-12 12:52:00
54,16,click,2025-02-14 05:20:00
54,25,click,2025-02-16 15:22:00
54,21,view,2025-02-24 13:29:00
54,30,view,2025-03-10 09:58:00
55,1,view,2025-01-09 00:26:00
55,15,view,2025-01-14 19:16:00
55,1,view,2025-01-21 01:04:00
55,23,click,2025-01-28 14:58:00
55,23,add_to_cart,2025-02-06 06:56:00
55,28,view,2025-03-04 11:24:00
55,7,view,2025-03-05 17:57:00
55,22,click,2025-03-07 23:56:00
56,9,click,2025-01-04 13:21:00
56,8,click,2025-01-07 14:26:00
56,13,add_to_cart,2025-01-09 03:16:00
56,1,view,2025-01-18 02:46:00
56,11,view,2025-01-30 07:41:00
56,14,view,2025-02-09 03:56:00
56,12,view,2025-02-09 07:37:00
56,28,click,2025-02-12 05:20:00
57,28,click,2025-01-17 14:41:00
57,3,click,2025-01-25 03:48:00
57,9,click,2025-01-29 15:01:00
57,13,view,2025-02-05 10:12:00
57,19,add_to_cart,2025-02-21 01:15:00
57,3,view,2025-02-22 09:18:00
57,23,add_to_cart,2025-02-22 23:10:00
57,27,add_to_cart,2025-02-25 22:40:00
58,12,view,2025-01-02 04:30:00
58,9,click,2025-01-19 02:50:00
58,14,view,2025-01-23 12:40:00
58,12,view,2025-02-03 05:08:00
58,21,view,2025-02-04 01:08:00
58,12,view,2025-02-05 05:35:00
58,27,view,2025-02-05 06:47:00
58,13,view,2025-02-11 03:10:00
59,16,click,2025-01-18 18:02:00
59,24,click,2025-01-27 08:49:00
59,14,view,2025-02-22 12:50:00
59,15,view,2025-02-25 10:54:00
59,13,click,2025-03-03 00:17:00
59,20,add_to_cart,2025-03-04 05:04:00
59,29,click,2025-03-09 09:57:00
59,20,view,2025-03-10 22:07:00
60,4,view,2025-01-03 04:58:00
60,17,click,2025-01-14 11:14:00
60,30,view,2025-01-17 21:56:00
60,6,view,2025-01-22 05:10:00
60,30,view,2025-01-23 05:48:00
60,26,click,2025-02-21 00:29:00
60,5,view,2025-02-22 00:28:00
60,25,view,2025-03-01 09:33:00
61,5,view,2025-01-12 07:04:00
61,10,click,2025-01-16 16:52:00
61,21,view,2025-01-18 03:30:00
61,13,view,2025-01-21 22:37:00
61,4,view,2025-01-26 12:10:00
61,28,view,2025-02-03 05:04:00
61,27,view,2025-02-09 20:20:00
61,16,view,2025-03-05 03:10:00
62,21,click,2025-01-01 22:56:00
62,26,view,2025-01-08 08:39:00
62,13,add_to_cart,2025-01-15 11:41:00
62,1,click,2025-01-22 04:17:00
62,26,view,2025-02-09 07:38:00
62,15,view,2025-02-12 08:50:00
62,10,view,2025-02-15 11:23:00
62,25,view,2025-02-27 17:37:00
63,25,view,2025-01-04 09:06:00
63,1,click,2025-01-12 10:23:00
63,17,click,2025-01-21 16:16:00
63,1,click,2025-02-09 07:09:00
63,4,click,2025-02-16 23:00:00
63,18,view,2025-02-21 08:15:00
63,28,view,2025-03-03 10:33:00
63,6,click,2025-03-10 09:42:00
64,5,click,2025-01-04 20:58:00
64,14,click,2025-01-07 09:27:00
64,9,view,2025-01-17 05:57:00
64,4,view,2025-01-22 10:35:00
64,20,click,2025-01-23 13:35:00
64,17,view,2025-02-07 04:16:00
64,24,view,2025-02-09 16:53:00
64,1,view,2025-03-06 22:12:00
65,2,view,2025-01-03 14:05:00
65,1,view,2025-01-08 06:01:00
65,11,click,2025-01-10 13:22:00
65,30,view,2025-01-11 23:23:00
65,30,view,2025-02-25 15:56:00
65,24,view,2025-03-01 09:36:00
65,26,view,2025-03-04 19:09:00
65,5,view,2025-03-09 05:52:00
66,18,add_to_cart,2025-01-08 03:31:00
66,28,click,2025-01-12 07:30:00
66,11,click,2025-02-01 08:22:00
66,22,view,2025-02-04 01:56:00
66,2,view,2025-02-20 00:20:00
66,18,view,2025-02-22 18:45:00
66,9,view,2025-02-28 14:40:00
66,4,view,2025-03-03 14:04:00
67,30,view,2025-01-01 10:23:00
67,21,view,2025-01-13 19:29:00
67,6,click,2025-01-26 23:32:00
67,4,add_to_cart,2025-01-30 07:15:00
67,29,view,2025-02-20 19:30:00
67,8,click,2025-02-20 23:41:00
67,22,click,2025-03-07 05:36:00
67,2,view,2025-03-09 14:27:00
68,8,view,2025-01-03 12:44:00
68,21,view,2025-01-04 11:44:00
68,22,click,2025-01-14 16:41:00
68,30,click,2025-02-12 20:49:00
68,23,view,2025-02-14 12:09:00
68,27,add_to_cart,2025-02-17 16:20:00
68,21,click,2025-02-25 19:03:00
68,16,view,2025-03-10 15:46:00
69,14,view,2025-01-06 18:34:00
69,2,add_to_cart,2025-01-26 04:33:00
69,28,click,2025-02-04 14:16:00
69,20,view,2025-02-13 16:47:00
69,18,click,2025-02-25 08:27:00
69,8,click,2025-03-03 09:58:00
69,19,add_to_cart,2025-03-06 05:03:00
69,7,add_to_cart,2025-03-07 21:26:00
70,16,view,2025-01-12 01:01:00
70,7,view,2025-01-26 15:58:00
70,25,view,2025-02-01 14:43:00
70,11,add_to_cart,2025-02-10 05:23:00
70,16,click,2025-02-19 19:34:00
70,16,view,2025-02-21 11:54:00
70,26,click,2025-02-24 06:02:00
70,3,view,2025-03-06 01:55:00
71,21,view,2025-01-01 09:52:00
71,15,view,2025-01-06 17:34:00
71,2,view,2025-01-09 03:11:00
71,7,view,2025-01-27 23:35:00
71,12,add_to_cart,2025-02-16 21:34:00
71,24,add_to_cart,2025-02-19 20:17:00
71,7,click,2025-02-22 00:23:00
71,12,view,2025-03-05 07:46:00
72,12,add_to_cart,2025-01-27 14:31:00
72,18,add_to_cart,2025-02-08 01:33:00
72,15,view,2025-02-12 07:14:00
72,14,view,2025-02-17 12:44:00
72,28,view,2025-02-19 05:44:00
72,18,click,2025-02-21 06:04:00
72,22,view,2025-02-27 21:14:00
72,17,view,2025-03-02 18:22:00
73,25,view,2025-01-11 06:36:00
73,6,click,2025-01-14 06:40:00
73,4,click,2025-02-06 04:12:00
73,27,click,2025-02-09 03:23:00
73,3,add_to_cart,2025-02-16 10:00:00
73,5,view,2025-02-23 00:01:00
73,2,view,2025-02-27 00:24:00
73,26,view,2025-03-09 02:28:00
74,21,click,2025-01-25 11:19:00
74,25,click,2025-01-29 09:49:00
74,15,view,2025-02-06 06:22:00
74,19,view,2025-02-07 13:12:00
74,25,click,2025-02-10 06:28:00
74,26,click,2025-02-17 14:06:00
74,12,click,2025-02-19 12:14:00
74,13,view,2025-02-26 16:37:00
75,8,click,2025-01-09 13:43:00
75,12,click,2025-02-04 11:09:00
75,24,click,2025-02-06 13:40:00
75,1,view,2025-02-07 13:55:00
75,22,view,2025-02-08 14:36:00
75,12,add_to_cart,2025-02-16 12:57:00
75,9,click,2025-02-23 23:37:00
75,11,click,2025-03-02 14:28:00
76,25,view,2025-01-02 12:52:00
76,29,view,2025-01-06 00:36:00
76,23,view,2025-01-21 10:35:00
76,14,view,2025-02-01 22:58:00
76,4,view,2025-02-12 00:48:00
76,16,click,2025-02-14 16:23:00
76,1,view,2025-02-15 05:32:00
76,10,view,2025-02-27 23:04:00
77,20,view,2025-01-17 00:31:00
77,27,add_to_cart,2025-01-22 06:14:00
77,10,view,2025-01-23 09:17:00
77,6,click,2025-01-29 23:14:00
77,16,view,2025-01-30 10:04:00
77,17,view,2025-02-21 01:26:00
77,5,view,2025-02-24 06:29:00
77,15,view,2025-03-07 05:20:00
78,16,click,2025-01-11 23:24:00
78,17,click,2025-01-26 08:02:00
78,18,view,2025-02-06 16:57:00
78,15,view,2025-02-13 13:58:00
78,12,click,2025-02-16 18:57:00
78,13,click,2025-02-22 02:59:00
78,14,add_to_cart,2025-02-26 20:19:00
78,22,click,2025-03-08 19:24:00
79,12,view,2025-01-04 12:21:00
79,1,view,2025-01-20 18:19:00
79,13,click,2025-01-27 23:54:00
79,7,click,2025-02-05 19:10:00
79,30,click,2025-02-11 14:36:00
79,22,click,2025-02-23 17:06:00
79,16,click,2025-03-01 09:30:00
79,25,click,2025-03-06 18:15:00
80,8,view,2025-01-16 01:52:00
80,12,view,2025-01-22 15:38:00
80,23,view,2025-01-25 16:29:00
80,19,view,2025-01-26 22:30:00
80,15,click,2025-02-17 15:48:00
80,24,add_to_cart,2025-02-27 18:52:00
80,6,view,2025-03-01 21:22:00
80,1,click,2025-03-10 02:32:00
81,17,click,2025-01-06 02:16:00
81,22,view,2025-01-10 09:38:00
81,14,click,2025-01-17 04:13:00
81,26,view,2025-02-05 03:36:00
81,4,click,2025-02-09 19:45:00
81,8,add_to_cart,2025-02-14 11:37:00
81,7,view,2025-03-03 09:33:00
81,23,view,2025-03-10 12:56:00
82,26,view,2025-01-01 20:52:00
82,17,view,2025-01-18 19:52:00
82,30,click,2025-02-01 17:00:00
82,2,view,2025-02-09 13:37:00
82,12,view,2025-02-12 22:04:00
82,28,view,2025-02-18 15:48:00
82,24,view,2025-02-24 04:13:00
82,29,view,2025-02-27 08:13:00
83,23,click,2025-01-08 08:09:00
83,18,view,2025-01-10 10:20:00
83,21,view,2025-01-17 03:45:00
83,5,click,2025-01-27 16:20:00
83,22,view,2025-01-30 19:59:00
83,10,click,2025-02-02 12:38:00
83,11,click,2025-02-15 04:19:00
83,3,view,2025-02-20 06:03:00
84,10,view,2025-01-01 10:03:00
84,20,view,2025-01-08 04:12:00
84,3,view,2025-01-17 12:37:00
84,14,view,2025-01-18 03:10:00
84,25,view,2025-01-18 19:28:00
84,14,view,2025-01-26 00:53:00
84,28,add_to_cart,2025-02-08 04:33:00
84,28,view,2025-02-22 08:18:00
85,20,view,2025-01-04 10:33:00
85,7,view,2025-01-20 01:54:00
85,10,click,2025-01-27 10:20:00
85,3,view,2025-02-04 22:34:00
85,12,click,2025-02-09 07:33:00
85,2,click,2025-02-12 20:16:00
85,1,add_to_cart,2025-02-16 17:59:00
85,4,view,2025-02-18 06:22:00
86,20,view,2025-01-02 15:51:00
86,3,view,2025-01-15 11:40:00
86,14,view,2025-01-26 06:32:00
86,3,view,2025-02-16 13:20:00
86,22,view,2025-02-26 00:41:00
86,15,click,2025-02-26 22:42:00
86,22,add_to_cart,2025-03-08 20:57:00
86,5,view,2025-03-09 08:14:00
87,10,click,2025-01-04 07:30:00
87,16,add_to_cart,2025-01-11 21:49:00
87,10,view,2025-01-13 13:40:00
87,27,view,2025-01-25 09:09:00
87,13,view,2025-02-07 03:12:00
87,3,view,2025-02-16 18:09:00
87,1,view,2025-03-04 08:43:00
87,1,click,2025-03-05 22:34:00
88,27,view,2025-01-04 04:42:00
88,3,view,2025-01-10 10:08:00
88,13,view,2025-01-15 19:01:00
88,2,view,2025-01-21 00:08:00
88,5,click,2025-02-10 01:22:00
88,22,view,2025-02-26 06:46:00
88,3,view,2025-03-05 22:15:00
88,19,view,2025-03-08 18:36:00
89,11,add_to_cart,2025-01-10 08:04:00
89,6,view,2025-01-22 02:53:00
89,14,view,2025-01-22 19:38:00
89,7,view,2025-01-23 12:00:00
89,23,click,2025-02-01 17:40:00
89,2,view,2025-02-02 03:58:00
89,21,click,2025-02-05 09:41:00
89,21,view,2025-03-02 04:48:00
90,20,click,2025-01-22 19:28:00
90,19,view,2025-01-27 18:17:00
90,13,view,2025-01-27 21:16:00
90,16,click,2025-02-04 00:38:00
90,27,click,2025-02-09 02:18:00
90,12,view,2025-02-10 23:25:00
90,8,add_to_cart,2025-02-25 02:13:00
90,11,view,2025-03-07 01:40:00
91,8,view,2025-01-19 12:34:00
91,8,add_to_cart,2025-01-23 04:56:00
91,6,view,2025-02-07 09:15:00
91,23,view,2025-02-11 17:22:00
91,10,view,2025-02-13 13:12:00
91,30,click,2025-02-14 07:21:00
91,23,click,2025-03-01 21:55:00
91,5,view,2025-03-06 16:44:00
92,29,view,2025-01-09 13:03:00
92,18,view,2025-01-23 16:39:00
92,11,view,2025-02-08 04:02:00
92,13,view,2025-02-18 22:07:00
92,1,view,2025-02-21 16:27:00
92,16,add_to_cart,2025-02-25 19:24:00
92,26,view,2025-02-26 01:48:00
92,29,view,2025-03-06 23:42:00
93,30,view,2025-01-12 08:57:00
93,27,view,2025-01-18 05:18:00
93,21,click,2025-02-05 16:21:00
93,25,view,2025-02-11 01:53:00
93,13,click,2025-02-13 02:59:00
93,23,view,2025-02-21 13:38:00
93,25,view,2025-02-26 03:33:00
93,2,click,2025-02-28 02:39:00
94,14,click,2025-01-05 01:15:00
94,20,view,2025-01-05 08:01:00
94,27,view,2025-01-06 13:10:00
94,12,click,2025-01-26 04:44:00
94,18,view,2025-02-02 19:34:00
94,2,view,2025-02-11 02:43:00
94,5,view,2025-02-11 06:01:00
94,16,view,2025-02-16 17:31:00
95,3,view,2025-01-17 00:08:00
95,17,click,2025-01-17 13:10:00
95,6,add_to_cart,2025-02-01 18:20:00
95,22,click,2025-02-16 03:55:00
95,20,view,2025-02-16 08:58:00
95,1,view,2025-02-21 14:37:00
95,23,click,2025-02-26 07:35:00
95,7,view,2025-02-27 04:40:00
96,12,click,2025-01-03 14:04:00
96,27,add_to_cart,2025-01-09 16:16:00
96,26,view,2025-01-15 11:43:00
96,19,click,2025-01-16 12:25:00
96,21,view,2025-01-20 07:16:00
96,27,click,2025-01-31 16:39:00
96,24,view,2025-02-14 19:32:00
96,1,click,2025-02-26 09:02:00
97,11,click,2025-01-01 08:03:00
97,14,view,2025-01-26 23:53:00
97,21,view,2025-01-29 19:02:00
97,7,click,2025-01-31 22:04:00
97,13,view,2025-02-06 20:41:00
97,5,view,2025-02-20 20:58:00
97,11,click,2025-03-02 07:40:00
97,25,click,2025-03-10 07:55:00
98,13,view,2025-01-10 05:00:00
98,27,view,2025-01-15 09:20:00
98,23,view,2025-01-15 13:30:00
98,17,view,2025-01-26 01:40:00
98,16,view,2025-01-31 06:21:00
98,8,click,2025-02-01 12:15:00
98,23,add_to_cart,2025-02-15 23:19:00
98,6,view,2025-02-22 07:54:00
99,29,view,2025-01-09 16:40:00
99,21,add_to_cart,2025-01-10 11:08:00
99,12,click,2025-01-31 12:13:00
99,23,view,2025-02-02 01:12:00
99,4,add_to_cart,2025-02-07 23:15:00
99,22,view,2025-02-25 14:39:00
99,4,view,2025-03-02 19:20:00
99,18,click,2025-03-04 21:03:00
100,21,view,2025-01-02 08:44:00
100,27,add_to_cart,2025-01-08 20:43:00
100,10,add_to_cart,2025-01-09 04:38:00
100,16,view,2025-01-11 14:22:00
100,1,view,2025-01-21 13:43:00
100,16,click,2025-01-23 12:14:00
100,24,view,2025-02-18 17:56:00
100,29,click,2025-03-08 22:18:00
101,18,click,2025-01-03 13:47:00
101,23,view,2025-01-14 04:34:00
101,15,view,2025-01-16 17:23:00
101,30,view,2025-01-18 06:07:00
101,1,view,2025-02-02 03:09:00
101,19,click,2025-02-08 16:43:00
101,8,click,2025-02-16 00:13:00
101,5,view,2025-03-05 15:40:00
102,5,view,2025-01-06 03:57:00
102,13,view,2025-01-22 20:04:00
102,28,click,2025-01-24 18:21:00
102,18,view,2025-01-30 16:40:00
102,11,add_to_cart,2025-02-15 23:43:00
102,3,add_to_cart,2025-03-01 03:50:00
102,7,view,2025-03-03 01:26:00
102,18,view,2025-03-08 11:01:00
103,15,view,2025-01-12 14:05:00
103,16,click,2025-01-12 22:44:00
103,17,view,2025-01-13 20:19:00
103,5,view,2025-01-30 16:06:00
103,1,add_to_cart,2025-02-02 16:27:00
103,2,view,2025-02-11 01:46:00
103,25,view,2025-02-16 04:24:00
103,8,add_to_cart,2025-03-09 05:53:00
104,27,click,2025-01-02 21:38:00
104,26,view,2025-01-19 18:13:00
104,27,click,2025-01-25 11:30:00
104,19,view,2025-01-30 14:33:00
104,18,view,2025-02-08 07:03:00
104,15,click,2025-02-13 04:15:00
104,29,view,2025-02-20 09:22:00
104,1,click,2025-02-26 01:24:00
105,1,click,2025-01-01 03:08:00
105,25,view,2025-01-15 22:14:00
105,28,click,2025-01-22 20:19:00
105,17,view,2025-01-25 19:39:00
105,9,view,2025-02-01 06:05:00
105,11,view,2025-02-08 10:51:00
105,19,view,2025-02-09 14:11:00
105,29,view,2025-02-25 23:02:00
106,29,click,2025-01-20 08:00:00
106,23,view,2025-01-23 11:08:00
106,11,view,2025-02-20 21:39:00
106,16,view,2025-02-21 13:55:00
106,22,click,2025-02-21 23:02:00
106,22,view,2025-02-27 06:02:00
106,9,view,2025-03-09 10:55:00
106,10,view,2025-03-11 08:55:00
107,16,add_to_cart,2025-01-03 11:47:00
107,5,add_to_cart,2025-01-16 04:19:00
107,15,view,2025-01-21 21:02:00
107,6,click,2025-02-05 23:17:00
107,6,view,2025-02-08 13:45:00
107,25,click,2025-02-18 21:13:00
107,21,view,2025-02-28 11:53:00
107,30,view,2025-03-06 08:11:00
108,22,view,2025-01-12 13:10:00
108,5,click,2025-01-21 21:13:00
108,13,view,2025-01-27 06:13:00
108,19,view,2025-02-04 10:44:00
108,10,view,2025-02-24 06:44:00
108,12,view,2025-02-26 07:47:00
108,27,view,2025-03-03 16:32:00
108,17,click,2025-03-05 12:58:00
109,17,view,2025-01-20 14:39:00
109,3,click,2025-01-23 16:44:00
109,19,view,2025-01-28 19:40:00
109,23,view,2025-02-01 01:30:00
109,22,click,2025-02-01 03:39:00
109,15,view,2025-02-05 17:21:00
109,2,view,2025-02-07 09:18:00
109,3,click,2025-03-11 06:50:00
110,29,view,2025-01-06 22:54:00
110,11,click,2025-01-11 01:06:00
110,19,view,2025-02-08 00:20:00
110,11,click,2025-02-10 10:54:00
110,7,view,2025-02-13 19:27:00
110,26,view,2025-02-23 14:53:00
110,21,click,2025-02-26 15:55:00
110,27,view,2025-03-10 06:40:00
111,27,click,2025-01-14 23:42:00
111,20,view,2025-01-15 03:17:00
111,7,view,2025-01-24 13:14:00
111,3,add_to_cart,2025-01-27 04:53:00
111,22,view,2025-01-27 18:18:00
111,30,view,2025-01-29 19:47:00
111,18,view,2025-02-01 18:20:00
111,28,click,2025-02-06 07:57:00
112,8,view,2025-01-11 04:24:00
112,27,click,2025-02-08 04:03:00
112,6,click,2025-02-11 05:43:00
112,23,view,2025-02-18 20:49:00
112,11,view,2025-02-25 03:43:00
112,21,click,2025-03-05 08:52:00
112,6,view,2025-03-06 09:10:00
112,20,click,2025-03-06 09:10:00
113,22,add_to_cart,2025-01-08 21:47:00
113,26,click,2025-01-12 17:27:00
113,21,add_to_cart,2025-01-21 15:41:00
113,30,view,2025-01-23 09:35:00
113,28,view,2025-01-31 17:36:00
113,21,add_to_cart,2025-02-02 05:47:00
113,4,view,2025-02-10 03:02:00
113,1,view,2025-02-28 21:47:00
114,15,click,2025-01-09 12:08:00
114,27,click,2025-01-11 12:16:00
114,26,view,2025-01-13 14:55:00
114,29,view,2025-01-22 17:36:00
114,23,view,2025-01-23 20:36:00
114,1,view,2025-02-11 08:19:00
114,5,add_to_cart,2025-03-02 15:02:00
114,25,click,2025-03-05 06:29:00
115,21,click,2025-01-02 05:08:00
115,15,add_to_cart,2025-01-04 21:27:00
115,2,click,2025-01-10 01:14:00
115,10,view,2025-01-25 11:06:00
115,30,view,2025-01-31 15:31:00
115,3,view,2025-02-25 07:01:00
115,21,view,2025-03-09 02:55:00
115,26,view,2025-03-10 21:52:00
116,7,click,2025-01-07 02:54:00
116,1,click,2025-01-13 08:08:00
116,10,click,2025-01-26 03:43:00
116,20,click,2025-01-28 12:45:00
116,3,view,2025-02-07 08:41:00
116,23,view,2025-02-12 15:18:00
116,2,view,2025-03-01 10:22:00
116,21,click,2025-03-08 06:36:00
117,16,view,2025-01-09 07:44:00
117,5,click,2025-01-18 18:49:00
117,8,view,2025-01-22 02:07:00
117,15,click,2025-01-23 13:58:00
117,15,add_to_cart,2025-01-26 14:55:00
117,2,view,2025-01-27 01:26:00
117,1,click,2025-02-04 23:32:00
117,16,view,2025-03-10 09:04:00
118,16,view,2025-01-19 22:37:00
118,16,click,2025-01-28 12:54:00
118,17,view,2025-01-30 12:04:00
118,20,view,2025-02-07 13:47:00
118,24,add_to_cart,2025-02-07 18:52:00
118,1,view,2025-02-13 01:39:00
118,29,add_to_cart,2025-02-14 14:00:00
118,28,view,2025-02-16 07:57:00
119,7,view,2025-01-05 20:31:00
119,4,view,2025-01-18 05:36:00
119,14,view,2025-01-20 00:34:00
119,29,click,2025-01-29 11:39:00
119,29,view,2025-02-02 02:38:00
119,12,view,2025-02-02 15:02:00
119,7,click,2025-02-03 19:00:00
119,24,click,2025-02-26 03:21:00
120,8,click,2025-01-09 11:41:00
120,12,click,2025-01-21 18:21:00
120,26,add_to_cart,2025-01-24 11:02:00
120,17,click,2025-01-28 14:13:00
120,24,view,2025-02-08 01:48:00
120,2,view,2025-02-11 06:40:00
120,7,view,2025-02-25 22:02:00
120,18,click,2025-03-07 06:59:00
121,8,view,2025-01-07 04:53:00
121,26,view,2025-01-12 07:31:00
121,13,view,2025-01-20 18:00:00
121,4,view,2025-02-01 12:51:00
121,3,view,2025-02-18 20:12:00
121,16,view,2025-02-19 23:53:00
121,17,view,2025-02-23 05:29:00
121,23,view,2025-03-02 16:21:00
122,26,click,2025-01-04 16:35:00
122,11,view,2025-01-19 12:35:00
122,2,click,2025-01-27 15:10:00
122,13,view,2025-01-29 17:54:00
122,15,click,2025-01-30 10:54:00
122,24,click,2025-02-15 18:01:00
122,28,view,2025-02-24 19:35:00
122,9,view,2025-02-27 08:24:00
123,26,click,2025-01-07 20:24:00
123,5,view,2025-02-06 00:09:00
123,17,view,2025-02-20 23:28:00
123,18,add_to_cart,2025-02-22 05:54:00
123,7,click,2025-03-01 22:40:00
123,24,view,2025-03-03 12:48:00
123,27,add_to_cart,2025-03-08 21:41:00
123,13,view,2025-03-10 21:09:00
124,14,click,2025-01-09 17:50:00
124,1,view,2025-01-11 16:51:00
124,22,click,2025-01-13 19:42:00
124,22,view,2025-01-15 23:34:00
124,3,view,2025-02-01 17:22:00
124,16,view,2025-02-02 09:26:00
124,17,view,2025-02-08 19:34:00
124,13,add_to_cart,2025-03-03 06:36:00
125,29,view,2025-01-01 12:20:00
125,25,click,2025-01-10 07:53:00
125,18,view,2025-01-16 21:23:00
125,27,click,2025-01-19 08:36:00
125,18,click,2025-02-23 20:24:00
125,16,view,2025-03-04 02:19:00
125,26,click,2025-03-05 11:32:00
125,21,view,2025-03-06 08:15:00
126,19,view,2025-01-06 23:12:00
126,15,click,2025-01-07 13:24:00
126,27,view,2025-01-09 21:31:00
126,14,view,2025-01-31 03:43:00
126,7,click,2025-02-02 23:34:00
126,18,view,2025-02-08 23:44:00
126,17,view,2025-02-18 19:48:00
126,20,view,2025-03-10 12:35:00
127,17,view,2025-01-07 08:26:00
127,15,click,2025-01-12 07:28:00
127,18,click,2025-01-16 06:31:00
127,25,view,2025-01-25 08:35:00
127,7,click,2025-01-29 17:46:00
127,28,view,2025-02-12 15:55:00
127,25,view,2025-02-22 19:36:00
127,6,view,2025-03-02 16:18:00
128,11,view,2025-01-29 06:04:00
128,16,click,2025-01-30 03:06:00
128,17,view,2025-02-03 05:20:00
128,25,view,2025-02-04 20:04:00
128,21,view,2025-02-15 17:36:00
128,20,view,2025-02-16 02:13:00
128,27,view,2025-02-25 10:18:00
128,20,click,2025-02-28 09:34:00
129,22,click,2025-01-15 11:51:00
129,24,view,2025-01-27 07:27:00
129,18,view,2025-01-31 11:53:00
129,21,click,2025-01-31 17:57:00
129,25,view,2025-02-06 05:08:00
129,9,view,2025-02-14 05:58:00
129,29,view,2025-02-14 14:13:00
129,10,view,2025-03-10 05:57:00
130,16,view,2025-01-04 21:21:00
130,19,click,2025-01-09 16:49:00
130,30,view,2025-01-22 04:14:00
130,7,view,2025-02-14 09:04:00
130,19,click,2025-02-23 18:56:00
130,8,click,2025-02-24 15:50:00
130,7,click,2025-03-03 20:42:00
130,21,view,2025-03-09 17:30:00
131,23,click,2025-01-07 13:30:00
131,12,view,2025-01-11 15:43:00
131,19,add_to_cart,2025-01-19 06:44:00
131,4,view,2025-01-31 20:39:00
131,7,click,2025-02-06 11:07:00
131,17,view,2025-02-14 09:00:00
131,13,add_to_cart,2025-02-27 19:44:00
131,6,click,2025-03-03 10:28:00
132,24,click,2025-01-01 00:17:00
132,7,view,2025-01-11 18:52:00
132,20,click,2025-01-21 19:44:00
132,21,view,2025-01-28 15:49:00
132,14,view,2025-02-01 16:59:00
132,25,click,2025-02-12 21:25:00
132,25,click,2025-02-25 21:20:00
132,15,view,2025-02-28 05:51:00
133,22,add_to_cart,2025-01-10 12:02:00
133,4,view,2025-01-11 22:40:00
133,25,add_to_cart,2025-01-17 01:12:00
133,11,view,2025-01-27 09:04:00
133,22,click,2025-01-27 19:32:00
133,1,view,2025-02-07 05:54:00
133,28,view,2025-02-24 16:58:00
133,8,add_to_cart,2025-03-06 16:01:00
134,29,click,2025-01-03 01:59:00
134,27,view,2025-01-11 11:17:00
134,5,click,2025-01-12 05:36:00
134,17,view,2025-01-22 07:52:00
134,4,view,2025-01-23 18:58:00
134,13,view,2025-02-11 00:35:00
134,18,view,2025-02-27 23:45:00
134,24,add_to_cart,2025-03-10 12:56:00
135,6,view,2025-01-02 08:32:00
135,27,view,2025-01-28 09:54:00
135,2,view,2025-01-29 00:13:00
135,4,add_to_cart,2025-02-01 19:19:00
135,25,click,2025-02-05 13:35:00
135,8,view,2025-02-15 19:11:00
135,2,view,2025-02-16 14:44:00
135,9,click,2025-02-20 07:22:00
136,29,view,2025-01-13 02:09:00
136,27,view,2025-02-17 11:04:00
136,10,view,2025-02-20 00:55:00
136,21,view,2025-02-27 01:10:00
136,20,view,2025-02-28 15:52:00
136,22,view,2025-03-01 03:47:00
136,8,click,2025-03-01 08:41:00
136,3,view,2025-03-09 04:54:00
137,22,click,2025-01-02 19:10:00
137,19,add_to_cart,2025-01-23 04:37:00
137,17,view,2025-01-28 12:40:00
137,10,view,2025-02-09 19:00:00
137,5,click,2025-02-15 14:45:00
137,15,view,2025-02-27 15:38:00
137,28,click,2025-03-02 06:56:00
137,4,view,2025-03-03 13:44:00
138,18,view,2025-01-03 02:14:00
138,16,view,2025-01-20 14:17:00
138,7,view,2025-01-26 01:39:00
138,30,view,2025-02-13 05:20:00
138,24,view,2025-02-18 23:28:00
138,9,view,2025-02-22 07:33:00
138,12,view,2025-03-07 18:36:00
138,20,view,2025-03-11 03:20:00
139,1,view,2025-01-09 09:39:00
139,1,view,2025-01-13 14:39:00
139,10,click,2025-01-17 10:45:00
139,15,click,2025-01-26 06:58:00
139,10,view,2025-02-08 18:35:00
139,9,add_to_cart,2025-02-15 21:54:00
139,25,click,2025-02-21 17:17:00
139,3,view,2025-02-24 00:00:00
140,15,view,2025-01-03 00:18:00
140,3,view,2025-01-21 02:17:00
140,11,click,2025-01-22 10:07:00
140,23,add_to_cart,2025-01-22 11:23:00
140,10,view,2025-02-02 00:34:00
140,3,add_to_cart,2025-02-06 07:54:00
140,25,view,2025-02-09 00:17:00
140,15,click,2025-02-26 00:35:00
141,23,view,2025-01-05 05:33:00
141,20,view,2025-01-11 01:36:00
141,2,view,2025-01-17 06:29:00
141,11,view,2025-01-21 09:05:00
141,14,click,2025-01-26 23:19:00
141,24,click,2025-02-28 01:02:00
141,27,view,2025-03-06 08:47:00
141,13,view,2025-03-08 04:11:00
142,23,view,2025-01-07 19:40:00
142,1,view,2025-01-17 23:03:00
142,5,add_to_cart,2025-01-27 01:13:00
142,16,click,2025-01-27 11:47:00
142,13,add_to_cart,2025-02-02 20:06:00
142,10,add_to_cart,2025-02-18 01:11:00
142,17,add_to_cart,2025-02-18 01:53:00
142,3,click,2025-02-22 08:48:00
143,13,view,2025-01-02 07:50:00
143,26,view,2025-01-17 05:49:00
143,12,view,2025-02-02 05:23:00
143,28,view,2025-02-02 23:09:00
143,13,view,2025-02-05 20:34:00
143,1,view,2025-02-09 19:05:00
143,27,click,2025-03-02 14:38:00
143,10,add_to_cart,2025-03-09 18:19:00
144,16,click,2025-01-05 15:45:00
144,11,view,2025-02-02 22:37:00
144,12,view,2025-02-12 02:22:00
144,1,view,2025-02-14 20:06:00
144,29,click,2025-02-21 11:50:00
144,10,view,2025-02-25 19:13:00
144,30,view,2025-03-05 17:08:00
144,2,view,2025-03-09 05:37:00
145,14,add_to_cart,2025-01-01 19:36:00
145,17,view,2025-01-02 08:31:00
145,21,click,2025-01-09 08:20:00
145,12,view,2025-01-26 16:30:00
145,9,view,2025-01-31 13:33:00
145,16,view,2025-02-16 14:25:00
145,18,click,2025-02-25 02:39:00
145,1,view,2025-03-01 21:22:00
146,28,view,2025-01-02 04:56:00
146,19,view,2025-01-03 21:49:00
146,8,click,2025-01-08 22:15:00
146,13,click,2025-01-10 22:04:00
146,4,click,2025-01-11 23:24:00
146,30,click,2025-01-12 19:45:00
146,2,click,2025-02-11 07:57:00
146,5,click,2025-03-07 14:54:00
147,24,click,2025-01-01 13:47:00
147,22,click,2025-01-10 16:21:00
147,29,view,2025-02-03 14:23:00
147,18,click,2025-02-05 21:28:00
147,4,view,2025-02-18 12:58:00
147,20,click,2025-02-18 20:21:00
147,10,view,2025-02-24 23:04:00
147,16,view,2025-02-24 23:24:00
148,10,view,2025-01-01 02:15:00
148,24,click,2025-01-10 21:49:00
148,19,click,2025-01-14 21:22:00
148,26,view,2025-01-28 23:29:00
148,3,view,2025-02-15 18:06:00
148,26,click,2025-02-15 23:42:00
148,4,click,2025-02-18 02:48:00
148,28,view,2025-02-25 21:42:00
149,28,view,2025-01-13 00:09:00
149,10,click,2025-01-21 00:59:00
149,25,view,2025-01-27 02:57:00
149,4,view,2025-01-29 10:29:00
149,5,view,2025-02-06 19:31:00
149,8,add_to_cart,2025-02-08 10:28:00
149,13,view,2025-02-10 14:34:00
149,24,click,2025-02-10 19:40:00
150,10,click,2025-01-02 06:16:00
150,3,view,2025-01-23 03:18:00
150,21,view,2025-02-02 03:43:00
150,3,click,2025-02-06 17:31:00
150,17,click,2025-02-10 20:04:00
150,9,view,2025-02-17 22:37:00
150,15,view,2025-02-27 05:50:00
150,14,view,2025-02-28 00:47:00
151,20,view,2025-01-06 06:06:00
151,9,view,2025-01-16 11:01:00
151,17,view,2025-01-17 04:23:00
151,3,view,2025-01-23 10:06:00
151,6,view,2025-01-25 22:50:00
151,7,view,2025-02-17 01:11:00
151,3,view,2025-03-07 12:55:00
151,24,view,2025-03-08 03:17:00
152,19,view,2025-01-12 18:08:00
152,11,view,2025-01-21 04:22:00
152,28,click,2025-01-26 11:23:00
152,21,view,2025-01-26 20:13:00
152,19,view,2025-02-19 16:06:00
152,23,click,2025-02-24 22:19:00
152,14,view,2025-03-08 19:56:00
152,16,click,2025-03-11 09:58:00
153,5,view,2025-01-18 18:03:00
153,22,view,2025-02-05 17:12:00
153,8,view,2025-02-12 23:18:00
153,15,add_to_cart,2025-02-14 04:39:00
153,14,view,2025-02-16 13:13:00
153,24,view,2025-02-21 09:10:00
153,29,click,2025-02-24 01:24:00
153,21,click,2025-03-10 16:52:00
154,15,click,2025-01-12 23:04:00
154,18,click,2025-01-20 18:16:00
154,27,view,2025-01-31 20:46:00
154,18,click,2025-02-03 12:48:00
154,16,click,2025-02-04 08:17:00
154,24,view,2025-02-05 17:17:00
154,7,click,2025-02-07 12:54:00
154,30,click,2025-02-24 20:10:00
155,20,view,2025-01-04 01:17:00
155,28,click,2025-01-11 08:00:00
155,22,view,2025-01-16 06:40:00
155,30,click,2025-01-17 09:30:00
155,21,click,2025-01-22 12:32:00
155,10,view,2025-01-22 13:29:00
155,25,click,2025-02-18 11:28:00
155,11,view,2025-03-10 16:13:00
156,7,click,2025-01-10 12:32:00
156,13,view,2025-01-14 01:57:00
156,1,click,2025-01-28 14:10:00
156,30,add_to_cart,2025-01-31 21:13:00
156,8,click,2025-02-03 09:54:00
156,7,view,2025-02-08 11:07:00
156,2,view,2025-02-16 15:13:00
156,5,view,2025-02-27 05:03:00
157,5,view,2025-01-09 01:30:00
157,4,click,2025-01-15 00:47:00
157,13,click,2025-01-15 18:46:00
157,9,click,2025-01-18 02:47:00
157,23,click,2025-01-22 23:09:00
157,8,click,2025-01-29 15:15:00
157,24,click,2025-02-26 07:17:00
157,18,click,2025-02-26 17:09:00
158,10,view,2025-01-15 02:59:00
158,14,view,2025-01-18 19:44:00
158,5,add_to_cart,2025-01-18 19:54:00
158,12,view,2025-02-06 07:58:00
158,13,view,2025-02-08 17:37:00
158,11,add_to_cart,2025-02-15 15:34:00
158,26,view,2025-02-27 05:34:00
158,13,click,2025-03-07 11:24:00
159,4,view,2025-01-20 08:52:00
159,8,click,2025-01-22 17:35:00
159,5,view,2025-01-23 13:59:00
159,26,view,2025-01-23 21:40:00
159,1,view,2025-01-31 11:05:00
159,8,view,2025-02-04 13:56:00
159,26,click,2025-03-04 01:23:00
159,2,click,2025-03-06 22:10:00
160,30,view,2025-01-12 22:32:00
160,27,view,2025-01-22 16:03:00
160,20,view,2025-01-26 15:38:00
160,6,click,2025-01-30 06:26:00
160,20,click,2025-02-18 21:47:00
160,26,view,2025-02-25 01:40:00
160,25,click,2025-03-06 23:10:00
160,14,click,2025-03-10 20:42:00
161,15,click,2025-01-08 00:04:00
161,15,click,2025-01-16 05:26:00
161,16,view,2025-01-19 15:16:00
161,15,view,2025-01-19 23:08:00
161,16,click,2025-01-22 07:50:00
161,26,view,2025-02-06 01:33:00
161,24,view,2025-02-28 09:11:00
161,11,click,2025-03-07 22:53:00
162,30,view,2025-01-02 02:19:00
162,2,add_to_cart,2025-01-11 03:07:00
162,3,click,2025-01-15 22:56:00
162,16,add_to_cart,2025-01-28 04:14:00
162,1,view,2025-02-06 03:18:00
162,26,add_to_cart,2025-02-07 23:55:00
162,21,view,2025-02-19 03:27:00
162,28,click,2025-03-06 16:40:00
163,9,click,2025-01-09 21:26:00
163,3,click,2025-01-13 06:43:00
163,6,view,2025-02-01 01:04:00
163,23,view,2025-02-14 18:11:00
163,2,view,2025-02-23 03:55:00
163,19,view,2025-02-24 04:17:00
163,26,view,2025-02-26 13:09:00
163,15,view,2025-03-08 12:21:00
164,8,view,2025-01-01 18:07:00
164,13,view,2025-01-14 03:28:00
164,25,add_to_cart,2025-01-17 10:58:00
164,14,view,2025-02-07 15:38:00
164,20,view,2025-02-15 17:12:00
164,29,view,2025-02-23 23:34:00
164,14,click,2025-02-24 04:04:00
164,14,view,2025-03-09 00:28:00
165,25,click,2025-01-01 00:08:00
165,26,view,2025-01-03 05:08:00
165,10,view,2025-01-07 02:54:00
165,15,click,2025-01-22 22:12:00
165,1,view,2025-02-03 08:28:00
165,7,view,2025-02-06 00:22:00
165,14,click,2025-03-02 12:03:00
165,26,view,2025-03-09 19:36:00
166,12,click,2025-01-11 11:53:00
166,28,click,2025-01-31 01:25:00
166,1,view,2025-02-02 02:05:00
166,30,view,2025-02-12 20:46:00
166,1,click,2025-02-19 14:34:00
166,5,view,2025-02-21 07:19:00
166,7,click,2025-03-01 13:33:00
166,4,view,2025-03-09 20:02:00
167,24,view,2025-01-07 18:55:00
167,25,click,2025-01-17 08:52:00
167,10,click,2025-02-01 02:47:00
167,4,view,2025-02-02 18:17:00
167,27,view,2025-02-04 07:29:00
167,13,view,2025-02-08 03:40:00
167,24,click,2025-02-08 14:37:00
167,14,click,2025-03-09 22:53:00
168,8,view,2025-01-09 13:10:00
168,19,add_to_cart,2025-01-10 02:51:00
168,10,view,2025-01-11 00:02:00
168,3,view,2025-01-27 02:33:00
168,14,click,2025-01-30 19:40:00
168,20,click,2025-01-31 16:23:00
168,21,click,2025-02-02 04:13:00
168,12,click,2025-02-28 17:16:00
169,23,view,2025-01-08 14:57:00
169,27,click,2025-01-17 19:29:00
169,7,view,2025-01-25 15:33:00
169,20,click,2025-01-31 00:28:00
169,14,view,2025-02-01 02:33:00
169,19,view,2025-02-27 19:17:00
169,30,view,2025-02-28 00:09:00
169,3,click,2025-03-06 02:39:00
170,11,view,2025-01-13 23:41:00
170,14,view,2025-01-18 13:56:00
170,15,view,2025-01-18 20:06:00
170,19,click,2025-01-21 11:47:00
170,22,click,2025-02-14 09:46:00
170,17,view,2025-02-19 02:42:00
170,10,click,2025-03-06 10:53:00
170,20,click,2025-03-09 04:01:00
171,2,view,2025-01-15 13:40:00
171,24,view,2025-01-22 11:09:00
171,6,click,2025-01-26 13:59:00
171,18,view,2025-02-26 10:25:00
171,24,view,2025-03-02 01:25:00
171,6,click,2025-03-03 07:51:00
171,9,view,2025-03-05 22:15:00
171,14,add_to_cart,2025-03-06 11:12:00
172,20,click,2025-01-03 00:28:00
172,2,view,2025-01-10 11:57:00
172,21,view,2025-01-11 11:55:00
172,14,view,2025-01-17 20:27:00
172,13,view,2025-01-19 09:11:00
172,16,view,2025-01-30 10:45:00
172,15,view,2025-02-10 08:24:00
172,11,view,2025-02-21 11:29:00
173,1,view,2025-01-01 21:49:00
173,27,view,2025-01-13 14:35:00
173,2,view,2025-01-18 22:24:00
173,26,click,2025-02-02 07:14:00
173,29,click,2025-02-05 12:20:00
173,28,click,2025-02-06 18:55:00
173,10,view,2025-03-02 21:20:00
173,8,view,2025-03-09 01:04:00
174,30,view,2025-01-03 01:59:00
174,14,view,2025-01-26 19:16:00
174,10,view,2025-02-04 07:27:00
174,20,view,2025-02-07 17:50:00
174,26,view,2025-02-24 14:40:00
174,14,view,2025-03-04 06:44:00
174,26,view,2025-03-09 11:34:00
174,1,view,2025-03-11 05:26:00
175,18,view,2025-01-05 20:23:00
175,23,view,2025-01-16 16:54:00
175,19,view,2025-01-19 15:31:00
175,21,click,2025-01-28 18:00:00
175,5,view,2025-02-13 17:10:00
175,28,click,2025-02-27 01:52:00
175,25,view,2025-03-07 17:37:00
175,21,click,2025-03-10 16:17:00
176,8,view,2025-01-29 23:53:00
176,23,click,2025-01-30 19:29:00
176,24,click,2025-02-01 00:30:00
176,24,view,2025-02-06 13:59:00
176,27,view,2025-02-13 16:48:00
176,27,view,2025-02-16 20:02:00
176,17,add_to_cart,2025-02-24 12:06:00
176,19,click,2025-02-25 10:46:00
177,13,view,2025-01-06 03:36:00
177,16,view,2025-01-09 07:21:00
177,2,click,2025-01-10 13:58:00
177,15,add_to_cart,2025-01-15 05:31:00
177,24,add_to_cart,2025-01-27 19:11:00
177,28,click,2025-01-31 12:40:00
177,29,click,2025-02-02 20:47:00
177,8,add_to_cart,2025-02-17 09:24:00
178,17,click,2025-01-10 00:11:00
178,7,click,2025-01-26 01:04:00
178,7,click,2025-02-04 11:22:00
178,27,view,2025-02-06 17:44:00
178,27,view,2025-02-19 09:09:00
178,28,view,2025-02-21 00:05:00
178,14,view,2025-03-05 11:02:00
178,3,view,2025-03-09 10:50:00
179,1,view,2025-01-04 00:05:00
179,19,add_to_cart,2025-01-13 01:55:00
179,21,view,2025-01-22 21:21:00
179,5,click,2025-01-27 17:46:00
179,8,view,2025-02-05 13:56:00
179,27,view,2025-02-07 09:42:00
179,2,view,2025-02-22 23:30:00
179,9,view,2025-03-01 15:05:00
180,20,click,2025-01-05 02:41:00
180,29,view,2025-01-10 22:46:00
180,6,view,2025-01-29 20:36:00
180,13,add_to_cart,2025-02-12 00:30:00
180,23,add_to_cart,2025-02-21 21:15:00
180,27,view,2025-02-27 04:16:00
180,19,view,2025-03-05 06:08:00
180,22,view,2025-03-10 10:14:00
181,17,view,2025-01-01 15:26:00
181,23,view,2025-01-11 02:05:00
181,25,click,2025-01-26 17:43:00
181,13,view,2025-02-13 10:21:00
181,7,click,2025-02-17 17:29:00
181,7,add_to_cart,2025-02-26 22:24:00
181,18,click,2025-03-07 09:04:00
181,12,view,2025-03-10 17:53:00
182,26,view,2025-01-17 11:37:00
182,21,click,2025-01-17 19:36:00
182,30,view,2025-01-26 14:45:00
182,13,view,2025-02-14 04:10:00
182,19,click,2025-02-16 09:32:00
182,29,view,2025-02-24 05:26:00
182,1,view,2025-03-01 20:29:00
182,29,view,2025-03-07 10:55:00
183,10,view,2025-01-19 00:46:00
183,17,view,2025-01-24 00:24:00
183,14,click,2025-01-25 07:29:00
183,14,view,2025-01-26 00:10:00
183,22,view,2025-02-10 04:11:00
183,10,click,2025-02-18 20:15:00
183,15,view,2025-02-25 22:57:00
183,20,add_to_cart,2025-03-06 21:19:00
184,21,view,2025-01-09 09:57:00
184,29,add_to_cart,2025-01-13 21:19:00
184,27,view,2025-01-20 05:03:00
184,9,view,2025-01-26 08:06:00
184,8,view,2025-02-17 13:46:00
184,6,view,2025-02-17 19:59:00
184,11,add_to_cart,2025-02-20 13:41:00
184,10,view,2025-02-25 02:17:00
185,11,click,2025-01-04 14:41:00
185,30,click,2025-01-15 05:20:00
185,12,view,2025-01-17 07:34:00
185,5,view,2025-01-19 01:29:00
185,22,click,2025-02-09 15:06:00
185,9,click,2025-02-12 04:47:00
185,25,click,2025-02-12 15:31:00
185,13,view,2025-03-05 15:52:00
186,8,click,2025-01-02 03:03:00
186,22,click,2025-01-14 04:34:00
186,5,view,2025-01-30 20:26:00
186,29,view,2025-02-09 16:49:00
186,14,add_to_cart,2025-02-17 16:03:00
186,1,click,2025-02-18 18:17:00
186,6,view,2025-03-02 04:01:00
186,15,view,2025-03-09 11:46:00
187,14,view,2025-01-28 23:43:00
187,1,view,2025-01-29 16:16:00
187,5,view,2025-02-06 10:19:00
187,21,click,2025-02-08 13:29:00
187,22,click,2025-02-16 04:22:00
187,15,view,2025-02-17 14:11:00
187,30,click,2025-03-01 10:53:00
187,23,view,2025-03-07 05:31:00
188,19,view,2025-01-07 09:48:00
188,25,view,2025-01-17 05:31:00
188,21,click,2025-01-19 16:22:00
188,4,view,2025-01-20 15:36:00
188,25,add_to_cart,2025-01-29 07:34:00
188,19,click,2025-02-09 05:21:00
188,2,view,2025-02-23 20:41:00
188,26,click,2025-03-10 04:29:00
189,6,view,2025-01-03 11:17:00
189,8,click,2025-01-09 19:35:00
189,24,click,2025-01-12 11:22:00
189,15,view,2025-01-12 11:28:00
189,20,click,2025-02-26 18:10:00
189,28,view,2025-02-27 16:49:00
189,17,view,2025-03-01 18:09:00
189,8,view,2025-03-08 19:49:00
190,15,click,2025-01-05 05:45:00
190,19,click,2025-01-15 01:49:00
190,24,click,2025-01-16 22:36:00
190,23,view,2025-01-26 02:57:00
190,8,view,2025-01-28 09:11:00
190,20,view,2025-02-05 23:18:00
190,28,view,2025-02-16 04:07:00
190,14,click,2025-02-24 00:07:00
191,4,view,2025-01-04 05:06:00
191,24,view,2025-01-10 20:47:00
191,19,click,2025-02-03 22:43:00
191,16,view,2025-02-05 21:48:00
191,20,click,2025-02-18 01:04:00
191,18,view,2025-02-18 17:15:00
191,26,add_to_cart,2025-02-19 01:46:00
191,30,view,2025-02-23 07:58:00
192,16,view,2025-01-17 18:11:00
192,23,view,2025-01-20 22:19:00
192,1,add_to_cart,2025-01-28 01:46:00
192,21,view,2025-01-31 15:44:00
192,11,click,2025-02-04 00:32:00
192,1,add_to_cart,2025-02-07 00:24:00
192,13,view,2025-02-08 00:33:00
192,20,view,2025-02-23 13:25:00
193,21,view,2025-01-01 04:48:00
193,20,view,2025-01-10 12:23:00
193,29,add_to_cart,2025-02-15 02:35:00
193,19,view,2025-02-16 13:24:00
193,14,view,2025-02-21 04:12:00
193,19,click,2025-02-28 21:05:00
193,3,view,2025-03-07 02:38:00
193,24,click,2025-03-08 00:21:00
194,28,view,2025-01-08 06:37:00
194,12,click,2025-01-18 08:21:00
194,5,view,2025-01-27 21:21:00
194,29,view,2025-02-02 18:39:00
194,10,view,2025-02-20 12:52:00
194,19,view,2025-02-21 10:11:00
194,9,click,2025-02-23 05:37:00
194,21,click,2025-03-09 02:16:00
195,18,view,2025-01-01 15:42:00
195,3,click,2025-02-14 11:12:00
195,5,view,2025-02-17 09:16:00
195,7,view,2025-02-23 22:19:00
195,22,view,2025-02-25 15:45:00
195,18,click,2025-02-27 05:00:00
195,5,view,2025-02-27 13:19:00
195,14,click,2025-03-10 16:08:00
196,15,view,2025-01-02 16:19:00
196,26,click,2025-01-10 22:57:00
196,28,view,2025-02-06 06:25:00
196,7,click,2025-02-11 01:40:00
196,28,view,2025-02-11 11:01:00
196,8,view,2025-02-11 11:54:00
196,21,view,2025-03-03 01:59:00
196,25,view,2025-03-09 23:28:00
197,6,view,2025-01-04 07:03:00
197,18,click,2025-01-07 21:18:00
197,21,view,2025-01-14 05:15:00
197,19,view,2025-02-01 23:47:00
197,7,view,2025-02-06 01:48:00
197,27,view,2025-02-12 11:59:00
197,5,click,2025-02-26 00:38:00
197,12,view,2025-02-27 17:51:00
198,29,view,2025-01-04 12:39:00
198,9,click,2025-01-10 22:28:00
198,8,view,2025-01-20 23:56:00
198,28,view,2025-02-04 09:52:00
198,24,view,2025-02-06 02:06:00
198,27,view,2025-02-12 12:58:00
198,24,add_to_cart,2025-02-23 02:43:00
198,24,view,2025-03-10 14:17:00
199,20,view,2025-01-01 00:12:00
199,17,click,2025-01-03 07:42:00
199,24,click,2025-01-09 12:55:00
199,15,click,2025-01-09 18:03:00
199,1,click,2025-01-12 15:37:00
199,11,click,2025-01-13 08:51:00
199,9,view,2025-01-28 01:51:00
199,13,add_to_cart,2025-02-28 17:50:00
200,7,view,2025-01-05 10:27:00
200,5,click,2025-02-09 17:40:00
200,14,click,2025-02-13 17:28:00
200,19,click,2025-02-19 00:27:00
200,1,view,2025-02-27 08:35:00
200,16,view,2025-02-28 18:50:00
200,17,view,2025-03-03 19:41:00
200,22,view,2025-03-04 14:12:00
201,22,click,2025-01-13 16:38:00
201,26,view,2025-01-15 12:00:00
201,20,view,2025-01-19 02:04:00
201,25,click,2025-02-02 13:19:00
201,6,view,2025-02-03 13:04:00
201,15,view,2025-03-01 18:37:00
201,6,click,2025-03-07 01:27:00
201,9,view,2025-03-10 20:40:00
202,11,view,2025-01-05 11:46:00
202,20,click,2025-01-08 16:37:00
202,3,view,2025-01-12 02:01:00
202,11,view,2025-01-14 11:00:00
202,15,click,2025-01-23 20:48:00
202,10,view,2025-02-20 21:05:00
202,13,add_to_cart,2025-02-27 21:48:00
202,29,view,2025-03-01 18:20:00
203,19,view,2025-01-08 00:27:00
203,6,view,2025-01-09 22:10:00
203,3,click,2025-01-11 06:43:00
203,10,view,2025-01-11 12:23:00
203,19,add_to_cart,2025-01-16 19:12:00
203,22,view,2025-01-18 03:57:00
203,20,click,2025-02-22 17:06:00
203,15,view,2025-03-03 22:04:00
204,27,view,2025-01-01 09:00:00
204,16,click,2025-01-02 08:29:00
204,4,click,2025-01-03 10:35:00
204,22,view,2025-01-10 18:01:00
204,23,add_to_cart,2025-01-21 23:45:00
204,11,view,2025-01-25 01:53:00
204,23,view,2025-01-25 07:51:00
204,10,view,2025-02-10 21:37:00
205,26,view,2025-01-02 22:00:00
205,28,view,2025-01-04 07:39:00
205,13,view,2025-01-06 03:54:00
205,24,click,2025-01-06 11:01:00
205,18,view,2025-01-10 23:37:00
205,2,click,2025-01-16 05:34:00
205,23,click,2025-02-05 06:55:00
205,7,view,2025-03-09 09:43:00
206,26,view,2025-01-06 07:21:00
206,6,add_to_cart,2025-01-10 13:27:00
206,8,view,2025-01-12 14:04:00
206,30,click,2025-01-15 04:54:00
206,20,view,2025-01-16 15:35:00
206,15,view,2025-01-19 07:00:00
206,27,view,2025-02-09 02:46:00
206,23,view,2025-03-06 05:18:00
207,3,click,2025-01-05 23:57:00
207,21,view,2025-01-06 01:52:00
207,15,view,2025-01-22 15:26:00
207,19,click,2025-01-24 18:04:00
207,25,add_to_cart,2025-01-26 04:37:00
207,5,view,2025-01-30 13:05:00
207,2,click,2025-01-31 07:47:00
207,22,view,2025-02-25 21:25:00
208,17,view,2025-01-01 07:50:00
208,2,click,2025-01-14 02:06:00
208,17,view,2025-01-26 21:38:00
208,12,view,2025-01-30 22:01:00
208,2,click,2025-02-04 05:25:00
208,13,click,2025-02-08 22:22:00
208,2,click,2025-02-15 00:42:00
208,1,view,2025-03-01 22:19:00
209,17,click,2025-01-08 13:32:00
209,25,view,2025-01-12 09:49:00
209,2,click,2025-01-20 15:41:00
209,10,view,2025-01-23 03:40:00
209,30,click,2025-01-29 02:02:00
209,1,add_to_cart,2025-02-04 10:09:00
209,13,view,2025-02-25 06:47:00
209,20,view,2025-02-26 09:23:00
210,23,view,2025-01-03 21:45:00
210,23,click,2025-01-05 20:28:00
210,15,view,2025-01-16 00:22:00
210,6,click,2025-01-29 03:38:00
210,22,click,2025-02-16 11:59:00
210,18,view,2025-02-18 04:45:00
210,12,add_to_cart,2025-03-02 22:55:00
210,27,view,2025-03-08 04:55:00
211,1,click,2025-01-10 14:21:00
211,4,view,2025-01-11 14:23:00
211,9,view,2025-01-14 19:01:00
211,12,view,2025-01-18 12:00:00
211,28,click,2025-01-23 08:03:00
211,13,view,2025-02-22 03:25:00
211,12,view,2025-02-23 16:12:00
211,10,view,2025-02-24 22:52:00
212,10,add_to_cart,2025-01-12 05:10:00
212,8,view,2025-01-12 13:54:00
212,12,click,2025-01-22 10:20:00
212,1,add_to_cart,2025-01-22 17:58:00
212,23,view,2025-01-29 22:08:00
212,27,click,2025-01-31 01:33:00
212,7,view,2025-02-05 05:55:00
212,9,view,2025-02-08 02:21:00
213,17,click,2025-01-05 08:51:00
213,28,view,2025-01-16 03:35:00
213,7,click,2025-02-02 10:18:00
213,13,view,2025-02-04 18:49:00
213,10,add_to_cart,2025-02-17 08:11:00
213,28,click,2025-02-24 01:13:00
213,4,view,2025-03-06 16:54:00
213,7,view,2025-03-09 15:07:00
214,10,click,2025-01-09 22:15:00
214,11,view,2025-01-19 19:01:00
214,10,view,2025-01-29 14:05:00
214,13,click,2025-01-30 10:25:00
214,20,click,2025-02-08 12:36:00
214,16,click,2025-02-20 13:28:00
214,2,click,2025-03-06 01:02:00
214,24,view,2025-03-06 13:07:00
215,16,click,2025-01-01 07:31:00
215,15,view,2025-01-01 21:19:00
215,10,view,2025-02-11 04:58:00
215,18,click,2025-02-14 16:08:00
215,4,add_to_cart,2025-02-15 06:41:00
215,15,view,2025-02-25 01:34:00
215,3,view,2025-03-06 10:07:00
215,30,view,2025-03-09 13:26:00
216,14,view,2025-01-01 12:51:00
216,25,view,2025-01-02 21:01:00
216,24,click,2025-01-08 04:40:00
216,17,view,2025-01-23 11:18:00
216,27,view,2025-02-07 23:11:00
216,2,click,2025-02-20 22:56:00
216,16,view,2025-02-24 22:54:00
216,12,click,2025-03-07 23:31:00
217,3,click,2025-01-02 02:19:00
217,9,click,2025-01-03 23:51:00
217,15,view,2025-01-13 02:00:00
217,28,view,2025-01-14 08:50:00
217,12,view,2025-01-21 04:21:00
217,26,view,2025-02-13 18:18:00
217,22,view,2025-02-25 10:57:00
217,20,view,2025-03-11 00:06:00
218,13,view,2025-01-01 14:32:00
218,19,view,2025-01-08 18:16:00
218,4,view,2025-01-13 05:49:00
218,4,click,2025-02-14 12:06:00
218,8,add_to_cart,2025-02-19 04:33:00
218,16,view,2025-02-24 06:47:00
218,26,view,2025-02-28 23:17:00
218,4,click,2025-03-05 15:18:00
219,14,view,2025-01-05 17:46:00
219,26,click,2025-01-12 17:33:00
219,13,view,2025-01-30 10:12:00
219,28,view,2025-02-04 20:35:00
219,14,click,2025-02-15 10:16:00
219,4,view,2025-02-28 22:15:00
219,27,view,2025-03-02 04:54:00
219,5,view,2025-03-11 01:08:00
220,12,click,2025-01-27 05:54:00
220,12,view,2025-02-01 02:01:00
220,23,view,2025-02-06 16:31:00
220,16,view,2025-02-16 19:07:00
220,11,click,2025-02-21 00:00:00
220,10,click,2025-02-23 05:54:00
220,21,view,2025-02-27 03:50:00
220,7,click,2025-03-05 02:00:00
221,26,view,2025-01-06 12:50:00
221,7,add_to_cart,2025-01-16 04:10:00
221,28,view,2025-01-23 06:50:00
221,25,click,2025-01-27 01:30:00
221,19,click,2025-02-09 23:55:00
221,26,click,2025-02-22 13:38:00
221,16,view,2025-02-25 03:43:00
221,21,click,2025-02-26 12:42:00
222,5,click,2025-01-06 22:27:00
222,5,click,2025-01-07 06:43:00
222,11,view,2025-01-18 06:57:00
222,10,view,2025-01-30 12:10:00
222,6,view,2025-01-31 02:33:00
222,15,view,2025-02-27 10:58:00
222,13,view,2025-03-06 20:41:00
222,11,click,2025-03-11 04:29:00
223,19,view,2025-01-02 02:28:00
223,4,click,2025-01-05 14:39:00
223,22,click,2025-01-28 11:39:00
223,9,view,2025-02-01 13:40:00
223,7,view,2025-02-03 23:07:00
223,28,view,2025-02-10 23:23:00
223,13,view,2025-02-17 04:43:00
223,7,click,2025-03-04 10:36:00
224,6,view,2025-01-08 16:23:00
224,27,click,2025-01-26 22:02:00
224,10,click,2025-02-12 17:30:00
224,6,view,2025-02-13 23:49:00
224,1,view,2025-02-25 12:50:00
224,18,view,2025-03-03 17:28:00
224,13,view,2025-03-04 23:36:00
224,23,view,2025-03-06 06:38:00
225,18,click,2025-01-01 03:56:00
225,16,view,2025-01-09 00:58:00
225,8,click,2025-02-01 06:58:00
225,14,view,2025-02-02 23:55:00
225,14,view,2025-02-12 08:06:00
225,18,view,2025-02-15 16:33:00
225,13,click,2025-02-18 08:50:00
225,27,view,2025-03-04 03:37:00
226,22,view,2025-01-02 19:05:00
226,1,view,2025-01-12 13:28:00
226,15,click,2025-01-14 21:20:00
226,11,add_to_cart,2025-01-19 17:23:00
226,15,view,2025-01-21 23:34:00
226,18,click,2025-02-04 20:08:00
226,17,view,2025-02-13 21:44:00
226,11,view,2025-02-27 16:22:00
227,12,add_to_cart,2025-01-01 11:57:00
227,29,click,2025-01-09 08:43:00
227,30,view,2025-01-16 00:08:00
227,17,view,2025-01-23 19:17:00
227,21,click,2025-01-28 10:40:00
227,14,view,2025-02-14 22:36:00
227,18,click,2025-02-27 11:16:00
227,28,view,2025-03-02 23:14:00
228,3,view,2025-01-17 17:21:00
228,6,click,2025-01-17 20:02:00
228,17,add_to_cart,2025-01-19 16:55:00
228,17,click,2025-02-05 07:29:00
228,10,click,2025-02-06 00:45:00
228,1,view,2025-02-17 15:20:00
228,6,click,2025-02-18 22:50:00
228,3,view,2025-02-24 19:55:00
229,30,click,2025-01-06 09:04:00
229,11,view,2025-01-10 10:37:00
229,9,view,2025-01-14 23:10:00
229,4,view,2025-01-31 11:29:00
229,19,view,2025-02-06 19:10:00
229,23,view,2025-02-09 19:28:00
229,25,click,2025-02-10 14:51:00
229,26,view,2025-02-25 12:51:00
230,23,view,2025-01-08 16:17:00
230,3,add_to_cart,2025-01-14 21:28:00
230,4,view,2025-01-23 16:38:00
230,23,view,2025-01-27 19:57:00
230,6,click,2025-02-05 22:18:00
230,10,click,2025-02-24 21:32:00
230,1,add_to_cart,2025-02-27 02:19:00
230,25,view,2025-02-27 20:14:00
231,15,click,2025-01-05 12:24:00
231,25,click,2025-01-24 12:03:00
231,3,view,2025-01-25 07:26:00
231,19,view,2025-01-26 06:52:00
231,12,view,2025-01-31 14:21:00
231,20,click,2025-02-06 19:02:00
231,19,view,2025-02-16 08:32:00
231,29,view,2025-03-09 08:49:00
232,4,click,2025-01-02 11:46:00
232,11,view,2025-01-04 20:57:00
232,4,view,2025-01-07 19:46:00
232,16,view,2025-01-11 09:40:00
232,29,view,2025-01-31 03:07:00
232,30,view,2025-02-07 02:13:00
232,30,view,2025-02-21 16:03:00
232,6,view,2025-03-09 15:29:00
233,29,add_to_cart,2025-01-05 06:27:00
233,11,click,2025-01-12 08:53:00
233,11,view,2025-02-08 20:10:00
233,13,view,2025-02-14 04:11:00
233,14,view,2025-02-17 11:11:00
233,14,view,2025-02-19 17:27:00
233,1,view,2025-02-26 02:09:00
233,13,add_to_cart,2025-03-03 03:00:00
234,4,view,2025-01-13 13:09:00
234,14,view,2025-01-20 12:32:00
234,14,view,2025-01-25 18:24:00
234,27,add_to_cart,2025-02-08 23:42:00
234,12,view,2025-02-28 00:10:00
234,17,view,2025-03-04 00:41:00
234,28,view,2025-03-04 02:25:00
234,15,view,2025-03-07 20:28:00
235,14,view,2025-01-05 18:09:00
235,30,view,2025-01-13 17:02:00
235,20,view,2025-01-28 04:54:00
235,6,click,2025-01-31 09:41:00
235,13,view,2025-02-06 01:56:00
235,14,view,2025-02-11 21:41:00
235,23,click,2025-02-21 12:13:00
235,29,click,2025-02-26 20:06:00
236,18,click,2025-01-12 16:35:00
236,23,view,2025-01-22 03:17:00
236,17,click,2025-01-29 22:23:00
236,2,add_to_cart,2025-02-13 03:37:00
236,28,view,2025-02-18 13:06:00
236,10,click,2025-02-23 08:19:00
236,10,click,2025-03-03 13:36:00
236,11,view,2025-03-07 16:09:00
237,3,view,2025-01-25 09:25:00
237,1,click,2025-01-25 14:01:00
237,20,view,2025-02-02 17:02:00
237,10,click,2025-02-04 04:20:00
237,15,view,2025-02-13 21:08:00
237,5,add_to_cart,2025-02-14 10:34:00
237,6,click,2025-02-26 01:22:00
237,12,view,2025-03-04 02:31:00
238,24,view,2025-01-01 20:51:00
238,21,click,2025-01-04 17:49:00
238,23,view,2025-01-07 01:36:00
238,19,view,2025-01-16 21:13:00
238,14,view,2025-01-25 15:21:00
238,30,view,2025-02-16 20:35:00
238,7,view,2025-03-06 19:17:00
238,23,add_to_cart,2025-03-10 17:57:00
239,19,view,2025-01-04 15:21:00
239,13,add_to_cart,2025-01-07 22:08:00
239,26,click,2025-01-23 07:13:00
239,20,click,2025-02-10 06:46:00
239,7,view,2025-02-16 08:06:00
239,6,view,2025-03-07 12:55:00
239,10,view,2025-03-10 14:48:00
239,3,view,2025-03-11 00:25:00
240,9,add_to_cart,2025-01-14 17:18:00
240,5,click,2025-01-21 05:22:00
240,7,view,2025-01-24 08:08:00
240,11,click,2025-01-26 12:16:00
240,2,click,2025-02-18 13:10:00
240,16,click,2025-02-18 15:23:00
240,27,view,2025-02-28 08:05:00
240,8,view,2025-02-28 17:45:00
241,3,click,2025-01-04 03:27:00
241,24,view,2025-01-05 00:01:00
241,20,view,2025-01-20 05:06:00
241,12,view,2025-01-21 03:20:00
241,4,click,2025-01-24 03:20:00
241,9,view,2025-01-24 18:18:00
241,13,view,2025-02-05 13:46:00
241,22,view,2025-02-20 09:07:00
242,13,view,2025-01-25 01:52:00
242,3,click,2025-01-25 02:52:00
242,4,click,2025-01-25 09:20:00
242,22,view,2025-02-02 18:28:00
242,25,click,2025-02-07 00:27:00
242,19,view,2025-02-10 08:37:00
242,10,add_to_cart,2025-02-23 18:55:00
242,10,view,2025-02-27 08:57:00
243,6,view,2025-01-03 23:56:00
243,5,add_to_cart,2025-01-15 13:42:00
243,29,view,2025-02-01 19:43:00
243,24,view,2025-02-12 20:00:00
243,9,view,2025-02-22 03:01:00
243,2,click,2025-03-01 05:54:00
243,1,view,2025-03-02 15:53:00
243,6,click,2025-03-06 19:42:00
244,4,view,2025-01-07 09:04:00
244,25,view,2025-01-21 22:38:00
244,30,click,2025-01-26 18:03:00
244,4,click,2025-01-28 16:15:00
244,6,view,2025-01-29 22:51:00
244,15,click,2025-02-26 03:44:00
244,11,add_to_cart,2025-02-26 12:45:00
244,25,click,2025-02-28 09:45:00
245,19,add_to_cart,2025-01-09 05:15:00
245,12,view,2025-01-14 21:19:00
245,3,view,2025-01-24 18:59:00
245,8,add_to_cart,2025-01-27 11:08:00
245,30,add_to_cart,2025-02-14 16:40:00
245,21,add_to_cart,2025-02-18 04:56:00
245,27,click,2025-02-24 15:17:00
245,4,view,2025-03-04 11:40:00
246,29,view,2025-01-08 19:52:00
246,28,view,2025-01-09 04:21:00
246,7,add_to_cart,2025-01-21 12:02:00
246,21,view,2025-01-25 02:21:00
246,26,click,2025-02-14 14:09:00
246,24,click,2025-02-14 18:08:00
246,3,view,2025-02-19 09:30:00
246,3,click,2025-02-28 15:07:00
247,10,view,2025-01-08 00:19:00
247,4,view,2025-01-20 06:07:00
247,17,view,2025-01-27 06:19:00
247,13,view,2025-02-02 14:58:00
247,6,click,2025-02-02 15:07:00
247,11,view,2025-02-04 20:00:00
247,5,click,2025-02-13 09:31:00
247,29,view,2025-03-05 03:55:00
248,21,view,2025-01-09 19:32:00
248,17,view,2025-01-16 11:43:00
248,24,add_to_cart,2025-02-03 06:18:00
248,9,click,2025-02-03 15:41:00
248,26,view,2025-02-26 08:05:00
248,27,view,2025-03-01 14:20:00
248,19,view,2025-03-04 04:34:00
248,26,click,2025-03-04 18:06:00
249,23,view,2025-01-02 18:10:00
249,20,click,2025-01-05 01:47:00
249,22,view,2025-01-12 07:45:00
249,21,click,2025-01-30 01:22:00
249,22,view,2025-02-03 02:40:00
249,10,view,2025-02-03 13:03:00
249,4,view,2025-02-18 07:03:00
249,17,view,2025-03-09 05:33:00
250,19,view,2025-01-03 04:29:00
250,20,view,2025-01-10 22:19:00
250,25,view,2025-01-14 16:56:00
250,6,add_to_cart,2025-01-21 00:22:00
250,21,view,2025-02-09 14:00:00
250,12,view,2025-02-26 20:20:00
250,26,click,2025-03-06 03:53:00
250,19,view,2025-03-11 07:42:00
251,18,view,2025-01-07 17:19:00
251,17,view,2025-02-01 06:16:00
251,11,view,2025-02-15 15:36:00
251,12,view,2025-02-18 15:28:00
251,22,view,2025-02-19 03:42:00
251,10,view,2025-03-04 09:52:00
251,8,view,2025-03-04 22:05:00
251,9,view,2025-03-07 11:37:00
252,28,view,2025-01-04 07:18:00
252,11,view,2025-01-14 20:37:00
252,26,view,2025-01-14 21:50:00
252,15,view,2025-01-17 14:29:00
252,12,click,2025-01-24 06:40:00
252,1,view,2025-02-02 07:24:00
252,12,view,2025-02-08 11:07:00
252,13,view,2025-02-24 05:36:00
253,6,view,2025-01-07 07:16:00
253,19,click,2025-01-08 16:04:00
253,5,view,2025-01-21 20:54:00
253,8,view,2025-01-24 07:37:00
253,12,view,2025-02-06 01:58:00
253,27,view,2025-02-21 01:14:00
253,28,click,2025-02-27 00:17:00
253,23,click,2025-03-03 07:17:00
254,18,view,2025-01-12 22:36:00
254,13,add_to_cart,2025-01-16 19:05:00
254,19,click,2025-01-21 22:58:00
254,27,view,2025-01-25 12:48:00
254,27,click,2025-01-28 19:02:00
254,13,view,2025-02-13 20:05:00
254,12,view,2025-02-22 12:20:00
254,30,view,2025-02-28 09:14:00
255,7,add_to_cart,2025-01-01 08:36:00
255,9,view,2025-01-16 10:53:00
255,20,view,2025-01-24 10:44:00
255,13,click,2025-02-12 23:28:00
255,4,add_to_cart,2025-02-27 03:19:00
255,29,view,2025-02-27 15:12:00
255,18,view,2025-02-28 02:30:00
255,25,click,2025-03-07 07:14:00
256,29,view,2025-01-04 04:31:00
256,1,view,2025-01-19 14:20:00
256,23,add_to_cart,2025-01-21 18:34:00
256,8,view,2025-01-25 02:33:00
256,28,view,2025-01-27 14:37:00
256,8,view,2025-02-07 12:52:00
256,6,click,2025-02-22 22:51:00
256,6,view,2025-02-28 11:33:00
257,18,view,2025-01-08 23:03:00
257,7,view,2025-01-24 04:08:00
257,30,click,2025-02-05 19:53:00
257,14,view,2025-02-15 17:11:00
257,18,click,2025-02-17 04:26:00
257,12,view,2025-02-25 09:25:00
257,7,view,2025-03-05 07:59:00
257,1,view,2025-03-11 02:03:00
258,6,view,2025-01-20 09:19:00
258,30,click,2025-01-29 09:17:00
258,18,click,2025-01-30 08:44:00
258,19,view,2025-02-07 09:52:00
258,14,view,2025-02-08 20:36:00
258,23,view,2025-02-15 22:15:00
258,8,view,2025-02-18 00:37:00
258,3,view,2025-02-20 18:41:00
259,15,view,2025-01-05 02:20:00
259,1,add_to_cart,2025-01-20 14:12:00
259,9,view,2025-01-21 00:38:00
259,28,view,2025-01-29 12:00:00
259,6,view,2025-02-03 19:31:00
259,5,view,2025-02-18 20:21:00
259,5,view,2025-02-28 03:07:00
259,15,view,2025-03-11 08:30:00
260,24,view,2025-01-09 00:40:00
260,12,view,2025-01-14 06:33:00
260,2,view,2025-01-19 17:20:00
260,16,view,2025-01-28 00:06:00
260,18,view,2025-02-01 10:01:00
260,19,view,2025-02-26 18:17:00
260,10,click,2025-03-03 18:58:00
260,8,view,2025-03-05 18:17:00
261,22,click,2025-01-12 11:11:00
261,26,click,2025-01-21 02:33:00
261,20,view,2025-01-26 02:54:00
261,10,view,2025-01-30 23:44:00
261,14,view,2025-02-03 18:22:00
261,8,view,2025-02-11 01:36:00
261,17,view,2025-02-11 05:48:00
261,17,add_to_cart,2025-03-02 06:34:00
262,3,view,2025-01-04 02:43:00
262,29,view,2025-01-06 00:15:00
262,12,view,2025-01-27 17:55:00
262,10,add_to_cart,2025-01-29 23:59:00
262,29,view,2025-02-01 02:49:00
262,18,add_to_cart,2025-02-16 09:34:00
262,24,view,2025-02-23 21:59:00
262,17,view,2025-03-04 04:49:00
263,29,click,2025-01-17 18:05:00
263,19,view,2025-01-21 14:35:00
263,7,view,2025-02-01 09:00:00
263,29,add_to_cart,2025-02-05 21:12:00
263,28,view,2025-02-07 05:59:00
263,18,add_to_cart,2025-02-15 08:50:00
263,2,view,2025-02-18 03:01:00
263,1,view,2025-03-09 03:58:00
264,9,click,2025-01-01 20:36:00
264,30,click,2025-01-11 08:23:00
264,6,view,2025-01-16 13:42:00
264,3,view,2025-02-01 16:48:00
264,19,click,2025-02-07 13:25:00
264,20,click,2025-02-22 03:55:00
264,1,view,2025-02-28 14:22:00
264,5,view,2025-03-02 10:06:00
265,13,view,2025-01-06 22:10:00
265,6,click,2025-01-08 09:49:00
265,13,click,2025-01-21 11:47:00
265,5,click,2025-02-10 08:19:00
265,4,view,2025-02-12 00:24:00
265,18,add_to_cart,2025-02-17 13:19:00
265,30,click,2025-02-23 09:19:00
265,3,view,2025-02-23 16:15:00
266,27,view,2025-01-07 20:29:00
266,25,view,2025-01-18 22:47:00
266,24,click,2025-01-21 18:35:00
266,7,view,2025-02-13 17:42:00
266,7,click,2025-02-14 05:38:00
266,22,view,2025-02-18 23:00:00
266,17,click,2025-02-20 00:58:00
266,21,click,2025-03-05 06:35:00
267,26,view,2025-01-02 21:35:00
267,20,view,2025-01-03 17:31:00
267,1,click,2025-01-23 12:06:00
267,22,view,2025-01-24 01:08:00
267,5,click,2025-01-26 12:10:00
267,10,view,2025-02-09 23:43:00
267,19,view,2025-03-04 14:05:00
267,15,click,2025-03-07 23:54:00
268,7,click,2025-01-09 08:05:00
268,26,click,2025-01-12 08:58:00
268,23,add_to_cart,2025-01-12 09:16:00
268,27,add_to_cart,2025-01-15 17:29:00
268,6,view,2025-01-21 00:18:00
268,18,click,2025-02-09 09:50:00
268,2,add_to_cart,2025-02-16 00:24:00
268,29,click,2025-02-25 17:31:00
269,3,view,2025-01-02 07:02:00
269,3,click,2025-01-21 00:57:00
269,9,view,2025-01-26 20:49:00
269,24,view,2025-01-27 11:54:00
269,12,view,2025-02-04 19:52:00
269,24,view,2025-02-25 17:58:00
269,26,view,2025-03-08 13:21:00
269,9,click,2025-03-09 18:29:00
270,20,view,2025-01-03 13:06:00
270,1,view,2025-01-11 09:51:00
270,8,view,2025-01-17 01:36:00
270,20,add_to_cart,2025-02-07 02:37:00
270,2,view,2025-02-07 18:06:00
270,6,add_to_cart,2025-02-11 13:11:00
270,13,add_to_cart,2025-02-15 02:00:00
270,21,view,2025-02-24 07:02:00
271,30,view,2025-01-13 00:30:00
271,20,view,2025-01-16 20:44:00
271,17,view,2025-02-01 22:36:00
271,2,view,2025-02-04 12:15:00
271,20,view,2025-02-13 19:13:00
271,3,view,2025-02-20 04:01:00
271,25,view,2025-02-23 01:10:00
271,8,view,2025-02-26 15:07:00
272,29,view,2025-01-02 10:47:00
272,28,click,2025-01-21 18:23:00
272,12,click,2025-01-27 23:20:00
272,20,click,2025-01-31 01:40:00
272,16,add_to_cart,2025-01-31 02:20:00
272,10,click,2025-02-03 14:06:00
272,5,click,2025-02-12 05:33:00
272,23,view,2025-03-03 16:14:00
273,14,add_to_cart,2025-02-07 22:42:00
273,23,view,2025-02-08 23:20:00
273,18,click,2025-02-12 12:35:00
273,13,click,2025-02-16 01:42:00
273,10,add_to_cart,2025-02-20 10:14:00
273,21,click,2025-02-25 17:15:00
273,8,view,2025-03-02 02:09:00
273,25,add_to_cart,2025-03-05 13:09:00
274,6,view,2025-01-02 10:09:00
274,24,click,2025-01-11 17:30:00
274,17,view,2025-01-26 16:52:00
274,9,view,2025-01-27 15:54:00
274,11,view,2025-02-14 09:04:00
274,27,click,2025-02-16 09:34:00
274,24,view,2025-03-03 12:21:00
274,10,view,2025-03-07 15:32:00
275,6,view,2025-01-04 16:07:00
275,20,view,2025-01-08 23:28:00
275,6,view,2025-01-28 18:31:00
275,6,add_to_cart,2025-01-29 20:53:00
275,26,view,2025-02-04 21:24:00
275,9,click,2025-03-02 09:43:00
275,14,click,2025-03-06 15:15:00
275,21,add_to_cart,2025-03-07 05:13:00
276,5,view,2025-01-08 09:07:00
276,20,view,2025-01-08 16:21:00
276,30,view,2025-01-11 16:31:00
276,21,click,2025-01-28 01:33:00
276,18,view,2025-02-06 14:45:00
276,22,click,2025-02-19 00:28:00
276,10,view,2025-03-08 15:25:00
276,14,add_to_cart,2025-03-10 21:09:00
277,24,view,2025-01-08 18:11:00
277,2,view,2025-01-30 00:32:00
277,10,view,2025-02-03 16:55:00
277,13,view,2025-02-08 05:03:00
277,3,view,2025-02-19 22:05:00
277,29,view,2025-02-21 14:49:00
277,1,view,2025-02-26 02:23:00
277,12,click,2025-03-02 10:18:00
278,9,click,2025-01-03 08:33:00
278,9,click,2025-01-05 00:08:00
278,11,view,2025-01-12 23:43:00
278,29,view,2025-01-22 15:24:00
278,8,view,2025-02-01 01:09:00
278,27,add_to_cart,2025-02-09 03:57:00
278,8,view,2025-02-24 20:28:00
278,6,view,2025-03-08 16:09:00
279,20,view,2025-01-24 17:07:00
279,10,add_to_cart,2025-02-06 09:16:00
279,6,click,2025-02-07 22:08:00
279,8,add_to_cart,2025-02-12 16:38:00
279,9,add_to_cart,2025-02-13 14:57:00
279,19,view,2025-02-20 10:00:00
279,24,view,2025-02-22 18:55:00
279,23,view,2025-02-27 04:45:00
280,25,view,2025-01-05 06:54:00
280,18,view,2025-01-25 10:18:00
280,18,view,2025-01-29 00:37:00
280,30,view,2025-02-02 07:34:00
280,27,view,2025-02-03 09:37:00
280,27,view,2025-02-05 16:25:00
280,1,view,2025-02-13 06:07:00
280,26,click,2025-02-13 18:29:00
281,17,click,2025-01-20 23:41:00
281,14,view,2025-01-22 08:39:00
281,6,add_to_cart,2025-02-02 00:30:00
281,27,view,2025-02-06 12:51:00
281,19,click,2025-02-07 21:30:00
281,21,view,2025-02-18 02:09:00
281,28,add_to_cart,2025-02-22 23:27:00
281,19,click,2025-03-05 17:23:00
282,20,click,2025-01-04 19:50:00
282,4,view,2025-01-18 22:30:00
282,3,add_to_cart,2025-01-22 18:40:00
282,17,click,2025-01-26 00:34:00
282,30,click,2025-02-15 13:23:00
282,17,click,2025-02-16 22:21:00
282,23,click,2025-03-04 19:06:00
282,27,click,2025-03-11 08:18:00
283,19,click,2025-01-09 05:52:00
283,14,view,2025-01-14 20:03:00
283,16,view,2025-01-24 14:21:00
283,12,click,2025-02-12 12:54:00
283,2,view,2025-02-14 18:47:00
283,25,view,2025-02-14 18:57:00
283,5,view,2025-02-23 09:38:00
283,14,view,2025-02-26 18:06:00
284,1,view,2025-01-07 03:02:00
284,3,view,2025-02-04 14:41:00
284,28,view,2025-02-07 05:40:00
284,2,click,2025-02-18 10:52:00
284,28,view,2025-02-21 13:00:00
284,19,add_to_cart,2025-02-21 21:27:00
284,16,click,2025-02-24 22:07:00
284,13,view,2025-02-28 20:39:00
285,11,view,2025-01-17 15:00:00
285,8,click,2025-01-24 11:34:00
285,29,click,2025-02-12 21:46:00
285,7,click,2025-02-16 12:43:00
285,16,click,2025-02-23 20:32:00
285,30,view,2025-02-26 08:16:00
285,24,view,2025-02-26 17:13:00
285,8,click,2025-03-04 03:35:00
286,5,view,2025-01-06 07:07:00
286,4,click,2025-01-11 14:41:00
286,22,click,2025-01-16 08:34:00
286,13,view,2025-01-26 19:12:00
286,30,click,2025-01-29 11:06:00
286,25,view,2025-02-15 16:25:00
286,4,view,2025-03-06 08:09:00
286,17,click,2025-03-07 03:27:00
287,11,view,2025-01-17 15:10:00
287,19,click,2025-01-19 12:59:00
287,23,view,2025-01-25 23:38:00
287,2,view,2025-02-02 04:24:00
287,2,view,2025-02-11 03:54:00
287,24,view,2025-02-11 12:27:00
287,6,view,2025-02-15 17:04:00
287,11,view,2025-02-20 02:42:00
288,20,click,2025-01-06 12:10:00
288,17,view,2025-01-15 06:11:00
288,1,add_to_cart,2025-01-31 07:41:00
288,21,click,2025-02-08 22:47:00
288,13,view,2025-02-20 17:37:00
288,7,view,2025-02-21 21:37:00
288,14,view,2025-02-23 09:28:00
288,26,add_to_cart,2025-03-05 08:17:00
289,30,click,2025-01-09 16:45:00
289,30,click,2025-01-11 09:31:00
289,11,add_to_cart,2025-01-13 02:14:00
289,10,view,2025-01-16 21:25:00
289,14,view,2025-02-17 16:31:00
289,13,view,2025-02-23 22:13:00
289,10,click,2025-03-01 03:55:00
289,17,view,2025-03-07 16:43:00
290,21,view,2025-01-06 12:30:00
290,6,view,2025-01-15 10:57:00
290,11,view,2025-01-24 21:37:00
290,3,view,2025-02-09 02:06:00
290,2,view,2025-02-11 13:16:00
290,15,view,2025-02-20 13:04:00
290,30,view,2025-02-28 05:00:00
290,22,click,2025-03-02 11:22:00
291,28,view,2025-01-06 12:43:00
291,1,add_to_cart,2025-01-08 22:20:00
291,18,click,2025-01-15 00:29:00
291,15,view,2025-01-15 16:34:00
291,24,click,2025-01-29 05:40:00
291,21,add_to_cart,2025-02-15 04:44:00
291,29,view,2025-03-03 11:44:00
291,11,add_to_cart,2025-03-07 16:56:00
292,12,view,2025-01-06 10:07:00
292,3,view,2025-01-14 13:29:00
292,2,view,2025-01-20 16:44:00
292,17,click,2025-01-29 00:22:00
292,14,add_to_cart,2025-01-31 11:19:00
292,1,view,2025-02-12 16:51:00
292,26,view,2025-02-14 21:56:00
292,26,view,2025-03-08 15:49:00
293,8,view,2025-01-02 18:30:00
293,7,view,2025-01-24 20:17:00
293,24,click,2025-01-29 23:59:00
293,22,view,2025-02-03 06:03:00
293,11,view,2025-02-04 21:35:00
293,12,click,2025-02-14 11:37:00
293,16,view,2025-02-22 15:52:00
293,19,click,2025-03-04 22:04:00
294,3,view,2025-01-05 23:40:00
294,26,click,2025-01-11 08:38:00
294,11,view,2025-01-19 03:18:00
294,18,view,2025-02-02 06:55:00
294,13,view,2025-02-07 19:41:00
294,17,view,2025-02-10 17:19:00
294,12,click,2025-02-11 10:24:00
294,20,add_to_cart,2025-03-10 15:23:00
295,29,view,2025-01-04 11:01:00
295,14,view,2025-01-08 11:31:00
295,24,click,2025-01-16 14:54:00
295,3,click,2025-02-11 18:11:00
295,25,view,2025-02-14 18:20:00
295,14,view,2025-02-17 03:52:00
295,3,view,2025-02-25 17:55:00
295,20,click,2025-02-26 06:02:00
296,5,view,2025-01-07 01:22:00
296,27,view,2025-01-26 00:36:00
296,26,view,2025-01-30 09:07:00
296,24,view,2025-02-08 05:01:00
296,11,view,2025-02-15 01:04:00
296,13,view,2025-02-17 03:31:00
296,14,click,2025-02-23 09:24:00
296,18,view,2025-03-10 09:21:00
297,28,view,2025-01-03 16:28:00
297,20,click,2025-01-03 23:12:00
297,4,view,2025-01-09 23:19:00
297,4,click,2025-01-19 23:16:00
297,30,view,2025-01-22 21:50:00
297,19,click,2025-01-25 18:29:00
297,20,click,2025-01-28 01:11:00
297,14,view,2025-02-18 00:22:00
298,30,click,2025-01-01 01:06:00
298,24,click,2025-01-03 13:29:00
298,8,click,2025-01-12 02:42:00
298,4,view,2025-01-15 21:09:00
298,8,view,2025-01-27 23:00:00
298,29,view,2025-02-11 03:35:00
298,3,view,2025-02-20 07:24:00
298,9,click,2025-02-21 09:46:00
299,10,view,2025-01-02 04:55:00
299,12,click,2025-01-15 09:55:00
299,13,view,2025-01-18 14:04:00
299,9,view,2025-02-05 13:37:00
299,5,view,2025-02-06 22:07:00
299,20,click,2025-02-24 17:19:00
299,23,add_to_cart,2025-02-27 00:48:00
299,18,view,2025-03-09 23:12:00
300,30,view,2025-01-06 03:41:00
300,27,view,2025-01-08 18:36:00
300,30,view,2025-01-09 21:37:00
300,11,click,2025-01-28 20:43:00
300,14,click,2025-02-01 06:54:00
300,24,view,2025-02-04 00:10:00
300,29,view,2025-02-08 00:22:00
300,9,click,2025-02-23 01:02:00
301,9,click,2025-01-05 07:05:00
301,3,click,2025-01-19 08:40:00
301,28,view,2025-01-20 06:50:00
301,23,click,2025-01-31 08:47:00
301,28,view,2025-02-01 04:16:00
301,2,add_to_cart,2025-02-02 19:53:00
301,3,click,2025-02-05 18:15:00
301,21,view,2025-02-22 02:04:00
302,3,view,2025-01-11 20:06:00
302,3,add_to_cart,2025-01-16 10:50:00
302,14,view,2025-02-03 22:11:00
302,18,click,2025-02-04 17:36:00
302,17,click,2025-02-04 22:14:00
302,16,click,2025-02-11 03:51:00
302,24,view,2025-02-24 21:52:00
302,3,view,2025-03-11 08:01:00
303,11,click,2025-01-07 05:10:00
303,26,click,2025-01-16 23:17:00
303,23,view,2025-01-22 11:07:00
303,24,click,2025-01-25 14:25:00
303,3,add_to_cart,2025-02-07 20:44:00
303,4,view,2025-02-15 15:27:00
303,19,view,2025-02-28 06:49:00
303,20,add_to_cart,2025-03-01 18:41:00
304,5,view,2025-01-03 04:04:00
304,5,click,2025-01-10 16:25:00
304,11,view,2025-01-13 19:35:00
304,8,view,2025-01-27 15:58:00
304,9,click,2025-02-17 12:15:00
304,10,view,2025-02-27 13:47:00
304,15,view,2025-03-02 09:02:00
304,22,view,2025-03-03 17:28:00
305,11,view,2025-01-02 13:26:00
305,25,view,2025-01-29 04:08:00
305,4,view,2025-01-30 15:18:00
305,18,view,2025-02-04 14:45:00
305,18,click,2025-02-13 08:46:00
305,25,click,2025-02-13 12:44:00
305,5,view,2025-03-01 18:02:00
305,17,view,2025-03-08 01:56:00
306,30,view,2025-01-23 22:00:00
306,21,click,2025-01-30 07:16:00
306,11,click,2025-02-02 10:50:00
306,29,view,2025-02-09 07:50:00
306,27,click,2025-02-18 10:23:00
306,27,add_to_cart,2025-02-20 10:15:00
306,25,view,2025-02-20 17:06:00
306,3,click,2025-03-02 01:52:00
307,24,add_to_cart,2025-01-17 02:34:00
307,17,view,2025-01-29 00:10:00
307,28,view,2025-02-09 10:42:00
307,15,view,2025-02-10 12:59:00
307,22,add_to_cart,2025-02-28 09:26:00
307,1,click,2025-02-28 13:06:00
307,18,view,2025-03-03 13:26:00
307,4,view,2025-03-10 11:41:00
308,28,click,2025-01-24 01:02:00
308,5,view,2025-01-25 17:03:00
308,8,view,2025-01-29 07:20:00
308,9,view,2025-01-31 07:55:00
308,10,click,2025-02-22 19:58:00
308,30,view,2025-03-04 23:04:00
308,18,view,2025-03-07 20:26:00
308,12,view,2025-03-09 04:08:00
309,18,click,2025-01-09 07:24:00
309,13,view,2025-01-30 13:50:00
309,23,add_to_cart,2025-02-08 08:43:00
309,18,view,2025-02-08 15:52:00
309,17,add_to_cart,2025-02-13 16:04:00
309,20,click,2025-02-24 20:32:00
309,27,view,2025-03-01 09:36:00
309,25,view,2025-03-05 04:01:00
310,30,view,2025-01-07 00:07:00
310,26,view,2025-01-12 07:41:00
310,14,view,2025-01-17 12:35:00
310,4,view,2025-01-22 22:00:00
310,4,add_to_cart,2025-01-25 03:03:00
310,10,view,2025-01-30 06:50:00
310,5,view,2025-02-08 21:56:00
310,28,view,2025-02-12 06:19:00
311,13,click,2025-01-30 19:33:00
311,8,view,2025-02-08 19:36:00
311,21,view,2025-02-09 01:06:00
311,11,view,2025-02-15 04:32:00
311,3,click,2025-02-19 17:51:00
311,7,add_to_cart,2025-02-28 01:14:00
311,17,view,2025-02-28 20:45:00
311,19,click,2025-03-02 14:45:00
312,20,view,2025-01-17 00:33:00
312,17,click,2025-01-24 15:51:00
312,27,view,2025-02-09 23:47:00
312,25,view,2025-02-17 15:28:00
312,21,add_to_cart,2025-02-18 18:30:00
312,28,view,2025-02-25 10:19:00
312,8,view,2025-03-01 08:57:00
312,16,click,2025-03-02 02:00:00
313,14,view,2025-01-06 17:03:00
313,20,view,2025-01-13 16:44:00
313,2,view,2025-01-15 03:45:00
313,2,view,2025-01-15 16:02:00
313,26,view,2025-01-23 08:19:00
313,2,add_to_cart,2025-01-25 13:54:00
313,26,click,2025-01-31 09:02:00
313,26,view,2025-03-02 06:24:00
314,4,click,2025-01-02 13:42:00
314,23,view,2025-01-09 05:48:00
314,2,click,2025-01-12 01:18:00
314,6,click,2025-01-12 09:00:00
314,13,add_to_cart,2025-02-02 17:42:00
314,9,add_to_cart,2025-02-09 03:42:00
314,23,click,2025-02-20 19:26:00
314,28,click,2025-03-04 18:09:00
315,11,click,2025-01-04 22:51:00
315,3,view,2025-01-05 22:30:00
315,30,click,2025-01-28 20:34:00
315,24,view,2025-02-03 12:38:00
315,29,view,2025-02-15 20:26:00
315,15,click,2025-02-17 18:14:00
315,18,view,2025-02-18 20:39:00
315,4,click,2025-02-26 03:18:00
316,6,view,2025-01-11 13:19:00
316,20,view,2025-01-29 08:29:00
316,9,add_to_cart,2025-01-31 07:23:00
316,25,add_to_cart,2025-02-05 21:45:00
316,10,view,2025-02-09 17:37:00
316,14,add_to_cart,2025-02-11 18:21:00
316,8,view,2025-02-12 00:35:00
316,23,view,2025-03-01 08:06:00
317,18,click,2025-01-17 17:19:00
317,23,view,2025-01-20 00:52:00
317,22,click,2025-01-29 08:05:00
317,27,view,2025-02-09 15:29:00
317,17,view,2025-02-14 02:46:00
317,20,click,2025-02-26 13:55:00
317,8,view,2025-03-01 09:14:00
317,20,view,2025-03-01 21:18:00
318,22,add_to_cart,2025-01-06 06:03:00
318,1,view,2025-01-13 08:31:00
318,10,view,2025-01-24 14:38:00
318,26,click,2025-02-11 15:56:00
318,12,view,2025-02-16 15:50:00
318,11,view,2025-02-19 10:14:00
318,2,view,2025-02-26 07:26:00
318,9,click,2025-03-06 07:45:00
319,26,click,2025-01-01 21:34:00
319,15,view,2025-01-15 02:33:00
319,3,click,2025-01-21 05:30:00
319,27,add_to_cart,2025-01-29 05:33:00
319,23,add_to_cart,2025-02-15 13:18:00
319,15,view,2025-03-02 07:45:00
319,9,view,2025-03-08 13:31:00
319,25,view,2025-03-10 08:32:00
320,14,click,2025-01-05 18:54:00
320,5,view,2025-01-19 01:52:00
320,12,view,2025-01-24 12:59:00
320,27,click,2025-02-06 09:27:00
320,29,view,2025-02-14 00:05:00
320,21,click,2025-02-24 09:56:00
320,22,view,2025-03-06 05:43:00
320,12,click,2025-03-06 15:25:00
321,22,view,2025-01-03 21:06:00
321,1,click,2025-01-09 02:05:00
321,20,add_to_cart,2025-01-18 07:38:00
321,20,click,2025-01-25 20:44:00
321,12,click,2025-02-05 02:30:00
321,20,view,2025-02-12 16:21:00
321,23,view,2025-02-16 09:22:00
321,15,view,2025-03-04 19:20:00
322,18,view,2025-01-01 11:26:00
322,3,view,2025-01-07 02:37:00
322,26,click,2025-01-09 00:35:00
322,6,view,2025-01-19 04:35:00
322,22,view,2025-02-11 03:11:00
322,24,view,2025-02-14 17:39:00
322,23,click,2025-02-26 07:37:00
322,28,view,2025-02-27 21:27:00
323,5,view,2025-01-09 20:40:00
323,5,click,2025-02-13 18:20:00
323,2,click,2025-02-14 23:58:00
323,26,view,2025-02-18 22:38:00
323,18,view,2025-02-27 15:31:00
323,18,view,2025-03-02 20:06:00
323,25,view,2025-03-08 09:21:00
323,3,click,2025-03-08 18:53:00
324,2,view,2025-01-03 19:11:00
324,1,view,2025-01-30 00:23:00
324,28,click,2025-02-11 08:59:00
324,9,view,2025-02-14 04:28:00
324,18,click,2025-02-17 10:30:00
324,14,add_to_cart,2025-02-27 03:45:00
324,8,view,2025-02-28 00:25:00
324,9,view,2025-02-28 07:55:00
325,4,click,2025-01-19 12:06:00
325,16,view,2025-01-27 15:49:00
325,18,add_to_cart,2025-01-30 16:44:00
325,8,click,2025-01-31 14:36:00
325,6,view,2025-02-08 11:36:00
325,26,click,2025-02-10 01:26:00
325,26,add_to_cart,2025-02-12 10:23:00
325,21,click,2025-03-07 14:20:00
326,14,click,2025-01-04 21:21:00
326,4,view,2025-01-15 17:00:00
326,10,view,2025-01-18 18:14:00
326,16,click,2025-01-24 10:40:00
326,29,click,2025-01-31 10:42:00
326,11,view,2025-02-15 01:38:00
326,25,view,2025-02-23 20:57:00
326,4,add_to_cart,2025-03-11 06:43:00
327,13,view,2025-01-03 22:51:00
327,1,view,2025-01-20 12:13:00
327,19,view,2025-02-01 03:40:00
327,4,view,2025-02-02 19:58:00
327,6,view,2025-02-04 17:25:00
327,17,click,2025-02-04 18:45:00
327,5,view,2025-02-12 23:31:00
327,21,view,2025-02-26 18:36:00
328,29,view,2025-01-07 14:51:00
328,2,click,2025-01-21 05:42:00
328,8,view,2025-01-23 06:48:00
328,7,view,2025-01-23 12:41:00
328,28,click,2025-01-23 20:22:00
328,5,view,2025-01-27 01:08:00
328,18,view,2025-02-11 03:08:00
328,4,click,2025-02-25 04:06:00
329,30,view,2025-01-13 18:42:00
329,28,add_to_cart,2025-01-18 11:53:00
329,24,view,2025-01-22 08:24:00
329,23,click,2025-02-03 04:46:00
329,28,click,2025-02-11 17:38:00
329,7,click,2025-02-19 17:57:00
329,8,click,2025-02-25 01:56:00
329,18,view,2025-03-04 06:47:00
330,24,view,2025-01-10 20:20:00
330,9,view,2025-01-11 11:29:00
330,6,click,2025-01-15 07:59:00
330,16,view,2025-01-16 14:07:00
330,28,view,2025-01-20 13:33:00
330,12,click,2025-02-19 09:44:00
330,6,view,2025-02-28 19:50:00
330,18,view,2025-03-05 04:11:00
331,6,view,2025-01-02 21:30:00
331,29,click,2025-01-04 07:41:00
331,27,view,2025-01-13 03:35:00
331,3,view,2025-01-19 01:52:00
331,16,add_to_cart,2025-02-01 03:33:00
331,2,view,2025-02-01 06:32:00
331,2,view,2025-02-23 11:32:00
331,10,view,2025-03-04 09:01:00
332,14,view,2025-01-02 05:08:00
332,11,click,2025-01-16 03:36:00
332,28,click,2025-02-01 17:51:00
332,13,click,2025-02-09 19:59:00
332,3,add_to_cart,2025-02-19 00:06:00
332,1,view,2025-03-04 16:34:00
332,2,view,2025-03-06 17:21:00
332,24,view,2025-03-08 05:07:00
333,16,click,2025-01-09 20:19:00
333,14,click,2025-01-12 17:00:00
333,17,click,2025-01-15 14:37:00
333,4,view,2025-01-27 23:24:00
333,26,view,2025-01-30 14:07:00
333,27,view,2025-02-08 18:48:00
333,18,view,2025-02-11 00:24:00
333,1,view,2025-02-25 05:42:00
334,20,view,2025-01-13 06:48:00
334,22,view,2025-01-16 15:07:00
334,15,view,2025-01-20 17:19:00
334,6,click,2025-01-28 23:31:00
334,8,click,2025-02-03 19:53:00
334,27,view,2025-02-04 08:20:00
334,21,view,2025-02-08 00:04:00
334,29,click,2025-02-21 01:48:00
335,23,view,2025-01-07 08:05:00
335,7,view,2025-01-09 21:53:00
335,5,add_to_cart,2025-01-10 10:19:00
335,19,view,2025-01-21 00:30:00
335,13,view,2025-02-01 23:30:00
335,24,click,2025-02-04 12:45:00
335,30,view,2025-02-05 00:14:00
335,21,view,2025-03-03 23:33:00
336,22,click,2025-01-03 05:26:00
336,5,click,2025-01-04 15:00:00
336,7,view,2025-01-10 21:51:00
336,20,view,2025-01-17 13:28:00
336,28,view,2025-02-07 01:38:00
336,4,click,2025-02-08 00:36:00
336,10,view,2025-02-13 15:45:00
336,16,click,2025-02-21 11:51:00
337,1,click,2025-01-05 12:06:00
337,23,click,2025-01-13 14:15:00
337,14,view,2025-01-29 12:56:00
337,29,view,2025-02-07 12:35:00
337,9,view,2025-02-15 18:36:00
337,11,add_to_cart,2025-02-26 04:23:00
337,17,click,2025-03-09 21:46:00
337,6,view,2025-03-10 11:22:00
338,18,click,2025-01-28 16:35:00
338,9,view,2025-02-01 19:21:00
338,17,view,2025-02-06 07:22:00
338,3,view,2025-02-08 11:33:00
338,13,click,2025-02-10 01:51:00
338,27,click,2025-02-15 16:40:00
338,3,click,2025-02-23 04:42:00
338,25,view,2025-02-25 18:28:00
339,26,click,2025-01-12 11:37:00
339,23,click,2025-01-20 17:56:00
339,14,view,2025-01-22 12:32:00
339,18,add_to_cart,2025-01-29 03:11:00
339,21,add_to_cart,2025-02-06 10:10:00
339,29,view,2025-02-12 18:56:00
339,2,click,2025-02-20 01:51:00
339,23,view,2025-02-20 08:56:00
340,13,click,2025-01-19 10:40:00
340,21,view,2025-01-28 06:45:00
340,6,view,2025-02-06 08:20:00
340,27,view,2025-02-19 01:36:00
340,30,click,2025-02-20 11:18:00
340,17,click,2025-03-02 04:14:00
340,1,click,2025-03-03 13:25:00
340,12,click,2025-03-07 00:01:00
341,8,view,2025-01-20 04:06:00
341,26,click,2025-01-20 09:21:00
341,2,add_to_cart,2025-02-05 10:35:00
341,11,view,2025-02-06 15:10:00
341,12,view,2025-02-12 18:41:00
341,6,view,2025-02-26 15:22:00
341,13,click,2025-03-07 03:44:00
341,30,view,2025-03-07 23:41:00
342,4,view,2025-01-07 02:32:00
342,28,view,2025-01-11 22:22:00
342,3,view,2025-01-27 04:08:00
342,6,view,2025-01-29 22:04:00
342,2,view,2025-02-04 18:32:00
342,25,add_to_cart,2025-02-04 23:02:00
342,27,view,2025-02-13 02:07:00
342,27,view,2025-03-08 02:16:00
343,2,click,2025-01-13 12:48:00
343,9,click,2025-01-31 01:27:00
343,30,view,2025-01-31 15:56:00
343,20,view,2025-02-02 11:20:00
343,5,view,2025-02-03 05:33:00
343,25,view,2025-02-04 18:34:00
343,17,view,2025-02-11 11:48:00
343,1,add_to_cart,2025-02-14 14:00:00
344,1,click,2025-01-22 03:12:00
344,5,click,2025-01-25 02:09:00
344,11,view,2025-01-27 06:04:00
344,28,view,2025-01-27 09:24:00
344,19,view,2025-02-12 07:08:00
344,2,view,2025-02-24 05:59:00
344,26,click,2025-03-04 11:18:00
344,7,view,2025-03-07 02:05:00
345,7,view,2025-01-02 20:40:00
345,10,click,2025-01-05 20:55:00
345,13,view,2025-01-18 13:32:00
345,2,click,2025-02-01 11:12:00
345,11,click,2025-02-09 08:26:00
345,14,click,2025-02-17 16:27:00
345,28,click,2025-02-20 11:05:00
345,1,view,2025-03-02 23:14:00
346,17,add_to_cart,2025-01-07 16:06:00
346,17,view,2025-01-12 08:05:00
346,6,view,2025-01-22 23:22:00
346,24,click,2025-02-02 13:27:00
346,5,view,2025-02-17 01:33:00
346,9,view,2025-02-18 07:02:00
346,12,view,2025-03-06 10:18:00
346,27,click,2025-03-11 04:42:00
347,22,click,2025-01-08 20:45:00
347,14,view,2025-01-28 07:04:00
347,16,add_to_cart,2025-01-28 18:58:00
347,13,view,2025-01-31 02:24:00
347,7,add_to_cart,2025-02-12 05:02:00
347,28,view,2025-02-19 08:08:00
347,7,view,2025-02-22 14:11:00
347,9,view,2025-02-23 06:04:00
348,22,view,2025-01-22 13:24:00
348,4,view,2025-01-23 21:23:00
348,6,view,2025-02-06 01:31:00
348,20,view,2025-02-13 11:41:00
348,21,view,2025-02-16 00:16:00
348,15,click,2025-03-05 16:47:00
348,24,click,2025-03-07 09:36:00
348,21,view,2025-03-08 07:12:00
349,8,view,2025-01-05 16:27:00
349,14,click,2025-01-06 13:20:00
349,18,click,2025-01-18 11:29:00
349,9,view,2025-01-19 09:59:00
349,25,view,2025-01-23 20:00:00
349,16,view,2025-02-03 12:44:00
349,18,view,2025-02-14 23:29:00
349,8,click,2025-02-17 15:30:00
350,8,click,2025-01-14 12:48:00
350,15,view,2025-01-26 16:11:00
350,19,view,2025-01-27 12:31:00
350,29,view,2025-02-12 23:18:00
350,26,view,2025-02-13 14:58:00
350,23,view,2025-02-19 17:24:00
350,10,view,2025-02-20 16:36:00
350,30,click,2025-03-10 07:27:00
351,30,click,2025-01-05 22:14:00
351,2,view,2025-01-11 23:34:00
351,9,view,2025-01-16 16:26:00
351,14,click,2025-02-04 02:20:00
351,5,click,2025-02-11 05:50:00
351,9,view,2025-02-20 17:12:00
351,2,view,2025-02-27 17:33:00
351,26,view,2025-03-02 02:47:00
352,24,view,2025-01-13 03:04:00
352,10,view,2025-01-16 03:49:00
352,17,click,2025-01-21 05:07:00
352,28,add_to_cart,2025-01-27 08:26:00
352,24,click,2025-02-02 04:40:00
352,21,view,2025-02-04 00:09:00
352,2,view,2025-02-10 10:06:00
352,19,view,2025-02-28 00:48:00
353,21,view,2025-01-12 09:45:00
353,23,view,2025-01-28 20:51:00
353,10,view,2025-02-01 18:15:00
353,7,view,2025-02-02 00:55:00
353,22,view,2025-02-16 09:36:00
353,27,click,2025-02-17 02:32:00
353,23,view,2025-02-20 07:19:00
353,19,click,2025-02-25 20:40:00
354,3,view,2025-01-17 09:31:00
354,2,view,2025-01-24 00:23:00
354,16,click,2025-02-16 01:53:00
354,5,click,2025-02-17 03:44:00
354,10,view,2025-02-20 17:08:00
354,5,view,2025-03-01 15:37:00
354,27,view,2025-03-02 20:36:00
354,30,view,2025-03-11 03:39:00
355,2,add_to_cart,2025-01-01 18:15:00
355,3,view,2025-01-15 14:22:00
355,1,view,2025-01-29 20:50:00
355,6,view,2025-02-05 07:44:00
355,22,view,2025-02-17 18:50:00
355,30,view,2025-02-18 23:03:00
355,25,view,2025-02-22 13:22:00
355,11,view,2025-03-02 13:29:00
356,22,click,2025-01-05 23:19:00
356,18,click,2025-01-21 09:32:00
356,9,click,2025-01-29 11:21:00
356,8,view,2025-01-30 16:34:00
356,11,view,2025-01-31 13:27:00
356,1,view,2025-02-05 12:22:00
356,22,view,2025-02-13 03:41:00
356,22,view,2025-02-28 14:51:00
357,24,view,2025-01-14 07:17:00
357,28,view,2025-01-23 19:49:00
357,16,add_to_cart,2025-01-28 02:36:00
357,28,click,2025-02-06 04:32:00
357,9,view,2025-02-14 09:26:00
357,7,view,2025-02-25 16:36:00
357,26,view,2025-02-28 14:28:00
357,23,view,2025-03-10 08:53:00
358,24,click,2025-01-05 11:20:00
358,28,click,2025-01-05 23:54:00
358,18,add_to_cart,2025-01-29 11:02:00
358,13,add_to_cart,2025-02-03 08:07:00
358,5,view,2025-02-17 04:18:00
358,8,view,2025-02-19 04:09:00
358,10,click,2025-03-09 07:47:00
358,11,add_to_cart,2025-03-10 23:58:00
359,20,view,2025-01-14 02:20:00
359,8,click,2025-01-28 10:36:00
359,15,view,2025-02-02 08:01:00
359,16,view,2025-02-07 22:14:00
359,5,click,2025-03-04 18:06:00
359,25,view,2025-03-05 01:09:00
359,19,view,2025-03-06 06:26:00
359,12,view,2025-03-11 01:47:00
360,25,click,2025-01-02 00:36:00
360,4,click,2025-01-22 05:06:00
360,29,view,2025-02-04 20:41:00
360,27,add_to_cart,2025-02-15 07:11:00
360,22,view,2025-02-16 08:49:00
360,24,view,2025-02-21 15:09:00
360,29,view,2025-02-26 18:26:00
360,6,click,2025-02-28 05:21:00
361,5,view,2025-01-04 06:28:00
361,28,view,2025-01-05 01:01:00
361,19,click,2025-01-09 05:04:00
361,17,click,2025-01-30 11:35:00
361,13,view,2025-03-03 14:16:00
361,11,click,2025-03-05 01:25:00
361,20,view,2025-03-06 13:17:00
361,3,view,2025-03-10 20:17:00
362,8,view,2025-01-10 01:21:00
362,19,view,2025-01-20 03:52:00
362,24,view,2025-01-29 07:12:00
362,8,view,2025-02-02 12:07:00
362,1,click,2025-02-08 08:59:00
362,3,view,2025-02-12 07:25:00
362,5,view,2025-03-03 05:32:00
362,11,click,2025-03-07 05:22:00
363,12,view,2025-01-05 10:25:00
363,28,view,2025-01-24 04:39:00
363,25,click,2025-02-12 22:04:00
363,26,add_to_cart,2025-02-14 00:50:00
363,18,view,2025-02-22 17:11:00
363,26,click,2025-03-01 01:03:00
363,20,click,2025-03-02 20:11:00
363,30,view,2025-03-09 16:16:00
364,20,add_to_cart,2025-01-19 10:57:00
364,2,click,2025-01-26 20:04:00
364,2,view,2025-02-01 00:15:00
364,21,add_to_cart,2025-02-19 03:24:00
364,13,click,2025-02-20 16:17:00
364,13,view,2025-02-20 23:14:00
364,9,view,2025-02-28 21:35:00
364,26,view,2025-03-10 17:59:00
365,2,view,2025-01-11 17:36:00
365,13,click,2025-01-14 02:10:00
365,4,view,2025-01-16 11:53:00
365,21,click,2025-01-16 22:56:00
365,23,click,2025-01-23 00:05:00
365,26,add_to_cart,2025-02-13 00:39:00
365,11,click,2025-02-20 18:34:00
365,13,view,2025-02-23 08:50:00
366,16,view,2025-01-22 00:04:00
366,13,view,2025-01-27 10:55:00
366,13,view,2025-01-27 18:25:00
366,24,view,2025-02-04 10:48:00
366,5,view,2025-02-05 15:12:00
366,18,view,2025-02-11 08:28:00
366,3,click,2025-02-13 00:14:00
366,24,view,2025-02-18 21:44:00
367,15,view,2025-01-27 05:54:00
367,17,view,2025-02-14 19:15:00
367,13,click,2025-02-15 15:44:00
367,13,view,2025-02-18 15:01:00
367,19,view,2025-02-19 12:36:00
367,29,view,2025-02-20 22:40:00
367,11,view,2025-02-28 17:54:00
367,11,view,2025-03-09 10:10:00
368,27,view,2025-02-04 23:34:00
368,11,view,2025-02-09 22:54:00
368,2,view,2025-02-15 20:42:00
368,9,click,2025-02-21 08:33:00
368,26,click,2025-02-22 13:05:00
368,12,view,2025-03-09 01:04:00
368,14,view,2025-03-10 11:09:00
368,12,view,2025-03-10 15:35:00
369,2,view,2025-01-01 11:39:00
369,14,view,2025-01-03 01:20:00
369,8,view,2025-01-05 06:13:00
369,3,click,2025-01-08 18:25:00
369,1,click,2025-01-28 18:44:00
369,22,add_to_cart,2025-02-03 19:07:00
369,27,view,2025-02-10 16:38:00
369,18,view,2025-02-27 01:19:00
370,18,click,2025-01-01 20:01:00
370,8,click,2025-01-05 21:46:00
370,8,view,2025-01-26 22:08:00
370,9,view,2025-02-06 09:21:00
370,2,view,2025-02-12 22:54:00
370,9,add_to_cart,2025-02-21 01:24:00
370,4,view,2025-03-04 08:12:00
370,8,view,2025-03-09 17:07:00
371,17,view,2025-01-19 04:23:00
371,17,view,2025-02-06 22:15:00
371,2,click,2025-02-14 23:18:00
371,15,view,2025-02-25 13:19:00
371,14,click,2025-03-04 06:13:00
371,8,view,2025-03-04 21:46:00
371,4,view,2025-03-09 04:46:00
371,26,click,2025-03-10 07:50:00
372,14,click,2025-01-03 14:26:00
372,1,view,2025-01-07 01:20:00
372,22,click,2025-01-17 20:12:00
372,25,view,2025-02-07 14:36:00
372,21,click,2025-02-15 16:21:00
372,23,add_to_cart,2025-02-16 06:30:00
372,10,click,2025-02-22 07:08:00
372,11,add_to_cart,2025-03-08 08:56:00
373,5,view,2025-01-03 15:01:00
373,5,click,2025-01-07 07:16:00
373,6,view,2025-01-15 08:48:00
373,6,view,2025-01-24 07:38:00
373,14,view,2025-01-25 16:25:00
373,21,view,2025-02-13 08:08:00
373,29,add_to_cart,2025-02-21 22:22:00
373,16,click,2025-02-26 04:05:00
374,2,click,2025-01-07 01:53:00
374,16,view,2025-01-13 01:31:00
374,16,view,2025-01-18 19:10:00
374,10,view,2025-01-31 05:50:00
374,10,view,2025-02-16 20:01:00
374,30,view,2025-02-20 15:02:00
374,25,click,2025-02-25 04:01:00
374,4,view,2025-03-04 06:42:00
375,19,view,2025-01-12 07:12:00
375,8,view,2025-01-12 20:55:00
375,13,click,2025-01-17 11:45:00
375,18,view,2025-02-27 01:56:00
375,22,click,2025-02-28 19:36:00
375,24,add_to_cart,2025-03-02 16:26:00
375,19,view,2025-03-03 11:09:00
375,15,add_to_cart,2025-03-11 04:09:00
376,11,view,2025-01-03 19:11:00
376,9,view,2025-01-04 21:12:00
376,26,view,2025-02-01 17:16:00
376,27,view,2025-02-14 15:55:00
376,5,view,2025-02-27 03:55:00
376,16,view,2025-03-01 17:12:00
376,16,click,2025-03-05 20:05:00
376,3,click,2025-03-10 19:56:00
377,23,add_to_cart,2025-01-09 23:45:00
377,18,click,2025-01-18 07:52:00
377,4,add_to_cart,2025-01-30 22:24:00
377,7,view,2025-02-02 15:45:00
377,21,view,2025-02-04 00:54:00
377,5,click,2025-02-09 18:41:00
377,15,view,2025-02-17 16:55:00
377,30,view,2025-02-19 19:55:00
378,30,view,2025-01-04 12:38:00
378,18,click,2025-01-04 15:32:00
378,6,view,2025-01-16 00:25:00
378,25,view,2025-01-20 21:05:00
378,16,view,2025-02-04 01:06:00
378,15,view,2025-02-06 13:32:00
378,19,add_to_cart,2025-02-13 21:07:00
378,4,click,2025-02-18 00:08:00
379,30,view,2025-01-04 18:20:00
379,12,click,2025-01-23 16:59:00
379,7,view,2025-01-31 08:43:00
379,10,view,2025-02-01 17:29:00
379,19,view,2025-02-12 16:35:00
379,16,add_to_cart,2025-02-15 10:52:00
379,4,view,2025-02-22 06:38:00
379,24,view,2025-02-25 02:15:00
380,1,view,2025-01-04 15:49:00
380,26,view,2025-01-07 10:23:00
380,30,view,2025-01-13 05:55:00
380,29,click,2025-01-30 14:01:00
380,10,view,2025-02-07 23:24:00
380,7,click,2025-02-10 18:23:00
380,8,view,2025-03-06 00:02:00
380,6,click,2025-03-09 01:40:00
381,26,click,2025-01-21 04:33:00
381,5,add_to_cart,2025-01-26 08:02:00
381,30,click,2025-01-27 20:36:00
381,30,view,2025-01-30 19:01:00
381,5,view,2025-02-06 22:01:00
381,15,click,2025-02-26 15:09:00
381,22,click,2025-02-28 13:20:00
381,16,click,2025-03-09 07:43:00
382,5,click,2025-01-21 22:47:00
382,18,view,2025-01-24 05:54:00
382,21,add_to_cart,2025-01-28 15:08:00
382,27,view,2025-02-07 22:15:00
382,11,view,2025-02-08 07:29:00
382,3,click,2025-02-13 13:46:00
382,12,click,2025-02-23 04:00:00
382,3,click,2025-03-10 21:54:00
383,22,view,2025-01-01 11:10:00
383,6,view,2025-01-08 11:18:00
383,12,view,2025-01-16 13:01:00
383,15,view,2025-01-28 07:11:00
383,26,view,2025-02-13 05:55:00
383,23,click,2025-02-20 10:51:00
383,18,click,2025-02-26 00:59:00
383,2,view,2025-03-03 02:00:00
384,7,view,2025-01-06 17:32:00
384,13,view,2025-01-07 03:29:00
384,12,view,2025-01-08 13:30:00
384,5,view,2025-01-09 09:55:00
384,13,click,2025-02-08 11:00:00
384,16,click,2025-02-13 05:43:00
384,14,view,2025-02-15 22:19:00
384,27,click,2025-02-23 04:56:00
385,11,click,2025-01-13 21:50:00
385,30,view,2025-01-14 09:27:00
385,10,add_to_cart,2025-01-30 14:06:00
385,4,view,2025-01-31 22:17:00
385,16,view,2025-02-01 05:51:00
385,22,add_to_cart,2025-02-09 14:03:00
385,20,click,2025-02-26 09:08:00
385,18,view,2025-03-09 06:41:00
386,6,add_to_cart,2025-01-01 06:01:00
386,29,click,2025-01-07 20:16:00
386,17,click,2025-01-10 17:08:00
386,2,view,2025-01-15 09:44:00
386,27,view,2025-01-22 06:53:00
386,27,view,2025-02-08 18:12:00
386,14,view,2025-02-21 04:19:00
386,1,view,2025-02-25 10:00:00
387,9,view,2025-01-09 12:50:00
387,10,click,2025-01-10 16:43:00
387,29,add_to_cart,2025-01-13 09:56:00
387,4,view,2025-01-18 21:41:00
387,8,click,2025-01-28 06:35:00
387,5,view,2025-02-03 03:25:00
387,21,view,2025-02-12 19:53:00
387,15,view,2025-03-06 19:18:00
388,4,view,2025-01-12 15:59:00
388,13,add_to_cart,2025-02-02 23:57:00
388,2,view,2025-02-04 20:46:00
388,18,view,2025-02-12 22:09:00
388,8,click,2025-02-19 17:31:00
388,27,view,2025-02-27 08:01:00
388,17,click,2025-03-01 03:08:00
388,9,view,2025-03-03 20:08:00
389,8,click,2025-01-01 20:32:00
389,10,click,2025-01-10 01:01:00
389,1,click,2025-01-14 09:35:00
389,23,view,2025-01-23 14:19:00
389,10,click,2025-01-29 17:17:00
389,22,add_to_cart,2025-02-19 19:55:00
389,4,view,2025-02-28 03:32:00
389,23,add_to_cart,2025-03-01 07:19:00
390,27,view,2025-01-14 22:30:00
390,17,view,2025-01-19 04:35:00
390,18,click,2025-01-20 04:10:00
390,21,click,2025-02-01 06:34:00
390,28,view,2025-02-06 21:28:00
390,13,view,2025-02-09 02:47:00
390,9,view,2025-02-23 02:43:00
390,9,view,2025-03-10 16:39:00
391,15,view,2025-01-25 04:35:00
391,13,click,2025-01-27 07:00:00
391,20,view,2025-01-29 04:13:00
391,14,view,2025-02-03 02:11:00
391,24,view,2025-02-05 20:21:00
391,1,view,2025-02-17 03:45:00
391,15,view,2025-02-20 13:07:00
391,3,view,2025-02-22 03:08:00
392,19,view,2025-01-01 03:16:00
392,10,click,2025-01-01 08:43:00
392,2,view,2025-01-25 05:40:00
392,3,view,2025-02-05 17:31:00
392,16,view,2025-02-11 15:10:00
392,7,add_to_cart,2025-02-16 08:41:00
392,3,click,2025-02-22 17:41:00
392,17,click,2025-03-08 20:34:00
393,23,view,2025-01-17 07:46:00
393,30,view,2025-01-18 17:14:00
393,18,view,2025-01-27 03:52:00
393,27,click,2025-01-28 23:32:00
393,4,click,2025-01-30 07:08:00
393,23,view,2025-02-02 15:46:00
393,27,click,2025-02-08 15:47:00
393,16,click,2025-02-20 16:10:00
394,9,view,2025-01-02 17:27:00
394,12,view,2025-01-10 11:38:00
394,23,click,2025-01-16 04:14:00
394,9,view,2025-01-19 10:38:00
394,6,view,2025-01-28 19:59:00
394,3,view,2025-02-08 02:28:00
394,27,add_to_cart,2025-02-25 00:05:00
394,14,view,2025-03-08 11:29:00
395,10,click,2025-01-03 23:15:00
395,1,click,2025-01-06 18:57:00
395,18,view,2025-01-07 15:23:00
395,11,click,2025-01-08 22:23:00
395,4,view,2025-01-10 23:07:00
395,18,view,2025-01-18 23:26:00
395,12,view,2025-01-30 11:09:00
395,26,add_to_cart,2025-02-08 19:46:00
396,30,click,2025-01-01 23:21:00
396,14,add_to_cart,2025-01-14 02:47:00
396,9,view,2025-01-25 14:44:00
396,4,click,2025-02-05 21:01:00
396,9,click,2025-02-27 17:31:00
396,28,view,2025-03-01 02:53:00
396,4,click,2025-03-01 10:10:00
396,18,view,2025-03-04 22:44:00
397,5,click,2025-01-15 20:36:00
397,29,view,2025-01-27 18:43:00
397,28,view,2025-02-02 15:20:00
397,15,view,2025-02-04 12:47:00
397,13,view,2025-02-18 06:24:00
397,28,click,2025-02-18 06:54:00
397,15,click,2025-02-24 07:35:00
397,7,view,2025-02-26 03:29:00
398,22,click,2025-01-07 11:19:00
398,21,click,2025-01-16 13:20:00
398,25,add_to_cart,2025-01-24 02:17:00
398,1,click,2025-01-25 11:15:00
398,17,view,2025-01-25 21:22:00
398,15,add_to_cart,2025-01-26 12:14:00
398,18,view,2025-01-31 07:03:00
398,4,add_to_cart,2025-02-21 11:19:00
399,21,view,2025-01-04 14:04:00
399,21,view,2025-01-14 05:26:00
399,22,click,2025-01-15 12:08:00
399,26,view,2025-01-20 15:45:00
399,12,view,2025-01-22 16:45:00
399,30,add_to_cart,2025-02-10 06:38:00
399,7,view,2025-02-12 15:02:00
399,9,click,2025-02-18 05:09:00
400,4,view,2025-01-23 20:04:00
400,21,view,2025-01-25 04:37:00
400,25,view,2025-01-26 10:55:00
400,25,view,2025-02-07 14:08:00
400,13,click,2025-02-12 11:54:00
400,12,add_to_cart,2025-02-22 09:22:00
400,19,view,2025-02-24 18:10:00
400,1,view,2025-03-01 11:19:00
401,26,view,2025-01-05 22:12:00
401,19,click,2025-01-06 02:19:00
401,6,click,2025-01-11 09:25:00
401,11,view,2025-01-14 17:10:00
401,21,view,2025-01-17 00:52:00
401,6,view,2025-02-19 11:05:00
401,26,click,2025-02-25 01:02:00
401,29,click,2025-03-02 01:07:00
402,26,click,2025-01-19 00:55:00
402,30,view,2025-01-22 05:42:00
402,12,click,2025-01-23 00:56:00
402,17,view,2025-02-03 18:52:00
402,28,click,2025-02-13 18:38:00
402,18,click,2025-02-23 12:06:00
402,15,view,2025-03-01 01:38:00
402,13,click,2025-03-04 16:55:00
403,24,view,2025-01-14 12:26:00
403,20,view,2025-01-21 11:39:00
403,13,view,2025-02-02 02:06:00
403,20,view,2025-02-03 02:37:00
403,13,view,2025-02-06 05:11:00
403,5,view,2025-02-15 11:37:00
403,25,view,2025-02-22 18:25:00
403,29,view,2025-02-25 15:28:00
404,29,view,2025-01-09 01:20:00
404,30,view,2025-01-18 22:40:00
404,21,view,2025-01-23 23:23:00
404,13,view,2025-02-03 15:56:00
404,21,view,2025-02-15 23:30:00
404,22,click,2025-03-03 11:02:00
404,21,view,2025-03-07 21:07:00
404,28,click,2025-03-09 07:24:00
405,9,click,2025-01-03 18:16:00
405,12,add_to_cart,2025-01-07 18:02:00
405,9,view,2025-01-13 01:09:00
405,23,view,2025-01-28 17:16:00
405,10,click,2025-02-09 08:51:00
405,24,click,2025-02-19 13:49:00
405,20,add_to_cart,2025-02-19 19:06:00
405,1,view,2025-03-08 06:20:00
406,6,view,2025-01-12 00:13:00
406,27,view,2025-02-01 01:28:00
406,14,view,2025-02-01 05:00:00
406,29,view,2025-02-01 20:48:00
406,12,click,2025-02-20 19:21:00
406,13,view,2025-03-01 04:07:00
406,8,click,2025-03-02 09:51:00
406,11,view,2025-03-08 19:09:00
407,8,view,2025-01-09 20:03:00
407,5,click,2025-01-14 11:11:00
407,28,view,2025-01-20 10:10:00
407,4,view,2025-01-28 23:29:00
407,27,click,2025-02-11 08:03:00
407,29,click,2025-02-17 06:52:00
407,25,click,2025-02-25 18:39:00
407,15,view,2025-02-28 13:09:00
408,3,view,2025-01-02 19:43:00
408,9,view,2025-01-16 23:59:00
408,4,view,2025-01-26 12:55:00
408,26,add_to_cart,2025-01-28 19:24:00
408,21,click,2025-02-01 03:50:00
408,4,view,2025-02-03 11:01:00
408,19,click,2025-02-24 11:00:00
408,25,click,2025-03-09 03:22:00
409,19,view,2025-01-05 02:25:00
409,10,click,2025-01-13 01:33:00
409,2,view,2025-01-19 16:24:00
409,8,view,2025-02-16 01:14:00
409,22,view,2025-02-21 14:31:00
409,26,view,2025-02-23 20:36:00
409,25,click,2025-03-07 01:58:00
409,11,view,2025-03-08 02:10:00
410,25,view,2025-01-12 11:07:00
410,15,click,2025-01-24 00:31:00
410,3,view,2025-02-05 11:24:00
410,2,view,2025-02-06 14:08:00
410,25,view,2025-02-11 01:40:00
410,5,click,2025-02-12 13:27:00
410,23,view,2025-02-14 19:02:00
410,19,view,2025-02-18 13:39:00
411,26,view,2025-01-03 08:19:00
411,13,add_to_cart,2025-01-05 02:40:00
411,17,view,2025-01-08 02:26:00
411,30,click,2025-02-09 09:40:00
411,7,view,2025-02-09 17:20:00
411,26,click,2025-02-17 12:31:00
411,15,view,2025-02-21 22:24:00
411,27,view,2025-02-28 11:18:00
412,30,click,2025-01-01 07:30:00
412,21,view,2025-01-05 13:19:00
412,3,view,2025-01-19 23:41:00
412,28,add_to_cart,2025-01-23 19:39:00
412,13,click,2025-01-25 20:56:00
412,10,view,2025-02-06 23:31:00
412,6,view,2025-02-24 20:33:00
412,7,click,2025-03-02 15:29:00
413,5,view,2025-01-05 09:53:00
413,17,view,2025-01-25 15:22:00
413,7,view,2025-01-31 23:07:00
413,22,view,2025-02-10 00:53:00
413,20,add_to_cart,2025-02-15 04:42:00
413,27,view,2025-02-16 09:13:00
413,24,click,2025-02-21 06:16:00
413,3,view,2025-03-09 16:06:00
414,23,view,2025-01-16 08:10:00
414,9,view,2025-01-17 13:50:00
414,24,view,2025-01-18 09:27:00
414,14,view,2025-01-19 11:29:00
414,15,click,2025-02-03 20:52:00
414,21,view,2025-02-07 23:22:00
414,15,click,2025-02-13 11:48:00
414,30,view,2025-03-07 13:52:00
415,20,view,2025-01-09 03:26:00
415,17,click,2025-01-23 13:15:00
415,29,click,2025-02-02 00:42:00
415,2,view,2025-02-07 01:28:00
415,12,add_to_cart,2025-02-16 12:34:00
415,27,view,2025-02-20 21:55:00
415,4,view,2025-03-04 09:56:00
415,19,view,2025-03-07 10:56:00
416,19,click,2025-01-12 17:53:00
416,22,click,2025-01-23 19:56:00
416,22,view,2025-02-12 15:59:00
416,18,click,2025-02-18 09:24:00
416,23,view,2025-02-19 03:54:00
416,20,click,2025-02-23 19:03:00
416,17,view,2025-03-03 15:15:00
416,26,view,2025-03-05 14:24:00
417,22,view,2025-01-02 04:13:00
417,8,view,2025-01-05 22:24:00
417,22,view,2025-01-12 18:04:00
417,4,click,2025-02-02 00:37:00
417,15,view,2025-02-20 04:14:00
417,3,click,2025-03-04 16:07:00
417,8,view,2025-03-06 13:12:00
417,28,view,2025-03-08 00:40:00
418,6,view,2025-01-02 02:55:00
418,27,view,2025-01-02 12:07:00
418,15,click,2025-01-03 14:41:00
418,17,add_to_cart,2025-01-15 12:36:00
418,13,click,2025-01-17 08:44:00
418,29,view,2025-01-31 18:35:00
418,24,view,2025-02-07 22:06:00
418,26,click,2025-02-11 17:06:00
419,9,view,2025-01-02 18:21:00
419,13,view,2025-01-10 19:53:00
419,18,view,2025-01-17 23:29:00
419,17,view,2025-01-31 06:34:00
419,15,view,2025-02-06 07:02:00
419,14,view,2025-02-09 03:18:00
419,12,click,2025-02-13 05:43:00
419,29,click,2025-03-03 16:14:00
420,17,click,2025-01-02 21:49:00
420,23,view,2025-01-06 01:59:00
420,21,view,2025-01-17 02:38:00
420,17,view,2025-01-17 08:45:00
420,7,view,2025-01-23 02:26:00
420,19,add_to_cart,2025-02-07 04:30:00
420,22,view,2025-02-19 04:08:00
420,23,view,2025-02-23 21:09:00
421,11,view,2025-01-01 06:25:00
421,27,view,2025-01-03 10:26:00
421,21,view,2025-01-05 07:13:00
421,2,click,2025-01-10 18:55:00
421,10,view,2025-01-22 04:19:00
421,1,click,2025-02-02 16:00:00
421,29,view,2025-02-14 05:12:00
421,8,view,2025-02-14 21:35:00
422,29,click,2025-01-05 23:29:00
422,28,click,2025-01-14 15:49:00
422,23,view,2025-01-22 21:41:00
422,8,view,2025-01-23 20:30:00
422,4,view,2025-02-02 15:12:00
422,23,add_to_cart,2025-02-09 17:14:00
422,28,view,2025-02-14 05:28:00
422,22,view,2025-02-21 16:45:00
423,27,view,2025-01-07 22:51:00
423,14,view,2025-01-12 11:57:00
423,21,click,2025-01-14 11:12:00
423,3,view,2025-01-20 10:57:00
423,23,click,2025-01-29 20:14:00
423,7,view,2025-01-30 17:33:00
423,21,view,2025-02-17 13:32:00
423,29,view,2025-02-25 09:04:00
424,3,view,2025-01-10 17:57:00
424,5,view,2025-01-15 05:34:00
424,9,view,2025-01-20 22:08:00
424,25,click,2025-01-24 08:36:00
424,21,view,2025-02-05 21:08:00
424,3,click,2025-02-11 23:51:00
424,27,view,2025-03-03 21:42:00
424,7,click,2025-03-05 23:51:00
425,6,view,2025-01-01 23:00:00
425,19,view,2025-01-09 02:54:00
425,13,click,2025-01-10 01:35:00
425,27,click,2025-01-29 15:57:00
425,23,view,2025-02-24 07:34:00
425,14,view,2025-02-28 00:42:00
425,5,view,2025-03-01 18:25:00
425,25,click,2025-03-06 18:09:00
426,6,view,2025-01-08 04:41:00
426,23,view,2025-01-13 16:28:00
426,26,view,2025-01-18 23:38:00
426,11,click,2025-01-30 15:22:00
426,7,click,2025-02-02 22:59:00
426,7,click,2025-02-22 07:48:00
426,2,view,2025-03-07 09:56:00
426,13,view,2025-03-08 08:28:00
427,19,view,2025-01-06 07:04:00
427,11,view,2025-01-10 15:12:00
427,28,click,2025-01-11 01:30:00
427,19,view,2025-01-14 12:03:00
427,19,click,2025-02-02 21:05:00
427,8,view,2025-02-03 16:38:00
427,22,view,2025-02-08 16:12:00
427,9,view,2025-02-18 00:41:00
428,9,view,2025-01-04 16:00:00
428,11,click,2025-01-06 08:44:00
428,25,view,2025-01-16 11:01:00
428,4,view,2025-01-17 10:40:00
428,29,click,2025-02-02 18:18:00
428,28,view,2025-02-15 22:15:00
428,5,click,2025-02-18 21:49:00
428,15,view,2025-02-23 17:55:00
429,21,view,2025-01-02 02:18:00
429,8,view,2025-01-07 05:57:00
429,18,view,2025-01-17 03:45:00
429,30,add_to_cart,2025-01-27 05:04:00
429,20,click,2025-02-08 21:55:00
429,21,click,2025-02-18 22:19:00
429,5,click,2025-02-27 20:53:00
429,29,view,2025-02-28 01:33:00
430,23,view,2025-01-06 00:14:00
430,15,click,2025-01-08 10:19:00
430,18,click,2025-01-09 19:47:00
430,21,click,2025-01-24 08:17:00
430,1,add_to_cart,2025-02-01 17:53:00
430,30,view,2025-02-06 15:46:00
430,27,add_to_cart,2025-02-24 23:08:00
430,15,view,2025-03-07 05:11:00
431,27,view,2025-01-21 14:20:00
431,24,view,2025-01-27 09:29:00
431,2,add_to_cart,2025-01-29 09:29:00
431,3,view,2025-02-17 02:38:00
431,12,view,2025-02-19 18:33:00
431,15,click,2025-03-04 11:33:00
431,24,click,2025-03-05 04:58:00
431,3,view,2025-03-06 07:21:00
432,22,click,2025-01-10 12:27:00
432,2,view,2025-01-12 10:56:00
432,7,click,2025-01-12 17:21:00
432,13,view,2025-01-19 06:59:00
432,9,view,2025-01-30 13:41:00
432,3,add_to_cart,2025-02-04 09:37:00
432,8,view,2025-02-09 14:35:00
432,16,view,2025-02-20 12:00:00
433,29,click,2025-01-09 21:12:00
433,16,view,2025-01-15 00:08:00
433,30,view,2025-01-20 03:16:00
433,10,view,2025-01-25 17:57:00
433,13,click,2025-02-05 03:14:00
433,22,view,2025-02-14 18:44:00
433,22,click,2025-02-19 14:53:00
433,23,view,2025-02-20 06:42:00
434,12,view,2025-01-04 19:22:00
434,24,click,2025-01-05 11:07:00
434,30,add_to_cart,2025-01-07 18:23:00
434,16,view,2025-01-29 09:13:00
434,16,view,2025-02-03 16:46:00
434,13,click,2025-02-17 20:43:00
434,9,click,2025-02-25 03:27:00
434,12,add_to_cart,2025-03-03 02:36:00
435,26,view,2025-01-02 14:33:00
435,25,view,2025-01-05 22:26:00
435,23,view,2025-01-25 06:26:00
435,30,add_to_cart,2025-01-28 10:54:00
435,12,click,2025-02-21 10:25:00
435,21,view,2025-02-26 11:29:00
435,25,view,2025-03-08 12:25:00
435,23,view,2025-03-08 17:51:00
436,4,view,2025-01-23 18:17:00
436,28,view,2025-02-02 14:11:00
436,29,view,2025-02-12 01:42:00
436,26,click,2025-02-14 11:14:00
436,4,view,2025-03-05 07:41:00
436,27,view,2025-03-06 10:25:00
436,12,view,2025-03-07 03:26:00
436,7,view,2025-03-10 01:09:00
437,28,add_to_cart,2025-01-06 04:03:00
437,16,view,2025-01-19 10:26:00
437,18,add_to_cart,2025-01-28 03:25:00
437,28,view,2025-02-05 01:03:00
437,17,view,2025-02-19 14:59:00
437,2,view,2025-02-20 03:04:00
437,4,view,2025-02-25 20:14:00
437,22,click,2025-03-03 13:24:00
438,26,click,2025-01-17 09:59:00
438,29,click,2025-01-18 19:22:00
438,27,view,2025-01-20 16:32:00
438,28,view,2025-01-23 05:27:00
438,8,add_to_cart,2025-01-26 03:08:00
438,8,view,2025-02-17 01:59:00
438,5,click,2025-02-17 21:43:00
438,21,view,2025-03-06 03:34:00
439,30,view,2025-01-02 16:44:00
439,28,click,2025-01-14 21:20:00
439,30,view,2025-01-16 06:07:00
439,5,view,2025-01-21 02:04:00
439,2,view,2025-01-28 01:08:00
439,19,view,2025-02-02 06:13:00
439,5,click,2025-03-03 02:53:00
439,7,click,2025-03-04 01:46:00
440,23,click,2025-01-05 06:53:00
440,8,view,2025-01-07 13:40:00
440,9,view,2025-01-12 08:40:00
440,26,view,2025-01-17 18:30:00
440,26,click,2025-01-22 17:11:00
440,7,add_to_cart,2025-02-09 17:04:00
440,15,view,2025-03-05 14:59:00
440,8,click,2025-03-10 18:44:00
441,24,view,2025-01-11 07:00:00
441,13,add_to_cart,2025-01-17 02:05:00
441,3,click,2025-01-23 23:35:00
441,18,view,2025-02-01 18:47:00
441,5,view,2025-02-04 05:55:00
441,6,view,2025-02-08 12:27:00
441,5,add_to_cart,2025-02-27 17:09:00
441,27,click,2025-03-04 20:28:00
442,18,add_to_cart,2025-01-04 13:30:00
442,6,view,2025-01-31 13:37:00
442,30,view,2025-02-10 10:26:00
442,17,add_to_cart,2025-02-23 07:15:00
442,21,click,2025-02-23 09:36:00
442,29,click,2025-03-01 06:01:00
442,19,view,2025-03-03 14:39:00
442,11,view,2025-03-10 06:28:00
443,10,view,2025-01-02 02:24:00
443,24,view,2025-01-12 02:35:00
443,14,view,2025-01-17 08:50:00
443,5,click,2025-01-28 14:01:00
443,19,view,2025-02-16 09:32:00
443,23,click,2025-02-20 07:50:00
443,16,view,2025-02-22 15:00:00
443,24,view,2025-02-24 10:43:00
444,20,click,2025-01-11 03:53:00
444,5,click,2025-01-15 09:33:00
444,18,add_to_cart,2025-01-17 17:18:00
444,15,view,2025-01-18 21:03:00
444,12,view,2025-01-22 09:32:00
444,29,view,2025-01-29 13:33:00
444,13,view,2025-02-07 11:17:00
444,8,view,2025-02-16 05:50:00
445,30,click,2025-01-10 03:36:00
445,25,add_to_cart,2025-01-21 14:38:00
445,9,click,2025-01-21 23:46:00
445,15,click,2025-01-22 05:21:00
445,28,view,2025-02-09 05:22:00
445,30,add_to_cart,2025-02-26 06:51:00
445,23,add_to_cart,2025-02-27 11:23:00
445,27,view,2025-03-08 02:42:00
446,16,click,2025-01-03 07:52:00
446,11,view,2025-01-21 18:56:00
446,4,view,2025-02-02 20:00:00
446,5,view,2025-02-09 01:19:00
446,21,click,2025-02-13 11:17:00
446,7,add_to_cart,2025-02-16 22:39:00
446,27,view,2025-02-17 16:05:00
446,13,view,2025-02-22 13:03:00
447,25,view,2025-01-17 01:53:00
447,29,view,2025-01-17 09:34:00
447,10,view,2025-01-21 19:10:00
447,19,view,2025-01-24 16:24:00
447,19,click,2025-02-17 23:52:00
447,20,view,2025-02-20 17:41:00
447,25,view,2025-02-20 17:59:00
447,25,view,2025-03-01 05:41:00
448,6,click,2025-01-12 01:55:00
448,16,view,2025-01-14 03:39:00
448,22,view,2025-01-19 19:23:00
448,10,view,2025-02-08 06:35:00
448,29,view,2025-02-09 01:27:00
448,22,add_to_cart,2025-02-17 08:30:00
448,4,view,2025-03-03 17:00:00
448,4,view,2025-03-06 15:41:00
449,12,view,2025-01-01 04:44:00
449,8,add_to_cart,2025-01-05 04:00:00
449,6,view,2025-01-08 10:21:00
449,20,view,2025-01-24 13:56:00
449,26,view,2025-01-27 09:31:00
449,15,click,2025-02-15 01:03:00
449,19,view,2025-02-17 15:20:00
449,13,view,2025-03-04 15:23:00
450,2,click,2025-01-08 14:29:00
450,29,view,2025-02-02 19:28:00
450,1,click,2025-02-04 21:42:00
450,5,view,2025-02-06 16:14:00
450,12,view,2025-02-13 04:23:00
450,8,click,2025-02-14 03:05:00
450,7,view,2025-02-24 21:16:00
450,6,click,2025-03-03 23:27:00
451,22,click,2025-01-06 14:18:00
451,22,click,2025-01-20 00:28:00
451,10,add_to_cart,2025-02-02 00:44:00
451,27,click,2025-02-05 00:51:00
451,6,click,2025-02-06 19:50:00
451,9,view,2025-02-08 07:54:00
451,27,view,2025-02-09 10:00:00
451,9,add_to_cart,2025-03-04 18:08:00
452,6,view,2025-01-03 10:54:00
452,2,click,2025-01-28 04:12:00
452,23,click,2025-02-10 13:55:00
452,30,view,2025-02-13 01:02:00
452,19,view,2025-02-18 02:47:00
452,21,click,2025-02-18 13:10:00
452,12,view,2025-02-22 07:43:00
452,29,view,2025-03-07 07:18:00
453,26,view,2025-01-10 22:54:00
453,15,add_to_cart,2025-01-12 09:41:00
453,8,view,2025-01-15 22:54:00
453,4,click,2025-01-29 17:16:00
453,2,view,2025-01-31 11:59:00
453,30,click,2025-02-02 03:31:00
453,16,view,2025-02-04 20:34:00
453,28,click,2025-03-01 06:37:00
454,13,view,2025-01-04 02:06:00
454,24,click,2025-01-22 14:29:00
454,3,click,2025-01-27 04:38:00
454,10,view,2025-01-30 03:55:00
454,25,view,2025-02-14 22:06:00
454,25,view,2025-02-16 12:05:00
454,7,click,2025-02-18 19:50:00
454,7,view,2025-02-22 07:25:00
455,29,click,2025-01-08 09:14:00
455,7,view,2025-01-31 13:41:00
455,6,view,2025-02-09 15:13:00
455,26,view,2025-02-15 10:31:00
455,28,click,2025-02-23 18:23:00
455,23,view,2025-02-24 20:20:00
455,24,click,2025-03-04 16:55:00
455,21,click,2025-03-08 12:49:00
456,6,view,2025-01-03 21:31:00
456,12,view,2025-02-08 22:33:00
456,30,view,2025-02-21 13:29:00
456,30,view,2025-02-21 16:06:00
456,24,view,2025-02-23 20:26:00
456,13,view,2025-03-01 12:49:00
456,13,view,2025-03-07 02:40:00
456,26,add_to_cart,2025-03-10 14:47:00
457,26,view,2025-01-05 23:08:00
457,10,view,2025-01-28 17:43:00
457,17,view,2025-01-31 12:09:00
457,1,view,2025-02-08 03:05:00
457,14,view,2025-02-10 03:40:00
457,13,view,2025-02-22 02:28:00
457,7,click,2025-02-27 05:53:00
457,14,add_to_cart,2025-03-05 11:26:00
458,12,view,2025-01-13 13:36:00
458,25,click,2025-01-20 08:22:00
458,5,view,2025-01-23 03:13:00
458,4,view,2025-01-23 06:04:00
458,17,click,2025-01-31 21:41:00
458,7,view,2025-02-18 18:57:00
458,7,add_to_cart,2025-03-01 13:32:00
458,27,view,2025-03-01 20:27:00
459,1,click,2025-01-01 16:27:00
459,21,click,2025-01-05 18:07:00
459,9,view,2025-01-14 02:28:00
459,10,view,2025-01-19 04:32:00
459,14,add_to_cart,2025-02-08 09:34:00
459,7,view,2025-02-18 09:15:00
459,24,view,2025-02-28 08:43:00
459,17,click,2025-03-06 14:01:00
460,27,view,2025-01-02 13:12:00
460,10,view,2025-01-04 17:26:00
460,30,view,2025-01-06 17:17:00
460,20,click,2025-01-08 01:28:00
460,6,click,2025-01-08 12:18:00
460,6,view,2025-01-26 19:47:00
460,15,click,2025-02-20 14:00:00
460,19,view,2025-02-26 04:47:00
461,22,view,2025-01-06 15:08:00
461,22,view,2025-01-08 17:22:00
461,2,click,2025-01-12 09:44:00
461,26,view,2025-01-30 21:13:00
461,20,view,2025-02-05 00:53:00
461,1,click,2025-02-13 02:28:00
461,19,view,2025-03-01 02:44:00
461,16,view,2025-03-06 12:20:00
462,3,click,2025-01-10 14:56:00
462,18,click,2025-01-27 08:53:00
462,28,click,2025-02-05 05:13:00
462,6,view,2025-02-15 08:18:00
462,26,view,2025-02-21 08:21:00
462,19,add_to_cart,2025-02-28 19:51:00
462,9,view,2025-03-02 11:17:00
462,7,view,2025-03-02 12:46:00
463,21,view,2025-01-01 22:33:00
463,29,view,2025-01-10 13:58:00
463,13,view,2025-01-15 01:16:00
463,6,view,2025-02-02 16:59:00
463,14,view,2025-02-12 02:23:00
463,30,add_to_cart,2025-02-14 13:28:00
463,8,view,2025-02-16 17:15:00
463,25,view,2025-02-20 17:02:00
464,17,click,2025-01-03 10:09:00
464,10,view,2025-01-11 18:47:00
464,28,view,2025-01-29 06:58:00
464,5,click,2025-02-07 17:41:00
464,10,view,2025-02-25 19:15:00
464,7,view,2025-03-03 04:43:00
464,28,click,2025-03-03 08:19:00
464,9,view,2025-03-10 00:28:00
465,9,view,2025-01-01 22:35:00
465,16,view,2025-01-11 21:10:00
465,24,view,2025-01-20 18:00:00
465,11,click,2025-01-29 10:32:00
465,9,view,2025-02-05 22:09:00
465,2,add_to_cart,2025-02-09 09:46:00
465,21,view,2025-02-12 23:34:00
465,11,click,2025-02-20 03:02:00
466,19,view,2025-01-09 20:16:00
466,24,view,2025-01-18 19:14:00
466,24,click,2025-01-21 04:28:00
466,14,view,2025-01-25 05:44:00
466,29,view,2025-01-26 16:38:00
466,30,click,2025-02-09 03:00:00
466,15,view,2025-03-08 22:03:00
466,27,view,2025-03-10 22:22:00
467,27,view,2025-01-21 20:39:00
467,9,click,2025-02-03 09:49:00
467,21,click,2025-02-20 02:27:00
467,20,click,2025-02-21 09:53:00
467,17,view,2025-02-22 00:39:00
467,4,view,2025-02-22 06:13:00
467,24,click,2025-02-22 14:23:00
467,28,click,2025-02-27 10:50:00
468,13,view,2025-01-03 20:43:00
468,23,click,2025-01-09 16:10:00
468,25,view,2025-01-12 00:50:00
468,28,click,2025-01-13 13:17:00
468,16,click,2025-01-26 21:08:00
468,23,click,2025-02-24 06:19:00
468,11,view,2025-03-05 20:55:00
468,21,click,2025-03-09 19:00:00
469,21,view,2025-01-01 10:30:00
469,5,view,2025-01-08 10:44:00
469,8,view,2025-01-23 09:35:00
469,13,click,2025-02-04 22:45:00
469,13,click,2025-02-09 15:29:00
469,12,click,2025-02-14 02:14:00
469,28,view,2025-02-20 03:08:00
469,16,click,2025-03-07 16:58:00
470,4,view,2025-01-05 09:55:00
470,29,view,2025-01-26 18:31:00
470,19,view,2025-01-31 18:39:00
470,8,view,2025-02-02 21:57:00
470,14,view,2025-02-10 10:51:00
470,12,view,2025-02-24 17:01:00
470,12,view,2025-03-10 22:34:00
470,28,click,2025-03-11 06:37:00
471,23,view,2025-01-04 02:00:00
471,8,view,2025-01-09 11:06:00
471,12,view,2025-01-23 17:31:00
471,1,view,2025-01-30 19:15:00
471,2,view,2025-02-03 01:36:00
471,7,view,2025-02-15 00:27:00
471,27,click,2025-02-27 02:51:00
471,30,view,2025-03-04 14:20:00
472,23,view,2025-01-23 10:06:00
472,21,view,2025-02-09 03:46:00
472,25,view,2025-02-19 20:32:00
472,8,view,2025-02-21 06:15:00
472,16,view,2025-03-07 03:57:00
472,14,view,2025-03-09 13:43:00
472,27,view,2025-03-10 03:00:00
472,4,view,2025-03-10 20:59:00
473,2,view,2025-01-02 17:03:00
473,11,view,2025-01-20 00:11:00
473,25,view,2025-01-24 12:17:00
473,18,add_to_cart,2025-01-26 01:26:00
473,14,click,2025-02-08 18:00:00
473,6,click,2025-02-16 00:03:00
473,12,add_to_cart,2025-02-21 03:30:00
473,13,view,2025-03-02 21:45:00
474,27,add_to_cart,2025-01-08 19:01:00
474,26,view,2025-01-09 22:09:00
474,15,view,2025-02-02 21:23:00
474,7,click,2025-02-04 21:50:00
474,1,view,2025-02-08 21:05:00
474,7,view,2025-02-22 20:40:00
474,15,view,2025-03-03 04:09:00
474,30,view,2025-03-10 23:08:00
475,21,view,2025-01-20 05:46:00
475,15,add_to_cart,2025-02-03 04:18:00
475,14,view,2025-02-05 16:56:00
475,18,view,2025-02-14 00:51:00
475,21,view,2025-02-23 21:50:00
475,13,view,2025-02-24 18:20:00
475,22,click,2025-03-08 13:02:00
475,25,click,2025-03-08 20:31:00
476,30,add_to_cart,2025-01-07 09:03:00
476,28,view,2025-01-11 20:33:00
476,12,view,2025-01-16 01:41:00
476,20,click,2025-02-09 12:25:00
476,8,view,2025-02-28 18:12:00
476,13,click,2025-03-01 07:01:00
476,21,view,2025-03-05 01:05:00
476,16,view,2025-03-08 19:12:00
477,1,view,2025-01-16 02:48:00
477,19,click,2025-01-21 13:06:00
477,24,click,2025-01-31 00:46:00
477,27,view,2025-02-01 16:43:00
477,22,view,2025-02-08 06:54:00
477,14,view,2025-02-09 20:13:00
477,2,click,2025-02-27 13:21:00
477,3,view,2025-03-06 19:04:00
478,11,click,2025-01-13 06:51:00
478,15,click,2025-02-03 05:14:00
478,12,add_to_cart,2025-02-07 23:23:00
478,2,view,2025-02-13 07:24:00
478,20,click,2025-02-14 06:25:00
478,28,view,2025-02-20 17:38:00
478,25,view,2025-02-28 11:29:00
478,12,view,2025-03-07 03:27:00
479,19,click,2025-01-03 04:52:00
479,8,view,2025-01-04 03:54:00
479,7,view,2025-01-09 22:58:00
479,19,view,2025-01-13 07:16:00
479,22,view,2025-01-16 17:20:00
479,24,view,2025-01-19 08:32:00
479,16,view,2025-01-27 07:56:00
479,3,add_to_cart,2025-02-09 01:35:00
480,24,view,2025-01-06 22:30:00
480,2,view,2025-01-12 07:35:00
480,12,view,2025-01-25 14:15:00
480,11,view,2025-01-31 07:31:00
480,6,view,2025-02-09 01:46:00
480,28,view,2025-02-22 15:16:00
480,1,view,2025-02-28 17:52:00
480,24,view,2025-03-02 22:06:00
481,28,click,2025-01-14 09:38:00
481,4,add_to_cart,2025-01-26 17:45:00
481,5,view,2025-01-28 22:52:00
481,14,view,2025-01-31 15:26:00
481,7,click,2025-02-01 17:12:00
481,16,click,2025-02-10 19:41:00
481,27,view,2025-02-13 18:27:00
481,27,view,2025-03-05 14:15:00
482,29,add_to_cart,2025-01-04 11:25:00
482,21,view,2025-01-07 05:23:00
482,9,click,2025-01-08 10:49:00
482,19,view,2025-01-09 05:33:00
482,16,click,2025-01-15 00:16:00
482,4,view,2025-02-03 20:37:00
482,14,view,2025-02-22 11:59:00
482,14,view,2025-02-26 21:31:00
483,16,click,2025-01-01 19:16:00
483,19,view,2025-01-04 21:00:00
483,1,view,2025-01-22 13:53:00
483,26,view,2025-01-29 15:33:00
483,22,click,2025-02-12 15:51:00
483,7,add_to_cart,2025-02-23 11:29:00
483,21,click,2025-02-27 15:35:00
483,14,click,2025-03-07 04:38:00
484,5,view,2025-01-21 01:19:00
484,11,click,2025-01-30 14:15:00
484,28,view,2025-02-02 02:22:00
484,22,view,2025-02-07 01:28:00
484,17,view,2025-02-10 23:40:00
484,29,view,2025-02-17 09:33:00
484,26,view,2025-02-20 07:19:00
484,21,click,2025-03-05 23:07:00
485,11,view,2025-01-10 13:16:00
485,16,view,2025-01-16 08:34:00
485,26,view,2025-02-13 01:56:00
485,13,view,2025-02-15 10:47:00
485,6,click,2025-02-22 14:08:00
485,21,click,2025-02-28 14:50:00
485,26,view,2025-02-28 20:18:00
485,4,click,2025-03-10 08:34:00
486,16,add_to_cart,2025-01-05 00:32:00
486,17,add_to_cart,2025-01-07 22:11:00
486,15,add_to_cart,2025-01-18 00:06:00
486,20,click,2025-01-23 15:09:00
486,11,view,2025-01-25 18:24:00
486,21,view,2025-02-24 01:23:00
486,5,view,2025-02-25 21:17:00
486,13,click,2025-03-08 11:23:00
487,15,view,2025-01-10 11:08:00
487,13,click,2025-01-13 15:27:00
487,4,view,2025-01-23 19:22:00
487,15,view,2025-01-24 07:59:00
487,19,view,2025-02-04 11:39:00
487,6,view,2025-02-05 23:12:00
487,25,view,2025-02-13 09:53:00
487,4,click,2025-02-25 21:39:00
488,21,click,2025-01-04 17:31:00
488,20,click,2025-01-11 19:09:00
488,2,add_to_cart,2025-01-14 11:45:00
488,2,click,2025-01-19 06:42:00
488,3,click,2025-02-12 21:31:00
488,6,view,2025-02-18 19:25:00
488,1,click,2025-03-06 13:42:00
488,1,click,2025-03-07 12:38:00
489,12,click,2025-01-03 00:46:00
489,30,click,2025-01-04 07:39:00
489,3,view,2025-01-12 12:32:00
489,24,view,2025-01-14 05:53:00
489,16,add_to_cart,2025-01-23 11:43:00
489,2,view,2025-02-12 14:51:00
489,27,view,2025-02-14 06:48:00
489,12,click,2025-03-05 08:48:00
490,20,view,2025-01-20 13:49:00
490,17,view,2025-01-21 00:08:00
490,4,view,2025-01-24 12:12:00
490,19,view,2025-01-27 08:08:00
490,1,view,2025-01-29 17:21:00
490,14,click,2025-02-12 18:21:00
490,3,view,2025-02-15 06:59:00
490,3,add_to_cart,2025-02-25 18:50:00
491,23,view,2025-01-13 15:35:00
491,7,view,2025-01-25 12:52:00
491,12,view,2025-01-29 06:00:00
491,21,view,2025-02-03 19:26:00
491,21,click,2025-02-08 17:33:00
491,25,view,2025-02-20 02:10:00
491,12,add_to_cart,2025-02-24 21:50:00
491,28,click,2025-03-08 13:48:00
492,5,add_to_cart,2025-01-06 07:57:00
492,7,view,2025-01-12 05:22:00
492,19,click,2025-01-19 12:53:00
492,28,add_to_cart,2025-01-19 21:23:00
492,14,add_to_cart,2025-02-06 00:53:00
492,2,view,2025-02-07 01:21:00
492,17,view,2025-02-10 05:46:00
492,12,view,2025-02-25 15:01:00
493,10,view,2025-01-13 23:48:00
493,3,view,2025-01-14 00:18:00
493,30,click,2025-01-19 22:30:00
493,10,click,2025-02-02 14:31:00
493,18,click,2025-02-23 22:54:00
493,10,click,2025-02-26 10:54:00
493,10,view,2025-02-28 11:40:00
493,4,view,2025-03-02 14:31:00
494,2,add_to_cart,2025-01-01 09:04:00
494,25,view,2025-01-04 19:03:00
494,29,add_to_cart,2025-01-14 21:05:00
494,27,add_to_cart,2025-01-24 12:23:00
494,3,click,2025-02-07 03:56:00
494,29,view,2025-02-18 07:18:00
494,15,add_to_cart,2025-02-18 08:39:00
494,8,view,2025-03-07 17:47:00
495,14,view,2025-01-18 07:39:00
495,26,view,2025-01-28 23:18:00
495,12,view,2025-02-05 13:07:00
495,6,view,2025-02-16 18:31:00
495,23,view,2025-02-16 20:04:00
495,18,click,2025-02-25 22:50:00
495,14,add_to_cart,2025-03-04 15:41:00
495,20,view,2025-03-09 10:19:00
496,28,view,2025-01-11 03:51:00
496,30,view,2025-01-14 00:31:00
496,5,click,2025-01-24 15:51:00
496,26,click,2025-01-27 11:27:00
496,7,click,2025-01-27 16:34:00
496,13,view,2025-02-10 03:02:00
496,2,view,2025-02-21 17:55:00
496,6,click,2025-03-05 12:10:00
497,12,view,2025-01-08 10:58:00
497,26,click,2025-01-26 11:54:00
497,8,view,2025-02-14 05:56:00
497,6,view,2025-02-22 18:51:00
497,27,click,2025-02-24 05:19:00
497,5,click,2025-02-26 14:11:00
497,28,click,2025-03-04 06:48:00
497,26,click,2025-03-08 04:27:00
498,18,click,2025-01-02 07:53:00
498,1,view,2025-01-02 19:35:00
498,18,add_to_cart,2025-01-05 06:53:00
498,26,view,2025-01-16 15:22:00
498,22,view,2025-01-22 16:34:00
498,11,click,2025-02-07 20:25:00
498,16,click,2025-02-18 22:04:00
498,21,view,2025-03-02 07:17:00
499,19,view,2025-01-18 06:44:00
499,26,view,2025-01-23 06:56:00
499,8,view,2025-01-25 23:22:00
499,8,add_to_cart,2025-01-28 18:59:00
499,18,view,2025-02-09 09:39:00
499,23,view,2025-02-09 13:40:00
499,1,click,2025-02-15 00:05:00
499,11,add_to_cart,2025-03-01 19:12:00
500,19,view,2025-01-24 08:22:00
500,13,view,2025-02-09 06:14:00
500,27,view,2025-02-14 13:47:00
500,9,click,2025-02-18 09:16:00
500,23,view,2025-02-25 21:33:00
500,24,view,2025-02-27 08:02:00
500,2,view,2025-02-28 20:24:00
500,6,view,2025-03-01 21:47:00
