javaProg,pythonProg,dataStructure,softwareAnalysisDesign,intelligenceSystemDev,peer1,peer2,peer3,peer4,peer5,peer6,peer7,peer8,peer9,peer10,peer_mean,peer_std,peer_mean_graph,FinalExam
10,7,8,10,6,10,9,5,7,10,5,10,7,6,10,7.9,2.0223748416156684,7.028067592190982,8.255857222488048
8,8,10,5,6,8,4,8,7,10,4,8,4,7,6,6.6,1.9595917942265424,7.013980577984476,6.945305885497911
10,6,6,8,7,6,10,8,5,7,8,8,6,10,4,7.2,1.8867962264113207,7.015174258973097,7.710650767732952
6,9,8,5,7,7,4,9,9,7,10,5,9,6,5,7.1,1.972308292331602,7.020453370932275,6.567641958234137
9,9,5,7,8,8,9,6,8,5,7,8,4,7,7,6.9,1.445683229480096,7.015353877274341,7.111569821553024
4,7,5,9,8,5,5,6,6,4,7,10,4,4,10,6.1,2.1656407827707715,7.042678690463092,5.757577732820403
7,4,4,6,6,10,10,5,4,4,8,10,10,6,6,7.3,2.4515301344262523,7.024550892945695,5.711534485490788
10,5,7,7,10,7,6,9,7,10,8,6,8,6,6,7.3,1.3453624047073711,7.028298749354109,8.014420589576595
9,9,10,9,6,8,4,4,4,9,4,6,10,5,8,6.2,2.227105745132009,7.013911614554898,8.247541468468226
7,10,7,4,6,10,5,10,9,5,7,4,9,10,6,7.5,2.247220505424423,7.02669552162576,6.98835296685528
8,6,10,8,4,4,4,5,7,4,10,10,8,8,4,6.4,2.3748684174075834,7.024941537782586,7.32228787237926
10,5,7,4,7,5,5,6,9,9,9,7,5,6,8,6.9,1.6401219466856727,7.008999994159167,6.9310068905926965
9,5,5,4,5,10,9,8,8,4,7,6,7,4,6,6.9,1.8681541692269403,7.011363629989671,6.39816253680628
8,5,7,7,10,6,5,7,7,5,8,4,7,5,10,6.4,1.6852299546352716,7.034834119055189,7.220555587038361
7,10,7,8,10,6,9,10,5,9,8,4,9,8,9,7.7,1.9000000000000001,7.023150178005016,7.982725214361744
6,9,4,7,5,6,6,6,6,5,6,10,6,10,5,6.6,1.7435595774162693,7.010797794352959,6.4454487888124765
7,5,9,9,9,6,8,8,7,8,4,4,4,5,8,6.2,1.7204650534085253,7.036964975981215,6.887460348556624
5,7,9,8,10,10,4,7,5,7,8,6,7,6,5,6.5,1.6278820596099706,7.019436614775043,7.202265430541475
5,5,7,5,5,7,7,9,5,5,4,8,7,7,10,6.9,1.7578395831246945,7.0284983980648565,5.19162779770234
9,7,9,10,10,5,5,8,5,6,6,9,6,6,8,6.4,1.3564659966250536,7.031610935125016,8.072263922250402
9,10,7,4,9,7,6,9,5,6,9,8,10,10,10,8.0,1.7888543819998317,7.045074619855647,7.8953074021910625
8,8,5,10,8,5,9,6,7,5,5,10,7,10,5,6.9,1.972308292331602,7.0188340762211165,7.7148078591723
5,4,7,7,7,6,10,10,10,5,6,7,4,7,6,7.1,2.071231517720798,7.032629773512475,5.959736015145933
8,4,8,10,8,8,10,7,8,8,6,6,10,4,9,7.6,1.8,7.028089019932393,7.290995063654178
4,4,10,4,4,5,7,6,7,9,9,10,8,10,5,7.6,1.8,7.035044627153918,5.110827483662032
7,10,6,6,4,4,7,5,4,7,5,6,7,5,9,5.9,1.5132745950421556,7.016410251270027,6.990917726159744
6,6,4,6,8,4,5,6,10,7,7,7,6,4,7,6.3,1.676305461424021,7.031970880721181,6.241359599625986
5,10,5,4,7,4,5,9,9,4,4,9,7,8,8,6.7,2.0999999999999996,7.023092163505359,5.876205874986053
10,4,7,5,4,6,10,9,9,6,8,5,7,7,5,7.2,1.6613247725836149,6.995568853897521,6.764098110191388
10,10,9,8,6,5,8,6,5,6,10,4,7,8,7,6.6,1.6852299546352716,7.001996363882038,8.374133734727387
7,9,6,6,4,8,4,7,4,8,5,10,7,4,9,6.6,2.1071307505705477,7.014761036288709,7.084899825796023
6,8,10,9,6,7,7,7,6,4,4,7,5,7,6,6.0,1.1832159566199232,7.032133833944357,7.0799006058846246
4,8,5,10,10,8,6,5,7,4,10,9,7,5,4,6.5,1.9621416870348585,7.0448717858399075,6.580509417269264
9,10,6,4,10,6,8,8,10,7,6,10,9,9,10,8.3,1.4866068747318506,7.032516119958044,8.134302389977288
10,5,5,7,8,5,8,6,7,4,7,7,6,8,6,6.4,1.2,7.019312709952361,7.633668733401951
6,10,10,4,7,4,10,6,5,7,8,9,4,9,7,6.9,2.0223748416156684,7.039240498903753,6.680155154023376
8,7,9,8,10,6,9,5,6,7,9,10,4,9,10,7.5,2.0615528128088303,7.033927469555051,8.083216975832913
10,8,10,6,8,10,9,8,9,7,10,4,7,5,6,7.5,1.9621416870348585,7.008858733432673,8.317416823401985
7,8,10,6,6,9,8,4,8,8,8,9,4,4,10,7.2,2.181742422927143,7.026020682076199,7.164059316525417
9,7,5,5,8,8,10,10,6,9,9,7,10,9,8,8.6,1.2806248474865698,7.013344784070247,7.794968647047194
9,4,8,9,7,5,8,4,9,9,7,10,5,9,7,7.3,1.9519221295943134,7.027242072132674,6.770446244837228
7,7,7,7,9,7,5,8,8,8,6,10,10,8,5,7.5,1.6881943016134133,7.021331192052389,7.469768108940915
9,6,5,10,7,6,10,8,6,5,8,4,9,5,7,6.8,1.8330302779823362,7.020646932539128,7.6725966221665365
4,10,9,4,4,7,5,7,10,5,4,5,8,8,6,6.5,1.746424919657298,7.018434770402723,6.437956408042874
4,6,9,4,7,7,9,7,10,5,9,9,7,9,9,8.1,1.445683229480096,7.028609382614164,6.161826878146457
8,4,6,10,9,8,4,5,7,8,10,10,6,9,9,7.6,1.9595917942265424,7.0313759798147375,7.2524295332924495
6,4,9,8,4,7,4,4,7,7,8,10,7,10,6,7.0,1.9493588689617927,7.036842098985869,6.028105488284908
6,5,7,10,6,10,8,9,9,10,9,9,5,6,8,8.3,1.552417469626002,7.0235151472584745,6.66596137301052
9,4,7,4,9,8,9,4,8,6,7,6,9,9,5,7.1,1.7,7.012427177657837,6.727550874421559
4,5,7,7,9,10,8,10,10,8,8,9,8,4,4,7.9,2.118962010041709,7.032813554554027,6.079132441532544
10,5,6,4,8,7,8,5,7,9,8,4,5,7,5,6.5,1.5652475842498528,7.015217384949985,6.694809992466416
4,4,6,4,5,8,6,5,5,9,4,8,5,8,4,6.2,1.7776388834631176,7.028751567429064,4.554130280457686
5,7,9,10,8,9,8,10,4,4,7,9,9,10,8,7.8,2.08806130178211,7.039721249449672,7.16567525832611
4,4,6,9,5,6,10,7,9,4,9,10,6,5,5,7.1,2.118962010041709,7.050553870039724,5.755835836894318
8,7,5,9,10,9,9,7,9,6,9,8,10,6,7,8.0,1.3416407864998738,7.026657258796433,7.738904689491952
7,10,6,6,4,8,8,10,5,6,10,8,7,10,5,7.7,1.8466185312619388,7.015091569952313,7.3657279565683
10,9,8,7,5,8,10,6,5,6,6,6,10,5,10,7.2,1.98997487421324,7.008698672923662,7.642667203777126
9,9,6,10,4,10,10,8,9,4,8,5,4,4,4,6.6,2.4979991993593593,7.024063109443723,7.921438462934414
4,7,6,9,8,9,10,7,5,9,9,7,4,10,7,7.7,1.9519221295943134,7.045348116423074,6.3076451224059396
6,7,7,6,7,7,9,5,6,10,7,10,7,4,10,7.5,2.0615528128088303,7.025475143631037,6.8754964921189705
6,5,6,10,6,4,9,4,10,8,10,7,4,5,8,6.9,2.3430749027719964,7.027588379401772,6.778198251306254
7,10,7,4,4,9,6,7,7,5,6,6,9,9,8,7.2,1.4000000000000001,7.021329358113763,6.458503518479125
10,5,4,6,7,7,4,9,5,5,5,10,9,9,5,6.8,2.1354156504062622,7.020137097669118,6.5728421587250105
4,4,5,10,10,9,10,4,4,8,7,4,8,6,7,6.7,2.0518284528683193,7.035776602031802,5.87349499815981
9,5,6,10,7,4,10,6,8,4,4,9,6,4,5,6.0,2.1447610589527217,7.022192328835111,7.5095166107844635
5,4,7,7,4,10,9,9,4,10,9,7,6,7,8,7.9,1.8138357147217055,7.027206472042749,5.4971483236064795
5,4,9,7,8,7,10,5,9,10,9,5,9,7,8,7.9,1.7578395831246947,7.036564499617557,6.421438435383913
8,6,10,4,4,4,5,7,10,7,7,4,6,9,9,6.8,1.98997487421324,7.006696927347678,6.305538819492699
6,6,6,7,9,10,8,10,6,9,8,10,8,7,5,8.1,1.6401219466856725,7.03291759152209,7.003502377802582
4,7,6,4,7,7,4,9,8,10,5,10,9,8,8,7.8,1.8867962264113207,7.015039196710591,6.020085242252945
9,7,9,6,9,7,5,5,9,8,5,5,10,9,7,7.0,1.8439088914585775,7.027684267540517,8.076663905463338
4,6,4,8,5,10,10,6,4,6,5,8,4,4,8,6.5,2.247220505424423,7.036514880003051,5.471604206183918
9,5,5,9,6,4,8,4,10,9,9,6,10,4,7,7.1,2.3430749027719964,7.01684004745329,6.999385431234531
8,4,7,4,7,8,10,4,9,9,8,7,4,4,7,7.0,2.1447610589527217,7.019664962112405,6.05896532660969
4,9,8,7,10,7,7,9,8,10,7,8,6,4,4,7.0,1.8439088914585775,7.030472848484699,6.965923485068316
6,4,4,7,6,5,6,10,7,7,10,9,6,7,5,7.2,1.7776388834631176,7.0323111390932596,5.586331278097797
6,9,10,9,9,8,4,6,4,8,6,8,7,10,7,6.8,1.7776388834631178,7.029707107088112,8.096867703253798
9,9,9,8,6,10,7,8,8,8,4,8,7,5,8,7.3,1.6155494421403513,7.02044784500858,7.925074248523101
9,6,6,5,8,5,10,7,8,4,4,10,5,9,4,6.6,2.3748684174075834,7.016536657817713,6.785938820534347
9,4,7,10,4,4,4,7,4,6,8,10,4,9,9,6.5,2.29128784747792,7.020979012796062,6.90963285103089
8,7,8,6,7,4,4,6,4,4,8,9,6,9,6,6.0,1.9493588689617927,7.022324508238462,7.076259222564353
6,4,4,7,7,9,4,9,9,6,10,5,6,6,6,7.0,1.9493588689617927,7.0337159203488415,5.4565136742236025
9,8,9,8,9,7,10,7,7,6,5,6,4,5,7,6.4,1.5620499351813308,7.0199052091114265,8.021423668057587
6,7,4,8,8,9,9,10,8,10,5,7,5,5,9,7.7,1.9519221295943134,7.0316070437631595,6.714505409995301
4,9,8,10,6,6,4,8,7,5,8,5,9,4,9,6.5,1.857417562100671,7.035319888663166,7.1344632347004335
7,4,7,10,8,8,7,5,4,9,8,9,5,5,7,6.7,1.7349351572897471,7.0337818647069525,6.766545429227956
8,10,4,6,5,4,6,9,5,8,9,7,7,5,5,6.5,1.6881943016134133,7.005892693926214,7.01534580054113
4,5,10,9,5,5,10,6,5,9,9,10,10,4,8,7.6,2.244994432064365,7.039952988202172,6.264107856735123
6,9,5,10,9,5,9,10,9,9,10,6,10,10,8,8.6,1.6852299546352716,7.027295279547315,8.019404652199974
10,5,10,6,5,10,7,10,9,5,9,8,7,10,6,8.1,1.7,6.998238334716852,6.867019810019368
5,5,4,4,4,4,10,5,4,6,8,8,6,9,6,6.6,1.9595917942265426,7.017433741956159,4.919404516274463
6,9,10,8,5,10,5,7,10,10,10,4,4,8,10,7.8,2.4819347291981715,7.034717246217096,7.689976308029986
10,5,6,5,4,9,8,5,6,4,10,5,8,8,4,6.7,2.051828452868319,7.004658070362085,6.295844933094408
8,7,5,10,4,8,9,8,7,6,8,7,5,8,9,7.5,1.2041594578792296,7.008578425646585,7.027005763103781
7,8,7,4,9,5,10,8,4,7,7,4,6,10,9,7.0,2.1447610589527217,7.025267534467739,7.150080926669245
9,7,6,10,10,7,5,9,7,10,6,10,5,10,9,7.8,1.9390719429665315,7.029876970975503,8.087267702024489
7,5,5,10,10,5,4,8,4,9,8,4,8,7,10,6.7,2.147091055358389,7.025048916805234,6.918987472576627
9,6,4,5,10,5,8,7,10,10,6,4,6,9,7,7.2,1.9390719429665317,7.03423516437645,7.00405466041585
9,8,9,5,5,6,6,10,7,10,5,8,9,9,4,7.4,2.009975124224178,7.0074346905509515,6.613889792957147
9,4,7,5,9,10,8,4,9,8,6,5,6,5,10,7.1,2.071231517720798,7.021331189237102,6.257900412675228
10,9,6,7,8,7,4,4,7,8,7,10,9,7,5,6.8,1.8867962264113207,7.012765953058344,8.171174981817943
4,8,7,7,7,9,7,4,6,5,10,5,8,6,5,6.5,1.857417562100671,7.032795152859338,6.222551783554466
8,10,7,9,8,7,5,5,5,8,5,5,8,9,6,6.3,1.4866068747318506,7.019190676260459,8.031554185939592
7,9,10,6,10,10,9,4,8,8,5,5,10,4,5,6.8,2.315167380558045,7.034231097276953,7.541619306910627
7,8,5,7,5,7,5,5,7,4,7,8,7,6,8,6.4,1.2806248474865698,7.010738251672706,6.577756883848412
9,6,4,10,6,5,10,8,4,4,7,8,5,4,9,6.4,2.1540659228538015,7.018330458676134,7.451221376424689
7,5,10,5,8,5,9,6,9,4,7,6,8,5,4,6.3,1.7916472867168916,7.035379056292145,6.54017797762924
5,8,9,10,10,6,6,4,8,8,7,10,9,8,7,7.3,1.6155494421403513,7.031616882562702,7.880682619614284
4,7,8,4,5,9,6,4,8,7,6,8,5,10,6,6.9,1.7578395831246945,7.018330458676135,5.559427806423414
5,4,10,5,9,8,6,4,4,10,4,9,5,4,5,5.9,2.1656407827707715,7.02121572464694,5.8326085915252355
9,4,8,8,4,4,9,6,8,8,4,8,4,4,10,6.5,2.247220505424423,7.020140098931575,6.745029531145821
8,10,10,8,9,7,7,10,7,5,7,4,9,9,6,7.1,1.7578395831246945,7.026486480156315,8.560072149330907
8,10,6,7,5,7,9,7,6,9,4,5,10,10,10,7.7,2.1,7.023025102864037,7.33929942825474
6,8,9,4,8,7,9,9,6,4,8,9,5,6,9,7.2,1.7776388834631178,7.016989659549749,6.735515316649673
9,7,8,10,4,9,6,6,7,9,8,5,4,4,8,6.6,1.8,7.024362134136325,7.4323803834620445
9,9,9,7,8,6,6,6,9,6,6,9,9,8,7,7.2,1.32664991614216,7.018321039694658,8.541837400383633
7,5,5,8,10,9,5,6,7,4,8,7,9,6,6,6.7,1.5524174696260025,7.028008439811396,6.297723834233036
7,4,9,9,8,6,7,6,9,7,6,4,4,5,6,6.0,1.4142135623730951,7.0433590955422645,6.927977399236754
10,5,5,9,8,6,7,7,10,6,5,6,9,7,6,6.9,1.445683229480096,7.018548381436652,7.270298269362086
7,5,7,10,5,7,6,8,7,5,8,9,6,10,9,7.5,1.5,7.018449707227129,6.567188960187467
5,6,5,4,8,7,8,9,5,10,7,8,9,8,8,7.9,1.3,7.030905072089105,5.745987744403973
8,7,10,5,4,9,4,6,7,7,10,10,10,7,8,7.8,1.8867962264113207,7.004448240372584,7.29845858471298
7,6,7,7,5,10,9,6,5,7,9,6,6,4,9,7.1,1.9209372712298547,7.017581964337057,6.359260430866696
6,7,4,4,8,7,10,8,10,6,6,5,10,4,6,7.2,2.08806130178211,7.024777442859955,5.575775395144343
6,6,8,7,6,6,8,8,5,9,5,5,8,10,10,7.4,1.9078784028338913,7.0271484347550155,6.279874716287731
4,4,5,6,7,10,9,8,4,7,7,4,10,7,9,7.5,2.0615528128088303,7.046964580904752,5.3051945121771995
8,8,7,10,9,8,7,9,8,9,4,5,4,7,8,6.9,1.8138357147217055,7.025748125295673,7.591424018925824
5,8,6,5,6,9,7,7,5,10,7,5,8,8,9,7.5,1.5652475842498528,7.021128945095221,6.378101116044187
10,4,5,8,5,10,5,4,8,10,9,4,8,8,9,7.5,2.202271554554524,7.017221128163189,6.4704486808604385
5,5,9,5,6,9,6,7,7,4,7,4,10,8,6,6.8,1.8330302779823362,7.021390008757495,5.658869617104792
4,10,7,5,8,6,8,9,5,5,7,9,4,10,6,6.9,1.9209372712298547,7.031628297500741,6.745281370129295
5,8,6,8,7,7,8,9,6,4,4,5,7,8,6,6.4,1.624807680927192,7.028948523084495,6.45465151721415
4,8,8,4,7,10,4,6,8,6,7,5,6,9,5,6.6,1.8,7.0171969643809105,5.615065806750562
5,8,4,6,4,8,5,6,6,9,4,9,6,10,5,6.8,1.9390719429665317,7.017299199455164,5.801204685271705
6,7,5,4,10,9,9,10,10,10,4,6,6,8,4,7.6,2.2891046284519194,7.041349474877724,6.254284983540267
10,9,8,7,4,8,8,8,7,8,9,5,9,9,6,7.7,1.2688577540449522,6.996697707877478,8.294338430479565
10,8,10,4,6,7,8,6,4,4,6,5,6,6,7,5.9,1.2206555615733703,7.016013429993268,7.680262830441192
4,9,4,4,9,4,4,8,9,6,6,5,10,10,4,6.6,2.33238075793812,7.036686380123248,6.051797549177555
7,4,9,8,6,5,7,8,5,4,7,6,7,9,5,6.3,1.4866068747318506,7.023190179740373,6.477217853290473
6,4,7,7,8,4,5,6,10,6,4,9,8,7,7,6.6,1.9078784028338915,7.0319349727152956,6.041496521907175
4,6,7,4,10,6,5,10,5,9,8,5,7,10,5,7.0,2.0,7.030439323189915,5.745505740461377
7,9,10,7,6,10,8,7,10,5,7,6,6,9,6,7.4,1.6852299546352716,7.023131668432308,7.149480961040485
5,10,8,8,6,5,8,7,10,4,6,6,4,10,10,7.0,2.280350850198276,7.028255368502997,7.138131948056721
7,4,7,6,8,4,10,5,10,7,10,6,8,5,5,7.0,2.23606797749979,7.033051738630907,6.041722970355294
7,8,10,4,10,10,8,8,9,8,10,10,4,6,9,8.2,1.8330302779823358,7.0354430305533295,7.418715854898018
8,8,5,5,10,10,4,9,6,9,4,7,10,6,5,7.0,2.23606797749979,7.026216407388366,7.152547839622577
9,10,5,8,6,6,6,6,7,10,4,10,5,4,9,6.7,2.147091055358389,7.00796201095109,7.676644165061583
10,8,6,6,5,9,9,4,8,7,8,10,9,7,4,7.5,1.9621416870348585,7.003126989787411,7.710323795313767
10,7,4,5,5,9,4,7,4,4,5,10,8,8,8,6.7,2.1470910553583886,7.009150936783823,6.529365975607377
7,4,8,9,10,6,5,9,9,9,8,10,8,10,5,7.9,1.8138357147217055,7.0381078629194445,7.02272055497654
9,8,5,4,5,10,4,8,9,4,8,7,6,8,7,7.1,1.8681541692269403,7.013116051658888,6.690151766962812
6,5,5,8,8,5,7,5,8,5,7,10,6,4,4,6.1,1.8138357147217055,7.034679954336477,6.464907918527253
8,9,6,8,4,6,9,4,8,9,8,7,7,9,9,7.6,1.5620499351813308,7.021573599605597,7.420741620086133
9,7,4,10,10,9,9,5,10,9,10,9,7,8,10,8.6,1.4966629547095764,7.022926820703747,8.111967156667529
4,8,7,7,9,7,4,5,5,8,9,7,4,7,9,6.5,1.8027756377319946,7.030832836957569,6.704031125850148
7,10,6,8,7,9,6,7,8,7,5,4,10,8,6,7.0,1.7320508075688772,7.023484066277758,7.434056637423328
9,10,6,5,5,4,4,10,5,5,5,8,7,4,7,5.9,1.9209372712298547,7.009607680536743,7.458223612165086
6,10,9,6,8,7,5,7,4,4,9,6,8,7,8,6.5,1.6278820596099706,7.034154240418566,7.444763499715377
8,5,7,9,5,8,8,10,9,8,9,4,10,7,9,8.2,1.6613247725836149,7.012930073799706,7.356955440695285
7,7,8,10,4,6,8,10,6,4,4,5,8,5,10,6.6,2.154065922853802,7.022151893795957,6.988640299627405
10,4,6,8,7,6,7,5,4,8,6,9,10,10,4,6.9,2.1656407827707715,7.02226224277935,7.004219002387171
9,4,10,7,4,9,10,7,8,7,10,7,10,8,8,8.4,1.2,7.02152520661559,7.0866150031465205
4,4,9,8,9,9,7,6,9,8,4,10,9,5,6,7.3,1.9000000000000001,7.029979245819523,6.136298216830727
5,7,8,8,8,10,9,8,8,6,5,9,9,7,4,7.5,1.857417562100671,7.036731025129444,7.025883515611718
10,8,9,8,6,8,9,9,10,10,9,5,4,9,6,7.9,2.0223748416156684,7.014404074560607,8.18048800397419
7,8,7,6,6,8,7,10,6,8,10,5,10,4,4,7.2,2.2715633383201093,7.021436713408802,6.602408712489896
7,4,5,10,4,8,6,7,5,8,5,4,9,9,7,6.8,1.6613247725836149,7.028718527427097,6.577002904061017
4,9,10,10,4,5,8,7,10,10,6,9,8,5,7,7.5,1.746424919657298,7.050263607996023,7.568998060587992
8,9,9,6,10,8,7,7,7,5,8,4,4,5,10,6.5,1.857417562100671,7.024161068587499,7.441453443150081
4,6,7,5,9,5,9,7,8,8,6,6,4,6,6,6.5,1.4317821063276353,7.026319439565057,5.924772440838961
7,7,8,5,7,4,9,10,4,10,6,8,6,7,10,7.4,2.244994432064365,7.021621618702031,6.935615906279004
7,5,5,7,5,10,7,7,9,5,7,10,8,10,10,8.3,1.676305461424021,7.019063001066739,6.372977013996565
7,7,8,4,7,9,5,5,7,6,10,4,6,6,5,6.3,1.7916472867168918,7.026545082560008,6.850215394641242
6,9,10,4,4,5,9,9,5,8,8,4,5,7,9,6.9,1.8681541692269403,7.0260705201182985,6.2574219476175506
4,8,7,8,7,5,8,5,8,5,10,7,4,10,7,6.9,2.0223748416156684,7.03890051987492,6.344899761973024
8,8,9,6,8,8,9,9,6,7,5,4,5,5,7,6.5,1.6881943016134133,7.021169256472811,7.468351847877926
9,5,6,8,10,4,6,10,5,4,6,10,5,4,10,6.4,2.4576411454889016,7.035472237177021,7.468859473455633
4,5,5,9,5,7,9,9,5,5,10,4,9,5,6,6.9,2.071231517720798,7.035974492681261,5.935065559151954
6,8,8,10,4,5,9,8,9,6,4,6,8,8,5,6.8,1.7204650534085253,7.02206106334194,6.783608616336882
9,4,5,10,4,5,9,7,6,9,7,9,8,5,5,7.0,1.61245154965971,7.030570642621507,6.326820846036721
6,8,5,10,4,9,5,4,9,8,10,9,9,5,8,7.6,2.0099751242241783,7.01691239634266,7.085237784569924
9,6,6,4,8,9,5,6,8,7,4,7,10,8,9,7.3,1.7916472867168918,7.012797423142894,6.83519871379283
4,5,4,6,10,5,10,8,4,8,10,5,7,6,7,7.0,1.9493588689617927,7.0367684388845175,5.645464042950498
4,8,10,9,7,5,10,5,4,8,8,7,10,6,6,6.9,1.9723082923316022,7.039689381329,7.1393265661525955
4,8,10,8,9,4,5,4,8,9,9,9,5,4,10,6.7,2.3685438564654024,7.036055039416462,6.735890323253349
6,8,10,8,8,7,8,9,10,6,4,8,8,6,6,7.2,1.661324772583615,7.024433102593858,7.388196844768282
8,5,5,6,4,6,9,9,4,6,7,8,6,8,5,6.8,1.6,7.027851639588626,6.222315486239531
8,9,4,9,4,10,5,6,8,10,5,6,8,6,9,7.3,1.8466185312619388,7.00964566239208,7.065447110403834
6,8,8,7,9,8,5,6,5,6,4,5,5,7,10,6.1,1.7,7.024549546385337,6.895637923491079
4,4,5,7,10,9,5,8,10,6,4,8,10,8,8,7.6,1.9078784028338915,7.018555408445136,5.77174668546072
10,5,5,5,9,8,10,4,7,9,5,10,8,5,10,7.6,2.1540659228538015,7.018952374267663,7.16412943999463
9,6,6,5,7,5,8,7,10,5,6,5,9,8,4,6.7,1.9,7.015861023657672,6.399219351305644
4,9,7,8,9,5,7,6,6,4,9,4,9,5,8,6.3,1.7916472867168918,7.0319522422528395,6.9737808485544726
9,6,4,4,10,7,6,4,7,9,8,6,6,9,8,7.0,1.4832396974191326,7.031713545995251,6.886626448036323
10,10,10,8,8,6,8,6,5,9,8,7,5,10,7,7.1,1.57797338380595,7.003745735523557,8.625723308169029
9,5,6,6,10,9,6,10,7,5,10,10,8,4,7,7.6,2.0591260281974,7.032964596583358,7.700998046469527
9,7,5,9,5,4,9,7,7,8,6,5,5,5,9,6.5,1.6881943016134133,7.022721514542582,7.004090407702895
5,5,9,10,6,10,6,4,5,4,6,9,6,8,10,6.8,2.181742422927143,7.038675382633954,6.6964758344149455
6,10,5,7,4,5,9,8,5,6,6,7,7,6,6,6.5,1.2041594578792296,7.014789910071603,6.784917568176057
9,4,10,7,9,4,10,4,10,8,7,7,6,6,8,7.0,2.0,7.036283178922041,7.198413656402221
10,5,6,4,8,9,9,9,7,4,9,5,8,9,5,7.4,1.9078784028338913,7.0144021675594175,6.887886682984199
8,7,5,4,5,9,4,4,9,5,8,5,8,9,8,6.9,2.0223748416156684,7.009426224720339,6.417767770682302
4,7,7,8,5,6,7,10,7,4,6,7,9,8,8,7.2,1.6,7.027022270206902,6.8650218890950505
9,8,5,8,9,5,5,8,9,8,5,7,4,5,9,6.5,1.8027756377319946,7.016182568455133,7.323534668187197
6,6,6,6,10,7,7,7,6,6,10,7,9,8,9,7.6,1.2806248474865698,7.029903350181975,5.94968662856196
4,10,10,10,6,6,5,10,6,8,4,10,6,9,10,7.4,2.1540659228538015,7.03485085237857,7.2015036427668555
9,7,7,4,6,9,7,7,7,10,4,8,10,5,9,7.6,1.9078784028338913,7.013630948206173,6.937756131274399
6,6,8,5,8,9,10,10,8,4,10,7,8,5,7,7.8,1.98997487421324,7.0346117834262785,6.638604298799049
5,6,6,8,8,5,6,5,7,6,7,9,7,6,5,6.3,1.1874342087037917,7.036044359040642,6.311547013674928
5,7,5,8,9,9,4,4,4,4,8,4,6,10,4,5.7,2.2825424421026654,7.046122913816125,6.305131148038765
8,9,4,8,4,7,10,4,10,5,6,6,10,9,8,7.5,2.1095023109728985,7.013793097401901,7.554381643202531
7,5,9,5,4,7,10,6,5,4,6,5,4,8,6,6.1,1.7578395831246947,7.019108274666314,5.780342784804827
9,5,8,6,4,6,10,10,5,9,10,7,8,7,6,7.8,1.7776388834631176,7.015395678406188,7.197517355826309
5,4,10,4,9,7,4,8,7,4,5,7,8,4,7,6.1,1.57797338380595,7.012536432926332,5.891861674863292
10,9,6,10,8,5,7,4,7,8,6,4,4,4,4,5.3,1.4866068747318504,7.015633416877236,8.646353624102387
4,5,7,4,4,7,8,5,8,4,9,7,9,7,4,6.8,1.7776388834631178,7.031757567234233,4.746976088647119
6,8,7,10,10,7,4,8,10,6,7,4,9,4,9,6.8,2.1354156504062622,7.039783276284991,7.477169115447844
10,9,9,5,7,7,5,9,4,7,4,5,6,10,10,6.7,2.193171219946131,7.006079994395134,7.5303329323098165
10,9,5,8,5,5,8,7,5,6,4,7,9,5,6,6.2,1.4696938456699067,7.022965344864652,7.7827123846528625
9,6,6,10,6,5,8,10,10,7,4,6,5,7,5,6.7,2.0024984394500787,7.021026278459933,7.486159513241228
10,10,9,6,10,7,10,8,5,8,9,9,10,6,8,8.0,1.5491933384829668,7.012933323982753,9.275313432847183
7,8,5,5,9,7,6,5,5,7,4,4,5,10,10,6.3,2.1,7.02122613821791,6.711264603062799
6,6,10,4,10,7,4,8,5,9,8,7,9,8,4,6.9,1.8138357147217055,7.019226511580965,6.215952190516513
8,7,5,10,4,10,4,9,6,10,5,9,7,5,8,7.3,2.1,7.008741824339262,7.376485461070229
4,10,9,5,9,10,7,7,4,8,4,4,10,6,4,6.4,2.2891046284519194,7.040749406275468,6.519249300764712
7,4,4,8,7,5,7,10,4,9,5,8,7,10,9,7.4,2.0591260281974,7.025760787667545,5.890956633601718
4,7,5,6,4,10,10,9,8,9,5,10,8,10,9,8.8,1.4696938456699067,7.025255096066959,5.973273076460778
8,5,10,7,10,8,8,4,4,4,9,7,5,9,10,6.8,2.227105745132009,7.0408970914328055,7.118722115814473
9,5,10,4,7,4,8,9,8,10,8,8,6,7,5,7.3,1.7349351572897471,7.017119831805519,6.759383984566667
6,5,4,8,9,5,4,6,9,9,5,7,8,10,4,6.7,2.1,7.032672535218303,6.6022555752878125
7,5,5,6,6,7,5,6,4,5,9,4,5,9,10,6.4,2.1071307505705477,7.017269072782488,6.08389698813826
8,9,8,4,4,9,8,6,8,5,10,7,10,10,10,8.3,1.7349351572897471,7.015551688083798,7.258284746274271
8,9,8,9,9,8,7,9,5,6,7,5,7,8,5,6.7,1.3453624047073711,7.0252969079422245,7.794888136982698
10,7,9,6,9,8,4,5,7,4,8,8,7,4,10,6.5,2.0124611797498106,7.013207542080403,8.00142343498207
9,9,10,10,4,9,6,7,8,5,4,9,6,5,4,6.3,1.7916472867168918,6.999722212500387,8.08604656920691
10,6,6,10,8,9,7,9,7,10,4,9,6,9,4,7.4,2.0591260281974,7.02616821882697,7.847324110686884
7,10,9,5,7,5,5,9,9,7,4,7,6,10,5,6.7,1.9519221295943134,7.02386131405584,7.460720666837388
7,6,7,10,9,8,8,4,4,8,4,5,6,6,7,6.0,1.61245154965971,7.036791886084204,7.223295793128259
9,4,9,9,6,5,10,4,4,10,7,7,4,4,10,6.5,2.539685019840059,7.024167981755808,6.7334039981978036
9,4,5,10,6,5,10,7,10,10,10,5,9,4,8,7.8,2.2715633383201093,7.018987334937696,7.295371793908473
5,6,8,7,8,10,8,9,4,7,8,7,8,7,10,7.8,1.6613247725836149,7.034636115438171,6.8005519257892235
9,5,9,7,6,8,7,9,5,7,5,5,4,10,9,6.9,1.972308292331602,7.015708590201645,6.940333109825285
7,4,7,4,7,5,6,10,5,7,5,7,7,6,5,6.3,1.4866068747318506,7.026080788783785,5.924201584428374
10,4,5,9,9,5,8,10,8,4,7,6,8,5,4,6.5,1.91049731745428,7.035981300191611,7.509649377057927
8,9,6,10,7,6,9,5,5,9,7,7,8,8,5,6.9,1.5132745950421556,7.0211172455364546,7.443224818589832
8,6,6,4,9,10,5,8,9,8,5,6,5,6,6,6.8,1.7204650534085253,7.018181813624558,6.456077196263558
5,5,8,10,5,5,10,10,4,8,10,7,5,6,5,7.0,2.23606797749979,7.041564786437192,5.79592605853243
7,5,8,5,7,8,9,10,10,10,6,7,7,10,7,8.4,1.4966629547095764,7.026624012290047,6.695008986184163
4,10,8,4,4,9,10,4,6,9,6,10,9,10,9,8.2,1.98997487421324,7.014330697615227,6.3928443153155055
4,6,10,9,10,10,4,6,9,4,5,10,8,9,7,7.2,2.227105745132009,7.044948177402915,6.707071738096187
6,9,10,4,8,4,4,9,4,5,4,8,8,10,10,6.6,2.4979991993593593,7.032188058741241,6.879150316095457
9,7,7,5,9,7,5,8,9,6,6,6,10,9,4,7.0,1.8439088914585775,7.0226216775317365,7.21690376791483
8,6,4,5,7,9,4,6,7,7,4,6,9,7,4,6.3,1.7916472867168918,7.024277807606465,5.7465461674597815
6,6,4,9,7,9,6,5,6,10,6,9,9,8,8,7.6,1.624807680927192,7.026387171993595,6.885160377114103
8,6,4,8,9,9,9,5,5,6,10,7,10,5,6,7.2,1.9899748742132397,7.01867778753615,7.095228875114795
7,9,6,8,8,10,4,8,10,7,6,10,9,4,8,7.6,2.2,7.025197886092701,7.495192292392389
8,6,6,9,5,4,6,5,8,4,5,7,6,6,8,5.9,1.374772708486752,7.017142853562683,6.782671553928477
9,7,4,8,5,4,7,9,8,9,8,4,7,4,6,6.6,1.9078784028338913,7.01887304343593,7.172482398725069
4,5,10,9,6,9,5,10,6,6,9,8,6,10,7,7.6,1.7435595774162693,7.037708326002388,5.9579999479267745
8,9,4,10,10,6,7,4,8,7,6,8,10,8,7,7.1,1.5132745950421556,7.019334177952198,7.821460230323633
10,4,4,4,4,7,5,5,8,9,9,5,6,4,8,6.6,1.7435595774162693,6.986332558117693,6.0053804840837275
10,10,5,9,8,4,5,7,10,8,5,6,10,8,8,7.1,1.9723082923316022,7.00783504432182,8.745669553804163
6,10,6,9,9,9,7,8,7,5,6,10,10,6,8,7.6,1.624807680927192,7.026011555617039,7.157554758009572
6,10,6,5,7,8,5,9,9,9,7,9,6,10,10,8.2,1.6,7.030445389243168,7.300540354241899
10,10,8,4,7,7,5,6,10,6,10,4,5,5,4,6.2,2.08806130178211,7.014464092596813,7.599315779084611
9,10,6,7,8,7,10,10,10,9,9,9,9,9,4,8.6,1.7435595774162693,7.004110425150851,8.181383715652672
9,4,4,8,8,5,7,6,9,4,10,7,7,7,4,6.6,1.8547236990991407,7.013097338926461,6.706371606049205
6,10,4,9,7,6,9,7,4,10,5,10,4,4,4,6.3,2.41039415863879,7.003532374261115,6.848447286837905
9,5,5,8,6,7,4,5,7,10,5,8,10,4,9,6.9,2.211334438749598,7.007879486090452,6.514762435556966
5,4,9,9,8,9,7,9,10,7,10,4,6,6,5,7.3,2.0024984394500787,7.028942947123371,6.498208193972763
10,10,7,8,7,4,9,4,8,6,9,10,10,6,4,7.0,2.3664319132398464,7.014243537258859,8.856101842589124
10,8,8,8,10,9,5,10,4,5,9,6,8,7,6,6.9,1.9209372712298547,7.018831163134065,8.153346493930336
7,7,8,5,6,5,4,10,9,6,10,10,8,9,5,7.6,2.244994432064365,7.022848533983284,6.440378237477575
10,6,6,7,7,9,9,4,7,10,5,4,10,7,4,6.9,2.3853720883753127,7.011776855882346,7.010385897026438
5,6,6,8,7,7,7,7,4,9,7,9,10,10,5,7.5,1.91049731745428,7.031520282197272,6.274662325069544
6,9,5,9,9,8,9,10,8,7,8,8,7,9,7,8.1,0.9433981132056604,7.024817996674509,7.3234102328234245
10,10,5,9,6,5,6,4,7,7,8,5,10,10,8,7.0,1.9493588689617927,7.013729501010526,8.012939587085182
7,5,8,9,5,9,7,7,8,7,9,6,4,4,4,6.5,1.857417562100671,7.018791570388697,6.685612329777713
4,4,10,7,6,6,7,8,10,5,7,6,9,6,10,7.4,1.6852299546352716,7.025233637564659,5.465864327719105
7,7,7,7,8,4,7,10,4,5,9,4,5,6,4,5.8,2.08806130178211,7.024220960685474,7.2223852411683165
8,10,5,4,7,4,8,9,9,10,6,8,10,5,10,7.9,2.071231517720798,7.020941962135455,6.938544305137848
10,5,4,9,6,5,6,9,5,6,10,5,7,4,10,6.7,2.1,7.007317066334323,7.3832252895588875
8,9,4,9,6,9,10,7,6,6,10,7,10,4,4,7.3,2.238302928559939,7.010379379376966,7.976849215183375
10,4,9,8,8,8,5,8,4,7,5,7,8,6,7,6.5,1.3601470508735443,7.017715821027236,7.7574004293801115
5,9,7,9,10,8,8,8,6,6,10,6,5,6,6,6.9,1.445683229480096,7.028491166108751,7.682587515738725
4,4,10,9,10,6,7,6,5,8,7,4,6,10,10,6.9,1.8681541692269403,7.046532833856692,6.64295903889097
6,10,8,10,4,8,8,7,10,4,9,10,10,5,9,8.0,2.0,7.02904254571379,7.704895014172899
8,4,5,7,4,8,9,10,8,9,8,8,7,4,8,7.9,1.5132745950421556,7.028033466922149,6.5054388718258584
8,5,4,6,10,5,10,10,5,6,8,8,8,9,8,7.7,1.7349351572897471,7.023676873701325,6.65429089736653
7,4,5,6,9,8,5,4,4,6,5,8,4,7,7,5.8,1.5362291495737217,7.025836293931785,6.210785830986031
5,10,5,6,5,7,8,8,6,10,6,6,9,7,8,7.5,1.284523257866513,7.020780249187277,6.8387579962902825
6,4,6,6,7,7,6,8,5,4,4,6,10,7,5,6.2,1.7776388834631178,7.032043592898068,5.819848320632725
6,6,9,4,10,8,10,7,6,7,6,9,4,10,4,7.1,2.071231517720798,7.02183287778811,6.44520585034984
7,9,8,4,4,7,5,8,6,8,4,5,5,8,4,6.0,1.5491933384829668,7.026473093914198,6.645896246636369
8,10,6,9,5,8,7,5,5,7,4,5,10,9,9,6.9,1.972308292331602,7.0196827635041945,7.645033037014635
7,5,8,4,10,9,6,10,6,4,7,8,10,4,8,7.2,2.08806130178211,7.02211367049546,6.340747297860322
4,7,4,4,7,4,6,9,7,6,7,10,8,4,5,6.6,1.9078784028338915,7.032534923121224,5.5431503643732185
9,9,7,10,8,5,7,9,9,7,6,5,6,8,5,6.7,1.4866068747318506,7.021048896512369,8.368272665779331
4,10,4,8,9,8,4,6,7,5,6,7,4,5,8,6.0,1.4142135623730951,7.032294255570707,6.874847196623641
10,6,6,6,9,4,9,7,5,5,10,10,4,5,7,6.6,2.244994432064365,7.013151037100812,7.366554740733231
9,8,4,8,8,4,8,4,4,8,9,10,7,9,9,7.2,2.227105745132009,7.016804053889156,7.696856772020222
9,6,5,4,9,9,10,6,10,9,6,8,10,7,9,8.4,1.4966629547095764,7.01163365758116,7.335329837821107
6,10,5,5,9,5,8,6,10,7,4,7,7,9,9,7.2,1.7776388834631178,7.023114349535183,6.951747308239249
7,4,5,9,9,10,10,6,10,6,9,9,5,5,8,7.8,1.9899748742132397,7.030965676751023,6.621155993090593
6,10,7,4,8,9,4,5,6,7,10,10,8,5,7,7.1,2.0223748416156684,7.035377706031878,7.023094101742155
10,10,6,5,5,7,5,4,4,8,4,8,6,5,7,5.8,1.5362291495737217,7.003700090551412,6.848669292358725
6,9,5,7,4,8,10,4,10,8,9,8,4,9,9,7.9,2.0712315177207983,7.014529326729518,6.85938136989904
10,10,7,5,10,4,9,5,7,10,5,5,4,4,10,6.3,2.368543856465402,7.014768451796284,7.911782297660417
8,4,4,10,6,7,8,5,9,7,5,8,9,5,6,6.9,1.5132745950421556,7.020338975614047,7.029329504868888
10,6,10,8,9,10,7,10,4,5,9,9,7,7,10,7.8,2.039607805437114,7.01419697691731,8.416166509308628
4,10,8,6,6,9,9,9,5,9,4,9,4,5,7,7.0,2.1447610589527217,7.030897532143845,6.823328941697362
4,7,10,5,6,4,5,9,5,9,10,5,7,4,10,6.8,2.3579652245103193,7.020069498679352,6.238026814935889
9,9,6,7,7,7,6,9,4,7,4,6,8,9,9,6.9,1.8138357147217055,7.0181643406928576,7.580416172847245
8,9,8,9,10,5,9,9,7,10,9,9,6,10,6,8.0,1.7320508075688772,7.030282732864374,8.349888773533523
10,5,10,5,10,4,4,9,9,5,4,7,9,7,9,6.7,2.147091055358389,7.019387744869697,7.075639016692494
4,10,8,6,8,7,8,7,10,4,9,4,10,10,7,7.6,2.154065922853802,7.028260863906391,7.2573392840318505
6,7,8,7,5,6,6,10,6,9,5,8,7,5,6,6.8,1.6,7.026206893523191,6.219264808758701
5,4,10,8,7,7,5,4,6,5,9,4,6,8,10,6.4,1.9595917942265424,7.038136318345008,6.160219736603596
6,5,10,5,6,6,9,8,8,8,7,7,10,8,10,8.1,1.2206555615733703,7.0236802360304065,6.661411394569024
10,10,7,7,8,4,8,5,8,7,7,5,5,6,4,5.9,1.445683229480096,7.013148003746698,8.596934501943899
8,9,9,4,5,4,4,9,7,4,6,6,4,5,6,5.5,1.5652475842498528,7.019869168422022,6.8350204419821114
8,7,6,7,5,10,5,10,7,9,6,5,10,4,10,7.6,2.3323807579381204,7.014503813819124,6.497584843688062
9,7,4,5,9,10,7,8,8,4,7,7,7,7,8,7.3,1.4177446878757827,7.018918913339489,7.132826893822071
6,9,10,4,5,5,7,5,10,10,7,6,9,6,10,7.5,1.9621416870348585,7.02494886807265,6.8614241945064744
6,4,9,4,5,9,6,7,5,9,8,4,9,9,8,7.4,1.7435595774162693,7.028036430133566,5.780211528368994
8,4,10,4,9,7,6,6,10,5,7,8,7,7,6,6.9,1.3,7.015297083419346,6.544375212105751
9,6,9,7,5,8,4,9,6,8,5,9,9,6,10,7.4,1.9078784028338913,7.013621072301783,7.230771769733493
5,8,8,5,10,5,6,7,10,8,5,9,6,9,5,7.0,1.7888543819998317,7.039175252548472,6.539004932773698
8,6,9,5,8,9,6,10,6,4,9,4,10,4,9,7.1,2.4269322199023193,7.02674418233259,6.984669497309081
5,7,4,9,5,5,7,10,6,8,10,4,5,9,5,6.9,2.118962010041709,7.02594302769365,6.380796959415306
4,8,4,9,5,5,9,8,9,8,9,4,8,4,10,7.4,2.1071307505705477,7.013266324609781,6.271119247192725
7,10,8,5,9,8,8,9,8,4,10,9,6,10,10,8.2,1.8330302779823362,7.031508766995431,7.678933355074637
8,6,4,10,9,4,10,6,5,9,5,9,10,9,4,7.1,2.3853720883753127,7.02863435504085,7.578114718768729
6,5,7,8,4,6,9,6,9,6,5,4,9,7,6,6.7,1.676305461424021,7.02936892777344,6.136783566567075
8,10,5,8,4,6,7,4,6,4,6,10,8,10,6,6.7,2.0024984394500787,7.011042938640621,7.363177793194723
5,8,7,9,5,8,9,4,6,5,5,7,5,8,5,6.2,1.6,7.021820233452898,6.620507567408152
9,5,7,9,6,5,5,6,7,4,7,8,6,9,6,6.3,1.4177446878757824,7.019326335163262,6.822485393930689
4,6,8,7,6,10,5,5,8,9,10,6,9,4,7,7.3,2.1,7.030930100698441,5.719029137850049
5,8,8,6,6,6,9,4,4,10,10,7,4,8,4,6.6,2.4166091947189146,7.026288895946914,6.339425423721979
7,4,6,10,6,9,10,8,10,10,10,4,5,4,10,8.0,2.4899799195977463,7.023997023013375,6.492346785692126
9,5,10,10,9,8,4,10,10,4,4,8,4,7,9,6.8,2.4413111231467406,7.0237646976191,7.887811544615855
9,8,4,5,7,7,8,5,7,10,9,6,9,7,6,7.4,1.4966629547095764,7.022474221977679,7.300467642117038
10,7,6,6,7,8,9,5,6,6,9,7,6,8,9,7.3,1.4177446878757827,7.009948182896399,7.65104282667201
6,4,9,6,8,8,9,8,7,9,10,5,7,8,9,8.0,1.3416407864998738,7.037549143487842,6.4829330639782095
6,5,4,5,5,7,8,4,4,6,5,4,10,8,7,6.3,1.9519221295943134,7.037350353521667,5.560458410855501
8,4,4,4,4,9,7,6,7,4,7,4,4,5,6,5.9,1.57797338380595,6.9926493001643975,5.6133158922782584
4,8,6,5,4,10,10,8,10,4,9,6,8,10,10,8.5,1.9621416870348585,7.017522117683607,6.12631142117342
10,6,6,5,8,9,7,6,9,10,6,6,10,7,7,7.7,1.5524174696260025,7.013157890235455,7.520413079379828
7,7,6,9,9,10,6,9,5,4,7,10,5,7,6,6.9,2.0223748416156684,7.03469985015388,6.985912606699452
5,7,6,8,7,10,5,10,9,9,8,4,4,7,4,7.0,2.4083189157584592,7.028840390659459,5.958240833251152
6,6,4,8,4,10,10,8,9,5,5,9,6,9,5,7.6,2.009975124224178,7.020391266350342,5.895463911440054
5,4,10,4,10,7,8,9,6,7,9,7,9,7,10,7.9,1.2206555615733703,7.0220640444447255,6.0108727037813425
7,9,6,10,8,4,7,10,4,5,4,7,8,8,5,6.2,1.98997487421324,7.029257903266872,7.864113781714409
4,10,8,9,9,7,4,8,9,6,7,10,10,9,9,7.9,1.8138357147217055,7.043316054877392,7.472352585851085
4,5,4,7,10,7,6,8,6,5,4,4,9,8,6,6.3,1.6155494421403511,7.0399503634740075,5.546265642558846
6,5,4,8,5,9,7,9,7,7,5,5,7,8,5,6.9,1.445683229480096,7.025657422156603,5.95488213615953
10,5,10,4,10,5,4,9,4,8,5,10,5,6,8,6.4,2.0591260281974,7.0068100232852855,7.441341954044804
5,8,9,5,10,10,9,9,10,9,10,8,10,10,6,9.1,1.2206555615733703,7.031993431474985,7.34950385410169
9,10,8,10,4,6,4,8,8,6,7,7,4,7,7,6.4,1.3564659966250536,7.010920236796418,8.089466288079706
6,5,6,10,8,7,5,4,6,7,9,10,5,7,10,7.0,2.0,7.029593805912579,6.462226107812135
5,10,9,7,10,10,5,4,9,9,9,7,5,9,10,7.7,2.147091055358389,7.039070220535041,7.404960901562986
6,5,6,5,10,10,8,8,5,7,7,4,4,9,6,6.8,1.9390719429665317,7.032621497030469,6.154708522939589
4,9,10,6,7,10,4,7,10,6,4,5,8,4,4,6.2,2.3151673805580453,7.033952248422677,6.302872499444732
7,8,5,6,8,5,7,9,5,9,4,7,6,4,5,6.1,1.7578395831246945,7.024369744792404,6.96540183569793
6,5,10,10,7,6,8,6,5,10,6,5,10,4,10,7.0,2.1908902300206643,7.01967353348825,6.730773638596474
10,10,4,7,8,7,8,10,7,7,7,10,5,5,8,7.4,1.624807680927192,7.031178303408575,7.740935950324995
9,4,8,5,4,5,9,5,5,5,4,8,9,5,8,6.3,1.8466185312619388,6.9876555944111445,6.240890247392201
8,5,7,9,5,6,4,10,5,9,4,9,10,10,4,7.1,2.5865034312755126,7.013540506651753,6.767350450000086
10,6,5,5,9,6,8,4,7,10,6,10,7,6,10,7.4,1.9595917942265424,7.006286666381987,7.330134319142475
6,10,8,8,5,7,7,10,10,9,4,4,6,8,10,7.5,2.202271554554524,7.034316181283366,7.241835539195281
6,6,10,9,7,9,4,4,9,5,9,4,8,5,7,6.4,2.1071307505705477,7.029539796623419,7.05690284119351
8,9,4,8,9,9,7,5,5,5,6,9,10,8,8,7.2,1.7776388834631178,7.014296129092415,7.893633756917274
8,7,4,7,10,7,7,10,7,9,4,7,5,7,5,6.8,1.7204650534085253,7.0159767559796835,6.978938934263604
4,5,9,4,10,6,4,4,10,9,9,8,6,10,9,7.5,2.202271554554524,7.0151693563841375,5.993791742921401
10,7,8,4,9,5,6,4,5,10,10,6,4,9,5,6.4,2.244994432064365,7.00744959946761,7.847066702522639
4,6,8,9,9,5,4,5,9,9,9,4,7,7,10,6.9,2.1656407827707715,7.037518350192718,6.721424639632165
5,7,5,9,8,10,5,9,5,4,5,8,7,5,5,6.3,1.9519221295943134,7.034537242079831,6.3008254725204464
4,4,8,9,10,6,5,8,7,6,4,10,4,7,10,6.7,2.0518284528683193,7.034167700833332,6.2878312799799945
4,10,4,4,7,4,8,5,7,10,6,5,4,4,6,5.9,1.8681541692269403,7.019879507500181,5.517181280109423
7,6,5,8,8,8,6,7,6,4,8,8,9,6,7,6.9,1.374772708486752,7.022177596152528,6.477944058996466
8,6,7,9,10,4,5,8,6,9,7,7,10,4,8,6.8,1.9390719429665315,7.035642941925316,7.897767265900387
10,9,6,9,8,4,9,5,5,5,7,8,4,4,9,6.0,1.9493588689617927,7.021111105910288,8.305564581865918
5,4,10,7,7,5,8,8,9,6,8,8,4,9,8,7.3,1.6155494421403513,7.040656559730088,6.5508503969242255
6,7,8,10,9,8,4,8,4,6,7,10,4,4,8,6.3,2.1,7.040382239802474,7.398556716096833
8,6,8,9,5,4,9,5,5,6,4,9,8,8,10,6.8,2.1354156504062622,7.017959180092879,6.977774521563491
6,5,4,5,4,7,6,9,9,10,10,8,7,8,7,8.1,1.3,7.017635461066368,5.561677059891363
4,5,6,9,8,5,9,10,5,8,6,4,6,6,4,6.3,1.9519221295943134,7.032126691529316,6.016043122261046
8,9,10,10,4,9,5,5,9,4,7,6,8,5,9,6.7,1.8466185312619388,7.013922509668374,8.516767999825527
4,6,7,5,4,8,10,4,8,8,6,4,8,5,4,6.5,2.0615528128088303,7.030489858926946,5.449202669232751
8,6,5,6,5,5,9,9,10,7,9,8,4,9,5,7.5,2.0124611797498106,7.019711782285272,6.28950041562871
5,9,4,6,6,8,9,6,5,10,10,10,5,10,7,8.0,2.0,7.0131218406538425,6.352316311522008
9,8,8,10,4,6,7,9,6,5,7,8,6,5,4,6.3,1.4177446878757827,7.0285091481878705,7.893736972957969
4,7,9,8,5,6,6,9,8,9,10,6,6,10,8,7.8,1.5999999999999999,7.028571423720791,6.169412179405806
6,4,6,6,7,8,7,5,5,7,5,6,7,7,5,6.2,1.077032961426901,7.032043592898068,5.723299421505799
8,4,6,4,5,4,5,9,4,7,4,6,8,4,9,6.0,2.0,7.018394944077192,5.599716537812089
7,5,4,10,4,8,6,9,10,8,10,6,8,8,5,7.8,1.5999999999999999,7.026993158283605,6.612799142970296
8,6,6,5,7,9,9,4,10,10,9,9,8,10,7,8.5,1.746424919657298,7.016052155118689,6.763778733598177
10,9,6,8,5,5,4,5,4,6,8,9,9,7,10,6.7,2.1,7.015541026132505,7.501256514653732
5,9,8,7,8,10,5,5,5,10,9,10,5,8,4,7.1,2.3853720883753127,7.028743715060932,6.985800439218333
7,8,8,4,5,9,8,6,8,8,6,8,4,9,7,7.3,1.4866068747318506,7.020740736406952,6.813765581680346
8,9,8,6,5,10,6,9,5,4,7,4,4,5,7,6.1,2.0223748416156684,7.012565168398039,7.525809948449832
6,5,6,8,8,10,4,5,6,5,8,9,5,5,5,6.2,1.9390719429665315,7.031171251968656,6.525132243921412
4,9,6,7,4,10,4,10,7,5,5,8,8,6,6,6.9,1.9723082923316022,7.012955116839157,5.7380970003598675
6,6,4,8,6,8,7,6,9,9,7,8,6,5,8,7.3,1.2688577540449522,7.01358024297779,5.948164841487088
8,4,8,5,7,6,7,9,7,6,7,6,6,7,4,6.5,1.2041594578792296,7.028687495607071,6.051915698736329
10,6,9,7,10,5,8,9,5,8,8,9,5,9,6,7.2,1.661324772583615,7.011555163326193,8.373912447956911
8,6,8,5,4,9,7,4,4,4,5,5,6,10,4,5.8,2.08806130178211,7.0106870184410415,6.389878188238533
6,10,10,5,5,6,10,4,5,10,7,7,7,9,7,7.2,1.8867962264113207,7.023904375474197,7.746685720231012
6,8,9,10,10,8,4,7,10,8,8,8,6,10,6,7.5,1.746424919657298,7.0331809807740555,8.210443351158302
5,7,5,9,8,8,9,7,4,10,9,5,6,7,7,7.2,1.7776388834631178,7.034029341402916,6.666667172207618
8,7,10,5,8,5,5,10,7,5,7,9,10,5,9,7.2,2.039607805437114,7.0250631268781145,7.165402743097034
9,6,4,4,4,9,5,10,7,8,7,4,5,6,10,7.1,2.0223748416156684,7.005501213929702,6.257698992319798
10,5,7,8,6,5,4,9,6,6,7,8,7,10,6,6.8,1.7204650534085253,7.018902798438343,7.495198297534267
9,6,9,10,5,6,8,10,5,8,9,7,5,7,8,7.3,1.5524174696260025,7.024941170960832,8.021361792482569
4,5,10,7,7,5,8,9,4,6,10,5,6,4,5,6.2,1.98997487421324,7.033221751436635,5.8599109293474445
10,9,8,8,9,6,6,5,6,6,5,10,6,6,10,6.6,1.7435595774162693,7.01827636922862,9.001732684841498
7,7,7,5,7,7,9,7,4,7,7,4,6,6,7,6.4,1.42828568570857,7.021052628758116,6.528550127002314
6,4,7,9,4,4,6,8,5,5,9,5,7,5,5,5.9,1.5132745950421556,7.032409733809899,6.206759482674663
5,9,4,9,5,8,6,8,7,5,10,6,9,9,5,7.3,1.676305461424021,7.009528208131793,6.74584300835986
6,5,5,9,10,5,9,9,10,7,5,9,10,4,9,7.7,2.1470910553583886,7.024437025000469,6.66028882429529
8,7,7,6,6,6,6,4,7,5,5,9,6,7,7,6.2,1.32664991614216,7.0212685123352525,6.323830660027228
7,8,7,10,8,7,9,5,7,9,9,4,8,7,8,7.3,1.6155494421403513,7.030979377819085,7.406056847811254
6,4,9,10,10,5,9,10,7,10,6,5,4,4,8,6.8,2.227105745132009,7.037940016899687,7.254725598417362
6,6,5,10,5,9,8,6,6,4,10,7,4,4,10,6.8,2.2715633383201093,7.016949147586902,6.64535361447573
5,9,5,8,7,10,6,10,8,6,10,9,6,6,4,7.5,2.0615528128088303,7.021380842415712,6.971154507831778
4,6,8,4,10,7,4,5,6,10,10,10,6,10,5,7.3,2.325940669922601,7.020089778877565,6.318245766273622
10,10,8,8,6,6,10,6,9,6,5,4,6,7,5,6.4,1.7435595774162693,7.004170002402428,8.078226822880715
7,5,10,9,7,8,9,5,4,10,10,5,8,10,9,7.8,2.181742422927143,7.01687961868401,7.093749995997668
9,6,6,6,4,7,8,5,8,10,10,5,10,10,7,8.0,1.8973665961010275,7.016666662351371,6.704873431946667
9,7,7,8,8,7,4,7,6,8,8,5,7,4,10,6.6,1.8,7.023100039921384,7.266467566720422
10,8,6,7,9,4,4,9,10,6,7,10,4,10,6,7.0,2.449489742783178,7.025062809657625,7.7289879463416495
6,4,8,6,6,8,5,7,7,9,8,7,9,9,9,7.8,1.2489995996796797,7.029216691235439,5.790885912051017
4,5,7,9,10,7,7,7,6,9,6,5,7,10,8,7.2,1.4000000000000001,7.045090173301512,6.019789433519674
5,8,6,4,4,4,5,10,4,4,7,8,4,9,10,6.5,2.4596747752497685,7.026230969537842,5.429096461703234
7,5,10,7,6,4,5,8,8,4,8,5,10,5,5,6.2,1.9899748742132397,7.02847681696058,6.565469534160533
7,9,4,4,8,9,7,4,10,8,5,4,10,10,4,7.1,2.5079872407968904,7.027931028424197,7.087772416228027
8,10,6,9,5,7,9,8,9,10,8,10,5,5,4,7.5,2.0615528128088303,7.019250175184391,7.568072959925769
7,10,6,8,7,8,8,10,9,5,6,4,8,7,7,7.2,1.7204650534085253,7.023381291354893,7.863511501433363
8,7,5,6,7,6,5,5,5,9,10,7,5,7,6,6.5,1.6881943016134133,7.017129428869234,6.7967423172342905
9,10,4,9,9,4,10,9,8,6,10,7,6,8,10,7.8,1.9390719429665317,7.01097992088432,8.432838005676372
10,4,9,7,7,9,4,8,10,9,7,8,6,5,6,7.2,1.8330302779823362,7.024220027073707,7.32575610983743
7,4,9,4,7,7,10,4,8,10,4,7,8,9,9,7.6,2.0591260281974,7.0236134394759535,5.674848063038527
10,9,9,8,8,10,6,10,6,7,9,8,9,6,10,8.1,1.6401219466856725,7.006033843262668,8.420379890919754
5,6,8,4,8,7,9,7,9,10,4,10,9,6,10,8.1,1.9209372712298547,7.0235824697012985,6.263527147740715
5,9,5,9,10,8,6,6,6,7,5,5,4,6,5,5.8,1.077032961426901,7.035625590223853,7.07947710504848
10,9,6,8,4,4,7,6,8,7,4,7,8,7,4,6.2,1.5362291495737217,7.011359718578864,7.2923306335926945
4,7,9,4,6,8,8,7,8,10,7,6,8,7,6,7.5,1.118033988749895,7.017253212860725,5.865593124555862
9,6,4,4,7,8,6,9,8,9,4,4,7,5,9,6.9,1.9209372712298547,7.028656965758205,6.588476639216112
4,9,10,9,9,9,4,9,5,6,6,5,9,9,9,7.1,1.972308292331602,7.036330926814952,7.054744447456851
7,7,4,5,5,10,7,8,5,5,10,5,5,10,5,7.0,2.1908902300206643,7.0228012983564785,5.992436190384509
7,4,5,4,4,9,10,7,4,9,9,8,10,4,5,7.5,2.247220505424423,7.009518063843954,5.792706076480633
4,8,9,4,8,4,7,6,9,10,10,4,8,7,6,7.1,2.071231517720798,7.021641111792931,6.359849608427583
7,5,9,10,5,7,10,5,6,10,8,6,10,8,5,7.5,1.91049731745428,7.032332558096736,7.427756977616039
9,10,5,9,5,8,7,4,7,10,10,9,7,6,5,7.3,1.9000000000000001,7.022253514533095,7.857025936079692
5,10,5,5,10,9,9,9,10,4,8,6,10,5,10,8.0,2.0976176963403033,7.043078750545251,7.217694321878608
7,4,6,8,6,4,10,10,7,5,9,5,5,7,8,7.0,2.0976176963403033,7.023615631366117,5.988406661390326
6,9,4,9,4,10,6,9,8,4,10,9,6,10,4,7.6,2.2891046284519194,7.004705875485582,7.0333612283213345
10,10,4,5,7,7,8,10,9,5,6,10,9,5,9,7.8,1.8330302779823358,7.016491219863752,7.600433672531874
5,7,9,7,9,10,4,5,5,9,7,10,7,8,4,6.9,2.2113344387495983,7.02737429775007,6.890091806394019
10,6,10,10,6,7,9,10,7,8,6,8,5,10,5,7.5,1.746424919657298,7.0083241982384195,8.315021266123406
7,7,9,5,9,7,7,8,8,9,4,9,5,9,8,7.4,1.624807680927192,7.027435606367618,7.252189731734378
5,10,6,10,4,10,9,6,4,8,10,7,9,8,7,7.8,1.7776388834631178,7.018171152381981,6.930003697129898
7,5,9,6,5,7,5,5,10,8,10,8,6,4,4,6.7,2.1470910553583886,7.017630219222882,6.377634405189971
9,7,10,7,8,8,5,9,10,6,4,8,5,5,5,6.5,1.9621416870348585,7.020360356143925,7.734183772178443
4,8,6,5,6,10,9,7,10,9,5,8,6,9,8,8.1,1.57797338380595,7.0309265130792795,6.351252759381784
10,9,7,8,8,10,10,5,6,4,4,10,8,6,8,7.1,2.3,7.012993626106372,8.140612819373525
10,8,10,6,7,6,6,10,8,10,6,9,5,6,9,7.5,1.8027756377319946,6.994720729154767,7.758049055264408
5,9,5,6,9,6,9,8,4,7,6,7,6,8,8,6.9,1.374772708486752,7.026277367600343,6.2562438584571
8,4,6,6,7,9,6,8,8,6,9,9,9,9,4,7.7,1.676305461424021,7.012239293626654,6.3503766355823785
5,6,6,8,8,6,10,4,8,4,10,10,10,9,8,7.9,2.3,7.035304987506787,6.365046779164925
9,10,10,4,10,4,4,6,4,8,9,6,4,6,7,5.8,1.7204650534085253,7.034664234056872,7.910554162830339
7,4,9,8,10,6,10,9,10,7,10,7,6,8,9,8.2,1.5362291495737217,7.037178343356546,7.081056872561986
5,8,7,8,7,8,9,9,10,10,8,5,7,10,10,8.6,1.5620499351813308,7.026193545365073,7.36181109804056
7,7,9,7,7,10,6,8,8,10,6,10,7,6,10,8.1,1.7,7.028298123942486,7.244661142041279
5,4,6,4,7,9,5,9,5,6,9,7,9,8,5,7.2,1.7204650534085253,7.031814267384509,5.578388952372066
5,8,5,7,5,5,10,7,5,5,10,7,9,6,9,7.3,1.9519221295943134,7.0230299628063095,6.344625588992649
10,5,7,9,10,8,8,5,8,6,5,10,8,10,4,7.2,1.98997487421324,7.034623008894225,7.654035638486061
5,6,6,5,9,4,4,10,4,9,4,5,7,9,7,6.3,2.2825424421026654,7.033035710099384,5.884641038738146
8,7,6,8,5,5,5,6,9,7,4,5,4,7,10,6.2,1.9390719429665317,7.0090026447444815,7.269878170653679
8,10,4,6,5,9,8,10,10,8,5,6,4,5,6,7.1,2.071231517720798,7.005364989441189,7.365498828418909
7,9,10,5,7,4,7,10,10,8,6,4,5,4,5,6.3,2.238302928559939,7.021056236611072,7.48476491466661
9,9,5,10,8,10,8,8,4,4,5,5,6,10,6,6.6,2.1540659228538015,7.019816047642296,8.209494001159186
8,9,8,4,9,6,4,9,9,9,9,6,4,9,8,7.3,2.0024984394500787,7.040696807234475,7.327593954488433
9,7,8,10,9,7,8,4,4,7,5,5,5,6,5,5.6,1.2806248474865698,7.017388213614344,8.386850928343392
10,4,7,5,10,10,6,6,5,5,7,9,7,6,7,6.8,1.5362291495737217,7.012318832110724,7.1836763305008855
9,4,6,4,4,6,4,6,6,7,9,4,8,8,9,6.7,1.7349351572897473,7.004802947038421,6.151218881978049
7,5,6,8,8,8,4,5,4,7,10,6,6,7,7,6.4,1.7435595774162693,7.029475097788486,6.6014299445075855
10,4,7,7,8,10,10,6,10,10,10,9,5,10,5,8.5,2.1095023109728985,7.0239285664114774,7.1123746941476504
10,10,10,6,5,5,7,10,6,9,6,10,6,10,9,7.8,1.8867962264113207,6.995377120443578,8.424165813416844
6,9,9,5,8,4,9,4,8,4,5,5,9,5,5,5.8,1.9390719429665317,7.019036140349978,7.297485230458705
5,7,9,4,4,8,5,7,7,7,4,9,9,6,8,7.0,1.5491933384829668,7.020155786737922,6.075611537074939
8,7,6,7,4,7,7,5,7,5,5,6,4,5,5,5.6,1.019803902718557,7.01512518803519,6.728224896341633
4,9,7,7,4,9,6,5,8,4,8,7,4,7,9,6.7,1.7916472867168916,7.020997580835882,6.001495526521882
6,8,10,8,7,10,10,10,5,6,8,7,5,10,8,7.9,1.972308292331602,7.029103667910851,7.81860070177679
8,4,4,7,7,8,9,9,10,7,10,10,5,6,10,8.4,1.7435595774162693,7.014902802725052,6.810377228537386
10,10,9,7,6,7,8,8,4,10,5,4,9,6,7,6.8,1.9390719429665317,6.999566342584939,7.8774604937677815
8,7,5,9,5,10,8,5,8,10,9,4,10,4,7,7.5,2.29128784747792,7.021275391071514,7.343728245643494
4,10,8,7,5,5,9,5,7,9,9,4,4,4,8,6.4,2.1071307505705477,7.025235237788506,6.493541270990393
8,4,10,6,9,6,10,4,6,6,5,7,8,6,10,6.8,1.8867962264113207,7.037818175420168,6.950470297301852
8,8,6,8,4,8,5,4,9,6,7,9,5,8,10,7.1,1.9209372712298547,7.01743273149247,6.915426316051503
4,6,9,7,5,4,8,7,6,7,8,8,9,7,7,7.1,1.3,7.024246666416085,6.031404261039433
7,8,5,6,6,7,4,10,8,5,4,4,4,9,10,6.5,2.4596747752497685,7.016301486846497,6.277760892743027
9,5,4,5,8,10,5,7,9,8,6,9,6,8,5,7.3,1.676305461424021,7.029026839740747,6.361826099360744
4,10,10,10,6,10,6,4,9,6,8,10,4,6,10,7.3,2.2825424421026654,7.035007838249595,7.562047089106787
5,10,7,9,7,8,5,8,5,10,10,4,8,7,9,7.4,2.0099751242241783,7.021678779232202,7.1713798303913965
10,9,8,7,5,7,7,7,9,7,5,8,10,4,7,7.1,1.6401219466856727,7.008768262346022,8.090660194544174
5,7,10,5,8,10,7,4,4,7,5,10,4,8,10,6.9,2.4269322199023193,7.023897576796659,6.492278230380862
4,10,8,9,8,8,10,5,9,6,5,7,6,7,8,7.1,1.57797338380595,7.036870497269004,7.883436889646546
10,9,10,5,4,4,10,7,8,5,7,8,4,10,7,7.0,2.04939015319192,6.9841292036739775,7.585037400732689
10,10,5,6,5,9,8,7,4,10,7,7,10,9,8,7.9,1.7,6.999999993103448,7.765945210655783
9,5,5,4,5,6,10,7,6,5,7,6,5,9,8,6.9,1.57797338380595,7.011363629989671,5.977547783171341
10,4,7,6,4,7,8,5,8,8,10,4,5,8,6,6.9,1.7578395831246947,7.011419745873025,6.955110785986017
9,7,4,4,6,5,4,7,9,8,6,4,5,9,9,6.6,1.9595917942265426,7.0199662956866336,6.51963694601931
10,9,8,8,4,8,4,4,6,7,7,10,7,10,9,7.2,2.039607805437114,7.003225800345921,7.987835425854388
5,9,7,5,5,9,5,9,9,4,5,4,6,10,10,7.1,2.3853720883753127,7.026878233790884,6.489650122779417
9,10,4,4,4,6,10,5,5,9,10,6,8,7,9,7.5,1.857417562100671,6.984929065629558,6.813835671236593
4,8,4,8,8,7,6,10,10,7,8,10,8,4,5,7.5,2.0124611797498106,7.036687791571561,6.040670033537277
10,4,6,7,5,7,10,8,10,5,5,4,5,5,9,6.8,2.181742422927143,7.0235245161899185,6.783376362972706
8,9,9,7,9,6,10,4,4,7,5,7,9,8,5,6.5,1.9621416870348585,7.023782230931928,7.9186135504822275
6,9,5,5,8,8,6,9,5,7,7,5,10,7,10,7.4,1.7435595774162693,7.022661239382531,6.539836022330946
4,10,6,8,6,5,4,7,10,5,5,10,7,4,7,6.4,2.1071307505705477,7.014285708927206,6.694260398666837
4,9,9,10,4,5,4,8,6,7,9,5,4,10,10,6.8,2.227105745132009,7.032451243687393,7.322732824274454
8,10,4,7,5,10,4,8,7,9,10,4,10,8,5,7.5,2.29128784747792,7.014503810844351,7.423071708217603
10,10,8,6,7,10,8,7,10,8,4,4,6,8,5,7.0,2.0976176963403033,7.009160299993009,7.700025908830031
8,4,4,4,4,10,9,9,7,6,8,5,6,4,7,7.1,1.8138357147217055,6.990811627885435,5.878125597196194
6,7,9,5,6,10,10,10,8,9,5,10,10,4,6,8.2,2.2271057451320084,7.027268116053079,7.117347473699204
6,9,9,5,5,10,7,6,9,6,5,4,8,5,9,6.9,1.9209372712298547,7.024537349537671,6.872463335230225
9,4,6,8,5,7,9,9,6,7,5,9,5,10,10,7.7,1.8466185312619388,7.02621428069556,6.80680974251114
5,9,7,8,8,10,8,6,5,10,10,7,9,10,8,8.3,1.7349351572897471,7.027772224261854,6.872773615747134
5,4,7,8,5,7,6,8,8,8,9,10,4,8,7,7.5,1.5652475842498528,7.038318396252019,5.632265556481458
8,10,7,7,10,7,6,5,5,4,9,10,9,10,8,7.3,2.1,7.026841716245919,8.014607803419905
6,10,9,9,5,10,4,6,6,5,6,8,7,6,4,6.2,1.7204650534085253,7.041158053958403,7.2624243767349
7,6,6,8,8,8,6,9,10,6,9,8,6,9,7,7.8,1.4000000000000001,7.024424143358047,6.8738693794576795
10,6,10,10,8,5,8,9,4,6,9,10,9,9,10,7.9,2.0223748416156684,7.006533768542044,8.465084223132365
7,10,4,7,6,5,10,10,4,10,4,7,10,5,10,7.5,2.6172504656604803,7.010232881432439,6.9735135379891195
6,10,7,8,8,9,8,5,10,5,4,7,7,5,5,6.5,1.91049731745428,7.0227125904075836,7.810475283607462
9,6,5,9,8,10,6,9,4,9,8,8,7,4,9,7.4,2.0099751242241783,7.017771256881074,7.478999549143681
7,8,7,9,6,7,8,5,4,4,9,10,6,9,5,6.7,2.1,7.022736928592124,7.377271273871056
8,10,7,6,5,10,10,10,5,7,4,7,5,6,4,6.8,2.3151673805580453,7.020784790299947,7.4826059752791325
7,9,5,5,4,5,6,9,8,10,5,8,7,8,5,7.1,1.7,7.0159999946030736,6.626461766654576
8,7,5,4,9,8,10,4,5,6,8,4,10,7,7,6.9,2.071231517720798,7.025864448806457,6.694594925574445
6,10,10,7,5,10,8,7,6,5,4,9,8,7,5,6.9,1.8138357147217055,7.025083327479098,7.595429931037398
10,8,10,10,10,9,6,7,7,4,6,6,8,9,4,6.6,1.6852299546352716,7.01252031380078,9.158658417325718
4,5,8,5,7,8,4,6,4,4,4,5,5,9,9,5.8,1.98997487421324,7.035194341317881,4.856453322865998
7,7,9,10,9,10,6,4,6,5,4,8,5,5,5,5.8,1.7776388834631178,7.032533328644975,7.2234580413543075
4,7,8,5,10,10,4,9,7,8,8,6,4,9,5,7.0,2.04939015319192,7.038709671282727,6.113766663576523
6,8,10,9,9,7,4,4,10,9,7,5,4,8,8,6.6,2.1071307505705477,7.043286862037209,7.307913335045033
8,9,7,4,5,7,5,7,4,10,10,8,10,6,7,7.4,2.0099751242241783,7.013988914810257,6.776434794403601
4,10,5,5,4,10,6,6,9,8,7,6,4,10,9,7.5,1.91049731745428,7.0199134097836735,5.9172634915365565
8,5,4,5,6,5,10,10,10,9,5,8,7,7,5,7.6,2.009975124224178,7.020100138039984,6.076279274123488
8,7,5,6,7,10,4,5,5,7,6,4,7,9,5,6.2,1.9390719429665317,7.017257579232274,6.311121469962152
7,10,5,4,5,6,4,8,4,4,10,5,5,8,8,6.2,2.039607805437114,7.016618904473144,6.425291299905936
6,7,5,4,10,8,7,7,5,5,8,7,6,7,5,6.5,1.118033988749895,7.042301031970327,6.626882335054348
5,8,10,4,6,7,5,8,10,8,8,6,10,6,5,7.3,1.7349351572897473,7.018508280830102,6.346329488573724
7,5,4,10,8,4,9,6,5,10,7,10,8,8,8,7.5,1.91049731745428,7.025298120080663,6.978734606055413
4,9,8,10,6,5,8,6,7,8,5,7,8,4,8,6.6,1.42828568570857,7.035232246244313,6.953520906768864
7,10,6,5,4,9,10,6,7,6,4,4,9,6,7,6.8,1.9390719429665317,7.019416660817154,6.802738172498846
9,8,8,4,9,4,4,8,9,10,5,10,10,4,7,7.1,2.5079872407968904,7.030723776195922,7.412260249059035
4,5,6,10,8,7,8,7,8,4,4,10,4,4,5,6.1,2.071231517720798,7.034186465233832,6.248895833202796
5,6,5,9,8,9,10,10,9,5,4,7,8,10,9,8.1,2.0223748416156684,7.044050476536031,6.360862758671005
10,4,4,6,10,6,8,6,6,10,4,6,4,5,7,6.2,1.7204650534085255,7.028930806558286,6.838185500676473
7,9,6,7,5,6,10,7,4,6,8,10,5,9,5,7.0,2.04939015319192,7.018308502153625,6.854201931538353
9,5,10,8,9,6,10,5,9,8,7,8,5,9,7,7.4,1.624807680927192,7.020163259575375,7.897318244162427
7,8,4,7,6,10,9,8,4,4,7,7,7,4,8,6.8,2.0396078054371136,7.020740361551349,6.392065609085324
4,4,6,9,4,7,4,7,7,9,7,4,8,4,4,6.1,1.8138357147217055,7.043658527995538,5.489129094512892
10,7,8,4,7,7,9,6,10,6,6,4,7,10,6,7.1,1.8681541692269403,7.007231550761705,7.374092694598751
5,7,8,7,6,5,5,5,8,7,4,4,7,9,10,6.4,2.009975124224178,7.031403884651661,5.994894677001469
8,9,5,6,9,9,8,7,9,10,8,6,6,8,7,7.8,1.2489995996796797,7.0223473580187585,7.995197358278867
7,8,5,6,9,6,7,9,6,10,10,9,10,7,7,8.1,1.57797338380595,7.017177294315833,7.276420071030175
9,5,10,7,5,10,5,8,4,8,10,7,7,8,7,7.4,1.8000000000000003,7.002782188392064,6.898721376491104
9,4,6,5,10,9,6,7,10,10,8,8,8,10,5,8.1,1.6401219466856725,7.023942201213683,6.923377569368248
9,7,9,7,5,10,9,10,9,10,10,5,9,5,9,8.6,1.8547236990991407,7.010201851058264,7.237941928263431
7,8,8,8,10,5,5,9,5,10,9,5,10,10,8,7.6,2.2,7.027153040577531,7.3027470331443105
10,4,10,5,9,4,9,5,8,4,5,4,9,10,10,6.8,2.4819347291981715,7.034100709303452,7.496670408067734
9,4,10,7,4,4,10,6,7,10,6,9,9,4,10,7.5,2.29128784747792,7.02263221768434,6.561543996403404
7,7,6,9,8,10,10,8,5,7,10,5,8,9,7,7.9,1.8138357147217055,7.026506021072933,7.542468090427187
10,7,6,9,8,6,9,9,4,8,4,4,5,9,8,6.6,2.1071307505705477,7.026596399859521,8.17778732312858
7,7,4,4,9,4,6,7,10,8,5,8,9,5,7,6.9,1.8138357147217055,7.034747139449635,6.100038809554934
8,7,9,9,5,6,4,8,5,7,4,10,7,6,4,6.1,1.8681541692269403,7.022289819124841,7.842700846693683
10,4,8,7,9,4,10,4,5,4,7,5,4,7,7,5.7,1.9,7.031340728410468,7.1847472822515925
7,5,8,9,7,8,7,10,9,6,4,10,4,4,7,6.9,2.2561028345356955,7.017051593603417,6.885136888867328
4,10,5,8,5,7,4,9,5,5,6,8,10,6,4,6.4,1.9595917942265426,7.005325436878375,6.162732619168918
4,8,5,6,4,10,4,4,8,7,8,6,7,7,6,6.7,1.7349351572897473,7.014510483378923,5.423944087551322
4,4,6,6,7,7,10,5,6,6,5,8,8,8,7,7.0,1.4832396974191326,7.041592256665483,4.77942937262735
9,10,5,7,5,5,10,6,6,6,7,7,9,10,8,7.4,1.6852299546352716,7.010070804870123,7.482028557636385
10,9,6,9,6,9,9,7,8,8,6,7,8,9,5,7.6,1.2806248474865698,7.030276559657734,8.569048208289795
10,9,7,8,7,5,7,6,6,8,10,7,10,5,9,7.3,1.7916472867168918,7.0208559330796545,8.001905289438008
5,7,10,4,5,8,9,10,8,4,9,7,9,9,8,8.1,1.5779733838059502,7.021990042764189,6.004390231116257
9,5,8,6,9,5,10,4,9,10,10,5,6,4,4,6.7,2.570992026436488,7.028282824106787,6.756307517675766
5,9,9,9,6,10,8,9,6,8,7,5,5,8,10,7.6,1.7435595774162693,7.035098034617581,6.9642609039551795
10,7,9,4,10,5,9,5,9,7,6,4,8,8,9,7.0,1.7888543819998317,6.99762795630758,7.932332520193734
8,6,5,6,5,7,7,10,4,6,8,9,7,8,9,7.5,1.6278820596099706,7.019711782285272,6.190878597774976
6,5,9,7,5,5,8,6,9,6,8,5,6,7,9,6.9,1.445683229480096,7.014601508426642,6.230510253772998
5,4,5,4,8,8,5,7,8,10,5,7,6,8,8,7.2,1.469693845669907,7.0305443477514675,5.219220075100076
9,4,7,10,9,6,10,4,7,6,8,7,10,7,4,6.9,1.972308292331602,7.023173070170026,7.676697614603466
4,9,9,9,8,8,5,4,4,5,5,10,10,4,7,6.2,2.2715633383201093,7.038385496673483,6.8092678252346905
7,6,6,4,9,6,6,4,7,5,9,4,8,7,8,6.4,1.624807680927192,7.020859666864183,6.172068810046843
4,8,8,5,8,8,4,7,8,10,10,7,6,9,8,7.7,1.7349351572897471,7.0206670980898185,6.096180814765315
5,7,4,10,7,8,7,10,9,6,8,4,10,7,7,7.6,1.7435595774162693,7.037073165010506,6.494616810475711
8,7,7,7,8,10,8,6,8,10,5,8,9,10,9,8.3,1.6155494421403513,7.019802701125391,7.239871903686881
10,9,7,5,8,10,5,9,9,4,7,9,7,10,6,7.6,2.0099751242241783,7.016106437663789,7.904129183769985
7,10,9,8,6,8,4,10,5,6,4,4,10,5,5,6.1,2.2561028345356955,7.024528297611364,8.003636476236649
9,5,7,10,6,7,8,10,6,8,6,4,9,9,10,7.7,1.8466185312619385,7.017599995321598,7.412668019235101
10,6,8,6,5,5,5,4,4,6,4,10,6,8,5,5.7,1.8466185312619388,6.998925406448213,7.3063003080176925
5,4,5,9,6,5,9,9,10,5,10,8,8,7,6,7.7,1.7916472867168918,7.033740825563372,6.15335690220243
5,8,10,10,4,9,6,9,7,5,10,6,9,6,5,7.2,1.7776388834631178,7.04939023530562,7.082936517187125
10,6,4,6,8,10,4,9,4,7,10,8,6,9,6,7.3,2.147091055358389,7.024999994459781,7.37928049292988
4,7,9,9,6,7,7,6,9,10,5,10,5,8,10,7.7,1.9,7.033661966877702,6.7193510690056835
10,7,4,7,7,6,6,9,6,9,6,7,4,6,4,6.3,1.6155494421403511,7.019275456582858,6.907973820790872
10,4,8,10,7,5,8,10,10,5,6,10,9,5,7,7.5,2.0615528128088303,7.02398330862984,7.663401115889342
7,8,7,7,7,4,9,10,9,6,7,4,7,5,6,6.7,2.0024984394500787,7.025079699955694,7.107617588485806
9,10,5,10,8,9,9,5,9,8,6,5,6,4,6,6.7,1.7916472867168918,7.011542383032131,8.75673685336654
7,10,9,8,6,6,4,5,6,7,6,5,9,10,4,6.2,1.8867962264113207,7.02446743333873,7.403968774646554
10,6,7,9,9,9,5,8,10,9,6,10,6,4,6,7.3,2.0518284528683193,7.028561398576447,8.108292911234184
10,8,8,9,8,10,7,7,9,5,4,8,9,5,4,6.8,2.08806130178211,7.020078735551133,8.008902521491034
9,10,5,9,6,10,4,10,9,5,5,6,8,7,6,7.0,2.04939015319192,7.008870287021866,8.383702990962773
8,9,9,10,8,4,8,8,5,8,9,8,4,9,9,7.2,1.9390719429665317,7.0299927327305785,8.640473537791365
5,10,5,10,8,6,8,5,10,6,5,8,6,8,4,6.6,1.7435595774162693,7.023425189937574,7.004262445136127
4,8,8,5,5,6,5,4,7,5,10,8,5,7,5,6.2,1.7204650534085253,7.023997077298321,6.280463882018726
8,8,8,5,8,4,9,5,6,10,7,5,7,9,4,6.6,2.0591260281974,7.0162021695719385,7.457126190633494
8,7,4,6,4,6,8,5,4,7,9,10,7,10,9,7.5,1.9621416870348585,7.015340081754457,6.793961342647945
7,6,10,8,7,10,9,4,5,8,5,6,5,9,9,7.0,2.0976176963403033,7.024855790757812,7.538835250489798
10,8,5,9,7,6,7,9,6,9,8,9,4,6,10,7.4,1.8,7.01756097071947,8.30242027582082
5,7,7,5,6,5,6,7,9,6,8,6,8,9,5,6.9,1.445683229480096,7.027285918225791,5.930009042562538
4,8,7,8,9,9,7,4,5,5,4,6,9,6,6,6.1,1.7,7.038166042727281,6.957488069279983
5,8,5,8,4,9,7,5,8,4,5,6,4,8,5,6.1,1.7,7.013328576612023,5.907353202933009
4,4,4,4,4,5,7,5,5,8,8,4,6,8,4,6.0,1.5491933384829668,6.996867993295597,4.1785390123581285
5,7,8,4,5,5,4,4,4,9,4,8,10,10,10,6.8,2.6758176320519307,7.017366941864587,5.673241423887214
5,5,7,8,7,10,9,6,4,7,10,5,10,10,5,7.6,2.33238075793812,7.0278567890986405,6.308169984357359
6,10,5,6,9,9,5,5,9,5,4,10,6,9,7,6.9,2.071231517720798,7.023991349406346,6.8531746350803875
4,10,4,7,10,9,8,7,8,9,8,7,4,9,9,7.8,1.469693845669907,7.039619640190776,6.599055044142795
8,6,8,7,4,5,9,10,10,9,4,5,6,8,7,7.3,2.1,7.017776608800328,6.5618724846312695
10,8,8,4,10,6,5,10,10,10,4,10,7,8,9,7.9,2.1656407827707715,6.998748569967295,7.835861365812221
6,4,8,6,6,9,6,8,5,8,4,6,6,4,8,6.4,1.6852299546352716,7.030017148639212,5.84486091555934
4,8,7,8,5,10,4,10,7,4,10,8,10,4,5,7.2,2.6,7.031667665844871,6.111280508754271
10,9,7,6,7,9,4,9,4,8,7,7,9,8,10,7.5,1.9621416870348585,7.014395730441704,7.674739289150352
10,6,10,6,7,8,8,5,6,4,8,8,8,7,8,7.0,1.4142135623730951,7.013474635114704,7.72741620675815
6,6,5,8,8,4,10,10,8,4,5,10,6,7,4,6.8,2.4413111231467406,7.029079978257476,6.90063512394058
9,9,5,9,10,10,10,9,5,6,6,6,4,5,8,6.9,2.071231517720798,7.029596846578566,8.079254934493177
7,4,10,4,4,9,5,5,10,5,4,9,4,9,9,6.9,2.3430749027719964,7.008474565472305,6.041257204010249
5,10,5,6,4,10,4,9,5,4,9,6,4,10,7,6.8,2.4,7.004945591488676,6.300773592417727
7,9,7,9,4,4,4,4,9,4,7,8,4,6,7,5.7,1.8466185312619388,7.019786091564315,7.272989002442747
4,4,5,10,9,8,9,4,8,6,7,7,9,9,9,7.6,1.5620499351813308,7.036350564602944,6.317541983912482
10,5,5,8,7,8,4,5,7,5,10,7,9,4,4,6.3,2.1,7.014852145823355,7.09195752917707
7,6,5,9,8,7,8,10,9,4,10,10,4,6,10,7.8,2.3151673805580453,7.026504801706369,6.759745344846656
8,10,7,5,6,4,6,4,4,10,8,8,9,4,9,6.6,2.33238075793812,7.013141805004194,6.9664471922036375
5,10,4,5,10,9,9,9,7,10,10,7,4,7,4,7.6,2.1071307505705477,7.035843362897826,7.073966969317928
4,4,6,9,7,8,10,5,6,10,7,7,8,7,4,7.2,1.8330302779823362,7.043463197364966,5.948160679344851
5,4,5,9,7,4,5,5,10,5,4,9,9,5,5,6.1,2.1656407827707715,7.039967891621208,6.003640381427767
9,7,8,7,6,4,8,10,7,10,6,9,9,4,10,7.7,2.238302928559939,7.0133589385346315,7.662831062077818
9,4,8,6,5,4,6,10,6,5,10,6,7,7,9,7.0,1.9493588689617927,7.016630350750451,6.821410076827657
9,10,10,4,7,7,10,7,7,5,9,4,9,9,9,7.6,1.8547236990991407,7.008422292991194,8.003173199386817
4,10,5,8,8,6,4,6,5,5,8,8,5,5,6,5.8,1.2489995996796797,7.021327427414754,6.278774798407798
9,8,9,9,9,5,10,4,6,5,6,6,7,8,6,6.3,1.6155494421403511,7.0187919415981295,8.285481582138344
10,10,7,6,9,9,10,10,6,9,10,7,5,6,7,7.9,1.8138357147217055,7.010858137468601,8.893161549635392
9,6,4,9,7,4,7,8,8,5,9,5,10,9,9,7.4,1.9595917942265426,7.01082933035584,7.350354821295588
8,8,5,5,8,9,9,8,10,8,6,10,8,5,8,8.1,1.5132745950421556,7.011675388999121,6.83253797726562
8,10,7,6,5,10,10,5,4,10,8,5,9,10,7,7.8,2.2715633383201097,7.02017166951553,7.691124517053606
10,10,6,10,7,9,6,10,5,9,8,8,10,4,7,7.6,1.9595917942265424,7.011505368804833,9.234542950310326
8,9,6,8,8,10,5,9,7,4,10,6,7,4,10,7.2,2.3151673805580453,7.024179377242636,7.575882731732937
4,6,10,9,6,10,5,10,6,10,8,4,8,10,6,7.7,2.193171219946131,7.032368890567478,6.628465173426719
10,8,9,10,7,4,4,10,6,5,4,6,7,8,4,5.8,1.9390719429665317,7.016652280399782,8.44271876892984
10,4,8,10,5,7,4,5,10,6,4,6,9,4,5,6.0,2.0,7.023931615355396,7.3020996318658264
5,4,7,8,6,5,10,10,7,5,6,9,5,4,5,6.6,2.1540659228538015,7.030148879013554,5.983231473239887
4,7,6,5,5,9,6,4,7,7,7,10,4,7,10,7.1,2.0223748416156684,7.030833912382036,5.464129263157458
6,4,5,8,9,5,4,4,4,8,10,6,8,8,8,6.5,2.0615528128088303,7.029163631251516,6.280074984840939
10,6,6,5,4,6,8,7,4,4,10,5,9,7,6,6.6,1.9078784028338913,6.996054882507669,6.986271219137939
8,4,7,7,9,9,4,8,10,10,5,5,4,7,10,7.2,2.4,7.031224366121132,6.702610857284346
5,5,5,9,7,9,5,4,7,4,4,7,7,7,4,5.8,1.7204650534085253,7.030998698423476,6.136916530852905
4,9,9,4,5,5,6,6,4,4,5,7,4,10,8,5.9,1.8681541692269403,7.0398126381266835,5.848950350786892
8,4,7,6,6,7,10,4,8,10,9,5,8,4,6,7.1,2.1656407827707715,7.019138491265464,5.963441542852387
10,10,9,6,8,10,4,6,5,5,7,10,7,6,6,6.6,1.9078784028338913,7.0127620720029515,8.000306183154596
5,7,10,8,7,5,8,6,6,10,8,7,7,6,10,7.3,1.6155494421403511,7.034893612744746,7.031265688800597
7,5,9,6,5,7,7,9,10,7,5,4,6,6,5,6.6,1.7435595774162693,7.017687460207395,5.834665738944433
8,9,8,9,10,4,4,5,8,8,4,8,8,8,4,6.1,1.9209372712298547,7.031696423339513,8.14371691153741
8,5,9,9,7,8,6,9,4,5,8,7,4,10,5,6.6,2.0099751242241783,7.017303366844212,6.992692286902526
7,4,8,7,4,9,6,10,5,8,7,8,5,4,10,7.2,2.039607805437114,7.017074922898361,5.580390744483699
10,10,7,8,9,7,10,10,7,5,9,9,8,5,7,7.7,1.7349351572897473,7.012014128081259,8.889466872394172
6,8,5,10,7,5,7,10,8,4,10,4,5,7,4,6.4,2.244994432064365,7.015594655937138,6.647730795340963
7,9,5,9,5,10,7,8,10,5,7,5,7,10,9,7.8,1.8330302779823362,7.016102231938592,7.906311653647393
6,10,7,7,6,9,7,8,5,6,7,7,9,4,10,7.2,1.7776388834631178,7.028520037498192,7.601841356532043
4,10,9,6,9,9,5,9,6,8,10,6,8,6,10,7.7,1.7349351572897473,7.03298754457159,7.1032878568038145
8,7,9,5,9,9,6,9,10,9,5,9,4,6,10,7.7,2.1,7.02498550317392,6.848859290495665
8,10,7,6,8,7,7,7,10,4,9,6,8,8,10,7.6,1.7435595774162693,7.01471553226766,7.877517405616364
7,9,10,4,10,5,4,6,9,7,4,4,6,10,9,6.4,2.1540659228538015,7.041717041062009,7.81301599157409
4,5,10,7,4,10,10,5,10,9,5,5,7,7,6,7.4,2.0591260281974,7.052669030779752,6.075094099695094
6,7,6,10,6,9,10,5,6,5,4,8,8,5,6,6.6,1.9078784028338915,7.027543949372652,7.127245007244962
4,7,9,8,4,7,9,5,5,9,10,7,5,4,7,6.8,1.9390719429665315,7.0306599774179945,6.56045770206823
4,9,7,7,10,4,8,9,7,10,7,6,6,9,10,7.6,1.8547236990991407,7.024242418329765,6.635105194600303
6,10,9,10,9,7,8,10,5,9,10,9,10,6,8,8.2,1.6613247725836149,7.012321785119836,8.569165071015178
7,6,10,4,5,9,8,9,6,5,6,9,8,4,6,7.0,1.7320508075688772,7.007989458289738,6.84905182894437
8,4,7,8,5,8,10,10,6,9,10,8,5,8,10,8.4,1.6852299546352716,7.022936888942391,6.5719486153311
5,6,8,6,4,10,7,4,9,8,10,9,6,6,8,7.7,1.8466185312619388,7.021789132893424,5.863242176942053
9,9,9,8,9,7,10,8,5,7,10,10,9,8,10,8.4,1.624807680927192,7.017710432984707,8.967901706800198
4,6,8,6,8,9,10,4,7,8,4,8,5,6,9,7.0,2.04939015319192,7.026830659595632,6.347549522373583
6,5,6,9,5,8,7,8,8,8,10,8,10,7,7,8.1,1.0440306508910548,7.022215670582082,6.246404945137413
6,8,8,8,7,8,10,6,8,9,9,7,9,9,5,8.0,1.4832396974191326,7.0260371366945735,6.9536256520924296
4,8,5,8,7,8,8,8,8,4,8,10,7,10,7,7.8,1.6,7.036930451416703,6.413287301671347
9,5,7,9,10,4,8,6,10,8,7,10,5,9,5,7.2,2.039607805437114,7.040321279485684,7.261717813795856
10,5,6,4,4,6,8,4,8,6,6,9,6,5,9,6.7,1.6155494421403513,7.005346285534211,6.159748620068416
7,9,4,9,9,8,10,8,4,6,6,7,9,7,9,7.4,1.6852299546352716,7.01171812588146,7.405516381410331
7,7,7,4,10,5,9,8,4,10,9,9,9,4,6,7.3,2.193171219946131,7.034801131367328,7.067988635094328
7,4,7,8,9,4,6,10,8,4,6,8,8,6,6,6.6,1.8,7.029647054688442,6.950132520358265
7,5,9,9,7,5,8,6,8,4,10,7,7,9,6,7.0,1.7320508075688772,7.014465749581115,7.296139641692261
10,6,10,7,9,6,8,9,6,8,6,8,6,5,10,7.2,1.5362291495737217,7.015812331002772,7.797996208211239
5,9,10,5,4,8,10,5,5,5,5,4,10,9,10,7.1,2.3853720883753127,7.01558588507897,6.475099368923818
8,9,7,4,8,7,4,6,6,9,7,7,7,5,4,6.2,1.4696938456699067,7.028754574463515,6.9949049702891495
7,6,7,5,5,6,4,4,4,7,9,9,7,6,6,6.2,1.7776388834631176,7.026011557309237,6.145735900177959
6,4,8,7,5,6,9,9,4,7,5,4,8,9,4,6.5,2.0615528128088303,7.031899196661399,6.061410695579859
4,6,10,9,10,7,8,10,4,7,7,9,5,4,7,6.8,1.8867962264113207,7.045466312117272,6.708823299741072
10,5,6,7,10,6,7,5,7,9,10,4,9,4,8,6.9,2.0223748416156684,7.022012031795344,7.181320837232443
10,8,5,5,7,4,8,9,6,5,6,8,7,7,6,6.6,1.42828568570857,7.012396117027426,7.71260860491116
9,4,8,5,8,7,8,9,5,10,4,8,10,8,4,7.3,2.147091055358389,7.02087020131204,7.007097661359806
5,8,6,10,5,4,5,5,5,7,8,9,4,8,10,6.5,2.0615528128088303,7.018714684308819,6.757748472868792
8,4,6,6,4,8,5,5,8,5,7,4,10,8,4,6.4,1.9595917942265426,7.023928287588521,5.647308761286567
8,7,4,8,4,7,10,5,6,7,6,4,8,10,5,6.8,1.9390719429665317,7.0200145509315774,6.890688826861864
4,5,8,7,10,10,7,5,6,6,9,10,8,6,8,7.5,1.6881943016134133,7.036108670432851,6.200034218785602
5,4,10,9,10,9,7,9,8,6,4,8,5,4,10,7.0,2.04939015319192,7.041617636703502,6.144439099569782
4,4,8,8,5,8,5,10,9,4,8,7,9,5,7,7.2,1.8867962264113207,7.039749322256268,5.506074787278601
7,5,6,4,10,6,9,9,8,8,5,9,8,6,10,7.8,1.5362291495737217,7.028735625969287,6.509229872698532
9,4,4,5,9,10,10,8,9,10,4,7,9,6,9,8.2,1.8867962264113207,7.030520223086104,6.533148267580723
9,9,5,4,5,6,9,10,7,7,6,9,7,5,9,7.5,1.5652475842498528,7.011583704061915,7.174665114111598
8,8,5,9,4,7,4,4,5,7,4,10,9,8,7,6.5,2.0615528128088303,7.021578207387167,7.189630732859411
5,5,5,6,8,5,7,6,6,4,6,5,4,5,9,5.7,1.4177446878757827,7.034003544036665,5.312483407320284
10,9,7,10,9,5,6,9,6,5,6,6,6,7,9,6.5,1.3601470508735443,7.0104901892054015,8.828530632101591
7,6,5,6,6,9,10,9,10,5,10,10,8,5,9,8.5,1.857417562100671,7.016814943497858,6.67678338360225
10,4,10,8,7,4,6,6,8,4,7,10,5,7,4,6.1,1.8681541692269403,7.0214134947031495,7.365035601488628
5,10,7,9,7,8,4,8,7,7,4,4,10,6,8,6.6,1.9595917942265424,7.022207530058026,7.246842178985427
9,10,8,10,9,6,5,5,4,7,5,5,6,6,10,5.9,1.57797338380595,7.021593284044452,8.609698965107393
7,7,9,6,8,10,5,4,6,5,7,6,5,10,8,6.6,2.009975124224178,7.030030286875791,7.369185250849385
4,5,7,5,4,6,8,6,6,10,9,9,8,4,5,7.1,1.8681541692269403,7.029872666963885,5.268731456101351
10,5,4,9,6,4,4,9,5,9,9,10,9,7,4,7.0,2.3664319132398464,7.007024383407779,7.163271170997132
7,4,5,7,6,10,10,4,10,4,7,6,10,8,8,7.7,2.282542442102666,7.023820750575579,6.209604662616924
9,10,7,10,4,7,4,8,7,9,5,8,5,4,8,6.5,1.746424919657298,7.021208522486721,8.200969738607576
6,5,6,6,8,7,6,8,8,8,8,7,7,6,7,7.2,0.7483314773547882,7.034796820628304,6.169609607346984
6,6,7,5,7,7,4,10,4,10,5,6,10,4,6,6.6,2.4166091947189146,7.030189488789756,5.73687275763111
7,4,7,8,8,6,8,9,9,9,6,8,5,5,9,7.4,1.624807680927192,7.023148624017013,6.657095864334358
10,4,10,10,9,5,8,9,10,10,8,5,9,10,8,8.2,1.7776388834631176,7.0456603640647915,8.341095310977057
5,5,7,7,9,7,10,7,8,8,4,10,4,6,10,7.4,2.1540659228538015,7.041337715437862,6.32703059118468
7,5,10,6,8,9,6,6,5,7,5,9,8,4,9,6.8,1.7776388834631178,7.041398861347574,6.608613420767416
6,6,5,6,9,8,9,8,10,4,8,6,9,4,8,7.4,1.9595917942265424,7.031213869137559,6.314721612175348
4,7,4,10,8,6,6,10,7,6,5,4,4,4,8,6.0,1.8439088914585775,7.043822590238835,6.508230231809652
7,6,8,7,9,9,8,5,9,10,6,8,9,6,9,7.9,1.57797338380595,7.029896459434903,6.736186974152469
9,9,9,6,4,6,9,8,8,5,10,10,7,4,8,7.5,1.91049731745428,7.007606967505856,7.44391856732588
7,6,9,10,4,8,6,7,10,8,9,10,7,4,9,7.8,1.7776388834631178,7.032046973966402,7.215669277924957
10,8,10,8,8,6,5,9,10,4,9,7,7,4,10,7.1,2.211334438749598,7.001985697377295,8.664442466607515
9,8,5,7,7,7,9,5,9,5,7,9,7,10,5,7.3,1.7916472867168918,7.016166501928278,7.909922231463217
9,5,10,6,10,10,7,8,6,9,8,10,7,7,6,7.8,1.4,7.038210518907148,7.824287124151723
6,8,4,6,4,7,6,9,5,6,6,8,7,9,5,6.8,1.4,7.006414214059956,5.952128546531273
7,4,7,5,5,4,10,6,4,7,10,6,4,8,4,6.3,2.2825424421026654,7.0221173250019415,5.241529650962017
9,9,8,6,8,10,8,10,5,7,9,4,6,10,10,7.9,2.1656407827707715,7.018421048937673,8.444628756313348
7,8,4,7,9,7,4,6,6,10,9,10,9,10,10,8.1,2.071231517720798,7.01974071477918,6.952023522696842
5,9,6,7,7,6,9,6,4,10,5,9,8,8,8,7.3,1.8466185312619388,7.03400382804885,6.790856754128634
4,6,5,10,7,5,6,6,7,8,8,6,8,6,10,7.0,1.4142135623730951,7.035089203878431,6.20181636982314
7,4,8,5,9,10,6,9,6,4,4,4,4,5,7,5.9,2.0712315177207983,7.02165604598609,6.115247692933871
6,7,7,9,5,7,6,10,8,4,7,7,4,10,5,6.8,2.039607805437114,7.018460785670501,6.427410344413741
8,7,5,9,4,5,7,5,9,4,10,7,4,5,4,6.0,2.04939015319192,7.012474708690171,7.247175508221808
8,6,7,5,4,5,10,5,4,10,5,9,6,4,6,6.4,2.244994432064365,7.020442314990771,6.030056796477666
6,10,5,5,6,4,5,5,10,7,9,7,6,5,7,6.5,1.8027756377319946,7.018188348656947,6.625434788378312
4,10,9,4,8,5,4,7,6,10,7,5,8,8,10,7.0,1.9493588689617927,7.03266330774791,6.49287974354467
7,6,9,10,6,10,9,10,5,4,7,10,8,4,5,7.2,2.4,7.025089816152642,7.414676580419488
6,4,7,8,5,4,5,9,7,4,7,4,5,5,4,5.4,1.624807680927192,7.030660082029203,5.727986899100673
5,6,7,10,10,9,5,6,6,7,10,6,6,9,9,7.3,1.676305461424021,7.02991070800901,6.934392182616017
9,4,7,7,4,10,8,10,8,9,8,9,8,5,9,8.4,1.3564659966250536,7.007201303594759,7.014331963117234
10,10,10,6,7,10,7,7,9,6,7,10,6,7,4,7.3,1.7916472867168918,6.9999999926470595,8.374559151790997
5,4,10,9,10,4,9,10,10,7,5,6,7,9,6,7.3,2.0024984394500787,7.0411764602335625,7.099671771323843
10,8,6,4,8,8,9,7,5,8,9,7,4,10,7,7.4,1.7435595774162693,7.014770926528617,7.165202176736769
8,9,7,9,7,4,4,9,7,10,7,4,6,8,5,6.4,2.0591260281974,7.023225491538769,7.695858730452393
7,4,10,4,6,7,8,8,6,8,7,9,9,8,7,7.7,0.9,7.010475154416336,5.995597752955379
7,8,10,5,6,7,4,6,10,5,10,4,5,10,7,6.8,2.3151673805580453,7.021009459292737,6.96299310127671
4,9,6,6,10,9,4,10,8,8,5,7,9,5,10,7.5,2.0615528128088303,7.041089559518847,6.3306547567185865
6,6,5,9,9,10,9,10,6,9,8,10,10,4,4,8.0,2.32379000772445,7.040624995768857,7.0407258015987155
9,7,8,9,6,4,9,8,9,7,8,8,9,9,4,7.5,1.857417562100671,7.0258255263549385,7.963209451579327
6,9,10,9,6,8,4,7,6,4,9,10,5,6,7,6.6,1.9078784028338913,7.035906510597799,7.872951735965013
7,4,4,9,5,10,9,6,9,4,10,9,10,7,5,7.9,2.118962010041709,7.0061552963956855,6.441212287498843
9,10,9,4,6,4,4,10,7,7,6,5,9,6,9,6.7,2.0024984394500787,7.010079044456444,7.814400871944876
9,6,6,5,6,9,9,6,4,7,4,5,6,5,7,6.2,1.7204650534085253,7.020718372191192,6.765193271289786
4,7,7,8,10,7,8,5,4,10,5,6,7,7,5,6.4,1.6852299546352716,7.03541363785529,6.472995921728606
9,10,4,6,7,5,9,5,9,6,6,4,5,4,10,6.3,2.0999999999999996,7.0158823470454745,7.845515202551882
10,4,7,6,10,8,6,7,9,8,7,8,4,4,9,7.0,1.7320508075688772,7.0157728632852,7.352767401880656
7,9,9,8,8,6,10,9,10,7,8,9,10,5,5,7.9,1.9209372712298547,7.0318592929488135,8.50899871451351
7,4,9,4,4,6,10,9,7,5,6,9,6,7,5,7.0,1.6733200530681511,6.99975277255902,6.204762531979719
7,4,9,6,8,5,5,10,4,10,5,8,4,9,10,7.0,2.4899799195977463,7.036204739677776,6.5139644868969455
6,4,6,9,9,4,4,10,10,4,6,8,7,5,10,6.8,2.4413111231467406,7.036070376073262,6.498636922442832
4,7,6,7,7,4,7,10,6,7,4,9,8,7,10,7.2,2.039607805437114,7.028805966652331,6.287460467955428
5,4,8,9,9,4,10,4,5,9,5,9,8,5,8,6.7,2.1931712199461306,7.0403119810834855,6.743307639840003
4,10,10,10,8,10,6,6,9,9,5,6,7,7,10,7.5,1.746424919657298,7.02342063632755,7.3051176254901
9,4,9,7,6,7,10,6,7,8,4,9,5,10,8,7.4,1.9078784028338913,7.022985278890689,7.293858383502055
6,9,5,8,10,7,4,5,8,5,10,10,9,6,10,7.4,2.2,7.032267436749805,7.4449191615952595
8,8,7,8,6,7,8,8,4,4,4,5,7,5,7,5.9,1.57797338380595,7.020250682718272,7.527190951997135
7,4,8,8,4,8,10,10,5,5,5,6,9,7,10,7.5,2.0615528128088303,7.023415356432947,6.143273091399033
8,4,7,6,4,7,5,6,5,7,9,10,9,8,6,7.2,1.661324772583615,7.013646696729613,5.9565190011344855
5,4,8,10,10,9,6,5,8,7,9,9,4,10,7,7.4,1.8547236990991407,7.025954189534408,6.803400135730476
7,9,7,9,10,9,9,7,8,6,7,6,8,8,5,7.3,1.2688577540449522,7.033355790408788,8.227266716031101
10,4,6,5,7,4,8,8,6,8,7,5,5,7,9,6.7,1.5524174696260022,7.012638764293219,6.32013265222524
8,9,8,6,9,8,10,4,8,5,4,10,9,6,6,7.0,2.1908902300206643,7.023725282505862,7.591971289835614
7,4,8,6,7,10,8,8,4,4,9,8,5,6,9,7.1,2.071231517720798,7.027315537923952,5.96337643407153
10,10,7,7,7,4,5,8,7,4,9,7,5,10,6,6.5,1.9621416870348585,7.013276831205313,8.282095268014857
9,7,8,6,9,10,10,10,5,6,5,10,4,10,4,7.4,2.65329983228432,7.025749107655789,8.077016695311778
7,5,5,6,10,9,10,7,5,10,5,10,7,10,8,8.1,1.9209372712298547,7.0221825912823235,6.5363005917213615
4,4,10,9,9,9,5,9,5,5,8,10,4,9,7,7.1,2.071231517720798,7.0459302223169615,6.559824953738844
9,4,5,4,8,9,10,8,6,6,8,10,8,4,9,7.8,1.8330302779823358,7.019325146197009,6.409704027376372
7,9,5,6,6,10,9,6,10,7,9,5,5,4,10,7.5,2.247220505424423,7.017924524817319,7.005765530317607
7,5,4,4,8,4,10,6,7,7,8,4,10,9,5,7.0,2.1447610589527217,7.029331040283589,5.6951702240968
8,4,6,9,6,9,5,6,5,9,9,7,10,7,4,7.1,1.972308292331602,7.02420062255536,6.831278429644298
8,7,4,8,8,9,10,6,5,4,8,8,10,5,5,7.0,2.1447610589527217,7.012179133253869,7.043067804804111
9,4,9,4,9,10,5,7,5,8,5,9,10,6,8,7.3,1.9000000000000001,7.0169919552043725,7.248774612673966
6,7,7,4,5,6,8,4,9,8,9,8,6,6,10,7.4,1.7435595774162693,7.026804729569937,5.946438952798262
10,8,8,4,9,8,8,7,9,9,9,9,4,4,5,7.2,1.9899748742132402,7.01478742420075,7.975932847554662
5,6,9,9,4,8,8,8,8,9,9,4,6,7,9,7.6,1.4966629547095764,7.03550724071215,7.010342917147623
4,8,4,4,4,9,10,9,6,6,4,9,10,7,8,7.8,1.8867962264113207,7.027384604573254,5.724199782666598
8,6,6,10,10,9,4,4,7,10,5,4,6,6,8,6.3,2.0518284528683193,7.028491166108749,7.268228599179278
4,10,8,6,9,4,10,8,4,7,9,10,4,10,5,7.1,2.5079872407968904,7.038307545916005,6.642178768280871
6,6,8,10,9,10,10,6,7,9,9,6,10,9,8,8.4,1.4966629547095764,7.0329903491749235,7.550138674633607
8,4,7,6,7,7,5,6,4,4,4,7,5,9,5,5.6,1.5620499351813308,7.015226550571535,6.2281180172829975
8,8,8,7,8,5,6,7,4,6,9,5,10,4,7,6.3,1.9000000000000001,7.0286503523959585,7.580300674700499
4,8,5,10,7,8,5,5,5,5,4,7,6,4,7,5.6,1.2806248474865698,7.037049449256452,6.726631622825227
5,8,4,6,9,6,5,7,5,10,7,9,8,5,5,6.7,1.7349351572897473,7.030137976012971,6.34160789993143
10,9,8,10,10,5,9,4,6,5,5,4,4,8,7,5.7,1.676305461424021,7.024871124967949,8.565224363894004
4,10,7,5,5,5,7,10,4,4,8,6,9,9,9,7.1,2.118962010041709,7.0199410540079175,6.311923170059871
5,7,9,4,10,4,5,8,6,10,9,8,4,9,6,6.9,2.071231517720798,7.019291331673925,6.81223733498123
7,5,8,6,10,10,7,10,6,10,5,9,9,7,10,8.3,1.7916472867168918,7.039476957011532,6.966311304454219
7,7,4,4,7,7,10,9,5,10,7,4,9,6,6,7.3,2.0024984394500787,7.017877090071314,6.733666445187143
5,6,10,4,10,5,4,7,10,9,6,6,6,6,8,6.7,1.7349351572897473,7.01342533624413,6.540208131332191
5,10,8,4,5,5,7,9,9,9,7,5,4,10,10,7.5,2.1095023109728985,7.0191683498791395,6.717952933384516
5,6,6,8,5,5,6,10,6,5,5,7,7,8,9,6.8,1.661324772583615,7.023919912000041,5.901784551655947
9,5,6,9,4,8,9,6,8,8,4,5,7,8,7,7.0,1.4832396974191326,7.022222216568258,6.895647412625719
4,10,7,6,7,9,8,9,8,10,6,4,9,5,5,7.3,2.0024984394500787,7.031678826984177,6.777040052935195
9,6,8,5,8,6,6,10,5,9,5,4,8,4,10,6.7,2.238302928559939,7.022024117974818,7.036757596596705
9,6,9,5,4,10,5,8,5,4,4,9,9,4,8,6.6,2.2891046284519194,7.009543562647683,7.041274194407751
4,9,7,6,6,10,9,9,7,7,9,5,8,6,9,7.9,1.5132745950421556,7.027647778923861,6.514050734532949
4,10,8,10,5,7,8,8,7,8,8,7,4,9,5,7.1,1.445683229480096,7.028004799245187,6.996663636403684
8,8,9,4,10,6,5,4,10,4,8,5,4,5,4,5.5,1.91049731745428,7.0402234571320035,7.269724165001157
10,4,10,4,9,6,4,5,8,5,7,5,6,9,6,6.1,1.445683229480096,7.019546235567982,6.913417202710135
7,8,9,6,5,6,4,6,5,9,10,8,10,6,5,6.9,2.071231517720798,7.0143790814407385,7.1134920209988035
7,6,8,10,4,4,4,8,8,5,8,8,4,5,9,6.3,1.9519221295943134,7.0293904157987015,6.731022727514466
8,9,5,9,7,8,5,6,4,9,4,4,7,5,6,5.8,1.661324772583615,7.015488972857267,7.962432559271773
7,5,6,6,7,8,6,5,4,7,5,9,9,5,8,6.6,1.7435595774162693,7.020944202995304,5.844334811535992
7,10,4,10,10,6,6,8,7,4,10,10,4,9,7,7.1,2.071231517720798,7.042769219934202,7.895008670776114
6,5,6,4,9,8,10,5,6,5,6,5,8,8,7,6.8,1.6,7.030600287678918,5.9524727574563485
7,7,4,10,5,5,5,7,7,8,8,9,5,8,10,7.2,1.661324772583615,7.019255144992664,6.792629696532701
7,8,10,7,8,8,5,7,5,10,4,5,4,5,10,6.3,2.1931712199461306,7.028795807838326,6.839227450741283
4,4,10,7,6,4,4,10,5,9,8,6,8,4,5,6.3,2.147091055358389,7.0263759013225595,6.139596622771709
8,5,7,5,7,5,5,5,9,6,7,4,6,8,7,6.2,1.4696938456699067,7.020325600877986,6.5654899291372715
6,6,10,10,6,7,5,6,8,5,5,10,10,10,9,7.5,2.0615528128088303,7.0340659285446945,6.885798711349128
9,6,4,4,9,4,7,8,7,6,4,5,4,5,10,6.0,1.8973665961010275,7.023942201213683,6.254351595531881
8,5,7,7,9,4,5,7,10,10,10,7,7,7,10,7.7,2.1,7.021178185481416,6.709069124625872
4,10,7,4,8,4,5,7,4,5,10,4,10,9,7,6.5,2.3345235059857505,7.042767288215129,6.299995267470737
5,8,9,6,6,6,4,7,8,5,9,7,8,4,4,6.2,1.7776388834631176,7.026982433726997,6.835737729393456
6,8,7,5,6,8,9,8,5,4,8,6,6,8,5,6.7,1.6155494421403513,7.025156666506199,6.37817210409147
9,9,6,6,5,4,6,8,10,8,7,8,5,6,7,6.9,1.6401219466856727,7.016336051915788,7.2649234511723115
6,5,9,6,8,6,6,5,8,5,8,7,5,5,10,6.5,1.6278820596099706,7.033929507083675,6.612645007188231
10,8,9,5,8,9,4,5,9,4,10,8,8,8,9,7.4,2.1071307505705477,7.01268656193083,8.011004205300214
5,8,8,5,7,9,4,8,6,5,9,9,9,4,8,7.1,2.0223748416156684,7.030392653222643,6.426602870544922
8,6,10,9,7,6,5,5,8,6,4,9,9,10,8,7.0,1.9493588689617927,7.0081967170563475,7.762642841288592
5,7,4,4,8,5,9,10,5,5,8,7,10,7,7,7.3,1.846618531261939,7.025822778881159,5.388579205070896
8,6,10,9,7,10,6,8,10,5,10,9,10,6,7,8.1,1.8681541692269403,7.007528836061003,7.866201218450166
4,8,9,7,8,4,6,6,8,9,6,10,9,8,10,7.6,1.9078784028338913,7.023533118597138,7.093058735314155
8,4,4,8,5,4,5,5,7,7,4,5,7,9,6,5.9,1.5132745950421556,7.021391298242267,5.777702562242951
8,9,8,6,10,8,10,7,4,10,5,4,8,8,4,6.8,2.2715633383201093,7.027824398303532,7.6914955366652125
6,6,5,5,8,7,7,5,9,5,6,9,10,6,5,6.9,1.7578395831246945,7.0239894976252,5.5877119886084206
6,5,4,8,9,9,9,6,4,7,9,10,10,9,6,7.9,1.9209372712298547,7.031791477950227,6.359072501935243
10,7,8,7,6,9,6,4,10,9,8,5,10,4,8,7.3,2.238302928559939,7.004430702213069,7.54886499926072
10,7,6,4,7,10,4,7,4,4,7,9,5,8,10,6.8,2.3151673805580453,7.014949923451394,7.508441543461292
10,8,6,8,10,6,5,10,4,6,7,5,9,8,5,6.5,1.857417562100671,7.026510872661956,8.04501298696372
5,6,7,6,8,5,9,6,7,9,10,7,9,5,7,7.4,1.6852299546352716,7.033766812989344,6.328327454504963
4,6,7,5,9,6,6,8,7,8,10,9,4,10,6,7.4,1.8547236990991407,7.025694439565491,6.281488238941786
4,5,6,8,10,5,6,4,5,7,7,10,6,5,9,6.4,1.8,7.0337338197470105,5.502381471718362
8,7,8,4,8,5,8,4,10,7,6,5,7,6,7,6.5,1.6278820596099706,7.02142856754074,6.903408167728137
7,9,6,10,6,6,7,9,8,4,7,4,7,10,5,6.7,1.9000000000000001,7.020145626808161,7.261155687102632
8,5,6,9,8,8,10,9,8,4,5,6,10,8,9,7.7,1.9519221295943134,7.017892536766877,6.914372814571807
10,7,9,8,9,10,5,5,4,9,5,5,6,4,4,5.7,2.0024984394500787,7.015949183474983,7.81710819479581
6,10,7,8,4,9,5,6,7,8,10,4,6,9,6,7.0,1.8439088914585775,7.024115039067761,7.011801005155505
7,4,9,5,7,5,8,4,7,5,4,10,9,4,6,6.2,2.08806130178211,7.037162624887779,5.845573547077316
9,4,6,6,5,10,8,7,8,6,7,7,5,7,4,6.9,1.57797338380595,7.0181428521298965,6.279140194093473
7,7,7,9,10,8,9,9,8,5,7,6,10,10,4,7.6,1.9595917942265424,7.03539164835026,7.860957158065356
10,5,7,9,6,5,10,7,9,6,7,5,6,10,6,7.1,1.8138357147217055,7.014314647525782,7.621606327409634
4,9,10,10,6,6,6,10,7,6,7,6,6,5,7,6.6,1.2806248474865698,7.0416983434199,7.882823078472498
6,4,6,5,4,9,7,8,10,9,5,7,5,9,5,7.4,1.8,7.02529357992295,5.4929183917919175
6,8,9,6,5,5,4,7,5,4,4,6,6,10,9,6.0,2.0,7.021409918004489,6.726076115538646
7,6,10,10,10,7,6,9,7,9,10,10,4,4,7,7.3,2.1,7.044209346275936,8.131586898069587
7,10,8,6,10,9,9,6,6,7,8,6,5,6,8,7.0,1.3416407864998738,7.031039749976268,7.51380270811448
4,7,8,4,4,9,4,4,9,4,6,10,4,10,8,6.8,2.5219040425836985,7.035564846197107,5.779332882406352
4,4,6,10,9,10,8,6,9,5,6,4,6,8,6,6.8,1.7776388834631178,7.042317371483226,5.863162597218683
6,6,8,8,10,6,5,8,7,7,8,7,4,7,4,6.3,1.4177446878757827,7.029915488997233,7.057141930234735
9,8,10,10,5,8,7,7,9,10,4,4,6,5,7,6.7,1.9000000000000001,7.016103372747412,8.3642599778427
9,8,9,6,6,9,5,10,10,9,5,7,10,9,4,7.8,2.2271057451320084,7.006355038336997,7.196664744734314
9,5,5,9,8,6,9,8,10,10,7,7,8,10,5,8.0,1.6733200530681511,7.022295509879749,7.288556932659662
7,5,4,6,9,6,5,8,8,6,8,8,10,9,10,7.8,1.6,7.034263228158608,6.387194813763978
4,9,10,6,6,6,7,5,7,7,9,5,7,6,5,6.4,1.2,7.039095016254214,6.284621704600855
5,5,4,10,9,4,9,7,8,5,4,8,4,7,8,6.4,1.8547236990991407,7.027657134825534,6.36455999671537
10,6,4,7,4,7,8,5,10,6,10,6,10,4,9,7.5,2.1095023109728985,6.996510461618632,7.35593962106088
8,4,10,8,8,8,7,9,5,5,5,6,7,5,5,6.2,1.4000000000000001,7.0359779991861915,6.781774656910777
8,7,4,10,4,10,4,8,8,8,9,10,10,4,6,7.7,2.1931712199461306,7.0089068754970585,7.404963318340258
7,6,5,10,10,9,4,5,7,9,9,5,5,7,8,6.8,1.8330302779823358,7.031873899271564,7.36535238150546
4,5,9,9,7,9,4,6,5,5,6,4,5,6,10,6.0,1.8973665961010275,7.033305982745444,5.78042474130132
9,10,9,6,6,5,8,8,5,10,5,8,10,5,10,7.4,2.1071307505705477,7.007681048275288,7.91335562958848
6,9,7,8,8,4,4,7,4,9,10,9,9,5,5,6.6,2.3323807579381204,7.027106064152276,7.302031534556301
5,8,8,6,6,6,10,9,9,4,8,10,8,10,10,8.4,1.9078784028338915,7.02545285321623,7.075129848894712
9,5,4,10,5,7,6,8,7,4,6,6,9,10,10,7.3,1.8466185312619385,7.014023724903966,7.21622415723877
5,7,9,7,5,5,10,10,10,9,4,10,9,6,9,8.2,2.181742422927143,7.022702100208916,6.412971331139633
5,5,8,10,10,10,7,9,8,4,4,6,9,6,6,6.9,1.9723082923316022,7.042198945505551,6.949801908930555
7,5,10,6,10,7,5,6,5,5,4,8,8,9,7,6.4,1.5620499351813308,7.039183312737462,6.195512685432586
9,9,10,6,9,7,8,9,10,8,9,9,9,9,4,8.2,1.5999999999999999,7.021267717246649,8.589282236646744
8,10,8,10,4,4,8,9,6,9,6,4,9,5,8,6.8,1.9390719429665317,7.030364799323642,7.795542413096571
4,4,9,8,8,9,7,6,10,10,9,5,6,5,10,7.7,2.0024984394500787,7.027681020139612,5.854781145331167
8,6,8,6,4,8,10,8,8,4,10,10,5,9,7,7.9,1.972308292331602,7.0071664790478705,6.670583700212336
4,9,10,4,10,7,8,7,6,5,5,5,6,9,4,6.2,1.4696938456699067,7.037611395654882,6.3094928775207455
10,9,5,5,7,6,5,5,10,5,9,7,4,6,5,6.2,1.8330302779823358,7.011520370680626,7.402254926233778
9,7,7,5,9,10,10,8,4,10,8,4,5,4,4,6.7,2.6095976701399777,7.022787606735184,7.501558905678106
5,7,9,7,8,5,9,10,8,9,8,7,10,8,8,8.2,1.4,7.032496303775238,6.430553987379168
10,9,9,10,7,4,7,5,5,6,7,4,6,6,5,5.5,1.02469507659596,7.012855734040379,8.518884719919308
8,6,10,5,7,8,4,7,6,4,5,6,6,9,5,6.0,1.5491933384829668,7.024548282227697,6.7969325055378595
10,10,9,5,5,9,5,5,9,10,4,4,10,4,8,6.8,2.4819347291981715,7.000782115082925,8.038242081613692
5,10,6,4,7,6,4,8,6,4,5,10,7,4,7,6.1,1.8681541692269403,7.02542807617686,6.288883004243908
4,10,4,10,4,4,5,10,10,7,8,5,7,7,9,7.2,1.98997487421324,7.014139329889059,6.882634395959281
5,8,5,5,9,9,5,5,5,6,8,4,9,10,10,7.1,2.2113344387495983,7.029693736997541,6.660557886085121
9,4,10,5,4,7,9,4,5,10,9,8,8,6,9,7.5,1.857417562100671,7.013181807555786,6.854377963403328
9,8,7,4,8,5,7,6,5,6,9,4,10,9,5,6.6,1.9595917942265426,7.0253390832149565,7.024134851061072
7,6,4,4,6,7,7,5,6,8,5,10,9,7,4,6.8,1.7776388834631176,7.020796454999411,6.330845401883396
6,4,6,5,7,7,8,7,8,10,5,7,6,9,6,7.3,1.4177446878757827,7.031102845705634,5.4517455164856665
7,7,5,10,6,9,7,10,7,9,10,4,10,7,4,7.7,2.193171219946131,7.01182919387661,7.3392979876171065
8,6,4,9,7,4,9,4,4,5,10,6,4,6,4,5.6,2.1071307505705477,7.003792044645996,7.0377062653694855
6,8,4,5,10,6,7,7,6,10,4,5,10,6,10,7.1,2.0712315177207983,7.038873744742166,7.0986455212183515
5,8,4,7,6,8,5,8,6,4,10,10,8,10,6,7.5,2.0615528128088303,7.020169077886375,6.540212393370506
4,10,5,10,10,5,4,8,10,6,4,4,7,4,6,5.8,1.9390719429665317,7.031046918716522,6.950483291686397
8,8,6,8,8,5,9,7,6,6,6,8,10,8,5,7.0,1.61245154965971,7.02287581412465,7.7654762300157145
4,7,6,4,7,6,10,8,8,8,5,5,6,7,6,6.9,1.5132745950421556,7.015680679247554,5.592080272303855
10,4,9,4,8,8,9,10,8,4,9,9,10,6,8,8.1,1.7578395831246947,7.014054717644211,7.369200123442813
7,6,6,7,8,8,7,4,6,5,6,9,6,7,6,6.4,1.3564659966250536,7.022971945783551,6.707349902404259
5,4,8,9,10,7,9,7,10,10,8,5,9,7,4,7.6,1.9078784028338913,7.036814884139798,6.969448634024077
7,4,6,10,5,9,4,5,7,9,9,5,8,4,9,6.9,2.071231517720798,7.0223051351390495,6.45551181719719
9,6,7,4,7,6,4,7,5,4,6,10,6,5,5,5.8,1.661324772583615,7.013495834118018,6.838326761039128
10,4,8,5,8,10,4,7,8,6,5,8,8,8,7,7.1,1.6401219466856727,7.017256630958178,6.845266127272842
8,7,10,5,4,5,6,5,4,6,5,6,4,9,6,5.6,1.3564659966250536,7.00633019075592,6.984138198487385
4,9,6,9,9,9,8,10,7,4,6,4,8,9,7,7.2,1.9390719429665317,7.029601984220894,6.463730333837544
4,7,8,10,8,4,9,8,8,8,10,9,6,5,4,7.1,2.071231517720798,7.0303846099766245,7.005343785241377
8,5,4,10,7,10,5,8,5,9,8,10,8,7,7,7.7,1.676305461424021,7.010101004200253,7.129694291499941
5,6,7,9,7,10,9,9,5,10,4,10,5,9,4,7.5,2.5,7.033136673041719,6.605535628856168
7,8,7,9,9,10,5,6,6,4,7,4,5,8,6,6.1,1.7578395831246947,7.036971150462998,6.953289017632008
4,7,8,7,6,8,6,5,6,4,8,9,8,5,9,6.8,1.7204650534085253,7.030366488465775,6.028170852137309
6,8,4,4,9,8,10,5,10,7,4,6,10,6,6,7.2,2.0880613017821097,7.033422215970289,6.644570034139826
9,5,8,7,10,7,4,8,10,8,4,9,4,6,8,6.8,2.08806130178211,7.037822744565372,7.173256355703803
8,5,9,8,8,4,8,4,5,10,6,4,7,4,5,5.7,1.9519221295943134,7.022447913009143,6.657959980942913
9,5,9,4,7,7,7,4,5,7,10,6,9,6,8,6.9,1.7,7.008770486058388,6.4979842907107495
9,5,6,4,6,8,5,7,6,6,9,5,10,7,5,6.8,1.6613247725836149,7.0160803969733765,6.651579248468069
10,9,4,7,9,4,6,5,5,9,10,4,8,6,9,6.6,2.1071307505705477,7.029406030156373,8.01717760321385
7,8,6,4,7,10,10,5,6,8,10,5,10,4,10,7.8,2.4,7.022263154198808,7.023145524990519
5,7,5,9,4,6,10,10,9,4,8,8,6,8,7,7.6,1.8,7.0255615747284565,6.491808003163644
7,10,7,10,4,9,6,10,7,8,10,6,7,8,5,7.6,1.624807680927192,7.02342341639297,7.559416036443602
7,5,7,6,9,5,4,5,7,9,5,6,6,6,5,5.8,1.32664991614216,7.0382770401183095,6.878516314450596
8,5,6,10,9,10,5,4,9,10,9,10,10,8,4,7.9,2.4269322199023193,7.031959503230688,7.279229966727995
4,5,8,9,10,7,6,5,8,8,10,5,4,8,9,7.0,1.8439088914585775,7.038622122089123,6.2694167221361905
8,4,4,10,5,4,5,10,4,10,9,6,10,10,5,7.3,2.570992026436488,7.016331352643394,6.596578911827416
10,7,4,9,7,9,5,9,9,8,8,8,6,6,9,7.7,1.4177446878757827,7.018429746265758,7.90517305501866
6,8,7,8,10,7,5,8,5,10,9,4,9,6,7,7.0,1.8973665961010275,7.028680893799299,7.531638999980263
7,10,6,4,6,4,5,6,8,4,6,5,9,5,4,5.6,1.624807680927192,7.024907879863738,6.591484374189111
4,10,4,8,9,4,9,4,7,8,6,9,5,5,8,6.5,1.857417562100671,7.0316708141749755,7.101785549799411
6,7,6,8,4,4,4,5,8,5,4,9,6,4,9,5.8,1.98997487421324,7.020215049989133,6.074239444222539
8,5,5,7,8,6,10,7,8,9,7,4,10,8,9,7.8,1.7776388834631176,7.019869539879645,6.523696475172986
10,7,10,7,5,10,4,8,8,4,4,10,10,9,8,7.5,2.4186773244895647,7.006808853973086,7.330344319336684
7,5,4,10,8,9,10,8,9,4,4,5,10,9,5,7.3,2.3685438564654024,7.0254684778317955,6.735121246016085
7,5,6,10,7,5,7,8,6,7,10,8,6,5,6,6.8,1.469693845669907,7.018808958125705,7.071533094476587
9,4,4,6,5,4,10,4,9,8,7,10,5,10,8,7.5,2.29128784747792,7.010931166992985,6.405000436406982
7,10,5,4,5,5,4,10,7,7,4,6,7,6,5,6.1,1.7,7.016714415456815,6.623109299134729
4,5,6,8,6,7,9,4,10,6,9,5,5,7,7,6.9,1.8681541692269403,7.040769226255914,5.5884921038614905
6,8,8,7,10,9,8,8,7,8,4,9,4,8,7,7.2,1.7204650534085253,7.023462162752606,7.619325292205794
10,7,6,6,4,4,5,10,7,9,6,6,7,8,4,6.6,1.9078784028338913,6.997375881562144,7.077200344640968
4,10,7,9,9,4,7,5,9,8,5,7,7,5,6,6.3,1.4866068747318506,7.035555548757917,7.283066269181302
7,4,10,10,4,7,9,10,8,5,6,5,6,6,9,7.1,1.7,7.04984893194887,6.501571693304924
9,5,5,4,5,8,7,6,7,8,7,9,9,4,9,7.4,1.4966629547095764,7.010909084535539,5.7824003153023655
8,7,7,4,6,6,8,9,5,8,6,8,9,5,4,6.8,1.7204650534085253,7.017619538972132,6.812539614180393
9,4,5,9,6,6,10,6,8,10,10,7,10,7,10,8.4,1.6852299546352716,7.012241647844003,7.668019998722676
5,10,8,5,8,5,4,4,10,8,8,7,9,4,9,6.8,2.227105745132009,7.036991273955674,6.983608410273338
9,8,9,9,9,4,9,9,4,5,5,8,9,9,9,7.1,2.1656407827707715,7.018255028846812,8.536757356751655
9,9,5,9,5,9,9,7,6,9,7,5,9,5,8,7.4,1.5620499351813308,7.031443683271773,8.007217387186886
9,8,10,9,6,6,4,6,9,9,6,6,8,10,5,6.9,1.8681541692269403,7.019219648107494,8.123314447202192
9,9,8,7,8,4,10,6,4,6,5,4,10,7,5,6.1,2.1656407827707715,7.021591481489307,7.481802394980533
6,7,4,4,6,10,4,6,10,6,5,5,10,6,4,6.6,2.33238075793812,7.022655658647667,5.920533292433646
8,5,6,10,7,10,7,8,5,6,4,5,4,5,6,6.0,1.7888543819998317,7.019878783624314,7.356231821907019
7,9,4,7,6,4,6,4,5,8,8,10,7,7,10,6.9,2.071231517720798,7.019965373906539,7.031249660851763
7,6,5,9,4,10,9,6,4,7,5,10,8,4,9,7.2,2.227105745132009,7.022101690154509,6.480910461998016
7,6,8,4,5,8,10,4,10,7,7,6,9,4,9,7.4,2.1071307505705477,7.022688035127812,6.329916997909439
6,10,10,9,9,5,9,10,10,7,6,10,7,8,7,7.9,1.7,7.021019763765851,8.204746223646511
5,5,9,7,7,4,6,10,4,5,5,7,6,9,6,6.2,1.8867962264113207,7.029654399649026,6.436030887781152
6,8,6,8,5,6,6,7,4,7,9,4,9,8,8,6.8,1.7204650534085253,7.022424791694432,6.761058160149056
4,6,6,8,5,10,10,4,7,9,9,10,10,5,9,8.3,2.1,7.033354346132808,6.195527998306966
5,10,8,5,9,7,5,7,6,9,6,8,8,4,9,6.9,1.57797338380595,7.038377920536473,7.314808808054203
7,10,9,4,6,10,5,6,7,9,4,7,6,9,10,7.3,2.0024984394500787,7.0313252951537635,7.401575050014545
10,4,6,7,5,6,9,9,6,6,7,4,6,8,4,6.5,1.6881943016134133,7.023773892748315,6.7323713259766595
9,8,9,7,4,8,7,6,4,10,6,9,6,10,4,7.0,2.0976176963403033,7.007407402601231,7.14292912207597
8,5,7,8,7,6,6,5,5,4,4,9,9,6,8,6.2,1.7776388834631176,7.020479299773219,6.927210210105787
7,5,10,6,8,4,10,6,8,5,9,10,4,6,5,6.7,2.238302928559939,7.041461873319809,6.9526726250320605
5,7,5,10,6,7,5,6,9,8,10,10,7,10,7,7.9,1.7,7.0232336908809545,6.325256782667483
9,8,6,4,8,9,7,4,6,10,7,5,8,6,9,7.1,1.8138357147217055,7.0199873051903605,7.305234282287847
6,7,8,8,5,10,5,4,7,5,6,10,5,4,8,6.4,2.154065922853802,7.021565992384088,6.6310464675450005
7,4,9,10,6,7,6,10,7,7,9,7,5,5,8,7.1,1.5132745950421556,7.032328302317983,6.3498606865692215
5,6,4,4,8,4,10,10,6,5,7,4,6,10,6,6.8,2.2715633383201093,7.029261856740544,5.616430031012486
10,4,6,7,7,6,10,6,8,6,4,5,4,7,9,6.5,1.91049731745428,7.0186797703520485,7.251154707814131
8,9,6,6,4,8,8,7,10,4,4,7,10,9,6,7.3,2.051828452868319,7.011248450549289,7.075342956970372
10,6,5,9,4,10,6,5,4,4,7,7,6,10,4,6.3,2.147091055358389,7.000483552223902,6.6434470451636
5,8,7,8,7,4,8,5,5,6,9,10,4,8,10,6.9,2.2561028345356955,7.026924728160457,6.838223455665505
8,6,5,7,4,4,7,10,6,10,9,10,10,10,5,8.1,2.2561028345356955,7.031294532641749,6.90307308096517
5,4,5,5,8,4,9,6,5,4,8,6,4,5,5,5.6,1.624807680927192,7.029696466751686,5.022157701201406
7,7,10,5,6,8,6,6,9,4,9,5,5,10,8,7.0,1.9493588689617927,7.017844307174945,6.768372642237773
6,4,4,8,5,8,6,9,5,10,4,10,7,4,8,7.1,2.1656407827707715,7.027486904862576,5.640624823690781
4,4,9,5,8,4,5,9,10,6,9,7,6,7,7,7.0,1.7888543819998317,7.0225263083973415,5.609065405905047
4,8,7,8,6,5,5,8,8,7,9,8,5,8,7,7.0,1.4142135623730951,7.035648892280209,6.355845939415136
6,8,6,7,5,10,6,9,9,4,8,9,10,10,5,8.0,2.0976176963403033,7.019118939639155,7.050682354064623
6,6,8,7,10,6,5,8,7,10,10,4,4,10,6,7.0,2.280350850198276,7.036804794418318,7.186078159757925
10,10,10,5,8,9,9,10,9,4,7,9,5,10,9,8.1,1.9723082923316022,7.027889438407174,8.38390109239198
8,9,7,10,5,7,10,6,6,4,7,5,7,5,5,6.2,1.6,7.0302212952764735,8.055919253402754
7,10,5,7,8,7,10,8,7,10,5,10,10,9,6,8.2,1.7776388834631176,7.016598714608854,7.196990472635147
8,4,6,10,9,6,4,6,8,5,7,7,8,6,5,6.2,1.2489995996796797,7.032602973678694,6.833646675581399
7,9,4,6,7,6,10,4,6,4,7,5,9,10,4,6.5,2.29128784747792,7.016908769891394,6.934385757013716
5,10,6,8,4,6,10,6,10,7,8,10,9,8,6,8.0,1.61245154965971,7.016986056605413,6.9595956995322155
6,10,6,10,8,8,10,9,9,5,8,5,6,6,6,7.2,1.7204650534085253,7.009048718477146,7.798077193995301
7,5,8,5,7,7,8,4,9,4,6,10,10,8,10,7.6,2.2,7.027017713077254,6.493421145329436
6,5,4,4,10,5,4,10,6,4,4,9,4,6,9,6.1,2.2561028345356955,7.036118242884166,5.550650429249221
8,7,10,8,8,6,7,10,7,10,7,4,8,6,7,7.2,1.7204650534085253,7.0210869527059305,8.075944604046848
10,9,8,9,4,8,7,10,7,8,7,4,4,9,4,6.8,2.039607805437114,7.014697113192956,8.31040898605508
4,8,4,7,9,5,9,7,5,6,8,6,5,4,10,6.5,1.857417562100671,7.04328097116642,6.176838192023812
9,8,4,5,10,7,9,10,10,7,4,7,8,10,8,8.0,1.7888543819998317,7.023511286423499,7.711744199074256
10,9,8,8,7,8,6,4,8,5,8,9,6,5,10,6.9,1.8681541692269403,7.015059112000583,8.424882663522117
6,6,9,10,7,4,4,9,10,8,5,9,5,8,10,7.2,2.3151673805580453,7.024510998151278,7.073416627581954
7,7,9,6,10,8,7,7,8,6,9,7,8,5,9,7.4,1.2,7.0335923448693425,7.298942956585892
7,10,4,8,8,10,7,10,6,9,9,4,5,6,6,7.2,2.0396078054371136,7.014552233571228,7.210129066387567
10,5,5,9,9,10,6,5,6,4,7,5,6,8,7,6.4,1.624807680927192,7.0353715832216634,7.346208898395748
8,4,6,6,9,10,9,5,8,9,8,6,5,10,6,7.6,1.8547236990991407,7.020605275582355,6.570650407987438
4,9,6,10,9,9,10,4,8,4,9,6,10,10,10,8.0,2.32379000772445,7.043221195674596,7.275660048547865
7,10,9,8,9,7,8,7,5,8,4,7,9,5,8,6.8,1.5362291495737217,7.020948331903081,7.835265069355756
8,4,6,10,10,10,9,5,4,10,9,8,5,6,8,7.4,2.1071307505705477,7.032893281591977,7.285114186675611
5,5,6,5,10,8,10,8,10,8,6,9,9,9,4,8.1,1.7578395831246945,7.0303080707491175,5.961823545662769
9,4,4,6,5,6,6,5,7,9,7,5,6,5,8,6.4,1.2806248474865698,7.012044527315744,5.937019007373001
9,4,4,7,7,5,5,10,8,10,7,8,4,5,5,6.7,2.1,7.013036297844029,6.59887302252402
10,4,6,8,8,10,7,10,6,8,6,4,8,4,4,6.7,2.1931712199461306,7.0151860235268115,7.207899658647453
9,4,4,10,4,4,9,8,8,9,7,9,5,6,6,7.1,1.7,7.033990136233186,6.6668105567467695
6,7,4,4,10,4,8,8,4,5,6,9,7,10,5,6.6,2.0099751242241783,7.041182788127761,6.287864374560833
5,10,10,6,9,8,10,4,6,10,4,8,4,9,10,7.3,2.4515301344262523,7.027991668024986,7.07171786852689
4,10,10,5,10,10,6,4,6,10,4,4,6,9,4,6.3,2.368543856465402,7.056216203502312,6.647519866254178
8,9,4,4,5,9,5,7,5,7,5,7,4,6,6,6.1,1.374772708486752,7.0043607462791275,6.413928194120295
6,4,8,4,8,8,7,8,9,9,8,7,6,7,9,7.8,0.9797958971132713,7.023157889050076,5.946328970917166
9,9,7,7,8,4,8,8,9,7,8,6,8,7,9,7.4,1.42828568570857,7.021686156422177,8.180745090776663
6,4,10,4,7,6,6,8,7,8,10,4,9,10,4,7.2,2.08806130178211,7.023068661992416,5.769815707075829
10,8,10,4,4,6,8,4,5,4,8,8,9,4,8,6.4,1.9078784028338915,6.992464667201783,7.162594739194857
6,5,10,7,7,8,10,9,10,9,9,10,9,5,6,8.5,1.6278820596099706,7.026500905381141,7.067169947154254
5,4,6,6,7,8,7,9,6,9,6,7,4,5,8,6.9,1.57797338380595,7.038991385584874,5.287241084787517
6,9,5,4,9,4,10,7,5,5,5,7,9,9,10,7.1,2.1656407827707715,7.027941170728806,6.862076236143899
5,8,10,7,6,9,4,8,5,10,10,5,4,9,5,6.9,2.3853720883753127,7.03413878126757,6.769610366937522
8,6,9,4,4,5,7,6,10,4,4,9,4,9,7,6.5,2.1563858652847827,7.008959269675151,6.123087986548724
4,6,8,4,8,7,8,9,10,7,9,10,10,4,8,8.2,1.7776388834631176,7.020255177814787,5.618112687444767
6,9,8,9,6,6,5,5,8,9,9,9,6,10,5,7.2,1.8867962264113207,7.026277745469137,7.340270621814945
6,7,6,6,5,8,9,7,4,6,9,5,4,8,9,6.9,1.9209372712298547,7.016180368251026,6.352919093859272
4,7,10,7,7,5,4,7,6,8,5,10,7,6,6,6.4,1.624807680927192,7.032230210768178,6.3769412826807335
10,5,9,6,4,10,7,5,6,8,4,8,9,6,4,6.7,1.9519221295943134,7.00899100198902,7.187179817303088
8,10,9,10,6,7,4,4,10,4,6,10,10,9,9,7.3,2.491987158875422,7.028160412355568,8.543954759691712
5,10,6,6,5,10,10,5,9,6,5,7,7,7,7,7.3,1.7349351572897473,7.025212459613871,6.81085539052139
7,7,4,4,7,7,8,10,6,5,7,8,9,8,8,7.6,1.3564659966250536,7.017667592864757,6.485032703425132
9,8,6,8,6,6,7,8,10,8,7,6,8,5,4,6.9,1.6401219466856725,7.015391659635645,7.420395549350246
7,4,9,4,8,9,4,4,6,8,4,4,9,7,10,6.5,2.29128784747792,7.030044046669564,6.257260658842172
4,7,9,8,9,10,8,8,9,7,8,10,10,5,9,8.4,1.4966629547095764,7.0232524914242145,7.46909979706355
6,4,9,5,4,6,7,9,4,8,5,10,5,6,9,6.9,1.9209372712298547,7.0244536867591565,5.884512560396691
6,9,8,6,5,5,9,8,8,10,5,8,9,10,8,8.0,1.6733200530681511,7.018143896236633,6.87031354722052
9,10,10,7,4,10,4,9,10,7,8,8,9,6,7,7.8,1.7776388834631178,7.006405685638901,7.986440814619522
8,7,9,10,10,10,7,10,7,5,4,4,6,7,7,6.7,2.0024984394500787,7.03145579979943,8.08492805398375
10,9,10,6,9,8,10,9,5,5,6,4,7,9,6,6.9,1.9209372712298547,7.004347818836078,8.581854901818431
8,7,8,5,10,10,5,5,5,7,7,7,8,4,10,6.8,1.9899748742132402,7.028085637891628,7.266570746366313
5,4,4,5,9,5,5,8,5,10,5,7,7,4,10,6.6,2.0591260281974,7.0223379548352565,5.061362357530565
8,5,4,5,9,10,5,6,5,5,4,6,5,9,9,6.4,2.009975124224178,7.032775913852194,6.450641748689769
5,8,7,9,4,10,10,6,9,7,7,6,5,10,6,7.6,1.8547236990991407,7.028720440174742,6.933252611618799
8,5,5,7,4,9,6,9,10,7,6,10,10,8,9,8.4,1.4966629547095764,7.03196500199733,6.267321135313909
4,6,4,7,10,8,7,10,10,5,9,5,7,5,10,7.6,2.0099751242241783,7.048876997808688,6.282151137076509
6,6,5,5,4,9,4,9,9,8,4,4,4,9,7,6.7,2.2825424421026654,7.029229656566429,5.6226986384442945
6,5,7,5,9,4,6,5,7,6,9,9,6,8,8,6.8,1.6,7.025072208535488,6.263098730755484
9,5,6,10,10,6,8,5,5,9,8,4,6,5,10,6.6,1.9078784028338913,7.040266386229239,7.722719959505217
6,8,10,9,7,8,10,8,5,5,4,8,8,7,9,7.2,1.8330302779823362,7.035088789323275,7.562117001963653
6,4,9,7,7,4,5,10,5,6,9,5,8,5,8,6.5,1.9621416870348585,7.034730534709743,6.078845942491161
6,7,6,10,5,8,4,5,4,10,10,9,8,10,9,7.7,2.3259406699226015,7.0186481550883215,7.014632946928667
9,8,5,9,6,5,9,9,5,4,4,8,8,5,5,6.2,1.9390719429665315,7.0087338763137526,7.495000214422579
9,10,6,5,4,7,7,6,10,8,9,10,6,10,6,7.9,1.6401219466856725,6.996686153024672,7.5352025050527445
4,9,4,6,7,4,9,4,7,6,10,7,9,9,8,7.3,2.0024984394500787,7.018866322319061,6.077610924287091
6,7,5,8,7,5,4,8,10,8,10,4,4,9,9,7.1,2.4269322199023193,7.024734829433714,6.693672745432729
4,6,5,4,5,6,7,9,8,6,10,6,8,9,10,7.9,1.5132745950421556,7.022244481941638,5.260330567991241
8,10,6,9,6,8,5,9,7,10,8,9,4,5,10,7.5,2.0615528128088303,7.0159797038579725,7.672157933898324
8,6,9,7,5,10,7,9,4,9,4,7,5,10,4,6.9,2.3853720883753127,7.015697959753753,7.050745499949226
9,4,8,7,4,6,7,7,8,5,6,6,8,4,4,6.1,1.374772708486752,7.013282565978608,6.767012300806064
4,8,7,10,4,6,5,4,7,9,8,5,4,9,6,6.3,1.7916472867168918,7.034404137788182,6.509806622339132
4,7,6,4,5,8,4,6,4,8,7,10,7,10,9,7.3,2.0518284528683193,7.018584819250992,5.400703093214413
7,4,8,9,5,6,10,7,8,6,4,10,10,5,10,7.6,2.1999999999999997,7.020454540619525,6.683129028960208
9,9,4,5,5,10,4,8,9,6,4,6,7,5,8,6.7,1.9519221295943134,6.995450484392997,6.792209128306356
6,9,5,6,7,4,5,10,8,8,9,7,9,9,6,7.5,1.857417562100671,7.026037545935746,6.984128495675734
6,8,10,4,7,6,10,5,7,8,10,7,7,5,6,7.1,1.7,7.027530669457417,6.954897447695014
10,10,7,8,6,7,7,7,4,7,7,8,9,4,7,6.7,1.4866068747318506,7.015668197376594,8.275174804298965
4,6,5,6,7,9,7,5,5,9,4,8,4,4,5,6.0,1.9493588689617927,7.03707107411944,5.488219712680215
4,6,4,4,5,5,8,10,10,10,7,8,7,9,9,8.3,1.552417469626002,7.028937720355389,4.968808925672553
5,7,8,10,4,6,10,5,6,6,5,6,10,4,7,6.5,1.91049731745428,7.030827061795466,6.729709882001948
8,10,10,7,10,10,8,5,4,9,8,8,8,6,6,7.2,1.7776388834631178,7.028586831684374,8.339463872624675
10,4,4,9,8,6,10,6,4,6,5,8,4,9,6,6.4,1.9078784028338913,7.038363162355035,6.435703006424797
6,5,6,8,5,9,8,4,8,9,10,4,7,10,4,7.3,2.3259406699226015,7.022860121595585,6.162610713253886
6,9,5,4,6,6,9,8,8,8,5,5,6,7,5,6.7,1.4177446878757824,7.024928361729994,6.262391251213904
5,9,10,5,5,4,10,9,6,10,7,10,4,8,5,7.3,2.3259406699226015,7.019885816346442,6.381745918686036
9,10,6,7,6,4,7,6,10,4,6,8,7,7,10,6.9,1.972308292331602,7.02036002047153,8.035303012709146
10,8,9,6,5,5,9,7,4,4,4,8,7,7,4,5.9,1.8138357147217055,7.008651761349206,7.441429476464028
9,4,10,6,9,10,5,10,5,7,10,7,6,7,10,7.7,2.0024984394500787,7.029209971903107,7.078554690844638
6,9,5,4,4,4,9,8,7,7,4,6,9,7,5,6.6,1.7435595774162693,7.018273085323019,6.334501617124709
8,9,6,4,10,5,5,8,8,9,7,7,7,8,9,7.3,1.3453624047073711,7.038112516299355,7.485425473824488
4,7,7,4,9,7,4,6,10,5,5,4,7,9,9,6.6,2.0591260281974,7.036166660803195,5.599397739453112
8,4,5,6,8,8,7,9,7,5,10,10,10,5,8,7.9,1.8138357147217055,7.019895964226334,6.4472115472797
5,8,5,6,6,10,5,7,10,4,8,4,7,8,4,6.7,2.238302928559939,7.035448912778406,5.903774206990781
7,9,5,7,5,8,7,9,10,8,10,10,9,7,8,8.6,1.1135528725660042,7.017173909229795,6.875850670288221
7,6,8,10,7,8,9,5,9,9,9,7,6,9,8,7.9,1.374772708486752,7.0262499963404945,7.090047560246283
5,5,10,9,6,4,5,9,9,5,9,8,6,9,5,6.9,1.972308292331602,7.03451986172639,6.664100466644011
5,4,8,7,9,9,7,8,8,6,7,7,6,10,10,7.8,1.4,7.036409150903855,6.058310119953741
10,8,6,9,7,4,10,9,7,4,4,8,9,8,5,6.8,2.227105745132009,7.024535311632876,7.769048014485594
7,10,4,10,6,10,8,7,7,9,4,7,10,8,10,8.0,1.7888543819998317,7.007862896161429,7.659435781192448
9,9,5,4,4,8,9,10,8,10,6,9,9,7,9,8.5,1.2041594578792296,7.003060101636,7.76172718702127
9,9,8,8,8,5,7,7,10,6,7,4,8,8,9,7.1,1.7,7.018891816876575,8.302749890602978
4,5,7,8,5,10,6,8,4,6,5,8,7,4,10,6.8,2.08806130178211,7.044796687081463,5.878075657360889
10,6,8,10,7,10,4,8,9,5,7,5,5,8,7,6.8,1.8867962264113207,7.024226798951231,7.745022553396863
6,6,7,8,4,8,8,9,4,10,9,10,9,8,9,8.4,1.624807680927192,7.02161724688861,6.641835518122183
7,7,7,6,5,10,9,6,7,4,10,7,4,6,8,7.1,2.071231517720798,7.018312164269432,6.566194482728566
10,4,8,8,10,10,4,4,4,6,7,6,4,9,4,5.8,2.1354156504062622,7.027149313317706,7.24375472826628
5,7,4,8,10,9,8,6,9,6,5,7,5,9,5,6.9,1.6401219466856725,7.047368414870729,6.50595880631688
9,10,8,7,9,10,7,9,8,8,7,7,9,6,10,8.1,1.3,7.016395754758728,8.345193342896764
5,4,5,5,10,9,6,6,6,9,4,4,8,4,4,6.0,1.9493588689617927,7.023140487575984,5.491651935426446
4,4,8,8,4,6,6,7,6,9,7,10,7,4,6,6.8,1.6,7.037636753788145,5.442738034136323
9,6,8,6,10,4,6,4,10,4,4,9,10,8,10,6.9,2.6248809496813372,7.034155839588211,7.250441209179526
9,4,9,8,5,4,5,5,5,9,7,4,10,5,9,6.3,2.1470910553583886,7.00858299027645,6.7814351173567715
10,4,7,10,6,7,5,6,8,4,8,8,6,6,6,6.4,1.2806248474865698,7.015874613735212,7.56836096271121
9,4,10,9,4,7,5,10,4,6,9,4,10,4,4,6.3,2.41039415863879,7.041964275235172,6.692295518093452
8,10,8,10,8,6,6,5,10,6,6,4,5,8,6,6.2,1.5999999999999999,7.023113202025852,8.16860873698279
9,7,10,10,8,9,6,8,4,10,5,4,10,7,6,6.9,2.1656407827707715,7.011418679055865,8.312937968583606
4,10,8,5,8,10,9,10,7,6,7,8,6,9,6,7.8,1.5362291495737217,7.034887886067364,6.647865836121915
9,7,5,9,9,7,5,7,6,6,10,5,4,5,4,5.9,1.7000000000000002,7.0202746847480215,7.8675132108313495
9,4,9,4,9,9,6,10,8,8,7,5,5,8,4,7.0,1.8439088914585775,7.0173363868916905,7.04785808209137
6,5,6,9,5,5,4,4,4,4,10,7,7,10,8,6.3,2.325940669922601,7.023276365926184,6.432331667545074
5,10,7,6,7,7,9,10,5,9,10,7,5,5,4,7.1,2.1656407827707715,7.030959383736926,7.022306727706579
5,4,5,7,6,8,4,10,4,9,7,9,7,9,5,7.2,2.08806130178211,7.035180050529652,5.771602337030459
9,10,10,10,9,7,7,9,6,5,10,5,10,6,9,7.4,1.8547236990991407,7.015406966547374,9.024004598968046
10,6,9,10,9,9,5,9,8,8,10,6,7,8,10,8.0,1.5491933384829668,7.010455479285244,8.331738682924605
7,6,8,4,10,9,6,10,10,8,4,6,5,10,8,7.6,2.1071307505705477,7.024143178199435,6.608964936122249
4,9,4,6,6,5,6,8,5,7,10,7,4,9,6,6.7,1.7916472867168918,7.018166083894319,5.578541802146185
5,10,5,4,8,9,9,5,4,6,7,9,5,9,8,7.1,1.8681541692269403,7.029200812470084,6.385709542310261
5,5,6,8,9,7,9,8,8,5,5,8,4,9,8,7.1,1.7,7.040534120450721,6.209530558064561
4,5,8,10,8,8,5,9,6,7,5,9,9,10,4,7.2,1.98997487421324,7.047134928791927,6.390244759486598
4,8,8,8,10,7,5,5,6,10,10,4,10,4,9,7.0,2.4083189157584592,7.029430374185577,7.511659108997399
5,4,10,8,8,9,5,6,5,10,8,9,8,10,6,7.6,1.8547236990991407,7.033005360435591,6.26754384718601
5,4,6,10,5,5,9,6,5,5,8,7,10,4,9,6.8,1.98997487421324,7.035542161610903,5.8674447014530005
4,10,8,4,4,4,6,4,8,7,9,10,5,5,10,6.8,2.227105745132009,7.016535422021204,6.598116876049382
9,4,6,4,6,8,9,4,10,5,4,8,5,6,7,6.6,2.009975124224178,7.009325038179997,5.91794479359383
8,6,10,8,8,4,10,9,4,4,4,10,8,8,9,7.0,2.5298221281347035,7.016024911089453,7.216960129233468
6,5,7,4,9,8,10,9,9,8,5,8,5,6,8,7.6,1.624807680927192,7.0219255045524065,6.062151247743149
7,4,4,8,4,6,8,6,7,6,5,4,9,6,4,6.1,1.5132745950421556,7.0323439027304575,5.568164247917752
9,4,6,7,6,10,7,7,10,10,10,5,10,5,6,8.0,2.0976176963403033,7.01540785074598,7.018976292997977
9,4,10,9,8,8,10,10,7,4,8,7,6,10,7,7.7,1.8466185312619388,7.031256376883292,7.651858271500373
6,6,5,4,8,5,4,4,5,10,10,8,5,10,4,6.5,2.539685019840059,7.024535549631942,5.525839494860466
10,6,6,8,9,10,6,10,8,9,7,9,6,9,10,8.4,1.4966629547095764,7.029268288171198,8.016450641124406
9,4,5,6,5,8,4,4,6,9,8,7,10,9,9,7.4,2.0099751242241783,7.021052625893884,6.359029326012186
9,9,7,10,4,7,5,10,6,10,8,6,7,8,4,7.1,1.8681541692269403,7.021892918717119,7.629383759623826
7,10,7,7,4,4,10,8,6,6,4,4,7,8,6,6.3,1.9000000000000001,7.022098674758794,7.212619169781908
4,8,5,5,8,7,6,4,8,5,8,9,5,10,10,7.2,2.0396078054371136,7.029999994905796,6.10436201245794
8,9,10,7,8,7,5,5,7,8,7,9,4,10,4,6.6,1.9595917942265424,7.020295198634502,7.556505912841144
6,5,8,6,6,10,5,7,7,7,9,9,8,6,10,7.8,1.5999999999999999,7.028301012452308,5.938488752407797
6,9,9,6,10,6,6,10,8,7,6,7,5,6,5,6.6,1.42828568570857,7.034156971632155,7.282778204538692
9,7,6,7,7,8,4,9,10,8,8,8,6,5,9,7.5,1.8027756377319946,7.017573740333378,7.23022197402842
6,5,10,6,6,6,4,10,10,9,10,10,8,7,4,7.8,2.3151673805580453,7.021564755409884,6.55442530567093
9,6,5,9,4,5,4,6,10,7,6,9,8,10,8,7.3,1.9519221295943134,7.016310366574577,6.940034279685164
4,7,10,7,5,4,8,8,9,5,5,6,10,6,5,6.6,1.9078784028338915,7.035619828896179,6.15239002366171
8,10,4,7,4,4,5,6,7,10,8,9,7,7,8,7.1,1.7,7.010780280276405,6.91591506161494
5,5,8,8,9,5,10,4,7,4,9,9,9,6,7,7.0,2.0976176963403033,7.035187420172198,6.684006436746443
10,5,7,4,6,9,6,9,5,7,6,9,10,6,9,7.6,1.6852299546352716,7.00505666346551,6.616111847661048
8,6,7,8,6,5,4,9,4,7,5,10,7,10,4,6.5,2.3345235059857505,7.019002372518209,6.651277227278997
10,7,4,10,7,5,8,5,5,10,8,6,6,6,4,6.3,1.7349351572897471,7.024221098468118,7.722391259106859
9,8,5,4,10,5,9,8,9,4,8,9,10,4,4,7.0,2.32379000772445,7.030497918018154,7.503745767358887
10,6,8,5,7,4,8,9,9,7,4,6,5,10,10,7.2,2.2271057451320084,7.0149281655122255,7.382634784780397
5,8,8,9,9,7,7,8,7,9,8,8,10,10,6,8.0,1.2649110640673518,7.037171833510037,7.247465190249199
5,7,5,8,8,4,7,4,4,4,8,4,7,8,7,5.7,1.7349351572897473,7.033481478008156,6.1686514174635905
6,9,6,4,8,8,5,5,5,5,8,4,6,10,9,6.5,1.9621416870348585,7.027930809078837,6.1909338791484565
6,5,9,9,7,6,5,4,7,4,7,6,4,4,9,5.6,1.624807680927192,7.031328747404734,7.0415247018904
5,7,6,10,4,6,4,7,10,4,7,5,4,7,10,6.4,2.1540659228538015,7.033527448391408,6.741903695760868
5,5,5,7,6,6,5,4,9,7,10,9,4,7,4,6.5,2.1563858652847827,7.024443171316709,5.690501597924184
5,10,5,9,4,5,10,10,5,4,4,8,4,10,4,6.4,2.615339366124404,6.999443818688048,6.6761740857714
9,9,4,10,6,9,9,5,9,4,6,4,10,8,7,7.1,2.118962010041709,7.019660671637068,7.57850292516225
9,6,9,8,4,10,5,9,6,10,7,6,5,9,8,7.5,1.857417562100671,7.025881518317431,7.296960144132352
9,8,7,8,5,10,10,10,5,6,6,5,10,4,5,7.1,2.4269322199023193,7.017022329023808,7.767298545429808
9,8,6,7,10,9,9,8,5,7,9,9,9,4,7,7.6,1.7435595774162693,7.019623820050393,8.086130123595105
9,5,10,8,10,10,10,5,4,9,10,7,10,7,4,7.6,2.416609194718914,7.024794231455973,7.707759292673135
10,7,10,10,9,10,9,4,6,9,4,5,10,9,8,7.4,2.2891046284519194,6.995360186818853,8.845497534703634
7,5,8,7,7,9,6,4,8,6,5,9,10,8,10,7.5,2.0124611797498106,7.027719880355262,6.965034374787071
4,7,4,8,10,4,4,5,6,8,5,6,7,7,6,5.8,1.2489995996796797,7.04274808392285,6.16833224459448
9,9,8,8,6,4,4,7,4,10,4,6,9,6,4,5.8,2.1354156504062622,7.021495812227248,8.009770692812713
10,8,7,9,5,6,8,7,9,8,8,4,4,8,8,7.0,1.6733200530681511,7.020313560313355,8.379931737162343
9,4,9,6,10,5,5,10,7,8,6,9,5,4,8,6.7,1.9,7.0409853175671016,7.590869958995353
8,10,8,9,5,6,9,6,10,6,4,5,6,9,5,6.6,1.9078784028338915,7.020232047120933,7.745513126688126
5,6,4,9,8,10,10,7,4,5,10,10,5,6,9,7.6,2.33238075793812,7.0428363585143,6.486367041108198
9,6,7,7,6,6,9,10,10,4,5,8,10,9,9,8.0,2.0976176963403033,7.018018784364635,7.42186570905208
8,10,6,8,5,6,6,10,10,7,9,4,5,5,5,6.7,2.1,7.01782945283086,7.546163377257802
6,8,6,6,10,9,6,4,5,9,8,10,7,7,5,7.0,1.8973665961010275,7.02851428169798,7.217466219630509
10,8,8,4,6,6,7,7,7,7,5,9,4,4,6,6.2,1.4696938456699067,7.003526640279366,7.320657059981285
7,6,6,8,6,9,10,8,4,8,4,4,6,7,6,6.6,2.0591260281974,7.017672581058116,6.549719264791288
9,6,9,10,7,4,9,7,9,9,9,7,9,7,8,7.8,1.5362291495737217,7.02430975957959,7.6657881155090974
8,6,9,9,10,10,4,5,9,6,8,6,5,7,5,6.5,1.857417562100671,7.0323008797696875,7.26123052786403
9,5,4,7,10,6,5,4,5,9,4,9,10,10,5,6.7,2.3685438564654024,7.026104410616361,6.850338048002612
10,6,5,6,6,4,4,10,5,8,7,7,7,4,10,6.6,2.2,7.012296106014871,6.205418534725776
8,8,8,5,6,7,10,4,10,8,5,10,10,5,4,7.3,2.4919871588754225,7.015467286441371,7.38229894382978
4,7,8,8,10,4,10,8,7,8,5,5,9,7,10,7.3,2.0024984394500787,7.022348479528523,6.968158206946516
6,6,5,5,8,5,9,4,5,6,7,9,7,7,6,6.5,1.5652475842498528,7.024199471378371,6.17040566211104
6,4,7,6,10,8,4,7,5,4,5,4,10,4,9,6.0,2.1908902300206643,7.020592699832376,6.319701692905991
6,9,5,10,7,5,5,10,4,7,5,10,6,6,4,6.2,2.08806130178211,7.01867304581486,7.107659256776689
8,10,6,8,6,8,4,10,4,7,7,9,10,8,10,7.7,2.147091055358389,7.021800675525592,7.854051049595238
8,7,5,7,9,10,8,10,8,8,8,10,10,4,10,8.6,1.8,7.0183584230119695,7.308121457986006
4,5,7,9,4,4,9,6,6,9,9,5,4,8,5,6.5,1.9621416870348585,7.041776930962402,5.956263833170442
9,6,6,8,5,7,4,10,9,6,4,9,4,10,4,6.7,2.4919871588754225,7.017101890928261,6.3433404822637485
6,10,9,5,10,10,4,7,6,4,9,7,5,4,10,6.6,2.2891046284519194,7.056540076944577,7.655582800053425
6,8,7,8,10,7,8,5,6,4,4,7,6,8,5,6.0,1.4142135623730951,7.029228239173932,6.72550860739761
4,6,10,4,4,9,6,4,7,8,7,5,10,10,6,7.2,1.9390719429665315,7.046964844972902,5.483875643184399
9,5,9,6,4,7,9,9,10,10,7,4,7,8,6,7.7,1.7916472867168916,7.006710305231822,6.603357626367652
10,7,4,10,7,5,9,7,8,10,9,9,5,9,8,7.9,1.6401219466856727,7.022613058268729,7.920093598033966
9,9,5,10,4,9,9,7,7,10,6,4,8,4,4,6.8,2.1354156504062622,7.008938539654818,7.575477734936662
8,9,9,5,7,9,10,5,5,9,10,8,4,6,10,7.6,2.244994432064365,7.01889854665571,7.432506025789708
5,4,10,6,6,4,5,4,7,7,6,8,4,7,8,6.0,1.5491933384829668,7.041917801788204,5.861464391631942
10,7,9,7,9,10,10,7,8,8,7,9,5,8,10,8.2,1.5362291495737217,7.01958620205546,8.310359334409174
9,6,7,5,9,9,4,9,7,9,5,7,6,4,10,7.0,2.0976176963403033,7.019121890803513,7.345869129715602
8,8,5,8,4,6,9,8,9,10,10,8,6,6,8,8.0,1.4832396974191326,7.0089703051111965,7.280875146256934
9,5,7,9,5,5,4,7,6,4,7,9,7,6,5,6.0,1.4832396974191326,7.018209872210984,6.579464107497657
6,7,6,9,7,5,4,9,4,8,5,4,8,9,10,6.6,2.2891046284519194,7.020498492900517,7.364455610235105
8,5,9,4,7,7,4,8,5,7,4,5,10,7,6,6.3,1.7916472867168918,7.0235673302123445,5.910164315180862
7,10,9,9,6,5,6,9,4,10,8,4,5,6,6,6.3,1.9519221295943137,7.039160353035678,7.877999781320414
10,8,6,10,6,7,4,4,5,6,5,5,9,6,5,5.6,1.42828568570857,7.034552523708518,8.10428479213656
8,10,10,4,6,6,5,8,5,5,10,8,4,6,10,6.7,2.0518284528683193,7.014079814840267,7.526285393839139
6,7,8,5,4,7,8,10,4,5,9,4,8,9,5,6.9,2.118962010041709,7.0156590042227,6.079818338524152
10,10,10,4,10,4,7,6,6,8,10,5,5,6,4,6.1,1.7578395831246945,7.017712988749523,8.649634151985477
10,8,9,9,7,5,7,7,5,5,6,8,6,8,7,6.4,1.1135528725660042,7.015287512612001,8.585891859245265
7,10,8,10,7,8,6,5,8,6,7,9,8,7,7,7.1,1.1357816691600546,7.023022593910296,8.104048901750517
4,4,5,9,8,4,9,8,6,8,8,9,10,7,7,7.6,1.624807680927192,7.04061854944266,5.748525230920003
6,9,6,5,5,7,7,9,6,5,4,10,10,7,7,7.2,1.8867962264113207,7.01879742730951,6.282255314447773
10,7,5,5,6,4,7,5,10,8,4,10,6,10,4,6.8,2.4413111231467406,7.008350581774773,6.813957984791389
7,5,9,5,7,5,9,6,8,7,4,6,4,8,4,6.1,1.7578395831246945,7.027019494692469,6.2634819333626774
10,8,7,6,8,10,10,6,5,9,6,4,8,10,7,7.5,2.1095023109728985,7.013202396610363,7.456239479920423
9,4,7,10,6,7,8,4,9,8,4,6,9,5,4,6.4,1.9595917942265426,7.019741094644222,7.061335232308146
9,8,9,7,5,7,7,10,9,5,4,5,10,6,5,6.8,2.08806130178211,7.007683547519815,7.766789137943056
10,7,4,7,8,6,7,6,4,9,9,4,4,4,8,6.1,1.972308292331602,7.019136685597741,7.176590572568385
8,7,8,5,9,10,6,4,9,5,5,8,6,6,10,6.9,2.0712315177207983,7.021517024240704,7.126810912031557
7,10,5,9,10,6,9,9,10,8,6,6,4,6,9,7.3,1.8466185312619388,7.029078007062739,8.030974432159857
10,10,9,5,10,4,4,6,5,7,9,5,6,6,5,5.7,1.4177446878757827,7.010843362935477,8.405764481552396
10,6,7,9,9,6,9,10,4,8,6,6,5,4,5,6.3,1.9519221295943134,7.02926315296192,7.798837240620616
8,9,5,9,6,10,9,5,6,4,9,6,9,6,6,7.0,1.9493588689617927,7.012849490176771,7.993341508402049
7,7,9,10,4,6,8,7,4,10,8,7,9,7,7,7.3,1.5524174696260025,7.0337096717470065,7.319921515968487
4,10,10,10,5,8,4,5,7,5,5,6,5,9,9,6.3,1.7349351572897473,7.03843477036794,6.877824947614353
4,10,5,8,5,6,4,10,4,9,10,6,4,10,10,7.3,2.6095976701399777,7.004437862914754,6.418361554185657
4,9,8,4,5,7,4,6,10,9,7,5,5,5,9,6.7,1.9519221295943134,7.030584543809411,6.283468826881108
6,7,4,10,5,10,6,5,4,5,10,8,9,8,5,7.0,2.1447610589527217,7.014742008996933,6.89843074766402
10,10,10,10,10,10,5,8,10,9,9,5,9,7,10,8.2,1.8330302779823358,7.0228637251204065,9.059548892866786
8,4,4,7,5,10,9,10,8,6,8,4,7,6,5,7.3,1.9519221295943134,7.029716187788219,6.024477014315758
6,8,5,8,4,10,4,4,7,6,4,6,6,9,4,6.0,2.04939015319192,7.022604879760425,6.2167721293341405
10,7,7,9,6,6,7,4,7,7,6,6,9,10,9,7.1,1.7,7.023366103514535,8.075943336007168
7,10,4,6,5,4,9,5,4,7,9,9,10,9,6,7.2,2.181742422927143,7.016229917991353,6.587206269918809
10,10,7,6,4,7,9,8,8,7,9,10,5,10,5,7.8,1.7204650534085253,6.9973577164661025,8.323841155256241
9,8,8,4,4,4,4,10,9,10,4,6,5,7,10,6.9,2.5079872407968904,7.013811182680234,6.5428205876569185
8,9,6,8,4,9,9,8,5,5,5,10,4,6,10,7.1,2.2113344387495983,7.021890858488646,7.27048750459977
7,5,9,10,9,7,4,10,6,5,6,4,10,5,10,6.7,2.3259406699226015,7.028377292543266,6.9889306860438944
7,7,10,4,8,4,7,5,6,4,8,6,6,5,10,6.1,1.7578395831246945,7.025530297707931,6.892594156718616
6,9,10,9,7,9,6,4,8,7,8,4,5,4,9,6.4,1.9595917942265424,7.044652772885658,7.049717450480292
8,9,6,7,6,9,9,6,5,10,9,10,7,7,10,8.2,1.7204650534085253,7.015002216149581,7.5018761785630215
8,9,5,9,8,4,9,6,7,8,5,8,10,7,7,7.1,1.7,7.022463338989759,7.7333513358448105
9,10,9,4,9,4,4,9,10,5,9,4,6,5,6,6.2,2.181742422927143,7.040256701236577,7.598925038446589
9,6,5,6,6,9,4,5,9,7,9,10,8,7,6,7.4,1.854723699099141,7.019328161747117,7.122885059340271
7,4,6,10,8,7,9,7,8,10,9,8,7,8,7,8.0,1.0,7.032529234625345,7.377551621327215
10,8,9,7,4,5,7,4,8,10,8,6,10,10,6,7.4,2.0591260281974,7.004857615573821,7.706569468251806
10,4,10,9,8,4,8,10,8,10,6,6,7,9,8,7.6,1.8000000000000003,7.027599477499874,7.883717341792365
5,7,10,10,9,8,10,7,8,10,4,6,6,9,6,7.4,1.8547236990991407,7.043369883306708,7.265111507391261
7,8,8,10,5,5,4,4,7,5,8,9,4,5,5,5.6,1.6852299546352716,7.026549205937701,6.941305931642638
5,4,7,7,8,10,4,10,7,5,6,5,8,4,8,6.7,2.1470910553583886,7.03517075671949,5.569984317790437
4,9,7,4,4,7,9,6,4,5,6,5,7,9,4,6.2,1.7204650534085253,7.033495728339226,5.4228375684613095
10,8,4,5,5,7,7,9,7,7,5,10,8,5,9,7.4,1.5620499351813308,6.9985618341336915,7.4440997574161205
6,8,10,9,6,6,9,9,9,9,7,9,6,9,5,7.8,1.5362291495737217,7.03099747030871,7.602250200695504
5,10,6,8,10,7,5,7,5,4,8,8,7,4,6,6.1,1.445683229480096,7.033212990042223,7.006098881788856
8,4,7,4,8,4,10,7,4,6,7,8,9,4,8,6.7,2.0518284528683193,7.027418121075844,5.937837722421352
10,5,9,5,10,8,5,6,10,9,4,8,8,10,6,7.4,1.9595917942265424,7.017044091755608,7.263609375781534
4,9,10,8,5,9,9,10,8,8,8,8,5,5,10,8.0,1.6733200530681511,7.040863446746121,6.498745171282126
8,9,9,5,8,9,7,4,6,7,5,5,5,7,5,6.0,1.4142135623730951,7.022468539830756,7.560200040107986
6,8,9,8,10,7,5,8,8,4,5,10,4,7,4,6.2,1.9899748742132402,7.0244558213671855,7.349911101970013
4,6,7,10,4,5,7,10,7,8,7,7,4,10,9,7.4,1.8547236990991407,7.037871026573316,6.5965984842377425
7,5,7,10,8,7,6,9,8,10,10,8,7,4,9,7.8,1.7776388834631178,7.026634954205332,6.661568095504842
10,7,9,4,4,8,8,6,7,9,8,10,8,8,8,8.0,1.0,7.004840605661343,7.512294890201126
7,4,9,10,4,4,5,6,10,4,6,8,6,7,7,6.3,1.7349351572897473,7.042335757856037,6.794607965702852
7,6,6,5,4,5,5,6,4,4,8,4,5,4,8,5.3,1.4866068747318506,7.026686742755007,6.039095859724086
10,7,4,8,9,7,4,4,5,6,7,6,8,8,6,6.1,1.374772708486752,7.036652354474974,7.659505274851098
4,4,6,9,7,5,9,5,9,9,5,9,9,9,7,7.6,1.8,7.043116877018946,6.08284075873962
4,6,5,9,6,8,9,8,10,8,10,7,8,6,4,7.8,1.7204650534085253,7.033958178057707,6.162115158927447
6,10,6,10,4,7,4,6,5,5,9,5,7,5,7,6.0,1.4142135623730951,7.019429770834814,6.9931272141724135
4,5,8,8,8,7,4,5,8,10,5,5,5,9,8,6.6,1.9595917942265424,7.034451014441517,5.94343989235759
10,9,9,5,9,8,7,8,7,10,4,7,5,6,6,6.8,1.6,7.014035080883007,8.033724177742744
8,8,6,9,4,9,5,7,5,9,8,7,10,5,8,7.3,1.7349351572897473,7.022799235577705,7.600344134657611
4,6,6,6,4,9,8,7,9,9,9,4,9,4,8,7.6,1.9078784028338913,7.030055069213174,5.815964278218175
8,6,5,10,6,10,4,8,4,8,8,10,9,10,10,8.1,2.2113344387495983,7.00865746109871,7.458502657100467
10,7,6,4,9,9,8,9,8,9,6,4,10,8,5,7.6,1.8547236990991407,6.998399993779198,7.412509818137708
6,9,7,5,9,9,9,7,5,5,10,6,4,6,4,6.5,2.0615528128088303,7.024478281430075,6.358787183968169
10,8,6,7,7,8,10,6,7,4,6,10,7,10,5,7.3,2.0518284528683193,7.016501818315197,7.999134763651233
9,5,4,6,7,9,8,10,8,10,5,10,10,6,9,8.5,1.6881943016134133,7.01765114175285,6.986886508997127
5,8,7,5,4,5,7,9,4,6,9,4,5,10,8,6.7,2.1,7.012569055930544,6.021843348646901
4,7,10,7,9,9,9,4,4,8,4,4,9,8,8,6.7,2.238302928559939,7.030118437368765,6.714426473574773
6,5,7,6,9,10,9,10,5,5,9,4,6,5,5,6.8,2.2715633383201097,7.038249996480876,6.055408510806947
6,7,4,5,5,9,10,9,6,6,8,9,5,10,10,8.2,1.7776388834631178,7.021658665509486,5.956360308593611
4,10,7,5,7,7,7,4,5,7,10,5,9,5,7,6.6,1.8,7.025827808753453,6.196135514615283
9,7,6,4,10,10,5,6,4,8,10,7,9,8,4,7.1,2.1656407827707715,7.0166810656727066,7.118716002553301
7,10,10,9,8,10,10,6,6,6,6,7,10,7,5,7.3,1.8466185312619385,7.023245978847636,8.47309296350108
4,10,5,6,5,9,5,9,4,5,4,4,4,6,8,5.8,1.98997487421324,7.017184459206615,6.131042790261015
9,9,5,4,5,8,7,4,6,5,5,7,7,4,4,5.7,1.4177446878757827,7.013212663336459,6.523682212130979
7,5,6,6,8,5,5,5,5,8,4,4,5,6,5,5.2,1.0770329614269007,7.02777527774032,6.585550041786302
6,5,6,4,10,9,10,10,7,9,6,7,10,6,7,8.1,1.57797338380595,7.0290035524653,6.230817245705603
6,7,4,8,7,5,5,6,7,8,6,6,9,4,6,6.2,1.4,7.0183913898471335,6.24240644066341
5,10,5,10,10,8,5,7,4,7,5,6,9,8,4,6.3,1.676305461424021,7.030253342726892,7.387427962786391
5,7,7,10,7,8,10,8,8,8,5,8,9,8,5,7.7,1.4866068747318506,7.0286693277963055,6.843388200238162
10,10,4,9,4,7,5,10,10,9,9,6,5,7,6,7.4,1.854723699099141,6.991511023783512,8.073379703775123
5,9,6,5,8,6,4,8,6,6,9,7,6,10,7,6.9,1.6401219466856727,7.032840232524944,6.173939578487025
4,7,4,7,9,8,10,9,10,4,4,8,8,10,9,8.0,2.1447610589527217,7.049538197271588,6.268824788863116
8,9,8,4,7,9,5,6,6,6,7,5,10,6,7,6.7,1.5524174696260025,7.025756635561609,7.38868624249202
9,8,10,5,5,7,4,7,8,9,7,8,8,4,10,7.2,1.8330302779823362,7.008912504489851,7.603712823248292
9,7,10,9,4,4,7,4,4,10,9,6,7,10,7,6.8,2.2271057451320084,7.017709329145612,7.725745858210211
8,4,5,8,9,7,4,9,4,8,5,5,10,5,10,6.7,2.2825424421026654,7.0187499948991645,6.785721385380799
4,6,7,10,10,6,4,8,8,5,9,6,10,6,5,6.7,1.8466185312619388,7.054525619351663,6.763481058592234
7,6,5,8,7,10,10,5,4,9,6,8,5,4,8,6.9,2.2561028345356955,7.015994851193829,6.884658418860646
6,9,10,6,5,6,5,10,9,5,9,4,4,6,9,6.7,2.193171219946131,7.0261504696668045,6.8867699835290415
5,4,7,4,10,5,4,5,6,9,5,8,5,7,7,6.1,1.5132745950421556,7.025903605992887,5.312246714143704
6,8,8,5,8,10,6,6,6,8,9,8,10,5,4,7.2,1.9899748742132397,7.019087913954356,6.872875043514457
8,10,8,6,8,9,7,7,10,7,10,5,5,6,4,7.0,2.0,7.019279172185766,8.07191335267036
9,8,8,4,6,6,5,8,6,9,5,5,8,8,8,6.8,1.469693845669907,7.023727730900939,7.050058843002036
5,4,7,6,9,4,9,5,8,4,7,9,10,10,7,7.3,2.193171219946131,7.032135301598217,6.286346347981909
6,7,7,7,10,7,5,4,4,7,9,6,7,5,7,6.1,1.5132745950421556,7.026911465278213,6.936080839326872
5,8,6,10,8,9,9,7,4,7,8,8,6,5,5,6.8,1.661324772583615,7.032743358386379,7.270658160167928
8,9,7,5,9,10,4,5,6,8,4,9,8,6,4,6.4,2.1071307505705477,7.0249856693266555,7.065468039363953
4,10,10,5,8,7,5,6,4,8,4,7,6,4,9,6.0,1.6733200530681511,7.023888174048428,6.915253525183214
10,5,10,10,7,6,6,8,10,5,10,9,7,4,10,7.5,2.1095023109728985,7.013759205142803,8.1872033091236
4,7,4,10,9,5,8,5,6,6,7,9,4,4,8,6.2,1.6613247725836149,7.039006202436018,6.9268716512544675
8,10,4,4,4,7,4,9,6,7,5,10,10,7,7,7.2,1.8867962264113207,7.002009262748054,6.864753521606738
10,5,9,5,8,9,9,4,10,8,8,9,4,4,4,6.9,2.4269322199023193,7.011970068984229,7.377713183140409
10,4,9,9,6,9,8,4,9,5,5,6,5,7,6,6.4,1.6852299546352716,7.011288704284428,7.171284305483304
8,9,10,4,4,5,7,5,9,10,7,4,9,10,7,7.3,2.0518284528683193,6.998352335870275,7.221669321576197
9,5,8,4,9,9,4,7,7,10,9,5,7,5,7,7.0,1.8439088914585775,7.015551833599036,7.14502646142331
4,9,8,9,6,8,6,5,5,10,4,8,4,8,8,6.6,1.9595917942265424,7.034180785992811,6.7070701086379
9,9,10,8,10,9,9,9,7,10,4,6,8,8,10,8.0,1.7888543819998317,7.029399360348367,8.534059271417972
9,8,6,8,4,5,7,6,9,8,5,4,8,5,4,6.1,1.7,7.022648510505786,7.733330272289598
10,8,6,7,9,7,9,10,4,8,6,4,6,6,4,6.4,2.0099751242241783,7.025439694079499,7.791365215640631
8,9,5,4,10,10,10,7,10,4,10,5,9,6,9,8.0,2.1908902300206643,7.046693787338053,7.569046412812658
4,5,5,10,8,8,6,8,5,5,9,5,4,6,8,6.4,1.624807680927192,7.037169035603699,5.9111552962726295
5,7,9,9,6,10,9,9,5,5,8,6,6,9,8,7.5,1.746424919657298,7.02556001893994,6.779479911842576
5,5,7,4,4,9,10,7,6,8,10,8,9,5,8,8.0,1.5491933384829668,7.01340404338148,5.39250807490225
9,9,8,10,7,9,4,5,5,6,7,6,4,9,5,6.0,1.7320508075688772,7.026727140944364,8.357994843166193
10,10,6,10,6,5,10,8,7,7,8,4,7,5,4,6.5,1.857417562100671,7.016887409473634,8.72500661062158
10,7,6,4,6,6,6,4,5,10,6,9,5,8,7,6.6,1.8000000000000003,7.011111105882838,6.810354358337006
6,7,7,6,5,10,10,4,7,8,6,10,9,5,10,7.9,2.1656407827707715,7.022335887884767,6.707992320443528
7,8,8,4,10,10,5,8,4,10,10,7,9,6,4,7.3,2.3259406699226015,7.040755002279849,7.115326446951043
6,5,4,6,7,9,9,8,8,5,6,4,5,10,6,7.0,1.9493588689617927,7.025658293309455,5.759816085185321
8,9,5,9,8,7,7,5,4,6,7,7,4,5,8,6.0,1.3416407864998738,7.023108500279703,7.773942607047724
10,10,9,7,6,10,9,10,6,7,9,9,8,9,4,8.1,1.8138357147217055,6.998438849090687,8.881509585180178
7,9,7,8,5,5,6,4,5,4,7,7,8,4,10,6.0,1.8973665961010275,7.020230654963849,7.235030203618326
7,8,5,10,6,9,7,5,8,9,6,4,10,7,10,7.5,1.9621416870348585,7.019841748618478,7.146246924237812
9,10,6,10,4,9,5,4,10,5,8,7,7,8,5,6.8,1.8867962264113207,7.001476006148245,8.062280824028747
10,8,5,10,7,10,4,5,4,9,8,6,4,7,9,6.6,2.2,7.035414878498361,8.17231512543117
6,10,5,8,4,7,9,7,5,10,5,5,10,9,9,7.6,1.9595917942265424,7.013910755018453,6.844396360251116
6,9,5,9,5,10,7,4,9,7,4,10,5,9,6,7.1,2.211334438749598,7.016327864251588,7.025476877884115
5,8,8,8,10,5,8,4,6,5,9,6,7,4,8,6.2,1.6613247725836149,7.031461386706151,6.868925608885173
7,5,6,9,8,7,6,5,4,9,8,5,8,9,10,7.1,1.9209372712298547,7.024426309523493,6.978727859686639
10,8,9,9,5,4,6,8,4,8,5,8,10,5,5,6.3,1.9519221295943134,7.006300478993292,8.41386000759444
8,9,7,7,8,4,7,9,8,6,5,7,5,7,7,6.5,1.4317821063276353,7.025064264342305,7.5844326049796615
10,9,5,5,10,6,7,6,4,5,6,9,10,5,10,6.8,2.0396078054371136,7.022458620540829,8.00549310815599
5,4,8,5,7,9,8,9,4,8,8,7,9,7,9,7.8,1.469693845669907,7.044996446383962,6.005011101735256
9,6,10,6,5,8,7,10,5,9,9,7,9,8,7,7.9,1.374772708486752,7.010190610696339,7.209517467187691
6,6,4,7,10,7,6,10,10,6,8,5,9,4,9,7.4,2.0099751242241783,7.042278282077769,6.617444424469469
7,4,4,6,8,4,10,8,5,5,5,6,8,4,5,6.0,1.8973665961010275,7.029398490955339,6.091223131378429
9,9,6,9,4,8,9,4,10,6,7,4,10,10,10,7.8,2.3151673805580453,7.020113079951441,8.214454685255697
7,9,10,6,8,9,4,4,7,5,9,10,7,4,9,6.8,2.2715633383201093,7.02696628774846,7.438197016181976
6,5,6,4,7,6,4,6,8,6,4,7,4,4,8,5.7,1.5524174696260025,7.0204573504199885,5.246632509653162
7,10,9,4,5,10,5,4,8,7,8,8,6,5,5,6.6,1.8,7.021373300753022,7.146977201103499
4,6,4,4,10,9,10,7,9,10,10,8,7,10,7,8.7,1.268857754044952,7.033814091291964,5.850454091269312
5,6,8,10,8,5,5,5,4,8,7,8,10,7,7,6.6,1.7435595774162693,7.033656953376273,6.812091749977006
10,7,10,9,4,9,7,7,6,6,9,4,5,10,10,7.3,2.0024984394500787,7.012247316275567,7.865651600444843
7,5,8,10,4,7,8,10,6,5,4,5,7,5,7,6.4,1.6852299546352716,7.031063117083835,6.898329281093014
5,9,5,4,9,9,6,6,7,8,6,8,7,9,7,7.3,1.1,7.036210124731508,6.294650003161111
5,9,10,10,4,9,10,6,8,7,10,6,10,9,7,8.2,1.5362291495737217,7.042696619322056,7.286497069906144
4,9,6,7,5,10,10,9,5,9,5,6,7,10,6,7.7,2.0024984394500787,7.0175033873694,6.322677446608656
5,6,6,6,8,4,9,6,6,10,5,9,5,7,6,6.7,1.9000000000000001,7.030726512248622,6.243756875981752
8,9,8,10,10,9,6,7,8,7,5,5,6,5,9,6.7,1.4866068747318506,7.01865188640937,8.042502411521044
4,9,5,7,4,7,6,7,7,6,10,8,10,5,4,7.0,1.8439088914585775,7.020825329154677,5.805136415337542
5,5,9,6,6,10,4,4,5,8,7,6,8,4,9,6.5,2.1095023109728985,7.024730534715732,5.665866259583655
4,6,5,6,8,5,10,5,10,6,9,7,8,9,8,7.7,1.7916472867168918,7.031941804533875,6.312825179446325
6,5,9,4,7,8,7,7,10,7,6,5,4,7,5,6.6,1.624807680927192,7.026501761818724,6.030717540818201
6,10,10,5,7,10,7,4,9,7,5,10,10,6,10,7.8,2.181742422927143,7.039357074683446,7.102182804980496
7,8,7,10,9,9,10,10,9,9,4,5,8,10,8,8.2,1.9899748742132397,7.034991218820953,7.899513153136473
5,5,6,6,6,8,6,7,10,7,7,6,8,9,7,7.5,1.2041594578792296,7.020932638849257,5.959131580293081
10,10,10,10,10,9,9,6,6,5,10,7,8,4,6,7.0,1.8439088914585775,7.02563508770061,9.80907401340679
10,9,10,7,7,9,5,4,6,5,9,7,10,10,5,7.0,2.1908902300206643,7.005033551170273,7.956115244732864
8,9,6,4,10,6,10,10,7,9,8,10,5,4,9,7.8,2.0880613017821097,7.0376587957916,7.148814609857371
8,4,7,8,8,7,9,7,9,8,5,4,10,8,5,7.2,1.8867962264113207,7.016757046086354,6.7519171739578
5,7,7,9,8,4,9,10,4,6,4,5,8,10,8,6.8,2.3579652245103193,7.038498785937774,6.678258619892414
10,7,8,9,10,10,6,5,4,6,9,7,9,5,6,6.7,1.9000000000000001,7.035159004385902,8.231977068446723
9,5,10,8,7,8,6,7,5,6,10,9,4,9,5,6.9,1.9209372712298547,7.021961321117428,7.411988790192004
7,8,8,8,6,6,9,6,9,5,8,9,4,9,5,7.0,1.8973665961010275,7.021220469676687,7.7633711520580055
10,7,10,9,7,9,4,10,4,5,6,9,8,4,10,6.9,2.4269322199023193,7.004152818102862,7.897429330307534
6,8,5,8,8,4,9,6,9,10,10,5,8,9,4,7.4,2.2891046284519194,7.024426075746357,6.986721820391919
6,10,7,8,7,4,5,6,9,7,6,4,10,9,10,7.0,2.23606797749979,7.026212586673782,7.529751109761491
4,9,10,7,5,4,8,6,7,8,7,8,6,4,7,6.5,1.4317821063276353,7.038684712728544,6.24243261738655
9,5,8,9,7,6,7,6,8,6,8,4,8,5,4,6.2,1.4696938456699067,7.023940557499205,7.66626375700505
9,8,6,10,5,10,10,10,9,9,6,6,5,6,4,7.5,2.202271554554524,7.026961478582765,7.777029252130927
8,6,9,9,8,4,10,8,7,6,5,10,9,4,4,6.7,2.3259406699226015,7.02772020361258,7.21916446492525
7,9,7,7,10,4,7,7,6,9,5,7,8,7,4,6.4,1.5620499351813308,7.034411081388908,7.920310031717187
7,4,10,6,6,5,6,7,4,10,8,8,10,6,6,7.0,1.8973665961010275,7.027599383006421,6.526831364676628
9,9,7,10,10,7,6,9,9,4,4,4,9,7,7,6.6,1.9595917942265426,7.021263784331732,8.357419457210108
4,7,4,7,5,6,7,4,5,4,9,10,5,6,8,6.4,1.9595917942265426,7.03713591663662,5.7451282270559565
5,8,7,10,9,10,7,7,9,4,4,5,7,10,9,7.2,2.181742422927143,7.037988821900846,7.369739621538932
6,8,9,5,7,10,6,4,10,7,8,9,5,4,4,6.7,2.325940669922601,7.023466254077981,6.305758478321412
8,7,5,8,5,6,4,9,7,7,7,8,8,4,10,7.0,1.8439088914585775,7.014001982614698,6.548817178800238
4,5,10,10,7,8,10,10,8,6,8,5,5,10,5,7.5,2.0124611797498106,7.054889966925559,6.661307396092032
6,5,9,10,6,4,7,6,4,7,6,10,6,6,5,6.1,1.6401219466856727,7.0279999948887255,6.241528995875183
4,8,8,10,6,5,5,6,9,6,5,6,5,5,5,5.7,1.1874342087037917,7.0300077285150735,6.898487721367516
10,8,5,6,7,10,10,9,7,6,4,5,9,4,10,7.4,2.3748684174075834,7.014268362468568,7.196752944330136
5,5,5,7,4,7,6,10,9,5,5,5,9,10,4,7.0,2.1908902300206643,7.033438232074398,5.722290927279641
9,10,8,10,6,7,6,7,10,5,7,4,8,10,8,7.2,1.8330302779823362,7.025505710619607,8.84550665379565
4,6,10,8,7,6,6,7,6,10,9,4,5,5,7,6.5,1.746424919657298,7.03142201297292,6.4616644643131735
10,5,10,5,7,5,7,6,6,9,9,4,5,10,9,7.0,2.0,7.019960661730617,6.328864476781854
10,4,4,6,7,4,8,9,4,7,7,4,6,8,4,6.1,1.8681541692269403,7.010504194316697,6.752198266303794
4,10,7,8,5,9,6,4,5,9,9,7,5,5,9,6.8,1.9390719429665317,7.020249994149792,6.564920403053771
10,5,5,7,7,8,10,6,7,5,7,9,6,4,5,6.7,1.7916472867168918,7.012220757547818,7.001630925566836
6,5,6,5,6,6,10,7,9,6,4,6,9,7,5,6.9,1.8138357147217055,7.02634044402585,5.559801653790364
6,8,6,7,6,10,10,5,8,7,10,8,8,9,9,8.4,1.4966629547095764,7.022607001158521,7.306826888667487
5,6,4,9,5,9,4,7,5,7,9,4,7,7,8,6.7,1.7349351572897473,7.029307562778333,6.014073850667255
4,5,7,9,9,7,8,8,6,9,10,4,8,7,8,7.5,1.5652475842498528,7.038480386406469,6.247131640483002
7,9,7,4,8,8,8,5,10,10,5,5,5,10,6,7.2,2.1354156504062622,7.028071212446248,7.309489045426889
5,7,5,4,8,8,6,7,10,9,10,4,6,5,5,7.0,2.04939015319192,7.026736837174218,6.068746546257757
4,9,5,10,8,7,8,4,6,8,8,9,9,6,6,7.1,1.5132745950421556,7.036936929892957,6.658077679361207
9,8,9,4,7,6,6,5,10,10,8,10,8,5,10,7.8,2.039607805437114,7.019104263807483,7.552481130391458
5,6,6,4,5,8,6,4,10,9,9,8,4,9,10,7.7,2.147091055358389,7.028848915806582,5.604162156071259
5,4,5,7,4,4,5,7,8,5,5,4,8,5,6,5.7,1.4177446878757827,7.040473926975852,4.768116488577613
7,5,4,5,4,5,6,7,6,6,4,5,7,5,10,6.1,1.57797338380595,7.01168708104459,5.69346073950465
5,7,10,7,5,10,6,9,6,5,7,9,7,4,6,6.9,1.8138357147217055,7.026959454711511,6.488396398034993
4,6,7,7,9,6,10,4,10,5,6,5,7,9,9,7.1,2.118962010041709,7.030148363780327,6.6983438819957035
6,5,10,4,9,9,10,8,4,9,6,4,7,7,10,7.4,2.1071307505705477,7.0228215694784,6.708226326289036
5,8,10,7,8,7,7,8,5,5,9,8,10,5,10,7.4,1.8547236990991407,7.029634295693792,7.124272100780776
7,7,8,10,8,10,7,5,4,9,5,4,6,4,4,5.8,2.08806130178211,7.025571721920182,7.345025984674697
5,9,9,8,5,7,7,9,7,4,8,7,7,4,6,6.6,1.4966629547095764,7.029881261853636,6.405485519130325
9,5,5,7,9,6,5,9,6,7,8,5,9,8,8,7.1,1.445683229480096,7.016212706215166,7.25411122542286
9,7,8,7,9,7,4,4,4,6,4,9,7,6,9,6.0,1.8973665961010275,7.027611570854523,7.539416525309171
9,10,8,7,4,4,9,8,7,7,9,5,7,8,7,7.1,1.5132745950421556,7.011064886014088,7.723032607523018
4,8,7,7,5,5,7,10,7,5,10,10,7,9,6,7.6,1.9078784028338915,7.033333329213043,6.251650358541353
9,6,10,8,6,10,9,7,4,4,6,10,7,8,10,7.5,2.202271554554524,7.016519541603699,8.003930056992067
6,8,7,8,6,7,4,5,6,5,8,7,8,5,7,6.2,1.32664991614216,7.023436882806363,7.156001056831579
9,10,10,9,9,10,9,9,10,8,9,9,4,9,4,8.1,2.118962010041709,7.021538453228947,9.300601135426536
7,4,8,10,9,6,4,4,5,4,4,5,4,9,10,5.5,2.1095023109728985,7.036410692807239,6.561787189601775
8,10,9,10,7,4,6,4,4,6,10,5,9,10,4,6.2,2.4,7.026958713540895,8.656258652363451
4,4,9,10,7,9,8,9,5,5,10,4,6,5,6,6.7,2.0024984394500787,7.026964924997623,6.033695867919955
5,8,8,6,7,10,10,8,6,10,10,10,7,10,10,9.1,1.445683229480096,7.028736651677606,7.0807112449970235
10,6,9,10,6,6,5,6,6,7,7,4,5,10,4,6.0,1.6733200530681511,7.016258735125648,8.024021428282664
4,8,10,6,4,10,10,7,10,10,6,7,8,6,4,7.8,2.039607805437114,7.035091488659752,6.284539558765159
7,6,9,9,9,6,8,7,5,10,9,5,5,10,7,7.2,1.8867962264113207,7.032782208077094,7.4908527780753715
10,8,6,7,6,5,8,10,7,5,10,9,4,7,7,7.2,1.9899748742132397,7.013287082703689,7.270364917659807
8,4,8,9,10,6,10,5,4,10,9,8,7,8,8,7.5,1.91049731745428,7.041203697184071,7.346280999375832
4,10,9,5,8,8,6,10,8,5,5,4,4,9,8,6.7,2.0518284528683193,7.028955525306148,6.6449991407121916
8,7,6,4,10,8,6,10,8,8,10,8,7,7,6,7.8,1.3266499161421599,7.029039628788842,7.6042249104945485
4,7,7,10,6,6,5,6,9,5,10,8,6,9,6,7.0,1.7320508075688772,7.03129495897029,6.522188186437326
10,10,9,6,8,6,5,10,10,5,4,5,5,7,6,6.3,2.0024984394500787,7.01303554511118,8.116872777097786
9,5,6,7,9,5,6,6,7,6,9,5,6,4,4,5.8,1.4000000000000001,7.018457138846584,6.979719601344018
6,4,10,5,8,7,9,10,10,5,7,4,9,5,6,7.2,2.0880613017821097,7.037318834205328,6.009498374928075
10,4,4,5,8,5,8,5,6,8,10,9,7,9,5,7.2,1.7776388834631176,7.014745964046166,6.237131700560397
7,9,8,6,4,10,7,5,4,4,6,10,10,9,4,6.9,2.5079872407968904,7.028423611059997,7.01402994020057
6,7,6,8,6,8,8,10,10,5,10,7,8,5,7,7.8,1.7776388834631178,7.013837707952237,6.733732868754601
7,7,7,8,7,10,10,4,5,7,6,10,9,9,10,8.0,2.1908902300206643,7.024911282106136,7.4399949865588795
4,10,7,6,9,6,8,9,7,10,10,10,6,8,5,7.9,1.7578395831246945,7.033476758146749,7.312784805650748
6,9,6,8,6,10,5,7,7,7,9,7,10,6,6,7.4,1.624807680927192,7.019088835071028,7.552046877933086
8,8,7,4,9,8,6,9,5,8,6,7,6,4,8,6.7,1.4866068747318506,7.028667890099039,7.139533928639413
7,7,10,8,8,10,10,9,6,6,9,5,7,7,5,7.4,1.8547236990991407,7.027296447271766,7.6915135908648695
9,6,6,7,5,5,4,9,8,7,5,5,9,10,8,7.0,2.0,7.016748282557913,6.971227188713407
5,6,5,10,6,5,10,4,8,10,4,6,7,5,10,6.9,2.3430749027719964,7.030747121385957,5.739595566662146
8,7,4,7,6,8,4,7,7,5,10,7,5,10,10,7.3,2.1,7.0218944063033675,7.100093569061843
10,6,7,10,10,6,5,9,4,9,10,10,7,7,7,7.4,1.9595917942265426,7.041503260303372,8.400549570159948
10,9,6,5,5,10,5,8,5,4,5,7,6,4,9,6.3,2.0024984394500787,6.995032045677059,7.484439276817189
6,6,9,5,6,6,4,4,10,7,10,9,5,10,9,7.4,2.3748684174075834,7.026979932931896,6.16446167250176
6,9,9,7,9,7,7,10,7,6,9,9,4,8,5,7.2,1.7776388834631176,7.027919071082127,7.3317725151726725
4,5,7,4,6,7,9,9,4,5,8,8,7,8,8,7.3,1.5524174696260025,7.028522624228417,5.25180782581208
6,7,9,10,10,10,5,5,10,7,9,4,7,6,8,7.1,2.0223748416156684,7.039388640140272,7.755331960894892
6,10,8,7,4,10,4,9,9,5,6,9,6,8,5,7.1,2.0223748416156684,7.020830239421182,6.576846771907963
7,5,9,9,7,4,5,8,10,9,6,10,8,9,7,7.6,1.9595917942265424,7.014136982458007,7.143274669744877
6,6,8,8,9,6,8,4,4,9,9,4,7,5,4,6.0,2.0,7.031665104288275,7.173706449055553
8,4,8,4,8,9,9,7,4,7,4,5,8,4,8,6.5,1.9621416870348585,7.019172627669713,6.195017590465726
9,9,4,7,9,4,5,10,9,8,7,4,9,4,7,6.7,2.193171219946131,7.016891350502069,7.151295814671985
7,6,4,10,9,5,6,4,10,7,6,4,8,9,9,6.8,2.039607805437114,7.02782533644878,6.972237467237317
5,6,7,9,4,7,8,5,6,7,10,4,9,4,6,6.6,1.9078784028338913,7.033356253759729,6.219983362749734
10,8,10,5,7,8,8,7,7,8,7,8,6,7,8,7.4,0.66332495807108,7.008013634264268,8.071256387517423
6,10,4,5,4,7,4,9,4,5,8,5,8,9,7,6.6,1.8547236990991407,7.024594248408745,6.3371780815610155
9,8,6,4,7,8,4,7,9,4,7,8,8,4,6,6.5,1.8027756377319946,7.017436841024375,7.469782359375075
9,9,6,9,7,8,6,7,6,4,5,5,4,10,5,6.0,1.7888543819998317,7.022771148766172,7.8969161297838655
4,6,9,9,7,4,8,6,5,8,5,7,4,4,8,5.9,1.6401219466856725,7.035590773029112,6.352755470935563
8,8,10,9,4,10,7,6,7,10,7,9,6,6,7,7.5,1.5,7.019247587909672,7.608683622583436
6,9,5,6,10,5,9,5,7,5,6,6,5,6,4,5.8,1.32664991614216,7.035576917873094,7.091527953554047
8,9,7,5,9,6,7,8,5,9,10,5,10,10,6,7.6,1.9595917942265426,7.024297990243954,7.967504838673397
10,4,5,10,9,6,8,8,9,7,4,7,9,5,6,6.9,1.57797338380595,7.040265476341796,7.3510838176558195
4,5,4,4,5,7,10,6,6,7,7,10,10,8,9,8.0,1.5491933384829668,7.023342531735716,4.946546947504248
5,4,10,8,5,9,10,4,10,8,4,7,9,9,4,7.4,2.3748684174075834,7.032994916717773,5.511692655194473
9,6,7,4,4,5,8,8,8,9,6,9,6,9,7,7.5,1.3601470508735443,7.008182595169524,6.348249884637102
7,8,7,5,7,9,7,6,8,6,4,8,9,9,9,7.5,1.6278820596099706,7.020742901911211,7.386973979345019
4,7,6,9,5,9,9,6,10,7,10,6,5,10,6,7.8,1.8867962264113207,7.029379305496979,6.202822685016671
7,4,10,9,5,8,9,6,10,7,10,9,10,4,5,7.8,2.0880613017821097,7.038348075675172,6.874260592677206
4,8,6,8,6,8,7,5,6,5,9,9,4,5,10,6.8,1.9899748742132397,7.036789293736464,6.0901843414768075
7,5,7,6,6,5,9,6,6,8,10,10,6,5,4,6.9,2.071231517720798,7.023113003401659,6.3445487267090614
6,9,4,5,7,6,10,10,9,9,8,8,5,6,6,7.7,1.7349351572897473,7.021369289750092,6.5256883088547255
7,8,6,10,6,8,6,5,4,9,5,6,5,9,7,6.4,1.6852299546352716,7.015467235759684,7.379244675163453
6,10,7,8,4,10,9,10,9,7,6,6,4,9,5,7.5,2.0615528128088303,7.023746307504609,7.199268000367693
10,9,5,10,4,4,6,6,8,4,6,7,10,8,5,6.4,1.8,6.980540531107375,8.279862988723048
7,9,9,9,6,10,8,9,9,5,7,5,4,10,5,7.2,2.181742422927143,7.035011308238117,7.764789058528396
5,7,7,9,7,5,8,7,5,4,8,7,7,6,9,6.6,1.4966629547095764,7.030056440719633,6.458092793306415
5,5,8,10,10,10,4,9,8,8,4,7,5,4,8,6.7,2.1470910553583886,7.0424083695891015,6.640712016123646
8,4,10,5,5,9,10,4,7,10,10,10,6,10,6,8.2,2.1354156504062622,7.018626423497791,6.0570139781476255
10,5,8,9,9,5,5,10,7,9,5,6,7,10,7,7.1,1.8681541692269403,7.031859877371259,7.904536125546977
7,9,6,8,5,7,4,9,10,9,5,9,8,6,5,7.2,1.98997487421324,7.0164179069570025,7.1654307554537
10,9,8,9,4,10,9,6,10,10,5,8,6,8,6,7.8,1.8330302779823362,7.013704064534558,8.657362914241661
5,4,5,8,7,4,10,4,6,6,8,10,9,10,7,7.4,2.244994432064365,7.038633188954927,5.506472863439181
9,9,6,10,4,6,5,5,5,4,9,8,9,4,9,6.4,2.009975124224178,7.024260348102305,7.586310089405107
9,8,7,10,8,9,10,5,6,5,9,6,10,8,7,7.5,1.857417562100671,7.024393275031488,8.061564668558232
4,6,9,8,10,6,4,5,10,10,5,9,9,9,10,7.7,2.2825424421026654,7.040703964764705,6.629512647707707
5,7,10,8,7,9,5,6,8,6,4,5,6,5,10,6.4,1.8547236990991407,7.035440725206421,6.453797566383646
9,5,6,10,6,4,10,7,7,7,5,6,5,10,8,6.9,1.9209372712298547,7.0186226233179045,7.170254708163797
5,7,9,8,5,10,6,10,10,4,9,7,6,6,7,7.5,2.0124611797498106,7.0227401892991805,6.630190278677611
4,7,6,10,5,10,4,5,5,10,10,9,6,7,10,7.6,2.3323807579381204,7.025938276041754,6.386873185479622
6,7,6,5,7,10,8,4,5,4,4,9,4,7,9,6.4,2.33238075793812,7.022947998700924,6.4628707233545555
4,5,8,9,5,10,7,9,7,9,9,6,7,6,10,8.0,1.4832396974191326,7.040197687775782,6.120419078999945
7,10,9,5,4,9,5,9,5,5,5,5,7,8,7,6.5,1.6278820596099706,7.018857136172516,7.031159742814346
10,4,8,10,6,10,8,7,10,5,4,9,8,4,5,7.0,2.23606797749979,7.025720376706808,7.775767318365569
10,9,10,7,7,8,4,7,10,5,7,7,5,8,9,7.0,1.7888543819998317,7.005033551170274,8.360246423854763
6,10,4,4,5,6,6,9,5,6,9,4,9,8,10,7.2,1.9390719429665317,7.019873408835603,6.030087461230783
8,9,8,10,8,9,7,7,10,5,7,4,9,10,4,7.2,2.181742422927143,7.023727730900939,7.952723872343386
5,8,6,5,6,5,7,10,6,9,6,8,5,8,6,7.0,1.61245154965971,7.021387878290322,5.85345420948192
10,5,10,10,8,6,6,8,10,5,9,10,9,4,4,7.1,2.2561028345356955,7.01818180919567,7.798420844971568
6,10,6,6,5,6,5,5,7,7,10,8,7,10,9,7.4,1.7435595774162693,7.02289836447748,7.373536527852863
7,8,10,6,9,9,10,8,4,6,5,4,10,9,4,6.9,2.4269322199023193,7.03033707426321,7.147125454190239
7,10,9,8,8,8,6,9,8,10,4,5,7,8,9,7.4,1.8,7.024954011633996,8.010830622077574
6,6,10,5,7,4,7,7,4,6,4,9,10,5,9,6.5,2.1563858652847827,7.026629068279052,6.382253883680808
10,7,6,8,6,10,7,5,8,7,6,4,8,9,5,6.9,1.8138357147217055,7.009424916395405,7.550572235725449
8,10,8,6,4,8,6,4,8,9,5,8,4,9,8,6.9,1.8681541692269403,7.013467486831675,7.197328941447717
7,9,8,8,4,5,4,6,6,7,8,5,8,4,7,6.0,1.4142135623730951,7.023878783621892,7.244283806971419
10,10,10,9,5,5,8,5,4,7,5,4,6,5,7,5.6,1.2806248474865698,7.003337959661559,8.095150695764417
4,9,4,8,7,10,9,9,5,5,4,8,9,8,9,7.6,2.0099751242241783,7.025063715356788,6.2243036169151225
4,5,6,9,4,5,7,7,10,9,9,4,5,5,10,7.1,2.1656407827707715,7.034915917868527,5.938923549783546
4,5,7,4,4,8,4,6,7,7,5,10,4,6,7,6.4,1.7435595774162693,7.032242415718493,4.650071747808507
7,5,9,9,4,4,6,9,5,8,7,7,6,8,9,6.9,1.57797338380595,7.019682534111364,7.0314716170064875
7,4,10,6,9,4,5,4,6,7,9,7,4,9,10,6.5,2.1563858652847827,7.040366166486164,6.914932996886739
10,8,6,4,5,5,6,5,6,5,10,4,8,9,6,6.4,1.8547236990991407,7.008957788967304,7.36840153936822
9,8,6,9,7,4,7,7,5,7,8,6,5,6,6,6.1,1.1357816691600546,7.020378671140816,7.920200631338802
5,6,7,10,4,10,4,7,9,6,8,10,8,9,7,7.8,1.7776388834631178,7.024709778586475,6.137519535057277
7,6,6,10,4,7,5,5,5,7,6,4,9,10,9,6.7,1.9519221295943134,7.005787540655099,6.323140572969612
7,7,4,7,9,9,5,4,8,7,8,5,6,10,10,7.2,2.0396078054371136,7.024122306328356,6.5493087389023135
4,5,6,5,9,5,4,10,5,9,6,6,7,7,9,6.8,1.8867962264113207,7.023684204750256,5.288750087989644
10,9,8,8,8,6,9,6,4,5,7,4,10,5,7,6.3,1.9000000000000001,7.017819838761208,7.975864441345639
4,7,9,5,10,10,9,10,4,8,10,8,7,4,10,8.0,2.23606797749979,7.023395846966044,6.318394690225095
5,5,5,10,8,5,10,5,4,8,4,8,8,9,9,7.0,2.1447610589527217,7.041611289832548,6.537233353907514
5,10,10,7,10,5,7,6,4,8,4,7,7,6,10,6.4,1.7435595774162693,7.037668703021266,7.687441248575668
8,5,10,4,10,6,8,9,10,6,9,10,9,8,5,8.0,1.6733200530681511,7.032950182588825,7.141906476072102
6,6,6,10,8,9,8,6,4,6,7,6,5,8,9,6.8,1.6,7.027582223296257,6.837682072998799
5,9,9,9,8,7,8,8,9,10,6,4,10,7,9,7.8,1.7776388834631178,7.036099860299527,7.51585242437793
7,4,4,6,6,5,5,4,4,6,5,7,9,4,4,5.3,1.5524174696260025,7.026047898932599,5.59394982017933
10,9,10,9,6,4,9,7,5,10,7,9,7,6,10,7.4,1.9595917942265424,7.004674789629396,8.49394295936311
5,7,10,7,7,9,10,10,4,5,10,6,6,9,8,7.7,2.147091055358389,7.032926825184137,7.043626119426804
7,6,4,6,7,4,5,5,5,9,4,10,10,9,5,6.6,2.4166091947189146,7.022355389774697,5.8416197650905035
6,7,8,9,4,10,7,7,4,5,9,8,8,8,7,7.3,1.676305461424021,7.015088572379296,6.617728600472541
8,5,6,5,10,9,8,5,5,8,6,8,6,4,4,6.3,1.7349351572897473,7.026957826033916,6.328193256816018
6,9,8,9,10,5,9,7,9,5,5,9,7,5,10,7.1,1.9209372712298547,7.025462615081078,7.88462656438563
7,9,9,7,6,10,7,5,10,4,6,5,6,8,10,7.1,2.1656407827707715,7.025486377905892,7.107931450050443
7,8,9,7,10,5,4,7,4,6,7,4,4,4,9,5.4,1.6852299546352716,7.0278375107360604,7.147860603856229
10,9,8,5,8,7,4,10,10,4,6,4,10,4,8,6.7,2.5317977802344322,7.014703725665908,7.985240064766974
4,4,4,9,10,7,8,9,6,8,9,5,7,4,8,7.1,1.57797338380595,7.011743759765581,5.669479276658176
6,10,6,6,10,8,4,4,6,8,8,10,5,10,9,7.2,2.181742422927143,7.036075943800574,7.532271341345211
9,8,6,5,10,5,10,8,5,8,7,6,5,8,5,6.7,1.676305461424021,7.016400575459798,7.675677462522093
10,4,8,4,10,9,6,7,4,4,5,8,9,6,7,6.5,1.746424919657298,6.998456779323369,6.803137966965843
10,6,8,7,5,7,10,7,4,6,10,4,5,7,6,6.6,2.009975124224178,7.000238801790904,7.321417988402371
6,10,6,5,10,7,4,4,4,7,6,6,5,7,5,5.5,1.2041594578792296,7.048235287739155,7.482039268169131
5,7,6,9,6,9,5,5,5,4,9,10,5,6,5,6.3,2.0518284528683193,7.026141491707908,6.611734064613964
4,8,8,4,10,4,8,10,9,8,8,9,7,10,10,8.3,1.7349351572897471,7.028280535035883,6.63320111358689
8,5,8,8,4,6,4,9,8,4,4,7,8,5,4,5.9,1.8681541692269403,7.014294666448718,6.930267421003235
10,7,8,9,8,8,10,4,7,7,5,7,8,9,7,7.2,1.6613247725836149,7.03023398581882,7.957528066151334
7,4,7,4,5,9,5,10,6,4,4,8,5,5,5,6.1,2.022374841615669,7.025230505427298,5.829101175249946
4,5,5,4,9,4,7,4,4,4,10,10,7,6,8,6.4,2.2891046284519194,7.041826373120827,5.286538824614331
6,4,8,9,9,6,6,4,6,4,4,8,5,4,10,5.7,1.9,7.040905765492401,6.826329491129512
8,6,9,5,6,6,8,9,9,9,6,5,7,5,8,7.2,1.5362291495737217,7.0207764915945585,6.6736934257968334
10,8,6,4,6,5,9,5,8,8,9,10,6,4,7,7.1,1.9209372712298547,7.015478921827219,7.56785042101388
5,4,7,8,8,7,9,10,7,5,8,10,8,9,8,8.1,1.445683229480096,7.028912629145873,5.8085867032191825
6,9,4,7,4,4,8,8,10,5,6,7,5,5,5,6.3,1.7916472867168916,7.013098230887406,6.262099516521042
8,4,7,9,6,7,9,5,6,9,8,6,10,9,8,7.7,1.5524174696260022,7.021715652656437,6.946614566960681
5,4,5,8,6,8,5,5,7,4,6,7,7,6,9,6.4,1.42828568570857,7.03411078204511,5.7544962246718825
10,6,4,9,6,10,6,8,10,4,9,5,4,4,5,6.5,2.3769728648009427,7.012641667818096,6.7334618641539326
4,4,5,6,4,4,9,9,9,7,7,9,5,5,6,7.0,1.8439088914585775,7.037163805578037,4.598238689968377
5,7,10,5,5,6,9,10,4,4,5,10,4,8,7,6.7,2.3259406699226015,7.021961096416563,5.868898340825498
4,8,8,9,8,4,4,6,8,4,7,4,5,8,4,5.4,1.624807680927192,7.042782490501122,6.396983625686562
5,9,4,6,10,10,8,4,7,7,8,9,6,6,5,7.0,1.7320508075688772,7.028980884257986,6.4772251403325205
10,5,5,9,4,9,6,8,6,5,4,6,8,8,5,6.5,1.5652475842498528,7.0011840613550245,7.037979372114507
7,5,7,7,8,10,5,10,7,7,7,10,4,8,7,7.5,1.9621416870348585,7.026379092896567,7.047274832416856
4,10,10,7,10,8,5,4,5,8,9,10,9,7,9,7.4,1.9595917942265426,7.039675505841191,7.320184878846314
4,8,4,5,7,5,10,9,6,4,8,10,7,5,4,6.8,2.227105745132009,7.028894466474962,6.096541415083771
4,10,6,4,7,7,5,9,10,8,10,6,6,10,9,8.0,1.7888543819998317,7.019133184969204,6.382727712260357
8,10,8,7,10,8,4,8,9,5,10,10,10,10,4,7.8,2.4,7.0245546033891895,8.197684899954856
5,10,5,8,8,6,9,5,9,7,7,7,6,8,4,6.8,1.5362291495737217,7.020273179712243,7.3055014123798765
7,5,8,5,8,10,6,5,5,7,4,7,5,5,10,6.4,2.009975124224178,7.02984771216759,6.271962925785429
10,4,6,10,9,8,10,8,10,8,7,9,4,8,6,7.8,1.7204650534085253,7.028877670833697,7.539910239514657
4,9,8,6,6,8,7,4,8,10,4,6,5,10,4,6.6,2.244994432064365,7.030404100686077,6.6607929887891695
8,8,5,8,7,9,8,10,7,9,9,7,7,7,9,8.2,1.0770329614269007,7.017054941970524,7.517426666532731
8,7,8,5,7,4,7,5,9,9,9,6,4,4,7,6.4,2.0099751242241783,7.020827940051388,7.30831518132007
4,7,10,5,9,9,10,9,7,4,7,7,7,7,7,7.4,1.5620499351813308,7.026315782496214,6.344490524896832
7,10,10,10,8,8,8,9,9,10,10,8,4,6,4,7.6,2.1071307505705477,7.020266113592359,8.10280270192011
10,8,9,5,6,10,9,8,4,6,7,5,8,8,6,7.1,1.7578395831246947,7.001816855376587,7.484838823323719
8,10,10,4,10,7,7,5,7,6,9,7,9,10,10,7.7,1.6155494421403513,7.0342465646358505,7.858258604689115
5,7,7,10,4,9,6,8,8,8,4,8,6,5,10,7.2,1.7776388834631178,7.033995228725976,6.568905778686367
8,5,4,8,5,7,8,4,10,10,9,4,6,5,8,7.1,2.1656407827707715,7.020865857330826,6.2091949287876185
10,7,5,10,9,8,4,6,4,4,5,6,5,6,8,5.6,1.42828568570857,7.023379167953459,7.606520143668452
6,5,6,5,6,7,9,7,10,6,7,4,8,9,9,7.6,1.6852299546352716,7.0259760504810105,5.776301334106136
9,7,8,6,9,10,9,8,7,9,9,6,4,6,7,7.5,1.746424919657298,7.02569832045419,7.661832598032888
6,7,6,9,10,8,8,6,5,6,5,10,6,5,5,6.4,1.624807680927192,7.038659143459485,7.183617582488342
9,4,7,10,4,9,10,9,5,5,4,5,9,5,8,6.9,2.1656407827707715,7.020512812330405,6.923539037478029
7,10,6,10,9,4,5,9,9,7,9,4,9,8,6,7.0,2.0,7.029999993939654,8.39304818315696
4,6,9,7,10,8,10,8,4,4,7,9,7,4,9,7.0,2.1447610589527217,7.020567980188838,6.459144911995786
9,6,4,4,10,4,4,6,8,7,7,5,10,6,4,6.1,1.8681541692269403,7.0328644411344445,6.0773280380474075
9,6,5,7,7,4,6,9,7,4,10,5,7,8,10,7.0,2.1447610589527217,7.020667954007417,7.056425015285881
6,5,4,10,8,6,7,8,5,9,6,9,10,4,9,7.3,1.9000000000000001,7.025711737521607,6.553136096567333
8,10,6,5,5,4,10,8,7,5,8,5,9,5,9,7.0,2.0,7.023290593288259,7.334974167018052
7,4,9,5,10,5,6,8,6,7,7,4,4,4,10,6.1,1.8681541692269403,7.02161615452362,6.092827988770575
9,8,9,4,10,7,5,9,10,5,8,7,9,9,9,7.8,1.661324772583615,7.021920660728685,8.053391961075338
4,9,6,5,10,4,9,9,7,5,10,10,5,6,6,7.1,2.118962010041709,7.043145582313341,6.527940321188416
6,9,5,7,6,8,7,6,6,7,5,8,8,8,6,6.9,1.0440306508910548,7.016559561534075,6.817527252629278
6,9,8,9,6,5,8,7,8,10,4,5,4,5,9,6.5,2.0615528128088303,7.026639129051811,7.507872210635541
5,8,9,10,9,7,9,6,6,9,5,8,4,7,8,6.9,1.57797338380595,7.036279455356668,7.747807522809961
6,6,7,9,6,6,8,9,9,10,10,4,6,5,7,7.4,2.009975124224178,7.026028619398017,6.9763135535884055
10,4,8,4,8,9,7,6,5,10,9,4,7,6,7,7.0,1.7888543819998317,7.02285091727655,6.225338427849401
10,9,7,6,6,10,10,5,4,10,5,10,9,8,5,7.6,2.4166091947189146,7.005517664596705,7.513830071663454
6,9,8,10,6,5,7,10,5,6,9,7,7,8,9,7.3,1.6155494421403513,7.019686515975119,7.455262485097477
4,6,9,10,7,6,9,5,8,6,8,9,4,9,5,6.9,1.8138357147217055,7.036540152659718,6.298924492705942
10,4,6,6,5,8,4,5,8,8,9,10,8,8,7,7.5,1.6881943016134133,7.020397573880385,6.517782349722078
8,4,5,10,7,10,8,9,7,7,4,5,7,6,7,7.0,1.6733200530681511,7.025757569843639,6.804816265387541
8,4,6,10,4,6,10,4,6,4,4,4,6,6,4,5.4,1.8,7.028101795304241,6.253903688541649
6,8,6,7,10,10,4,10,5,10,10,10,4,8,5,7.6,2.615339366124404,7.0300326403536335,7.104715917816104
9,6,7,9,10,5,5,8,5,5,6,9,6,4,4,5.7,1.5524174696260025,7.031869683405191,7.968900125687634
8,8,10,10,4,10,7,9,8,6,4,8,5,8,6,7.1,1.7578395831246947,7.022970077966915,8.273435241689441
7,7,10,5,5,9,7,10,6,10,9,4,10,4,8,7.7,2.238302928559939,7.0138926127423575,6.887106482135293
9,9,5,10,10,6,4,5,5,7,8,4,7,5,7,5.8,1.32664991614216,7.02218267257155,8.53852716415172
9,6,10,5,7,7,4,4,4,8,10,7,7,8,5,6.4,1.9595917942265424,7.01358380996128,7.01297811520128
10,10,6,9,10,6,10,5,8,10,10,7,7,4,4,7.1,2.2561028345356955,7.016884807569523,8.59684357776855
8,4,5,8,9,7,7,9,10,4,4,5,7,10,7,7.0,2.0976176963403033,7.018531971643509,6.6772746867785235
7,4,8,4,5,8,5,6,6,6,10,9,4,10,6,7.0,2.0,7.01925086496581,5.672860753797851
9,10,7,9,4,8,10,10,4,4,6,4,5,5,6,6.2,2.227105745132009,7.0177713669377795,8.038448119165034
8,5,5,9,10,10,8,4,7,10,6,9,4,6,6,7.0,2.0976176963403033,7.033931478765146,7.150427816739101
8,10,10,8,4,8,7,4,6,6,10,4,6,6,6,6.3,1.676305461424021,7.010721860922804,8.189030092400273
9,9,6,9,5,5,5,7,8,10,10,4,8,8,10,7.5,2.1095023109728985,7.031120048939556,7.900977222562726
4,8,9,4,9,5,7,8,10,8,6,4,7,10,4,6.9,2.071231517720798,7.034706480911734,6.106413872848802
8,7,8,8,8,5,8,8,9,4,5,10,9,9,6,7.3,2.0024984394500787,7.024555859840288,7.427881610899756
9,6,8,5,5,9,9,6,8,8,7,9,4,8,5,7.3,1.676305461424021,7.01134203859184,6.713235736531767
4,6,4,5,10,10,4,7,9,6,7,4,6,5,6,6.4,1.854723699099141,7.02794485334844,5.7514353320565474
5,7,8,10,5,6,5,8,8,6,10,6,7,10,8,7.4,1.624807680927192,7.028522331939156,6.8038974207267655
9,9,4,10,4,5,9,9,6,6,9,7,7,7,4,6.9,1.6401219466856725,7.003983506862662,7.682760758423744
8,8,7,6,4,5,4,6,7,7,9,9,10,7,8,7.2,1.7776388834631178,7.013793099727437,7.046414382681939
8,4,8,5,4,9,5,4,5,9,7,6,8,9,5,6.7,1.8466185312619385,7.003800898639095,6.1476534160474055
5,4,6,7,9,6,9,7,10,7,7,7,9,10,8,8.0,1.3416407864998738,7.035994489307642,6.34919123655187
9,9,5,10,8,8,5,9,10,10,7,8,9,6,8,8.0,1.5491933384829668,7.0186454790814015,8.407462297755062
9,6,9,4,5,8,10,5,8,6,7,4,5,6,5,6.4,1.7435595774162693,7.015720158834796,6.433765310434677
10,4,10,4,4,9,7,8,9,8,10,6,7,4,4,7.2,1.9390719429665317,7.0056433250436925,6.511750434579964
7,7,8,5,6,8,9,10,7,7,6,9,4,6,5,7.1,1.8138357147217055,7.023063680282677,6.503633170369543
6,6,4,7,5,7,4,6,8,5,6,8,4,4,5,5.7,1.4866068747318506,7.018253963969315,5.5996370088315635
4,10,7,7,9,8,7,10,10,4,9,7,7,10,6,7.8,1.8867962264113207,7.0315745334743935,7.336723194052051
9,5,10,5,5,6,4,7,6,8,8,8,8,7,8,7.0,1.2649110640673518,7.016540636090224,6.800474123927867
4,8,5,9,8,7,10,4,4,8,8,8,4,6,4,6.3,2.1,7.036948657240094,6.486472233074957
4,8,6,10,8,8,6,6,5,10,7,10,8,7,5,7.2,1.7204650534085253,7.0339858989553745,6.929234914096547
5,4,10,5,10,7,8,5,7,4,6,10,5,4,8,6.4,1.8547236990991407,7.016837471424834,6.070378174698396
9,6,9,5,5,6,10,5,6,9,9,5,5,7,6,6.8,1.7776388834631178,7.007796605418444,6.959007351935639
5,7,6,10,5,9,10,9,6,9,10,4,9,9,8,8.3,1.7916472867168918,7.0192411876563385,7.358377833783166
5,10,9,9,5,4,7,5,10,9,10,7,7,4,10,7.3,2.2825424421026654,7.035945939607252,7.501772806069265
4,7,9,4,7,5,8,7,8,5,5,4,10,6,10,6.8,2.039607805437114,7.020826300994244,5.638898822214077
5,6,8,8,5,9,4,10,8,10,4,5,7,9,9,7.5,2.247220505424423,7.021946056572214,6.392835402826384
9,4,6,10,7,6,5,9,9,7,8,8,8,4,8,7.2,1.6,7.022873652334536,7.227578730745918
5,6,6,9,7,8,4,7,5,9,6,9,8,8,10,7.4,1.8,7.032097507855714,6.124383148914974
6,9,4,9,4,9,9,10,8,4,4,4,6,5,8,6.7,2.238302928559939,7.005588228425893,6.097325031458336
4,10,10,6,9,7,9,9,8,8,8,9,10,8,9,8.5,0.806225774829855,7.039263015197887,7.422078440676084
10,4,10,7,6,5,7,4,10,7,8,7,8,7,6,6.9,1.57797338380595,7.009680843606728,7.186580813074858
9,9,8,9,6,7,4,4,10,7,9,9,9,7,9,7.5,2.0124611797498106,7.031238985888879,7.888711402359438
7,9,8,6,4,5,7,4,10,9,6,9,4,5,7,6.6,2.0591260281974,7.028606203877904,6.753256607433595
5,5,4,10,9,9,6,10,4,10,10,6,8,4,8,7.5,2.247220505424423,7.026399991969828,6.349127188044022
5,10,5,4,9,6,7,7,7,10,8,10,7,10,5,7.7,1.676305461424021,7.042709521190917,6.5275921923757965
9,10,4,10,9,4,4,10,6,9,8,4,10,8,6,6.9,2.3,7.0079545355000645,8.388316439184631
9,6,10,6,4,7,9,6,5,7,7,7,6,5,9,6.8,1.3266499161421599,7.014041397827145,7.098230031382504
7,5,6,5,8,8,6,4,4,6,8,4,8,7,6,6.1,1.57797338380595,7.021001529370972,6.286837267712591
4,7,8,8,9,7,4,8,7,4,10,5,7,5,5,6.2,1.8330302779823358,7.022789534855048,6.778770410358606
8,4,6,4,6,9,4,6,8,10,4,9,9,10,7,7.6,2.154065922853802,7.019130429233888,6.144299481072151
8,8,7,6,8,8,9,6,4,6,7,4,7,8,8,6.7,1.6155494421403511,7.014825116448799,7.104465289291116
9,5,7,4,7,6,6,8,5,8,10,4,10,7,8,7.2,1.8867962264113207,7.0079321986386915,6.628141902228117
5,6,4,4,6,8,9,7,9,7,10,4,7,6,8,7.5,1.6278820596099706,7.028395055530515,5.043747759517489
10,10,7,8,10,7,4,7,8,5,7,6,8,4,10,6.6,1.8,7.0099778192794036,8.531756916909503
7,10,5,9,8,10,8,9,5,4,5,10,5,6,10,7.2,2.315167380558045,7.016953820112368,7.080066492998893
7,9,9,10,6,7,6,6,9,6,4,7,7,10,4,6.6,1.8,7.033379305494222,7.713505815458427
5,5,5,8,4,6,6,5,10,10,5,9,8,5,7,7.1,1.9209372712298547,7.035876617665684,5.536910449832253
8,7,9,9,4,4,6,8,5,10,8,4,4,10,8,6.7,2.2825424421026654,7.018187960095879,7.46455014450919
7,4,9,10,8,8,9,8,6,7,5,10,5,5,8,7.1,1.7,7.0263519252992666,6.839519313030779
5,9,6,5,9,10,8,9,8,9,9,6,6,6,6,7.7,1.4866068747318506,7.025084971430944,6.7746641106387395
8,4,10,10,5,4,6,6,6,9,5,10,5,5,7,6.3,1.7916472867168918,7.0428571339534045,6.9129536484281076
8,10,10,7,6,4,9,8,9,6,5,9,4,6,7,6.7,1.9000000000000001,7.020430901173529,7.8047499359912305
5,4,10,7,8,8,6,10,8,9,6,7,9,4,8,7.5,1.6881943016134133,7.039213967651342,6.100344216953828
10,6,4,8,8,8,4,10,8,9,5,10,4,7,10,7.5,2.29128784747792,7.021529962916778,7.5365835598763
5,10,5,4,10,6,6,4,5,9,7,6,6,9,5,6.3,1.5524174696260025,7.050903603838999,6.529669468646529
9,10,9,8,5,8,10,4,5,5,5,5,8,9,7,6.6,1.9595917942265424,7.006672085429881,7.852990155061681
6,10,6,10,8,10,5,10,5,4,6,8,5,7,7,6.7,2.0024984394500787,7.009435416079322,7.688313083289148
5,4,4,4,10,7,4,7,9,4,8,7,6,5,8,6.5,1.6278820596099706,7.039849610827349,5.372185994639239
10,6,5,10,5,9,6,8,9,7,8,8,8,4,6,7.3,1.4866068747318506,7.023960389085187,7.95380243988419
6,10,4,4,8,10,9,7,5,7,7,4,4,8,7,6.8,1.8867962264113207,7.030954986793684,6.431917996690309
9,7,9,10,5,6,4,9,4,6,4,10,6,10,10,6.9,2.4677925358506134,7.035563904484536,7.716469483145242
10,5,5,9,7,5,6,5,9,8,8,10,4,6,4,6.5,2.0124611797498106,7.015378724548296,6.952345993947166
8,9,7,4,4,6,4,8,9,8,4,6,7,9,6,6.7,1.7349351572897473,7.014991618915417,6.6571237779620445
5,6,10,10,5,4,6,5,6,8,10,8,5,9,6,6.7,1.8466185312619388,7.043047027563347,6.449723970468874
6,7,4,10,9,9,7,6,8,10,8,9,4,8,4,7.3,1.9519221295943134,7.025043023214248,7.324667028693134
6,7,4,9,6,8,8,10,7,4,4,8,4,8,8,6.9,2.022374841615669,7.021324418577569,6.663496493403562
5,5,5,10,7,9,6,4,10,5,9,4,10,4,7,6.8,2.4,7.034980386639231,5.932562053302009
5,10,8,10,4,5,5,10,7,7,4,6,10,7,5,6.6,1.9595917942265426,7.026076546619526,6.949054753798437
10,7,9,10,5,10,5,4,10,6,8,10,7,7,4,7.1,2.2561028345356955,7.018139091148365,7.965062310193291
4,6,5,4,8,9,9,6,5,5,8,5,9,9,7,7.2,1.7204650534085253,7.025817854088578,5.769839840890576
6,8,9,4,8,8,6,8,10,6,9,5,4,8,8,7.2,1.7776388834631178,7.016989659549748,6.589418366386388
9,4,4,8,4,7,7,9,6,4,10,7,7,5,5,6.7,1.7349351572897473,7.032455081398257,6.276065462094209
5,4,7,9,4,9,9,7,6,10,4,7,6,6,7,7.1,1.7,7.033203876666792,6.2149713316538655
7,4,4,8,5,6,8,6,7,6,10,7,5,7,6,6.8,1.32664991614216,7.024809477540382,6.058751018798527
9,5,6,8,8,7,4,7,7,4,4,4,9,8,9,6.3,2.0024984394500787,7.019675558859399,6.683883528568399
5,10,8,5,8,7,9,9,4,4,5,9,8,7,10,7.2,2.0880613017821097,7.0367005762814685,6.469656112868689
4,5,5,7,8,10,6,8,8,5,7,7,4,4,8,6.7,1.8466185312619385,7.050804753638343,5.638744222508143
8,5,4,4,9,5,7,5,6,10,7,4,8,5,10,6.7,2.0024984394500787,7.030371893563665,6.731724775047642
4,8,10,7,5,10,10,4,8,4,7,5,6,9,10,7.3,2.3259406699226015,7.040085100391414,6.81964282958523
6,7,10,6,7,4,9,5,7,4,7,6,10,6,10,6.8,2.1354156504062622,7.033633948523276,6.859090968425141
4,8,10,6,10,8,8,8,7,8,5,9,9,7,7,7.6,1.1135528725660042,7.040481392734705,7.132629254944703
7,8,10,6,5,8,10,9,9,8,7,6,10,6,8,8.1,1.374772708486752,7.011262371898971,7.461951409254105
7,5,4,5,5,6,5,5,5,7,7,7,7,7,8,6.4,1.019803902718557,7.029652504224205,5.251603997143762
9,7,4,5,8,6,8,6,8,5,4,7,4,4,5,5.7,1.4866068747318506,7.024267777528405,6.783804507344097
6,5,4,5,6,4,4,5,6,8,9,4,7,5,10,6.2,2.08806130178211,7.038522233114402,5.755855767750819
4,7,4,7,4,10,4,9,6,6,9,7,4,7,6,6.8,1.9390719429665317,7.0258741188552705,6.047182372848685
10,6,6,4,10,10,6,8,6,5,8,7,6,9,5,7.0,1.61245154965971,7.008053683436181,7.346234776861669
5,6,7,7,8,8,5,8,8,8,9,7,8,8,5,7.4,1.2806248474865698,7.032885029486822,6.057912687727257
9,10,9,9,7,8,7,10,9,9,5,10,8,5,9,8.0,1.7320508075688772,7.016028702539049,8.806993209002487
8,9,9,4,4,7,5,7,10,10,6,8,7,8,10,7.8,1.6613247725836149,7.01725174822743,7.276479646445762
4,5,9,5,8,7,4,10,4,4,10,7,9,9,8,7.2,2.3151673805580453,7.027357683069367,5.982898739174189
10,7,9,7,10,4,8,7,8,8,4,10,9,5,6,6.9,1.972308292331602,7.005147673413374,8.238225844404736
4,9,6,5,5,7,7,7,6,5,9,8,9,7,8,7.3,1.1874342087037917,7.014521446357655,6.501411110747584
9,10,4,5,4,4,9,4,4,10,9,7,6,7,4,6.4,2.244994432064365,6.992094303755762,7.044901629446036
8,7,10,6,7,4,7,6,6,10,8,5,4,6,9,6.5,1.91049731745428,7.024016776599889,7.24551547547986
7,8,5,6,5,10,4,5,9,4,10,10,6,8,7,7.3,2.3259406699226015,7.016815472709912,6.513993104773318
9,7,9,4,7,10,9,7,6,6,9,5,10,9,4,7.5,2.0615528128088303,7.016495546189942,7.247103415420723
5,7,4,8,9,5,7,4,5,7,4,8,10,9,9,6.8,2.08806130178211,7.032650171708371,6.48710128982858
9,5,7,5,8,9,8,10,5,10,6,4,5,6,9,7.2,2.1354156504062622,7.017229332353182,6.854676488468949
7,7,5,5,4,9,9,6,4,4,6,7,9,5,4,6.3,2.0024984394500787,7.014928287473969,6.19128500524461
10,10,8,10,4,10,6,7,8,6,10,7,8,7,4,7.3,1.7349351572897473,6.994494037210574,8.039910610146551
9,7,5,7,7,6,10,8,7,8,5,10,6,4,8,7.2,1.8867962264113207,7.012429640238073,7.202248419634232
6,9,6,10,7,9,7,9,8,10,9,7,8,4,4,7.5,1.9621416870348585,7.021317361065082,7.607358654055643
5,7,9,6,5,6,4,8,10,8,4,5,8,6,5,6.4,1.9078784028338915,7.022575053682115,6.236179634601516
7,8,9,9,8,4,10,7,8,7,9,6,5,7,6,6.9,1.7,7.027666995499668,7.382918854511438
7,9,5,7,7,7,7,6,8,7,6,7,10,8,10,7.6,1.3564659966250536,7.018287033787836,7.3556504794704525
6,9,9,8,6,10,6,10,7,4,8,7,5,6,7,7.0,1.8439088914585775,7.035557869115978,7.321938107116295
10,6,9,7,6,8,10,8,5,10,5,9,9,7,4,7.5,2.0615528128088303,7.00732888733656,7.813397059996564
8,6,8,10,6,10,8,4,10,10,10,10,4,7,6,7.9,2.3853720883753127,7.024876708479518,7.661069404630702
8,6,10,6,5,6,6,5,10,10,8,5,8,9,8,7.5,1.8027756377319946,7.01594576693612,7.066817015830502
8,10,8,8,4,8,7,6,10,5,9,5,10,7,8,7.5,1.746424919657298,7.013503081008101,7.789239421143039
10,6,8,9,4,9,6,10,4,4,7,6,4,4,10,6.4,2.3748684174075834,7.024020881615298,7.513987343100363
5,8,8,4,6,9,9,10,5,10,6,4,9,10,9,8.1,2.118962010041709,7.0261796981084785,6.3823938605562045
9,5,8,6,10,9,5,6,8,9,6,7,5,8,9,7.2,1.5362291495737217,7.032645536453467,7.636683364274222
9,10,9,5,7,10,9,5,5,4,9,6,5,5,7,6.5,2.0124611797498106,7.0190169161812905,8.572909995334294
9,7,10,9,5,7,7,5,8,6,5,10,10,4,10,7.2,2.1354156504062622,7.014597964859793,7.555433194797135
4,5,5,4,4,9,8,8,6,8,6,10,8,9,6,7.8,1.3266499161421599,7.009259249274559,4.291477529457156
6,9,10,6,4,7,7,8,8,10,6,10,6,9,5,7.6,1.624807680927192,7.020426281509392,6.877834524431883
7,10,7,5,8,7,5,5,4,6,4,4,5,4,9,5.3,1.5524174696260025,7.022727268581628,6.833230220803841
5,5,8,9,4,6,5,6,9,8,4,5,7,6,10,6.6,1.8,7.03704891175858,6.262132499350715
7,5,8,6,5,9,4,6,9,6,8,10,9,6,10,7.7,1.9519221295943134,7.022349996488825,6.7315511671517445
7,4,5,5,9,8,8,8,4,9,6,6,10,10,9,7.8,1.8330302779823362,7.027119994378301,6.3335630302701365
8,6,6,10,4,8,6,6,8,7,7,8,10,4,10,7.4,1.7435595774162693,7.013388799536015,6.9949888558209
10,7,4,5,5,10,6,10,6,7,10,8,9,9,10,8.5,1.5652475842498528,7.007452823577877,7.280191572657149
6,7,8,7,5,4,10,8,7,7,10,6,5,4,4,6.5,2.202271554554524,7.026336203867963,6.7699243884971345
8,7,7,8,5,5,9,9,9,7,8,4,5,6,10,7.2,1.98997487421324,7.011342392943351,7.2974338240811445
7,8,9,9,5,6,10,7,4,8,4,10,9,6,4,6.8,2.2715633383201093,7.03178250726918,7.495880873995115
8,9,8,7,5,6,5,5,6,8,8,4,6,7,8,6.3,1.3453624047073711,7.015805467570514,7.349769321762031
9,10,7,10,10,10,8,9,5,8,10,8,10,9,10,8.7,1.4866068747318506,7.005874991242659,8.726364584590142
4,4,5,9,9,8,9,6,6,5,4,9,8,4,6,6.5,1.8027756377319946,7.031775692719887,6.0605930859696056
9,8,7,9,7,8,4,9,9,4,10,9,7,6,5,7.1,2.118962010041709,7.022647911240226,8.33380062727475
5,10,9,5,9,5,7,4,9,7,7,9,6,9,9,7.2,1.7204650534085253,7.042514388634823,6.801690086288028
4,6,5,9,6,10,8,4,5,5,7,10,7,7,4,6.7,2.1,7.0347512566440145,6.093238362114108
5,8,9,8,4,7,7,8,4,6,10,6,9,8,5,7.0,1.7320508075688772,7.02660027949744,6.464213727126908
9,10,4,6,5,9,6,4,5,7,4,5,6,9,7,6.2,1.7204650534085253,6.9994005924081915,7.360589862639265
7,4,7,7,5,7,10,4,9,7,5,10,10,8,6,7.6,2.0591260281974,7.032384742724881,5.838808785801325
6,5,9,4,7,4,9,8,8,4,5,9,6,4,9,6.6,2.1071307505705477,7.026501761818724,6.131141330926893
5,5,5,4,6,8,8,4,9,8,4,10,4,6,4,6.5,2.247220505424423,7.036385731737127,5.271339522762366
10,5,4,7,9,10,9,9,8,7,6,9,8,8,6,8.0,1.2649110640673518,7.01139488505757,7.544098665378427
10,8,10,10,4,6,8,10,7,10,5,10,8,6,4,7.4,2.0591260281974,7.00379361607922,8.519082691541325
8,5,5,10,4,4,6,10,6,5,9,6,4,7,6,6.3,1.8466185312619388,7.018181811394406,6.65023879012145
8,5,7,6,6,5,7,5,7,6,4,7,8,9,5,6.3,1.4866068747318506,7.020868406282292,6.61878118267894
5,8,9,5,9,7,5,4,5,5,8,5,7,5,6,5.7,1.1874342087037917,7.031561233491546,6.435779691623353
9,8,9,7,8,5,6,9,5,10,9,10,5,7,10,7.6,2.1071307505705477,7.022340421974498,8.129665104219526
5,10,7,4,6,6,9,9,6,8,5,5,7,8,8,7.1,1.445683229480096,7.026933095545674,6.355890210685117
5,5,5,7,4,10,7,9,6,9,4,7,6,9,9,7.6,1.8,7.0329661628379485,5.757901735765579
10,8,4,7,5,8,7,4,5,7,4,4,7,6,7,5.9,1.445683229480096,7.006081075163777,7.165200514180956
6,5,8,9,6,9,10,8,9,4,4,5,4,10,5,6.8,2.4819347291981715,7.018805653735572,6.619081427245069
5,10,6,9,4,4,4,7,7,8,9,6,8,4,8,6.5,1.8027756377319946,7.010199992989802,6.763633925359949
7,5,8,4,5,7,9,4,4,8,9,10,5,10,6,7.2,2.227105745132009,7.018002808004219,5.902633644550946
4,8,5,9,9,9,8,10,8,6,4,4,5,8,6,6.8,1.9899748742132397,7.042739268116551,6.566816978472069
8,6,8,6,5,8,7,8,8,7,7,10,6,10,4,7.5,1.6881943016134133,7.017387343187354,6.458692673521501
6,5,5,10,7,5,10,7,4,6,9,8,6,6,7,6.8,1.7204650534085253,7.031280957515018,6.701927203588439
5,6,7,7,5,5,10,7,8,7,8,7,9,5,9,7.5,1.5652475842498528,7.02349251952557,6.10949511598493
8,8,9,7,5,4,5,10,7,6,4,6,9,10,5,6.6,2.2,7.015920394519439,6.958491936924997
10,8,10,5,5,10,4,9,7,6,7,8,10,4,6,7.1,2.071231517720798,7.004374357065743,7.525915501701693
7,10,9,7,4,5,5,5,9,5,6,10,10,10,9,7.4,2.2449944320643644,7.021742600302366,7.2991304807065704
10,8,8,8,6,8,5,10,5,9,5,8,9,9,4,7.2,2.08806130178211,7.0192329345633215,8.126468667747444
5,7,8,4,8,9,5,9,5,5,10,9,4,5,10,7.1,2.3430749027719964,7.0277880424967405,6.096865353298639
9,5,10,5,10,4,4,9,7,10,7,5,6,7,10,6.9,2.118962010041709,7.026408442457269,7.507126368046274
10,7,6,10,10,9,10,9,7,6,8,5,10,8,8,8.0,1.5491933384829668,7.028369557577861,8.175209261430927
7,8,9,4,7,4,4,5,6,4,10,10,7,10,5,6.5,2.4596747752497685,7.026394716840794,6.861712017073635
6,7,5,8,8,9,8,10,5,9,9,4,9,6,9,7.8,1.9390719429665317,7.028197154960838,6.9130202685017865
10,8,8,8,8,9,8,6,5,6,6,5,8,10,9,7.2,1.7204650534085253,7.026189107721381,8.140235255973101
4,6,10,8,10,6,6,10,5,7,10,6,4,9,9,7.2,2.039607805437114,7.033856494356664,6.793375780195988
6,9,8,10,7,10,8,10,6,5,4,10,5,10,6,7.4,2.33238075793812,7.023658532302649,7.635369326049267
10,8,5,4,7,4,8,8,10,8,7,5,6,4,10,7.0,2.0976176963403033,7.01858704203651,7.498085357601073
7,5,8,4,7,10,9,9,5,6,7,6,5,6,9,7.2,1.7776388834631176,7.029471784496119,6.213823566887368
4,7,8,9,7,9,4,7,9,4,7,9,7,6,4,6.6,1.9595917942265424,7.0324940005800345,6.778065281985786
9,7,6,8,5,7,10,7,6,9,9,10,5,5,9,7.7,1.8466185312619385,7.012622305766818,7.5718053665932965
9,5,8,10,5,10,8,8,10,7,9,5,7,4,10,7.8,1.98997487421324,7.016601709262195,7.159925767325121
8,5,9,6,5,10,5,5,5,10,8,6,6,10,8,7.3,2.051828452868319,7.013447863143687,6.622219251591213
9,7,8,4,10,9,9,10,10,8,8,9,6,7,8,8.4,1.2,7.024732136585061,7.80924690311595
4,8,6,5,6,7,7,4,6,10,7,10,10,6,6,7.3,1.9519221295943134,7.031437695187579,5.960050810764157
4,10,9,10,8,4,10,9,6,7,9,9,5,7,7,7.3,1.846618531261939,7.014554570872576,7.573892217809088
8,6,9,6,5,6,7,10,5,6,8,7,7,4,8,6.8,1.6,7.015613573359994,6.826700956951864
7,9,7,10,5,8,10,5,10,8,10,10,4,5,10,8.0,2.32379000772445,7.023684205905468,7.836652411654573
7,4,10,7,5,10,8,5,8,8,10,9,8,10,7,8.3,1.4866068747318504,7.029874471104708,6.5253983280267756
7,8,6,4,8,8,7,6,9,4,5,5,6,8,4,6.2,1.6613247725836149,7.022863360357722,6.476487591282459
8,5,6,6,9,6,6,5,7,7,8,8,10,10,6,7.3,1.6155494421403511,7.030399996250456,6.975414480616947
10,4,10,5,4,8,7,4,5,7,10,9,8,5,9,7.2,1.8867962264113207,7.005797088757616,6.8380078296881805
9,7,8,4,10,5,6,8,6,5,6,8,7,4,9,6.4,1.4966629547095764,7.026517850869181,7.242444023237016
8,5,10,7,5,7,5,7,6,8,7,7,8,6,4,6.5,1.2041594578792296,7.021248241920583,6.824917992138657
7,7,8,5,5,7,9,5,10,6,6,7,9,10,8,7.7,1.676305461424021,7.024031004348821,6.750332652257699
4,10,5,4,6,10,7,7,8,5,8,7,4,8,5,6.9,1.7,7.004255310382658,5.995766200904888
6,6,9,5,9,8,8,6,6,7,7,10,8,4,9,7.3,1.6155494421403513,7.033073225070187,6.6557985997347595
10,5,4,9,9,7,8,8,9,8,9,9,10,8,10,8.6,0.9165151389911681,7.046753238433584,7.3179258391244755
10,9,7,4,6,8,6,9,5,9,5,8,7,4,10,7.1,1.9209372712298547,7.007560131436802,7.580313308597385
4,7,10,10,5,8,4,6,5,10,6,7,7,9,10,7.2,1.9390719429665317,7.055528545497536,6.7033635924733
4,10,9,10,10,10,10,8,9,7,7,9,6,4,5,7.5,1.9621416870348585,6.997302145688304,8.006816949857281
10,10,6,6,5,7,9,7,6,10,10,5,10,10,6,8.0,1.8973665961010275,6.9968641054034295,7.942428019508203
10,4,7,5,4,4,6,5,10,5,7,4,8,7,10,6.6,2.1071307505705477,6.9962874167709135,6.755129315974424
10,8,10,6,7,9,6,6,5,9,5,9,5,8,8,7.0,1.6733200530681511,6.995103284625017,8.169026557310827
9,7,9,7,6,7,8,9,5,9,7,7,10,4,8,7.4,1.7435595774162693,7.012554741113114,7.3874025246543615
9,4,9,5,4,6,6,4,5,4,5,8,8,7,7,6.0,1.4142135623730951,6.993090900614433,5.970364188648447
5,10,7,4,7,7,7,6,10,7,7,7,5,9,7,7.2,1.3266499161421599,7.024408157531093,6.594214032346789
10,8,7,10,7,4,7,7,6,9,7,9,5,8,9,7.1,1.6401219466856725,7.0400144666859505,8.342108669945384
10,5,10,9,8,9,7,10,7,7,6,10,8,6,6,7.6,1.4966629547095764,7.008641968098104,7.641219030886071
7,10,10,7,8,6,10,5,8,5,5,8,5,10,8,7.0,1.9493588689617927,7.0354439541226785,7.891309909902033
8,10,4,5,8,9,9,7,6,9,9,5,8,4,5,7.1,1.8681541692269403,7.017120274787428,7.190180956864476
8,6,9,8,5,5,10,8,4,4,7,5,10,6,9,6.8,2.227105745132009,7.018358970759815,7.109850202403349
9,9,7,7,7,5,6,6,8,5,8,7,6,4,6,6.1,1.2206555615733703,7.024095816334388,8.209507654167707
7,6,8,7,10,7,6,8,5,4,8,9,5,4,7,6.3,1.676305461424021,7.035997906459772,6.595525752279092
4,7,8,7,6,6,4,10,9,7,5,10,4,7,5,6.7,2.193171219946131,7.030418844486691,6.333060782446199
5,5,8,10,5,10,10,8,6,7,10,8,9,9,5,8.2,1.661324772583615,7.040586791327965,6.670379894803636
5,4,8,10,8,10,10,4,10,6,5,7,10,6,10,7.8,2.3151673805580453,7.02405285724753,6.4312117911589075
5,5,5,9,6,8,6,8,5,10,4,9,6,4,4,6.4,2.1071307505705477,7.029528860630701,5.912167456472858
7,6,8,4,7,9,6,10,6,4,7,7,6,4,4,6.3,1.9519221295943134,7.025290386998256,6.477063877406645
4,10,9,8,9,5,4,9,7,5,10,9,10,7,9,7.5,2.1095023109728985,7.041450769905232,7.399415032142191
8,4,4,4,8,8,6,8,6,7,7,8,9,10,6,7.5,1.284523257866513,7.031677696433026,5.528344346361232
5,4,9,10,7,6,5,4,9,9,5,7,8,9,6,6.8,1.7776388834631176,7.031195328443933,6.523825259374199
8,9,6,10,6,5,8,10,8,9,4,6,8,10,6,7.4,1.9595917942265424,7.023363281756504,8.043660953622858
7,5,4,8,9,9,5,10,8,10,9,8,10,5,10,8.4,1.8547236990991407,7.02467993810478,6.665154979399274
4,9,8,6,4,6,6,8,9,5,7,6,10,7,10,7.4,1.6852299546352716,7.025783341964383,6.492971484614391
7,5,7,5,10,8,7,9,10,9,10,7,9,6,8,8.3,1.268857754044952,7.0249657954685585,6.96847550188204
9,4,4,10,5,7,10,6,10,7,10,6,9,9,8,8.2,1.5362291495737217,7.024151957904813,7.280808933914645
6,8,7,10,9,10,9,5,6,6,7,8,4,9,4,6.8,2.039607805437114,7.040443892083573,7.720817146120779
10,7,7,9,9,5,8,6,4,5,8,5,9,4,7,6.1,1.7,7.024309759579589,8.667521179808286
4,7,8,8,5,7,8,5,6,4,7,7,5,7,10,6.6,1.624807680927192,7.029975425657265,6.451752653969493
10,9,4,8,6,5,4,5,7,5,7,9,8,7,10,6.7,1.8466185312619388,7.014893610802398,7.805910148737571
4,4,8,6,5,10,10,10,7,7,8,9,6,7,6,8.0,1.5491933384829668,7.022747540568467,5.673981088982456
8,6,4,6,4,4,9,5,6,10,9,4,9,5,7,6.8,2.181742422927143,7.018972027952403,6.194784286347519
10,8,9,8,10,7,10,7,8,8,8,10,8,4,10,8.0,1.7320508075688772,7.020257820423335,8.602324201508752
7,7,7,8,5,9,4,7,5,8,9,5,10,10,4,7.1,2.3,7.01722290604976,6.590619870800797
8,10,10,9,6,8,10,4,4,6,9,4,7,10,4,6.6,2.4166091947189146,7.022625209825021,8.140477898142077
8,8,4,10,4,8,10,10,7,4,7,4,9,7,5,7.1,2.118962010041709,7.013692938782475,7.43366193552886
4,8,5,6,6,6,7,8,6,6,4,7,9,10,6,6.9,1.6401219466856725,7.027643307625704,5.703883045088889
10,9,10,5,5,8,9,9,8,10,8,4,5,10,7,7.8,1.8867962264113207,7.0075318574652,8.080834608492681
6,7,4,4,6,6,7,9,6,10,4,7,4,4,10,6.7,2.238302928559939,7.022580639893034,5.660248848756298
10,5,10,9,7,7,7,10,10,6,9,9,10,8,4,8.0,1.8973665961010275,7.012156855870434,8.018779237373481
6,4,8,10,5,9,5,10,10,6,10,6,8,8,10,8.2,1.8330302779823362,7.041989430420783,6.589466860419437
8,9,6,10,4,4,6,6,5,4,4,9,8,9,4,5.9,1.972308292331602,7.013233999111975,7.498913163320168
10,7,8,7,9,10,5,10,10,4,9,7,10,10,7,8.2,2.181742422927143,7.013221149631481,8.701750250846235
4,8,9,7,7,5,8,6,4,9,8,9,8,4,6,6.7,1.8466185312619388,7.029094176947153,6.398373271587655
8,4,7,6,9,4,6,9,5,6,8,5,9,7,5,6.4,1.6852299546352716,7.0316440005984875,6.5327813599062186
8,5,5,4,6,6,5,9,5,9,7,6,10,8,5,7.0,1.7888543819998317,7.021144093395259,5.972748010916408
7,5,4,9,6,10,4,8,5,8,10,4,8,10,8,7.5,2.247220505424423,7.0207900159246055,6.103346840704247
6,10,4,4,10,4,4,4,7,9,9,10,4,10,9,7.0,2.569046515733026,7.043598043689468,7.003513179482205
7,4,10,7,7,8,4,5,4,4,9,10,6,8,9,6.7,2.238302928559939,7.030370883813594,6.351186456453341
8,6,9,6,6,10,10,8,10,5,7,6,5,5,8,7.4,2.0099751242241783,7.020037102495342,7.318484247627207
8,7,7,4,8,6,8,7,10,8,4,8,10,4,5,7.0,2.0976176963403033,7.018052627885235,6.6148460981946595
4,8,4,5,10,7,10,9,4,7,8,9,8,10,5,7.7,1.9000000000000001,7.03994811019462,6.272772189264349
6,6,9,10,7,10,10,10,8,4,5,7,5,7,6,7.2,2.1354156504062622,7.024510998151278,7.572426962791797
9,5,9,6,7,4,4,7,8,9,8,6,7,6,7,6.6,1.5620499351813308,7.016406697275331,7.141078844442542
5,6,10,4,8,6,7,4,6,6,7,5,5,4,8,5.8,1.2489995996796797,7.016391934966674,5.876015040359119
5,7,9,10,9,8,4,8,9,9,9,10,10,9,7,8.3,1.676305461424021,7.0378097465724965,7.254249675361611
5,10,7,5,7,5,4,7,9,4,5,8,7,5,4,5.8,1.7204650534085253,7.030799995312799,6.001166131683786
9,6,10,4,6,6,7,10,4,4,10,5,4,7,9,6.6,2.2891046284519194,7.019241186071144,6.797382722935678
4,9,10,6,6,10,7,10,4,5,7,6,9,10,8,7.6,2.0591260281974,7.038009043404517,6.34813015905503
5,8,9,7,9,5,5,8,8,7,4,4,6,9,10,6.6,2.009975124224178,7.024913089788578,6.947090849514367
7,10,7,4,7,4,6,6,5,5,9,7,8,8,9,6.7,1.676305461424021,7.029673379409542,6.929575105233956
7,5,6,9,9,6,9,8,6,8,7,5,5,6,9,6.9,1.445683229480096,7.023335226509199,6.952051989201382
10,10,7,8,9,8,4,7,8,10,4,7,7,5,6,6.6,1.8,7.012985859529164,8.276044472687442
10,7,10,4,4,8,7,8,7,9,5,6,4,4,9,6.7,1.7916472867168918,6.995703693339697,7.0466652060236
10,4,10,7,5,10,5,7,5,6,4,8,4,10,10,6.9,2.3430749027719964,7.014233120227935,7.2617169374929516
8,7,5,5,9,10,10,6,7,5,4,10,4,10,8,7.4,2.4166091947189146,7.014391772121994,6.975688000030734
7,7,10,5,5,5,8,8,10,7,4,9,5,7,9,7.2,1.8867962264113207,7.014228183211931,6.289522543468874
5,10,9,7,5,7,10,10,7,6,6,7,6,5,4,6.8,1.8330302779823362,7.024102958639547,7.185069298067094
4,7,10,9,4,9,10,5,4,6,9,5,8,10,7,7.3,2.1,7.0480629454623935,6.234345863287551
10,6,7,6,10,10,4,4,8,8,7,6,10,5,5,6.7,2.147091055358389,7.019386967801236,7.169030895805054
10,10,5,9,5,5,6,10,10,7,5,4,4,4,8,6.3,2.238302928559939,7.0189220102994,7.981367410095616
9,8,5,6,9,8,6,5,8,4,8,10,4,5,10,6.8,2.181742422927143,7.0146546504416465,8.018961101085988
5,7,10,9,9,6,7,7,10,4,8,8,4,5,10,6.9,2.071231517720798,7.039501201094526,7.102412686895246
5,8,5,6,6,4,5,6,6,10,4,6,8,5,7,6.1,1.7578395831246947,7.035758510301467,6.055909044676828
9,9,5,6,6,7,6,5,8,7,8,8,7,7,6,6.9,0.9433981132056604,7.020267127165937,7.562761532519791
8,7,8,4,10,10,5,4,5,4,7,8,5,8,5,6.1,1.9209372712298547,7.038169117891263,6.755712405039044
8,5,7,5,10,10,9,5,8,9,6,10,7,6,6,7.6,1.7435595774162693,7.021220718934549,6.93301095082671
4,7,9,6,8,5,7,10,9,5,4,5,9,8,10,7.2,2.181742422927143,7.029721161578124,6.117947092103285
5,4,6,8,6,10,5,4,5,9,10,4,7,9,10,7.3,2.4515301344262523,7.028516124497732,5.91425700054386
8,9,7,6,6,5,10,4,9,7,8,6,4,8,7,6.8,1.9390719429665315,7.01210361455467,7.374969263362991
6,7,4,8,9,8,5,6,4,9,10,7,6,7,10,7.2,1.9390719429665317,7.039021402422617,6.813940592033073
6,10,7,4,8,8,7,7,8,8,10,6,4,8,6,7.2,1.5362291495737217,7.035302911716302,6.9986313672713045
7,9,9,8,6,10,7,7,9,5,8,10,6,9,6,7.7,1.676305461424021,7.021908123663847,8.176020985737676
9,4,7,4,6,4,9,10,6,8,6,5,7,7,9,7.1,1.8138357147217055,7.006476677887325,6.334035658202713
4,4,5,4,8,6,6,6,6,5,8,5,10,10,5,6.7,1.8466185312619388,7.040098392324602,5.097711352342593
7,5,7,7,6,5,7,10,5,6,5,6,9,10,8,7.1,1.9209372712298547,7.023210588736778,6.512445069986964
6,5,9,10,6,7,8,9,8,7,6,9,9,6,6,7.5,1.2041594578792296,7.026981813071285,6.66588464194419
10,6,6,7,5,7,10,5,10,4,5,10,5,8,4,6.8,2.4,7.008348130841712,6.908244518595746
7,8,7,10,10,6,5,10,7,5,6,10,5,9,8,7.1,1.9209372712298547,7.02822822295178,7.599433190519491
8,4,4,8,8,8,5,8,7,4,5,7,9,7,7,6.7,1.4866068747318506,7.027037612047775,6.286374024509327
7,8,5,4,4,9,6,5,5,5,4,7,5,8,6,6.0,1.4832396974191326,7.016277122690921,5.9000043781208005
9,8,6,6,8,9,9,4,10,9,6,10,7,9,10,8.3,1.9000000000000001,7.014598877325279,7.600258440783292
5,6,9,10,8,10,9,8,7,5,6,9,8,6,10,7.8,1.6613247725836149,7.028853172367531,7.034972393601953
5,5,7,5,6,4,8,10,4,9,8,5,10,6,6,7.0,2.1908902300206643,7.033484415278477,5.736199529897599
10,6,8,10,8,10,10,7,8,8,10,4,8,6,8,7.9,1.8138357147217055,7.017404811952287,8.582812367750577
5,9,4,10,7,7,7,10,6,6,6,8,8,5,9,7.2,1.4696938456699067,7.026761898069749,7.293609261682106
4,5,5,4,7,10,9,4,8,5,5,7,8,5,7,6.8,1.8867962264113207,7.028034675310177,5.1466379351376395
10,10,4,8,6,4,7,4,9,9,6,6,10,7,10,7.2,2.1354156504062622,7.021916291826081,7.816667146154702
9,8,10,6,9,6,8,7,5,8,10,7,10,9,4,7.4,1.9078784028338913,7.0331369609476155,8.278585282480313
9,9,5,9,7,10,6,6,6,7,8,4,6,8,10,7.1,1.8138357147217055,7.025710589776672,7.787925533511806
4,10,7,4,8,5,9,5,4,6,5,9,8,8,5,6.4,1.8,7.042872110017955,6.43075455720641
8,4,7,4,9,10,10,6,9,4,6,7,5,7,5,6.9,2.0223748416156684,7.029694317004635,6.355689417871676
5,10,8,10,5,4,6,9,10,10,6,5,10,8,7,7.5,2.1095023109728985,7.027734368136978,7.155555423759692
9,9,8,8,9,9,9,10,6,6,5,8,7,8,9,7.7,1.5524174696260025,7.017678567251383,8.24679428594939
6,10,5,10,5,8,10,5,8,7,9,4,9,4,7,7.1,2.0223748416156684,7.013765971471223,7.442849950025873
6,7,5,10,4,9,9,9,9,5,6,9,5,7,9,7.7,1.676305461424021,7.02080924275738,6.6840262465549705
9,9,6,5,7,8,9,10,9,4,8,9,9,9,5,8.0,1.8439088914585775,7.014318438136127,8.286590763979465
5,9,8,4,6,7,4,9,7,4,4,10,4,9,5,6.3,2.2825424421026654,7.028962957756323,6.12102789791041
8,10,7,8,10,9,9,7,6,6,10,6,7,8,10,7.8,1.5362291495737217,7.026774685936131,8.092499642859647
8,7,8,6,9,7,4,9,8,4,10,9,9,10,4,7.4,2.3748684174075834,7.025957635409665,7.360767309568548
5,8,6,5,10,7,6,8,10,10,9,5,9,6,9,7.9,1.7,7.0401639291802045,6.571452110187051
5,10,8,6,9,5,10,7,9,8,7,5,4,9,10,7.4,2.0591260281974,7.033897053651546,6.7799390198547655
8,10,7,5,8,10,7,9,8,9,7,6,7,5,7,7.5,1.4317821063276353,7.026748461946781,7.863607865941776
10,5,10,6,4,10,8,7,7,8,7,10,8,10,10,8.5,1.284523257866513,7.005972036841205,7.60889327229273
8,9,8,5,6,10,5,8,5,5,8,7,9,6,9,7.2,1.7776388834631178,7.0108093679388634,7.50510278684747
10,7,9,6,8,10,8,7,5,4,6,9,7,10,6,7.2,1.9390719429665315,7.008291766204311,7.913567788647491
7,6,4,9,5,10,4,4,4,9,10,8,6,8,10,7.3,2.4515301344262523,7.0193814384746505,6.489644833085597
6,6,4,8,10,4,7,4,8,4,10,4,8,8,10,6.7,2.368543856465402,7.032067845692997,6.581328803021789
10,9,9,5,6,7,8,10,7,5,10,5,8,4,6,7.0,1.9493588689617927,6.99480197442673,7.821663524680984
7,6,10,5,6,4,8,7,10,4,5,9,8,4,9,6.8,2.227105745132009,7.020542870437666,6.401280223853956
4,10,6,6,10,4,7,7,7,9,6,9,8,8,5,7.0,1.5491933384829668,7.039768777988705,7.20966686793719
7,10,4,4,6,5,8,4,8,10,6,5,5,10,10,7.1,2.2561028345356955,7.01302520271741,6.969088841917658
9,7,6,10,6,9,10,5,8,5,10,10,10,5,10,8.2,2.181742422927143,7.016946103582669,7.986813486295462
5,5,9,7,8,9,8,4,10,5,5,10,5,10,6,7.2,2.315167380558045,7.028864164503004,6.209058509282538
5,8,4,5,5,8,10,5,6,4,4,9,10,9,9,7.4,2.2891046284519194,7.025219467657446,5.9929987730443814
7,9,8,10,5,6,4,9,7,9,4,7,6,10,10,7.2,2.1354156504062622,7.025326905006656,7.614934343274011
5,7,7,9,8,7,4,5,7,4,9,5,6,10,6,6.3,1.9000000000000001,7.038740916688262,6.632553701790665
4,10,9,4,6,8,6,8,6,6,6,8,9,8,7,7.2,1.0770329614269007,7.032080191689123,6.473727949380667
5,8,9,5,8,4,4,9,4,6,9,4,8,7,5,6.0,2.0,7.030315913104306,6.561768897999642
8,8,5,9,10,7,4,9,10,4,8,7,10,8,8,7.5,2.0124611797498106,7.0322700244567695,7.725809855932986
7,5,8,9,10,5,8,10,8,5,6,10,6,10,9,7.7,1.9519221295943134,7.036498931937281,7.274462241392716
6,4,8,6,7,5,9,9,8,9,4,10,7,4,4,6.9,2.3000000000000003,7.031665746546638,6.300901588914267
10,10,8,10,6,8,7,9,7,9,6,5,8,9,9,7.7,1.3453624047073711,7.020021874157527,8.42026734239975
8,5,9,6,9,7,8,10,9,6,4,9,7,10,6,7.6,1.8547236990991407,7.033114554276182,7.353171954604216
5,5,9,6,9,8,9,6,6,10,6,6,10,10,10,8.1,1.8138357147217055,7.02854180578539,6.392828257797877
9,4,6,4,8,6,6,5,8,4,8,7,7,10,8,6.9,1.6401219466856725,7.021857917102134,6.2390187430247295
10,9,8,6,9,6,5,4,9,9,6,8,9,8,5,6.9,1.8138357147217055,7.0119313892528465,8.119211541109275
10,8,7,5,9,5,10,8,10,6,10,6,6,9,4,7.4,2.154065922853802,7.018406200974326,7.8060515760401925
10,5,4,8,4,4,6,8,5,10,7,5,5,7,6,6.3,1.6763054614240211,7.0145958902115835,6.94399375574241
10,9,5,5,8,5,7,10,9,8,8,8,6,5,5,7.1,1.7,7.022918378381763,7.725011884923541
9,7,7,8,9,4,8,6,7,6,5,10,10,10,8,7.4,2.0591260281974,7.028691354553733,7.685544777114145
8,9,10,10,4,4,9,6,4,10,5,7,6,9,5,6.5,2.0615528128088303,7.014164640418687,8.095340454112666
8,9,7,9,10,8,6,4,10,6,5,5,10,4,9,6.7,2.238302928559939,7.026412424416376,8.07040195349869
9,8,4,4,4,5,6,10,9,4,5,10,5,6,5,6.5,2.1563858652847827,6.999635913835394,6.59893331869983
4,10,6,8,5,10,6,8,10,9,6,7,5,8,9,7.8,1.6613247725836149,7.005185819355934,6.80506404369209
8,6,4,6,7,4,7,4,10,7,8,9,8,8,7,7.2,1.8330302779823362,7.02798486924474,6.274268246601186
7,10,8,8,5,6,9,4,6,6,5,10,4,7,10,6.7,2.147091055358389,7.031502711507841,7.642155929257378
10,5,7,4,6,5,5,10,8,7,6,9,6,6,8,7.0,1.61245154965971,7.005579767213964,6.308604591369024
5,9,5,4,4,6,4,6,6,4,8,5,7,8,6,6.0,1.3416407864998738,7.032942547440866,5.709522683818007
8,6,4,10,5,5,7,7,7,4,4,5,6,10,5,6.0,1.7320508075688772,7.011647966340251,6.51153406704204
5,7,4,9,8,6,8,10,7,7,4,10,8,9,8,7.7,1.7349351572897471,7.035298192069836,6.126853661985815
6,9,8,5,9,6,8,10,10,4,6,5,6,5,9,6.9,2.071231517720798,7.029618589374484,7.094511132235135
8,5,5,5,5,6,7,9,5,4,9,9,9,5,5,6.8,1.9390719429665317,7.026754093752949,6.232678006022207
10,5,7,9,8,6,7,9,6,6,7,6,7,4,7,6.5,1.2041594578792296,7.023841957068224,7.60814075153825
7,10,7,4,4,8,7,7,10,8,7,5,10,6,6,7.4,1.5620499351813308,7.021130945415547,7.15409219792341
4,6,4,8,7,4,4,8,5,4,6,4,4,7,4,5.0,1.4142135623730951,7.043585891190107,5.531602156751556
8,9,4,10,6,8,6,8,10,8,9,5,10,10,9,8.3,1.6155494421403513,7.014359855523909,7.859274670615197
9,10,6,9,7,9,7,8,5,6,6,5,10,8,8,7.2,1.6,7.015958183264139,8.040210596398335
8,5,8,4,10,7,7,9,6,7,5,6,10,10,8,7.5,1.6278820596099706,7.020313936269332,6.940162959316831
5,6,7,7,6,6,4,6,7,5,8,8,7,7,7,6.5,1.2041594578792296,7.025440478287304,6.200411691566923
4,6,9,10,10,4,5,4,7,5,10,10,7,5,8,6.5,2.1563858652847827,7.049999990961538,6.71519555114252
4,5,6,4,10,4,9,7,7,6,9,8,7,4,8,6.9,1.7,7.030098271461796,5.180977947013334
5,6,7,6,8,7,4,6,6,10,4,8,4,9,4,6.2,2.1354156504062622,7.034304929581031,5.651533247245505
6,8,5,6,5,6,6,6,9,7,10,9,7,9,5,7.4,1.624807680927192,7.019285710704447,6.631608142309608
5,10,4,5,5,7,8,8,10,6,9,4,6,10,4,7.2,2.08806130178211,7.007175917815769,5.934470334669774
10,10,6,10,6,9,6,6,8,4,5,5,6,9,6,6.4,1.624807680927192,7.016997784749451,8.810249929455724
7,10,4,5,4,10,8,10,4,10,6,10,9,5,4,7.6,2.4576411454889016,7.01647195442001,6.471942558013054
8,10,5,4,10,6,4,8,10,5,9,4,5,10,6,6.7,2.238302928559939,7.033801011436478,7.270195482689293
10,7,7,5,8,9,9,7,4,5,4,6,6,10,9,6.9,2.118962010041709,7.012130173365601,8.137545996016083
7,7,8,4,7,9,5,8,4,4,6,4,5,7,9,6.1,1.9209372712298547,7.026646399682551,6.302567063054544
6,9,9,7,4,6,9,9,9,7,4,8,9,5,9,7.5,1.8027756377319946,7.032419460567224,6.795437847131718
10,4,5,6,4,9,4,10,5,4,9,10,4,4,6,6.5,2.539685019840059,7.012995040825501,6.213876167686793
8,6,9,6,8,7,10,8,10,7,7,5,6,6,4,7.0,1.8439088914585775,7.023696458555075,6.729714234130689
7,8,8,7,7,7,10,8,5,10,6,4,8,7,10,7.5,2.0124611797498106,7.027498173950583,7.205187056098487
7,7,7,8,5,8,6,5,10,7,5,9,8,8,4,7.0,1.8439088914585775,7.017264109181181,6.876719395670532
5,4,5,9,5,7,8,6,9,6,5,9,9,6,8,7.3,1.4177446878757827,7.038397783574219,6.024450115103993
8,7,7,10,10,6,7,5,10,9,7,8,8,6,4,7.0,1.7320508075688772,7.0273800686144785,8.042182455197125
10,8,9,5,8,9,9,4,8,8,10,10,9,10,10,8.7,1.7349351572897471,7.011716412677822,8.155271136321929
4,7,10,6,4,5,9,8,8,10,5,10,10,7,7,7.9,1.8138357147217055,7.043243235921784,6.683955913555692
10,9,4,8,5,5,5,7,7,7,7,9,9,10,6,7.2,1.6,7.013179067391166,7.900677795920213
7,9,9,6,4,10,5,4,6,4,4,8,5,9,6,6.1,2.071231517720798,7.017352532909909,7.271091609654783
6,5,10,5,10,10,5,7,5,4,9,7,5,5,9,6.6,2.0099751242241783,7.027168226721874,6.713641815045547
6,7,5,6,4,4,10,7,4,9,5,10,6,6,8,6.9,2.1656407827707715,7.01426850872109,6.326521372392851
6,6,8,5,7,6,9,9,9,7,8,7,10,6,10,8.1,1.445683229480096,7.03091397534457,6.731142467943321
7,8,10,9,10,6,5,7,4,10,5,7,9,8,10,7.1,2.0223748416156684,7.027038620577647,8.223817239473059
7,6,8,4,5,7,8,10,8,10,6,4,10,7,4,7.4,2.1540659228538015,7.022688035127812,6.355867538600389
5,5,6,4,8,8,6,10,4,5,8,5,9,4,4,6.3,2.147091055358389,7.020915027581035,5.810126972484075
8,5,4,4,4,4,9,7,8,8,10,10,10,8,7,8.1,1.7578395831246947,6.998282200002107,5.7305458304932895
7,7,5,4,9,4,4,9,5,7,6,7,9,5,5,6.1,1.7578395831246947,7.029911015037706,6.145095163685591
4,8,8,5,9,10,10,5,4,6,5,8,4,6,8,6.6,2.1540659228538015,7.0284861990839005,5.884624679252543
4,10,9,5,8,6,9,6,8,7,6,7,6,9,8,7.2,1.1661903789690602,7.028438462224986,6.954173496851351
10,8,7,5,5,6,5,9,5,9,9,10,6,8,10,7.7,1.9000000000000001,6.998555703577336,7.750404263749643
4,4,7,10,6,8,4,8,7,6,5,8,5,4,6,6.1,1.5132745950421556,7.048682816597807,5.531892325352608
9,6,6,5,9,8,10,5,10,9,10,8,4,10,9,8.3,2.0518284528683193,7.020345028542328,7.012314282267802
5,9,8,5,5,5,5,6,10,10,6,5,9,10,6,7.2,2.1354156504062622,7.024609104673958,6.784707900736611
5,10,7,5,4,5,9,7,8,10,7,7,8,5,5,7.1,1.6401219466856725,7.026790964644957,6.607888948218716
4,9,8,7,10,6,4,5,8,4,8,8,8,10,10,7.1,2.118962010041709,7.030385282810521,7.123251692162809
9,4,7,7,8,4,7,10,9,8,10,6,5,9,5,7.3,2.1,7.017720019481558,7.0446199785175745
7,5,7,8,9,5,4,6,6,9,6,6,6,9,7,6.4,1.4966629547095764,7.029403268994514,6.733638591085735
8,10,8,4,5,6,10,6,4,4,10,6,7,6,10,6.9,2.2113344387495983,7.019184021684734,6.786719208387745
4,9,6,9,5,6,6,8,7,5,10,6,10,5,7,7.0,1.7320508075688772,7.0191902777172555,6.712387257396593
7,8,6,5,4,10,6,5,10,9,5,7,6,8,7,7.3,1.791647286716892,7.018002388147127,6.989227802973187
8,9,4,5,5,8,6,5,9,9,10,7,7,7,4,7.2,1.7776388834631178,7.008253199512619,6.866350635651126
9,6,9,7,4,9,9,6,4,7,7,8,10,4,10,7.4,2.1071307505705477,7.013204947033559,6.869424978011142
6,8,10,7,6,5,10,9,6,5,5,6,7,9,8,7.0,1.7888543819998317,7.026753666652117,7.011827308660098
10,10,4,5,8,7,10,7,4,5,5,9,10,5,8,7.0,2.0976176963403033,7.02176616042069,7.983712624477806
9,4,7,10,7,8,10,8,6,10,9,8,4,4,7,7.4,2.0591260281974,7.028492057913894,7.57569711382665
10,5,5,8,9,7,9,10,7,7,4,7,4,8,8,7.1,1.8138357147217055,7.021231760922826,7.814760374238455
8,5,5,7,5,9,6,7,8,8,10,9,5,5,9,7.6,1.6852299546352716,7.018941500267999,6.72178189369293
6,10,4,5,8,4,6,10,10,9,5,6,8,9,4,7.1,2.2561028345356955,7.024493385881503,6.254035297950859
9,10,10,9,9,6,5,8,9,10,7,10,10,8,5,7.8,1.8867962264113207,7.021893482814326,8.984110626078365
10,6,8,6,5,9,5,7,10,8,6,6,8,6,10,7.5,1.6881943016134133,6.997787606196087,6.929993909859088
4,9,8,9,6,9,8,8,5,4,5,6,4,8,6,6.3,1.7349351572897471,7.034392650399441,6.918593513642959
7,5,4,5,7,7,6,4,4,8,9,7,8,7,7,6.7,1.5524174696260025,7.026969287698952,6.061778175454997
4,7,5,6,10,8,10,6,5,7,10,4,8,9,10,7.7,2.0518284528683193,7.040486527332334,5.999288158756955
5,5,5,8,7,6,10,7,9,10,6,10,8,9,4,7.9,1.972308292331602,7.033602767301614,6.012945447947915
7,9,7,9,8,7,7,9,6,8,10,10,5,7,10,7.9,1.7,7.029626075249462,7.690740962493077
6,9,5,6,10,4,7,7,5,5,8,10,10,7,7,7.0,1.8973665961010275,7.034689343909254,7.21206141928647
8,7,9,5,4,6,6,10,9,9,4,10,10,10,4,7.8,2.4,7.008805026548705,6.830750365117684
10,4,6,7,4,6,9,10,4,7,9,5,9,7,6,7.2,1.8867962264113207,7.013092776275161,6.525742072624143
6,8,6,10,6,8,8,6,7,4,9,9,4,8,10,7.3,1.9519221295943134,7.020336130520822,7.344755875650759
10,6,5,6,9,10,6,10,6,10,5,8,6,5,4,7.0,2.1908902300206643,7.020802914583356,7.4439024524630195
6,5,5,8,10,8,8,6,6,7,10,4,4,9,5,6.7,1.9519221295943134,7.032594229835477,6.6636604479331805
7,4,4,6,8,5,7,9,4,10,10,10,10,5,4,7.4,2.5377155080899043,7.028345859377183,5.599154618835198
6,4,10,10,10,10,4,9,5,6,6,9,5,7,8,6.9,1.9209372712298547,7.033115812344019,6.94546092571116
5,7,8,5,7,9,4,9,8,9,5,4,8,10,6,7.2,2.1354156504062622,7.030584188988425,6.39469701479235
8,8,4,5,8,7,9,9,8,7,9,6,8,5,4,7.2,1.661324772583615,7.018355636062232,6.482292332636613
9,10,8,7,4,6,7,7,6,10,5,9,5,9,9,7.3,1.7349351572897471,7.010898496663145,7.450106539518473
6,10,4,6,5,7,9,6,10,9,6,4,7,5,8,7.1,1.8138357147217055,7.008916077789408,6.441252367311368
5,8,9,5,8,5,5,10,8,10,7,9,4,5,10,7.3,2.2825424421026654,7.029526119666147,6.825674414558511
10,4,5,4,4,9,5,7,7,6,7,7,5,4,10,6.7,1.7349351572897473,7.006217604479761,6.071392977725909
9,5,4,9,9,5,10,9,10,7,6,4,6,8,6,7.1,1.972308292331602,7.01928503572974,7.344076082696777
5,9,5,5,6,6,9,7,9,7,9,7,10,7,7,7.8,1.2489995996796797,7.032349076750431,6.1132169488529255
4,7,5,4,10,6,8,7,8,8,5,5,4,10,9,7.0,1.8439088914585775,7.036463406053093,5.561149213284065
9,8,5,9,9,5,7,8,9,4,5,6,10,9,4,6.7,2.1,7.022789110868851,8.199093246470374
9,9,9,5,10,7,9,8,7,7,9,6,6,9,9,7.7,1.1874342087037917,7.015829377236178,8.252575775973003
7,6,9,9,6,9,10,10,8,5,7,9,10,5,8,8.1,1.8138357147217055,7.0206793171724895,7.0066158259394875
10,10,5,4,8,7,5,7,6,9,6,4,8,9,5,6.6,1.624807680927192,7.011719736290803,7.1648712752218655
8,4,5,8,10,7,10,4,8,8,8,5,9,6,4,6.9,1.972308292331602,7.015315308995208,6.435268196800262
6,4,10,7,5,5,7,5,7,7,8,5,6,7,10,6.7,1.4866068747318506,7.0401934854527735,5.868551757568019
4,8,5,6,5,8,6,5,6,5,7,4,4,9,9,6.3,1.7916472867168916,7.023658187130186,5.389136767224076
5,6,9,6,10,7,6,5,4,5,7,6,10,5,6,6.1,1.57797338380595,7.033040287887881,6.429331100717631
5,6,9,10,4,10,4,5,8,4,6,7,8,9,5,6.6,2.0099751242241783,7.042084161280476,6.659483289533647
6,6,5,10,4,9,4,5,5,8,8,8,8,7,6,6.8,1.5999999999999999,7.024937021809457,6.368710278868526
7,7,8,6,6,8,4,5,9,8,4,7,4,9,9,6.7,2.0999999999999996,7.024062142090163,6.587439449104404
4,9,7,8,4,4,7,9,7,5,8,9,4,6,6,6.5,1.746424919657298,7.017582411650395,6.424420216091442
6,7,10,8,5,10,5,6,5,8,10,5,7,7,10,7.3,2.0024984394500787,7.031268969622788,6.861835440407002
7,8,4,5,8,7,9,7,7,7,7,9,7,7,8,7.5,0.806225774829855,7.026290220384766,6.307529335352134
8,6,9,7,6,9,7,5,10,8,9,6,4,9,10,7.7,2.0024984394500787,7.013586234224266,7.206241424529689
10,5,9,8,6,8,7,8,4,4,9,7,7,5,4,6.3,1.7916472867168918,7.005017416721242,7.503803508700193
9,10,7,10,5,7,4,5,6,4,5,5,10,5,8,5.9,1.8138357147217055,7.015347011715204,8.395951301028926
4,6,5,4,6,9,7,4,9,8,4,9,8,7,5,7.0,1.8973665961010275,7.024712128410353,5.4367187568668705
5,10,5,9,10,9,9,4,5,10,7,4,6,6,6,6.6,2.009975124224178,7.03183431120493,7.20116655647596
6,5,8,6,5,7,6,9,10,4,10,10,10,9,6,8.1,2.0712315177207983,7.024881387967905,6.108437729121049
9,4,4,8,6,10,10,4,9,7,5,9,8,6,8,7.6,1.9595917942265424,7.021957665765468,6.651924921049594
9,5,5,4,9,5,7,9,7,5,8,9,6,4,10,7.0,1.8973665961010275,7.017077792203911,6.609385671928302
10,8,4,4,8,7,5,9,8,6,8,6,9,4,4,6.6,1.8,7.022306847636227,7.52469474454663
6,5,6,9,10,10,5,5,6,6,6,6,10,9,9,7.2,1.9390719429665317,7.0359706908161375,6.7682846970868935
7,7,7,8,4,4,5,10,5,7,5,5,8,8,10,6.7,2.1,7.011383706078813,6.5704471992024365
10,6,5,7,6,7,6,7,7,4,9,5,4,10,9,6.8,1.9899748742132402,7.008072284934895,7.431378698841686
7,10,7,5,9,10,5,10,7,5,6,6,7,10,8,7.4,1.9078784028338913,7.033665333974989,7.770683667027289
9,10,9,8,4,6,7,4,8,6,7,7,4,4,8,6.1,1.5132745950421556,7.01154617769925,8.164914294044284
8,6,8,6,6,9,6,7,8,10,8,10,4,7,5,7.4,1.9078784028338913,7.021510670352418,6.464819294402461
4,5,10,4,10,9,9,4,10,7,8,9,8,6,5,7.5,1.857417562100671,7.013547224574782,6.003003378640852
9,9,8,6,7,4,10,9,6,6,5,4,4,8,4,6.0,2.1447610589527217,7.010050501510074,7.5347217150286605
7,10,6,10,4,6,8,4,10,10,5,6,7,5,5,6.6,2.0099751242241783,7.009045219086384,7.599077715979453
5,4,6,6,5,4,8,8,10,6,4,8,10,9,7,7.4,2.0591260281974,7.031430630757631,5.190884174778601
10,8,8,5,8,9,4,4,8,5,4,5,6,10,6,6.1,2.071231517720798,7.008819710111011,7.816872307099604
7,8,8,8,7,8,6,9,9,9,8,8,9,5,9,8.0,1.3416407864998738,7.021596955505094,7.6234067092317055
10,8,9,7,5,5,6,5,4,7,4,4,8,7,8,5.8,1.5362291495737217,7.011218831709681,7.912571799262133
4,5,4,5,9,5,9,10,10,10,5,7,6,5,4,7.1,2.3,7.034942520649492,5.164759586026539
4,4,6,4,4,7,7,5,5,8,8,4,7,10,6,6.7,1.676305461424021,7.024423952343435,4.7386752232714136
6,8,8,6,7,6,7,4,10,8,8,8,6,6,4,6.7,1.7916472867168918,7.025899562267339,6.963845461542061
4,4,6,6,7,6,5,6,8,4,7,7,4,5,7,5.9,1.3,7.042410709045827,4.534775065425828
9,8,5,9,10,8,7,7,8,6,5,10,8,8,9,7.6,1.3564659966250536,7.023966238798337,8.290092692868045
8,4,10,9,6,4,5,6,9,10,8,10,10,10,9,8.1,2.1656407827707715,7.026961219993723,7.1179345767461015
7,8,7,10,8,6,9,9,9,8,8,4,7,5,4,6.9,1.9209372712298547,7.031185563385989,7.6345967781272535
9,4,5,7,7,6,9,8,9,8,10,5,4,4,6,6.9,2.071231517720798,7.013896271932248,6.895270904356486
5,7,7,8,8,10,4,4,7,5,9,4,6,9,8,6.6,2.2,7.03243711750545,6.854512174129188
5,10,4,9,9,10,10,4,4,9,8,7,5,7,6,7.0,2.1447610589527217,7.029481123785989,7.049467126457693
10,7,4,5,10,9,4,7,5,6,10,7,4,5,4,6.1,2.0223748416156684,7.026602168045218,6.793271691605913
5,8,7,6,5,4,6,5,8,10,4,5,4,7,7,6.0,1.8973665961010275,7.025112327995451,6.087226771885655
10,7,4,10,8,5,10,6,8,7,6,8,7,8,9,7.4,1.42828568570857,7.030394183578428,8.255739559859734
9,4,5,5,4,4,5,7,7,4,7,7,9,7,7,6.4,1.4966629547095764,7.0223999919744005,6.264895685695583
5,10,7,5,8,7,6,7,4,9,7,8,9,9,8,7.4,1.4966629547095764,7.029239353084971,6.363497962522911
7,10,6,5,5,4,6,10,10,4,6,5,8,9,9,7.1,2.2561028345356955,7.022123889025103,7.0526789579831615
8,10,8,9,10,9,8,8,10,10,10,6,9,4,6,8.0,1.9493588689617927,7.021217705699985,8.719079796991256
4,4,4,8,4,9,8,8,8,9,10,8,5,8,9,8.2,1.2489995996796794,7.03840578690086,5.512472494433433
10,4,6,4,5,10,6,8,10,10,7,5,9,8,7,8.0,1.6733200530681511,7.011654126551813,6.470187016900544
9,8,7,9,6,9,6,5,10,8,6,9,7,9,9,7.8,1.6,7.026333988623347,7.498847454704395
8,10,8,5,10,5,8,6,5,7,10,8,10,5,7,7.1,1.8138357147217055,7.0424187662072,7.761896518969723
9,9,4,10,5,7,6,9,7,7,9,4,7,8,10,7.4,1.624807680927192,7.0234831381758625,7.600011386807259
4,4,8,9,4,10,5,9,9,9,8,9,8,10,6,8.3,1.5524174696260022,7.034203971350493,5.610610938257696
6,6,9,6,8,4,9,10,4,10,9,8,10,5,4,7.3,2.570992026436488,7.033755270964017,6.81408818764994
5,7,4,7,5,4,8,4,6,8,4,4,4,8,5,5.5,1.746424919657298,7.0156555727229915,5.645806094267927
5,8,6,6,5,7,10,9,10,4,10,7,7,4,4,7.2,2.4000000000000004,7.0221532054750755,6.259538696606036
8,8,9,10,4,9,7,5,7,5,10,6,5,9,8,7.1,1.7578395831246945,7.035826080838412,7.992950913155645
10,6,5,9,7,10,4,6,7,5,6,10,8,5,9,7.0,2.04939015319192,7.01594004971666,7.1170245839388775
6,4,8,5,6,7,7,5,8,4,4,7,10,10,8,7.0,2.04939015319192,7.02708332875841,6.149719322594521
7,4,4,9,6,7,4,7,5,10,10,9,5,9,8,7.4,2.0591260281974,7.024085100405031,6.70488255900513
7,4,5,4,7,4,8,8,4,6,6,7,6,5,10,6.4,1.8,7.030240259295574,5.127549242165049
8,8,9,6,7,9,10,8,10,7,8,4,10,6,4,7.6,2.1999999999999997,7.0169786064986726,7.654012274480482
9,10,4,10,4,7,9,5,6,4,9,10,6,8,5,6.9,1.9209372712298547,6.986509263091891,8.335631695236623
8,9,8,5,10,10,9,6,10,5,9,8,8,4,7,7.6,1.9595917942265424,7.033530712780509,7.394557736577114
10,8,5,4,9,4,5,4,9,6,9,4,7,9,9,6.6,2.154065922853802,7.022406631719494,7.040243072971473
5,9,10,9,10,9,7,9,5,8,7,5,7,7,8,7.2,1.32664991614216,7.039786214917119,7.969050261553118
5,10,6,10,8,6,5,7,10,7,4,9,6,8,10,7.2,1.9390719429665317,7.026863078832872,7.599024320333692
5,4,9,7,5,5,7,9,5,8,6,4,6,4,5,5.9,1.57797338380595,7.023217110124231,5.711827133088744
8,10,9,6,4,6,6,6,8,5,10,4,6,5,10,6.6,1.9595917942265424,7.007947592132797,7.379849849427083
6,7,5,9,5,9,8,8,9,5,4,5,5,7,10,7.0,2.0,7.015011282722905,6.589565567574333
8,5,4,7,6,8,4,7,9,5,9,8,7,10,7,7.4,1.7435595774162693,7.0162454831430505,5.794747513887199
7,9,5,9,6,4,10,5,4,7,10,7,4,7,10,6.8,2.4000000000000004,7.0207207167676104,6.951109213807834
9,8,7,6,6,6,8,5,8,5,10,7,10,4,4,6.7,2.1470910553583886,7.016163407186431,7.270446132604411
10,6,10,4,10,7,5,7,5,7,7,7,4,5,9,6.3,1.4177446878757827,7.011249989044922,6.997117103648057
7,9,10,6,7,7,8,8,10,10,4,6,9,4,6,7.2,2.08806130178211,7.020526626558632,7.441523632477025
10,10,6,8,8,4,10,8,7,5,10,7,8,5,6,7.0,1.9493588689617927,7.009959508493961,8.398739416800156
10,8,5,6,5,6,8,5,7,8,6,8,7,4,9,6.8,1.4696938456699067,7.014714280703774,7.112933374634305
7,5,7,10,7,9,10,9,4,7,10,5,8,7,4,7.3,2.193171219946131,7.019217683095681,6.81665004435235
7,9,5,9,10,10,6,9,9,7,9,9,7,7,10,8.3,1.3453624047073711,7.026238824511583,7.667619345155323
6,5,6,6,7,4,4,9,10,7,7,9,5,6,8,6.9,2.0223748416156684,7.020089282580318,5.863835003239188
5,6,8,6,8,8,9,10,8,4,10,10,4,5,9,7.7,2.325940669922601,7.031999996690826,6.4303161668783755
5,10,9,5,9,4,9,9,10,7,6,6,9,6,6,7.2,1.8330302779823358,7.042514388634823,7.247805059896191
9,5,6,4,6,8,10,8,7,5,10,4,4,8,9,7.3,2.147091055358389,7.015721459428766,6.644571512812074
6,10,7,7,6,6,7,5,8,9,7,9,7,8,7,7.3,1.1874342087037917,7.02846865003676,7.197795794616682
8,10,9,7,6,10,6,7,5,7,10,4,10,7,9,7.5,2.0615528128088303,7.012736132228689,8.036846567186334
10,4,8,5,6,8,4,8,9,5,6,5,4,9,9,6.7,2.0024984394500787,7.005675669364254,6.342336591545236
10,6,9,8,7,6,7,4,6,10,10,8,6,8,10,7.5,1.9621416870348585,7.010485316350817,7.92940674784103
7,7,5,10,8,10,8,9,6,9,10,9,5,5,9,8.0,1.8439088914585775,7.016358204766357,7.3529411744574595
8,7,7,9,4,9,8,9,4,6,4,5,4,7,7,6.3,1.9000000000000001,7.022326120968833,7.17596508945274
4,6,6,8,8,5,4,6,5,7,5,4,4,4,8,5.2,1.32664991614216,7.0417525732865105,5.795207024196346
5,5,4,6,4,4,9,7,10,7,8,7,7,5,10,7.4,1.8547236990991407,7.043681585031163,5.225397375667027
4,6,10,5,9,10,4,9,9,5,9,5,10,10,10,8.1,2.3,7.027709604266145,6.095575470648757
9,9,6,7,7,9,7,10,6,4,6,7,8,5,9,7.1,1.8138357147217055,7.018068233052347,7.977100921546273
7,8,5,5,10,9,7,9,7,6,8,5,9,8,8,7.6,1.2806248474865698,7.030545707278141,6.874193641901453
10,8,4,10,9,8,4,8,10,7,4,10,4,8,9,7.2,2.2715633383201097,7.020126573392244,8.683540562247224
7,9,7,9,4,9,9,9,7,9,5,8,4,5,9,7.4,1.9078784028338915,7.018649727928711,7.037682049365226
9,9,6,9,6,5,4,9,5,7,7,8,8,10,5,6.8,1.8867962264113207,7.025621297617974,8.169748267280161
5,8,9,5,10,4,7,6,8,10,7,10,9,5,10,7.6,2.0591260281974,7.033223948291038,6.3446133576892
10,6,9,9,4,7,7,5,8,8,6,6,8,8,10,7.3,1.3453624047073711,7.010289703286425,7.685929948381829
5,7,7,4,6,8,8,7,6,5,4,5,9,4,7,6.3,1.676305461424021,7.028545989894037,5.615625775722055
7,7,10,10,8,9,6,4,8,9,7,4,8,9,7,7.1,1.8138357147217055,7.03384390442462,7.88586801613356
5,6,9,5,6,9,4,8,6,10,7,4,8,6,9,7.1,1.972308292331602,7.026412845314449,6.221898068388708
7,8,5,7,6,8,10,6,4,8,10,8,5,7,8,7.4,1.8547236990991407,7.017483105144646,7.3516904415074045
5,9,5,7,5,10,6,7,4,10,7,5,4,8,10,7.1,2.2561028345356955,7.012713468050147,6.269817505163795
9,8,8,7,6,9,4,10,4,5,6,4,10,6,7,6.5,2.29128784747792,7.015035584068043,7.327083414786767
7,8,4,4,5,9,5,8,10,10,10,4,9,9,6,8.0,2.0976176963403033,7.0174389157393104,6.516543383127284
9,10,10,10,5,4,10,9,10,10,10,5,8,7,7,8.0,2.0976176963403033,7.004329599155964,8.661354019948556
4,8,5,10,10,6,9,7,6,8,10,4,5,8,8,7.1,1.7578395831246947,7.044102555071663,6.770514940457729
7,10,9,10,7,7,7,5,4,8,9,7,8,4,6,6.5,1.6278820596099706,7.025422359593383,7.98351196456113
10,9,8,5,9,4,8,8,5,8,7,9,5,8,4,6.6,1.8,7.012064564985503,7.822962762548184
7,5,5,7,4,8,4,4,8,4,9,6,5,8,10,6.6,2.1540659228538015,7.030059322986119,5.516508046715679
10,9,7,8,6,6,4,4,5,6,6,8,4,10,7,6.0,1.8439088914585775,7.016967055924819,8.349407381438178
7,10,10,5,5,10,8,8,8,5,5,8,9,7,6,7.4,1.5620499351813308,7.026948982649712,7.505339905213518
7,6,7,6,6,6,4,6,10,6,7,6,10,7,5,6.7,1.8466185312619385,7.023415557106867,6.011170298239057
10,10,10,8,10,7,5,7,8,10,9,5,5,6,5,6.7,1.7349351572897473,7.013430409363383,9.343846707540273
9,5,5,6,5,7,8,8,6,7,7,4,5,6,8,6.6,1.2806248474865698,7.01801039855786,6.4711476075918855
4,6,5,4,8,10,9,4,7,5,8,10,4,7,8,7.2,2.1354156504062622,7.025817854088578,5.371596694718986
5,4,7,9,7,8,7,7,6,8,7,9,10,10,9,8.1,1.3,7.029665066965366,6.433904233804828
4,6,10,10,10,10,4,10,5,10,9,6,7,5,6,7.2,2.227105745132009,7.059333321567777,6.9127648904919345
6,5,10,7,6,8,5,9,6,7,7,10,6,8,10,7.6,1.624807680927192,7.019449651645121,6.230839075967199
6,10,7,8,6,9,6,4,6,6,9,7,10,8,10,7.5,1.91049731745428,7.020948823549595,7.245770641337317
10,9,4,5,6,6,5,7,7,6,9,5,6,5,7,6.3,1.1874342087037917,7.0056918478845045,7.267621452171821
9,9,6,8,4,5,10,6,4,4,5,9,6,8,4,6.1,2.071231517720798,7.025089089789671,7.187734176045024
5,6,5,7,9,7,10,6,6,10,4,10,10,8,10,8.1,2.118962010041709,7.036815064476704,6.48805178556057
9,6,6,7,8,7,8,7,4,6,7,6,5,5,4,5.9,1.3,7.016107379411137,7.3906864161796415
6,9,5,4,10,4,9,4,5,7,10,10,10,8,10,7.7,2.4103941586387903,7.03760415933583,6.695034607308805
5,8,4,5,5,4,10,8,8,5,9,7,5,4,5,6.5,2.0615528128088303,7.025937743794143,5.1510211506626025
7,10,8,9,7,5,5,4,4,5,5,8,7,8,9,6.0,1.7320508075688772,7.028848409501265,7.723302531509104
4,10,9,7,10,7,9,7,5,8,7,9,7,4,7,7.0,1.4832396974191326,7.0425273304465055,7.065422698909238
8,6,6,4,6,10,5,6,4,6,5,10,6,7,6,6.5,1.91049731745428,7.020193949218371,6.1769232371984115
7,4,9,8,4,8,5,8,6,10,8,4,6,9,8,7.2,1.7776388834631178,7.023499136343479,6.3354548192693185
9,4,5,5,4,7,6,10,9,10,4,7,6,10,7,7.6,1.9595917942265426,7.021028563404539,5.877751566257062
10,6,5,10,10,6,6,5,8,6,4,9,8,5,8,6.5,1.5652475842498528,7.037709128651597,7.606821741516105
8,9,7,5,4,8,6,4,6,10,4,10,4,7,6,6.5,2.1563858652847827,7.0089491477905455,6.870730124376548
6,7,9,10,9,10,5,9,8,7,10,5,9,9,6,7.8,1.8330302779823362,7.0338620641145795,7.438065888534988
5,9,9,6,10,4,10,6,9,6,7,10,5,9,10,7.6,2.1540659228538015,7.0417283892660665,7.670325042381016
6,6,4,9,9,7,5,7,8,4,4,4,8,9,9,6.5,1.9621416870348585,7.0372707211758865,6.64034572823861
9,8,6,7,5,8,4,4,5,5,6,10,10,10,7,6.9,2.3430749027719964,7.015204383342372,7.085198175185377
10,7,10,4,4,5,5,5,5,8,6,5,9,7,10,6.5,1.8027756377319946,6.995999989635554,7.016147568086662
10,9,7,9,8,5,8,9,10,4,4,10,6,4,5,6.5,2.3769728648009427,7.019899780229134,8.319275438972447
4,4,7,4,8,10,8,6,9,5,4,7,5,7,9,7.0,1.8973665961010275,7.020607367656605,5.230652550998839
8,8,5,8,8,7,9,6,8,4,4,5,10,4,6,6.3,2.0518284528683193,7.015472907706389,7.447280078707318
5,9,6,4,8,4,5,4,8,9,7,7,9,7,8,6.8,1.7776388834631178,7.021044987648009,6.618405021833061
4,7,4,10,9,6,5,8,5,6,8,4,10,6,7,6.5,1.6881943016134133,7.038633531629027,6.424764958336034
5,4,4,4,6,8,6,6,8,7,9,7,6,5,9,7.1,1.3,7.0399999911446525,5.1158058852712065
6,7,5,4,4,9,6,8,8,8,7,4,8,8,9,7.5,1.4317821063276353,7.020973148472338,5.911069064971214
4,4,6,9,9,5,5,6,6,6,8,5,6,5,8,6.0,1.0954451150103321,7.051724130562464,5.872506113734782
7,10,8,5,9,9,8,6,8,8,5,4,7,6,10,7.1,1.7578395831246945,7.03228069681945,7.47680856519774
10,4,9,7,8,4,9,10,6,4,8,6,4,7,8,6.6,2.0591260281974,7.031143338710628,7.32397589982373
9,7,6,8,7,6,9,9,6,4,6,10,8,5,9,7.2,1.9390719429665317,7.020127656587182,7.320754000013251
10,9,6,10,7,4,7,6,8,6,7,8,7,8,5,6.6,1.2806248474865698,7.029177483091621,8.093840729735094
7,10,9,8,6,9,8,7,4,9,10,5,6,5,5,6.8,1.9899748742132402,7.0241022477029205,8.082717801054267
4,5,8,6,10,6,8,5,9,5,4,9,4,9,7,6.6,1.9595917942265424,7.020105349411672,5.996931657939472
7,10,6,10,10,6,9,9,8,8,7,8,10,10,8,8.3,1.1874342087037917,7.02718339844194,8.455293361625765
5,9,5,4,4,10,4,10,8,8,10,7,7,5,8,7.7,1.9519221295943134,7.030949581440856,5.904825586653386
5,8,8,10,10,8,9,8,4,10,9,8,4,5,9,7.4,2.1071307505705477,7.043800898602896,7.631382939200234
7,4,7,4,5,10,10,6,8,9,10,7,9,7,8,8.4,1.3564659966250536,7.023302592604104,5.848373107881636
8,10,8,5,7,4,7,9,9,10,7,5,10,5,5,7.1,2.1656407827707715,7.022002467847957,7.178529032078857
7,6,10,10,10,7,7,9,8,8,4,7,10,10,8,7.8,1.6613247725836149,7.043652553403504,7.7554671801636
4,7,5,7,8,8,5,5,10,10,5,6,8,5,5,6.7,2.0024984394500787,7.041795477383,6.156365976635395
4,10,9,6,4,7,10,9,5,7,4,5,9,7,9,7.2,1.9390719429665317,7.011581560384082,6.385227695778602
8,10,8,8,10,5,4,5,7,4,4,4,6,7,6,5.2,1.1661903789690602,7.023763173541144,7.614698785197652
8,5,6,9,8,9,4,6,5,6,8,9,4,4,10,6.5,2.202271554554524,7.018518514857317,6.892469318167761
8,7,6,4,6,9,9,7,5,10,9,10,9,10,7,8.5,1.5652475842498528,7.020304841034128,6.315082942589302
6,10,10,10,9,9,6,8,8,8,9,10,8,5,6,7.7,1.4866068747318506,7.002827754495081,8.253712693704573
6,9,8,10,8,8,4,9,6,5,8,5,9,8,4,6.6,1.9078784028338913,7.031464963674225,7.942525789087749
10,5,9,9,4,6,10,4,8,7,6,5,8,4,9,6.7,1.9519221295943134,7.001157399304216,7.089529216758754
7,6,4,9,4,10,7,10,9,8,5,4,6,7,8,7.4,1.9078784028338913,7.0209359548268155,6.627647190158593
5,7,9,9,6,8,8,8,4,6,5,7,10,8,9,7.3,1.7349351572897473,7.025674895447629,7.288244529139335
10,7,5,8,4,8,6,6,4,4,9,9,4,7,9,6.6,2.0099751242241783,7.0026644404640574,7.557887715537172
6,9,8,5,7,4,8,4,10,7,4,4,8,9,8,6.6,2.244994432064365,7.020710970107825,6.721880380716572
4,6,9,9,8,10,10,8,4,8,6,5,5,8,9,7.3,2.0518284528683193,7.029407346564582,6.365075648832214
8,4,7,5,10,7,10,8,9,8,4,10,10,9,10,8.5,1.8027756377319946,7.019176876515607,6.829541404000944
7,7,7,10,4,7,8,6,9,5,9,6,10,6,10,7.6,1.7435595774162693,7.019903907330196,7.200998487794514
10,4,10,5,7,6,7,7,9,7,5,10,4,9,8,7.2,1.7776388834631176,7.021090900580495,7.3225809043112235
4,10,5,10,9,8,9,4,8,9,9,6,5,8,5,7.1,1.8138357147217055,7.036023044616681,7.238901256281025
5,7,6,7,6,10,9,4,9,8,5,6,6,9,4,7.0,2.1447610589527217,7.025761418347818,6.294723312391856
5,9,9,4,9,10,7,8,9,6,6,4,6,8,4,6.8,1.8867962264113207,7.042898265793762,6.5005667052489144
8,5,4,9,5,5,4,10,8,10,8,5,9,4,8,7.1,2.2561028345356955,7.01415999438867,6.737820055474706
7,9,10,6,5,8,5,7,4,8,6,5,7,7,5,6.2,1.32664991614216,7.018226596046287,6.845567450164719
4,7,8,7,9,7,8,7,4,6,8,5,6,9,8,6.8,1.469693845669907,7.026463556137121,6.290958961544942
6,7,8,10,4,6,7,9,5,5,4,7,4,4,7,5.8,1.6,7.0221976349393795,6.891323462335992
5,6,8,9,9,8,9,10,4,6,9,8,7,5,8,7.4,1.8,7.039307044779387,7.194702210724052
9,6,7,6,9,4,6,9,7,5,9,6,10,5,7,6.8,1.8867962264113207,7.019427399274321,7.397594143206271
10,8,5,5,6,9,8,4,7,6,8,9,5,8,8,7.2,1.6,7.006125351135242,7.292208199557852
9,4,10,6,9,6,4,10,8,8,4,4,5,9,5,6.3,2.1470910553583886,7.030665273356897,7.033392866670997
7,5,5,10,5,4,10,7,4,5,6,6,9,8,10,6.9,2.1656407827707715,7.014219469077108,6.300466243215855
4,9,9,10,9,6,5,6,10,10,7,4,4,5,8,6.5,2.1095023109728985,7.035204670134263,7.228928593318353
10,9,4,8,6,10,4,6,10,7,8,8,8,4,9,7.4,2.0591260281974,7.014273043427062,7.378805476616068
6,9,7,5,4,8,5,6,9,7,6,5,5,10,9,7.0,1.7888543819998317,7.018590181742509,6.8762289236004515
7,7,9,4,6,6,4,10,5,8,7,7,5,8,6,6.6,1.6852299546352716,7.030563794047143,7.0613193496009234
5,6,7,5,8,7,8,8,4,5,8,10,6,7,10,7.3,1.8466185312619388,7.029450657665592,5.568439170848445
7,6,6,9,6,4,6,7,5,6,7,4,10,7,8,6.4,1.7435595774162693,7.020376172404672,6.365296712531613
4,7,10,10,5,4,6,9,5,10,4,10,4,4,7,6.3,2.4103941586387903,7.056622105642015,6.917906812899821
6,9,9,6,4,8,9,5,10,5,8,7,7,8,10,7.7,1.676305461424021,7.030272591800378,6.726517208771798
9,10,5,7,8,8,6,7,10,4,5,7,8,4,6,6.5,1.8027756377319946,7.007251376376206,8.18150178732803
4,9,7,8,6,9,6,4,10,10,4,10,8,10,9,8.0,2.32379000772445,7.032004826671496,6.923886137593641
6,5,8,6,6,8,5,10,9,9,5,6,4,6,10,7.2,2.1354156504062622,7.028578020762431,6.044436509114194
10,9,5,7,6,10,8,7,10,10,8,7,4,4,9,7.7,2.1470910553583886,7.009711465862272,8.084306366830402
10,4,4,7,8,4,5,5,7,6,9,6,7,5,8,6.2,1.469693845669907,7.018113604482193,6.748264761176125
5,10,9,10,4,10,9,7,6,7,7,4,5,9,4,6.8,1.98997487421324,7.0335693951365865,7.308669271726116
4,7,8,8,7,5,7,5,6,9,4,9,7,6,5,6.3,1.6155494421403513,7.030464621420023,6.447900814518594
10,4,10,10,5,10,5,6,10,5,4,8,5,7,5,6.5,2.0615528128088303,7.018426090175765,7.720867496458998
4,8,9,10,4,9,7,5,5,7,4,10,10,8,8,7.3,2.0024984394500787,7.028033972053358,6.996861507560669
10,5,6,4,7,10,4,5,8,4,4,8,10,7,6,6.6,2.244994432064365,7.009732982765087,7.217003959369286
6,10,7,7,7,10,7,10,5,7,9,6,10,6,4,7.4,2.1071307505705477,7.022310753474946,7.39691673863617
4,8,10,6,5,9,5,4,7,7,8,4,9,4,4,6.1,2.0223748416156684,7.032738619952954,6.488736464399611
8,10,4,7,5,4,6,8,10,5,5,5,6,8,9,6.6,1.9078784028338913,7.015267169622331,7.511635084005355
10,6,10,8,9,8,6,9,4,7,4,5,4,6,5,5.8,1.6613247725836149,7.01597159980837,8.108990255361983
8,10,5,10,10,7,9,9,5,10,10,4,10,8,8,8.0,2.0,7.019974217757765,8.319119060830637
4,6,5,10,7,9,8,5,8,6,9,7,8,6,6,7.2,1.32664991614216,7.034919280344167,6.539643184041701
6,8,5,8,10,5,9,5,7,7,4,7,9,10,10,7.3,2.051828452868319,7.037732218425537,7.255755445662223
8,8,4,8,7,9,5,6,4,10,10,7,6,5,8,7.0,2.04939015319192,7.015579511042809,6.876132746571029
7,6,10,9,8,4,9,6,5,5,4,4,7,7,9,6.0,1.8439088914585775,7.026331900167586,7.5125414145186555
8,5,4,9,6,9,4,4,6,7,5,10,10,10,7,7.2,2.315167380558045,7.017836671190663,6.258584121814164
9,8,5,10,4,7,4,10,4,7,8,8,9,7,10,7.4,2.0099751242241783,7.00994093798234,7.771894113620909
10,6,9,6,8,8,9,9,7,9,4,4,4,5,4,6.3,2.1931712199461306,7.005977903179999,7.34761344893958
6,10,5,6,7,10,4,7,8,10,8,4,4,4,9,6.8,2.4413111231467406,7.018314125519519,6.88966602152312
5,9,4,4,8,7,7,7,8,10,10,5,8,7,6,7.5,1.5,7.025560074312058,5.902747277528446
8,7,9,10,4,5,4,9,8,9,5,10,6,5,8,6.9,2.0223748416156684,7.030590185344477,7.3044300857695
4,4,10,4,6,7,4,7,7,8,7,7,8,8,6,6.9,1.1357816691600546,7.0251199887598075,5.198598037031539
9,5,5,7,6,7,5,10,4,9,4,8,9,8,10,7.4,2.2,7.019830504508571,6.712919721342202
4,4,8,8,7,10,6,7,8,10,8,4,7,6,10,7.6,1.9078784028338913,7.033664116768196,5.7476051812079705
4,7,6,5,4,8,8,8,4,10,8,8,4,8,7,7.3,1.7916472867168918,7.018835610429081,5.593319973427702
9,10,6,4,10,7,4,7,9,9,9,6,8,6,7,7.2,1.5362291495737217,7.033935474794921,7.924128092382687
9,8,7,8,5,4,9,4,6,7,10,8,10,7,9,7.4,2.1071307505705477,7.016873445649192,7.4938547265642255
8,4,9,8,4,7,4,5,9,10,8,9,9,8,10,7.9,1.9209372712298547,7.024032396918062,6.749917092071077
5,10,9,8,7,9,4,7,4,7,5,9,5,6,10,6.6,2.0591260281974,7.034773514261481,7.421670960143402
7,9,7,8,8,7,4,4,9,4,6,8,4,9,5,6.0,2.0,7.029771956490808,6.840354139128818
9,8,10,4,5,10,4,4,4,9,10,8,4,8,8,6.9,2.4677925358506134,7.007339442398228,7.3225181136088535
10,10,7,4,9,10,10,6,5,4,4,4,8,10,7,6.8,2.4413111231467406,7.016894401221249,7.788349619701619
7,4,8,9,9,5,9,4,7,7,10,7,5,7,9,7.0,1.8439088914585775,7.034130888786679,6.243567095454886
7,8,7,6,4,4,9,4,6,8,7,9,8,8,8,7.1,1.7578395831246947,7.012648421779735,6.579784903837552
6,4,5,10,9,8,8,4,5,7,7,4,9,4,10,6.6,2.1071307505705477,7.042636450007583,6.184827521449917
7,5,5,9,9,8,5,7,9,6,4,6,7,4,7,6.3,1.5524174696260025,7.02858076714939,6.601492628607556
4,6,8,4,8,4,9,7,10,6,5,9,10,9,4,7.3,2.2825424421026654,7.020972881163496,5.848685413321994
5,8,6,4,9,6,7,6,9,4,6,10,7,8,9,7.2,1.7204650534085253,7.032942034458593,6.5082464620253875
6,10,6,10,4,5,5,9,8,4,6,6,8,10,8,6.9,1.8681541692269403,7.018479401247644,7.614919415185982
9,6,10,9,7,7,7,5,4,4,10,8,5,5,7,6.2,1.8330302779823362,7.01448086952563,8.026749680474094
7,7,8,6,4,6,10,4,10,5,7,7,7,10,6,7.2,2.0396078054371136,7.015732083584764,6.31967265101634
4,8,4,10,7,5,8,8,7,7,6,7,9,5,7,6.9,1.2206555615733703,7.0479792673077934,6.8288631528560835
6,4,4,5,5,7,5,4,9,9,8,7,5,8,10,7.2,1.8867962264113207,7.033631833797382,4.9815106630904005
5,6,7,9,7,10,6,10,10,4,7,4,7,7,7,7.2,2.1354156504062622,7.033284165667015,6.7894006540491265
7,6,10,10,6,4,9,6,9,5,5,10,9,6,10,7.3,2.1931712199461306,7.030876929232957,7.529648994049273
5,4,8,8,9,6,7,7,5,7,10,7,6,4,9,6.8,1.661324772583615,7.0352852800035395,6.281366349948428
4,9,5,9,4,8,8,7,7,9,8,6,8,8,10,7.9,1.0440306508910548,7.013590026032172,6.311910181036492
4,8,10,5,6,8,7,10,7,9,8,7,9,8,6,7.9,1.1357816691600546,7.02486338158027,6.728841061389406
9,8,9,9,6,7,4,9,7,6,6,7,5,9,8,6.8,1.5362291495737217,7.01848396092217,7.742205954757177
5,4,7,9,7,8,6,7,5,9,4,8,10,9,9,7.5,1.857417562100671,7.030075183164676,6.177988022162298
5,7,9,6,7,5,9,8,7,8,4,7,6,5,8,6.7,1.5524174696260025,7.032351493847645,6.445982909832709
5,5,10,10,6,7,9,7,8,6,8,6,9,8,7,7.5,1.02469507659596,7.0372689866147144,6.351171375345237
7,7,10,4,8,4,4,9,10,10,7,4,9,6,7,7.0,2.32379000772445,7.0248484795266295,6.872301896546463
5,4,5,4,10,10,6,7,6,6,4,7,8,4,6,6.4,1.6852299546352716,7.030591620446475,5.10342401903066
10,8,4,5,7,6,10,8,10,8,6,8,5,10,10,8.1,1.8138357147217055,7.013602009224516,7.7851959644313595
5,9,10,6,6,4,7,10,8,8,5,7,5,7,10,7.1,1.9209372712298547,7.0283941554537295,7.546336226223598
10,9,6,10,6,10,4,8,4,7,8,10,5,10,10,7.6,2.3748684174075834,7.037310768444068,8.189671516341019
10,8,7,7,5,6,5,6,5,7,4,6,7,4,4,5.4,1.1135528725660042,7.013372776915162,7.356742980536761
9,10,4,5,5,8,10,8,10,8,6,6,10,4,6,7.6,1.9595917942265426,6.999226511603064,7.33357284453522
10,10,5,5,7,4,7,5,4,4,7,10,8,9,10,6.8,2.3151673805580453,7.014394654895715,7.189816991915476
4,5,7,5,6,8,8,10,10,4,4,6,6,5,5,6.6,2.154065922853802,7.03421234765148,5.694868348290333
5,10,9,9,5,9,10,6,10,4,7,6,4,10,6,7.2,2.2715633383201093,7.036036029697263,7.238547323461293
8,6,4,5,4,8,6,10,10,9,10,8,4,8,6,7.9,1.9209372712298547,7.014410474223224,6.089728756995817
6,5,8,7,8,8,9,7,8,10,9,8,5,7,4,7.5,1.746424919657298,7.033958051301221,6.711796420960252
10,8,7,10,7,10,9,8,7,4,7,9,5,9,9,7.7,1.8466185312619388,7.039580313285397,8.435890988621495
9,7,5,4,9,4,4,8,6,9,4,9,9,4,5,6.2,2.181742422927143,7.01727706447669,6.862901088691321
9,4,9,7,8,5,9,5,9,8,4,9,5,5,7,6.6,1.9078784028338913,7.033494804821113,7.257172838139534
6,7,10,10,8,7,10,5,10,10,10,8,6,9,7,8.2,1.7776388834631176,7.041710422324296,7.661942802449895
8,9,5,5,9,9,7,4,4,5,4,4,6,10,8,6.1,2.1656407827707715,7.033400128902203,6.8275230815431245
9,4,4,6,6,5,6,5,8,5,9,9,9,4,8,6.8,1.8867962264113207,7.016400702999644,6.532481629475317
6,6,8,8,4,6,6,7,6,10,9,10,10,9,7,8.0,1.6733200530681511,7.019387751122795,6.420929769113611
5,9,10,5,7,4,6,8,7,6,4,10,8,8,10,7.1,2.0223748416156684,7.0292345219631684,6.682656117255171
8,6,6,7,5,4,6,10,5,6,10,10,7,7,6,7.1,2.071231517720798,7.0156333007016745,6.719906817723245
6,5,9,7,10,9,7,5,9,5,8,7,10,9,6,7.5,1.6881943016134133,7.040324853785083,6.516072662207256
5,9,5,5,6,9,10,8,5,8,4,7,6,5,8,7.0,1.8439088914585775,7.032874011133288,6.269264791274402
4,8,5,5,5,6,7,10,6,7,7,7,8,10,7,7.5,1.3601470508735443,7.02566585389373,5.99516523066665
4,9,10,10,7,6,10,4,6,8,7,10,4,8,5,6.8,2.08806130178211,7.032077755732592,7.662176723623151
6,4,9,5,9,5,5,4,10,6,4,10,4,10,4,6.2,2.5612496949731396,7.027326062843815,6.188340851789259
4,4,4,7,8,5,9,10,10,10,6,9,9,4,6,7.8,2.181742422927143,7.042647051425791,5.731300942632346
6,7,7,8,7,9,7,4,4,4,7,7,5,8,6,6.1,1.7,7.022715593753125,6.521253227556958
4,4,9,5,7,8,4,9,4,9,5,10,8,10,10,7.7,2.3259406699226015,7.030638715538288,5.746577224413785
5,6,10,4,9,4,8,5,8,9,6,10,5,8,4,6.7,2.051828452868319,7.016819564712724,6.155470475129139
6,9,10,10,8,7,7,5,7,6,5,4,4,5,7,5.7,1.1874342087037917,7.032977771526238,8.037137678775121
4,6,8,10,6,7,4,6,9,7,6,10,7,9,5,7.0,1.7888543819998317,7.034536886158139,6.437922946039711
9,8,8,4,5,8,4,5,7,9,4,8,8,9,9,7.1,1.9209372712298547,7.018194940781084,7.339254479379077
9,9,8,8,4,7,4,10,10,7,8,5,5,6,8,7.0,1.9493588689617927,7.010778010698945,7.793395704770915
5,9,10,7,7,10,10,8,7,6,9,6,4,7,9,7.6,1.8547236990991407,7.0329952623171055,7.007062515582162
5,6,4,5,7,9,10,5,4,6,5,8,7,6,8,6.8,1.8330302779823358,7.02864975529222,5.589675545112239
8,7,8,4,8,9,10,6,5,4,5,7,10,7,6,6.9,2.0223748416156684,7.021207083598448,6.802253963717078
5,8,6,5,4,5,4,9,7,4,8,6,4,6,8,6.1,1.7578395831246945,7.015147159357392,6.102171263810369
5,6,4,7,6,4,10,4,9,8,10,10,5,4,9,7.3,2.570992026436488,7.02518159381042,5.47868718706947
4,10,8,5,4,4,9,10,7,10,5,4,8,6,8,7.1,2.1656407827707715,7.026850681271199,5.838739884655659
5,8,4,7,10,5,7,7,7,9,8,6,10,10,6,7.5,1.6278820596099706,7.036672467738091,6.768487687846115
10,6,4,8,4,10,9,4,9,6,6,4,8,8,5,6.9,2.071231517720798,6.991858030279898,6.900199825167979
5,9,4,10,10,8,7,7,5,6,5,4,5,5,9,6.1,1.5132745950421556,7.018236162902488,6.853826285801536
10,7,4,6,4,7,4,9,4,5,9,9,4,4,8,6.3,2.193171219946131,6.998398391392994,6.776469452015851
9,10,5,10,4,10,4,9,6,4,7,8,7,10,7,7.2,2.039607805437114,6.983241748649393,8.043746687777103
7,8,4,4,6,6,8,10,5,9,9,4,9,6,9,7.5,1.9621416870348585,7.021444521949782,6.635100089334971
7,9,8,10,5,6,5,6,5,5,5,6,10,5,10,6.3,1.9,7.025946313127361,7.088110683348806
4,9,8,5,9,6,8,5,6,6,10,6,4,10,10,7.1,2.118962010041709,7.0431307185319465,6.607571412963943
7,7,8,10,5,4,5,9,8,9,5,7,7,8,10,7.2,1.8867962264113207,7.021006940381359,7.697024758962182
7,8,7,7,9,8,8,4,4,7,8,6,9,7,8,6.9,1.6401219466856727,7.019322870759981,7.702457591184231
9,7,6,9,5,6,8,10,5,6,10,9,5,10,4,7.3,2.238302928559939,7.0232311938589245,7.457342577707039
8,8,10,5,5,7,8,7,9,8,5,6,6,8,5,6.9,1.3,7.009904617014013,7.022764120003171
5,10,5,4,10,8,8,10,8,6,9,8,6,4,5,7.2,1.7776388834631176,7.049548182154294,6.626219007219847
8,4,10,7,7,4,8,6,5,7,5,5,8,10,4,6.2,1.8867962264113207,7.03187772413983,6.491053102853332
8,7,5,10,4,4,7,8,5,10,9,4,4,6,5,6.2,2.08806130178211,7.009640517148985,6.865723279915634
5,7,9,4,5,8,4,10,8,5,5,4,7,8,8,6.7,1.9519221295943134,7.014879994388093,5.927718574186475
10,8,5,9,7,6,10,5,5,4,4,4,6,10,7,6.1,2.1656407827707715,7.018466894063787,7.925286297245945
4,8,4,8,10,4,4,9,10,4,6,8,7,8,9,6.9,2.1656407827707715,7.031787322362234,6.6916576091192495
4,7,10,10,8,5,5,4,9,8,6,7,10,8,9,7.1,1.9209372712298547,7.038131034330687,6.993210710814231
6,4,4,5,8,9,10,8,7,8,8,7,6,10,9,8.2,1.2489995996796797,7.03476317512532,5.723151236772923
9,6,7,5,6,7,4,4,4,4,10,5,6,5,8,5.7,1.9519221295943134,7.01994961862975,6.827509961990708
8,6,10,4,10,8,7,4,7,8,4,10,9,6,8,7.1,1.8681541692269403,7.033148550961032,7.037471152277171
4,5,8,8,6,9,7,9,7,8,5,10,10,6,10,8.1,1.7,7.037853465913973,6.25656827159659
5,8,9,9,10,9,10,9,8,10,8,10,7,4,4,7.9,2.1656407827707715,7.026796274702623,7.115087958030683
4,6,7,4,5,4,7,4,8,5,5,10,5,4,5,5.7,1.9000000000000001,7.020471771676098,5.227793908529804
8,4,7,7,9,9,4,9,8,9,8,7,7,10,9,8.0,1.61245154965971,7.030755707656264,7.449216852721692
5,4,6,4,9,6,8,4,6,8,4,8,8,4,8,6.4,1.7435595774162693,7.029162350538611,5.1426573878055315
10,7,5,5,6,8,8,10,7,5,8,10,4,9,8,7.7,1.8466185312619388,7.0077294637627805,7.521331240411033
5,9,9,9,5,10,7,10,7,9,8,6,9,5,4,7.5,1.9621416870348585,7.033555550345514,7.352055947263199
5,9,5,5,7,10,4,4,4,7,10,5,8,8,6,6.6,2.244994432064365,7.031884979532341,6.447999763549534
4,8,5,8,10,8,5,8,7,9,8,4,4,9,4,6.6,2.009975124224178,7.044739243325947,6.709129668570409
8,7,5,9,8,4,7,7,7,8,9,4,6,9,6,6.7,1.676305461424021,7.020580867791395,7.163403520872506
5,6,10,9,6,4,5,9,8,6,9,9,7,5,7,6.9,1.7578395831246947,7.031359643982926,6.372807286622918
6,8,6,7,7,5,5,8,9,7,7,6,9,4,4,6.4,1.8,7.024113204896567,6.789827828123658
8,5,4,5,5,6,5,6,6,7,6,10,5,4,8,6.3,1.6155494421403513,7.019433192696816,5.834495920746054
5,5,9,4,9,9,6,9,6,10,9,7,7,9,6,7.8,1.469693845669907,7.015547018219243,5.749266459563189
6,10,5,10,7,10,10,6,5,4,4,10,8,4,8,6.9,2.4677925358506134,7.008368194972078,7.348550337226284
8,8,9,9,7,7,8,8,4,10,6,10,7,5,8,7.3,1.8466185312619388,7.028649450333343,7.640604545465146
5,10,10,4,6,8,9,8,10,6,5,10,9,10,4,7.9,2.071231517720798,7.028536276717668,7.3623218607755065
8,6,4,9,10,7,6,5,7,4,7,9,8,8,6,6.7,1.4177446878757827,7.022322225902499,7.445679653598017
8,6,9,4,6,7,10,8,6,6,9,6,4,10,8,7.4,1.8547236990991407,7.015350027607353,6.423553528827927
10,5,9,4,6,8,5,4,8,9,8,5,7,7,4,6.5,1.746424919657298,7.015837556329099,6.963837912837739
10,5,5,4,7,6,5,5,8,9,8,9,5,6,7,6.8,1.5362291495737217,7.007562182082028,6.303942962923192
10,10,8,4,5,4,10,9,7,4,6,5,6,9,5,6.5,2.0615528128088303,7.0175563380574655,7.168304428470895
5,4,7,8,6,8,4,8,5,10,4,4,8,4,5,6.0,2.1447610589527217,7.0305210874500474,5.519687537356882
4,8,10,8,9,10,9,9,5,8,6,5,9,5,4,7.0,2.0976176963403033,7.035779810058917,6.959247299342354
5,6,4,5,9,4,5,8,6,4,9,10,4,9,10,6.9,2.4269322199023193,7.026328694173077,5.860623411173255
9,5,7,8,4,6,10,4,10,8,9,4,4,5,8,6.8,2.3579652245103193,7.013409698778025,7.020238930427681
4,4,5,10,7,8,5,10,9,7,6,8,7,9,6,7.5,1.5,7.049702017819188,5.813012255252383
6,9,5,10,6,8,4,8,6,10,7,10,4,6,9,7.2,2.08806130178211,7.016418961771822,7.394847367652306
9,9,7,8,4,10,6,8,9,5,5,10,4,6,7,7.0,2.04939015319192,7.013695796962357,7.24882588731005
6,5,6,8,4,4,9,10,4,10,8,9,7,6,9,7.6,2.1540659228538015,7.031758029595617,6.4504254730835155
6,8,5,7,10,6,6,4,8,4,5,5,6,8,9,6.1,1.6401219466856725,7.038599747807555,6.444256278872463
9,5,4,9,10,6,9,6,4,6,6,8,8,10,9,7.2,1.7776388834631178,7.016762334079492,7.218490382307796
5,5,5,5,9,8,6,8,8,7,7,5,4,10,10,7.3,1.8466185312619388,7.030138031418607,5.57807324316448
4,10,8,6,7,4,8,5,5,9,10,7,5,6,9,6.8,1.98997487421324,7.039104018952843,6.313143380424872
10,6,6,7,10,10,8,6,4,10,7,6,8,6,6,7.1,1.8138357147217055,7.028024496915753,7.758486927599709
9,4,7,4,9,5,7,4,8,9,9,8,4,8,5,6.7,1.9000000000000001,7.012815527172023,6.937412053315933
6,4,9,9,8,9,10,9,10,6,5,9,5,5,4,7.2,2.2715633383201093,7.038158866341378,6.214844171796891
7,8,6,7,6,9,10,7,10,4,4,5,7,4,7,6.7,2.2825424421026654,7.019780632745919,6.268813247479417
8,10,9,6,7,9,5,4,7,8,10,4,4,4,7,6.2,2.181742422927143,7.020753547238572,7.453258502589776
7,6,7,9,10,6,9,10,4,8,8,5,6,6,7,6.9,1.7578395831246947,7.035065706669616,7.240059709063858
9,7,6,8,7,5,10,7,5,9,6,10,9,10,7,7.8,1.9390719429665317,7.019872337438355,7.7657178403317495
7,7,7,6,8,5,6,6,10,10,10,4,7,4,10,7.2,2.4413111231467406,7.023277123525195,6.7391102118193285
8,4,7,7,4,10,6,7,7,9,8,5,8,8,10,7.8,1.5362291495737217,7.016214280702703,5.933169756119329
8,5,9,5,8,6,9,5,10,10,8,8,7,6,8,7.7,1.6155494421403511,7.028901027912023,7.196445008616596
10,7,5,6,6,5,4,10,4,6,4,7,7,5,9,6.1,2.0223748416156684,7.012401211542615,6.835826667003353
4,8,8,5,7,6,6,10,4,8,8,9,10,8,9,7.8,1.8330302779823358,7.023086570249005,6.437145691578281
8,5,5,9,9,10,5,6,4,5,7,7,7,9,9,6.9,1.8681541692269403,7.032464925162012,6.758665992682558
8,5,4,4,9,10,6,7,9,10,9,8,9,7,5,8.0,1.61245154965971,7.02902891835844,6.3249847956067065
8,7,10,4,4,7,10,10,10,8,7,4,8,6,7,7.7,1.8466185312619388,7.004907298795087,6.901856076156691
9,9,8,9,6,9,5,7,5,10,10,4,6,9,8,7.3,2.1,7.031356425700908,7.927538861932649
10,5,4,6,7,8,6,4,4,10,7,4,7,5,6,6.1,1.8681541692269403,7.020736926288999,6.7788457064640495
6,8,7,7,9,5,5,5,5,8,4,6,6,9,5,5.8,1.469693845669907,7.026914845089038,6.808221149588281
6,8,4,10,9,6,10,7,6,10,5,6,4,5,8,6.7,1.9519221295943134,7.026016253815703,7.044545832073354
6,4,6,9,4,10,4,6,8,9,4,9,7,4,8,6.9,2.1656407827707715,7.028108575281867,6.305268101436088
9,6,7,10,5,9,7,9,6,5,9,6,5,5,8,6.9,1.6401219466856725,7.022733418793822,7.542885116329067
10,7,9,10,9,10,7,10,7,4,6,8,9,6,9,7.6,1.8547236990991407,7.009699992990301,8.719914656149802
9,4,8,9,10,10,9,10,10,9,4,10,4,8,4,7.8,2.5612496949731396,7.040398733430851,7.778084223731163
10,10,7,5,9,8,4,7,8,7,10,7,8,6,10,7.5,1.6881943016134133,7.021021013992973,8.38560827442924
9,9,4,9,7,10,5,4,9,4,9,6,5,6,5,6.3,2.1,7.015868022768368,7.779974471248066
6,8,10,9,4,8,8,9,7,7,9,8,9,7,9,8.1,0.8306623862918076,7.034157098822457,7.685292507674379
7,9,4,6,5,8,6,4,8,9,8,8,7,9,7,7.4,1.42828568570857,7.0085164787029415,6.504683389174677
9,7,4,4,9,9,7,7,6,8,6,7,6,10,10,7.6,1.4966629547095764,7.0228292614411405,7.003348181271028
4,5,4,10,8,8,8,7,8,6,5,8,6,10,10,7.6,1.5620499351813308,7.024489786958559,6.0356895593470465
10,8,4,9,8,6,10,6,8,5,7,7,8,8,10,7.5,1.5652475842498528,7.029390348471891,8.083469094975914
7,8,10,4,9,4,9,5,6,9,6,9,7,9,8,7.2,1.7776388834631176,7.0300777813050335,7.018027082997675
6,9,9,9,7,5,7,10,9,5,8,10,6,10,4,7.4,2.2,7.030691960362335,7.195865512419573
5,10,4,5,6,5,6,5,5,5,8,7,5,8,4,5.8,1.3266499161421599,7.017979790890928,6.354595118244177
5,4,10,10,4,7,8,10,4,10,7,8,4,8,4,7.0,2.1908902300206643,7.033512532198006,6.8453114966168
6,4,6,6,4,5,5,7,4,5,7,6,5,5,9,5.8,1.4000000000000001,7.0334887280237055,5.620732818785128
8,10,6,4,8,8,6,4,7,6,4,5,10,9,10,6.9,2.1656407827707715,7.029890448333417,7.495020701589882
10,6,10,8,10,7,7,6,8,4,9,9,10,6,8,7.4,1.6852299546352716,7.002693594834239,8.339644071208498
7,9,7,8,6,8,8,7,4,4,10,6,5,6,4,6.2,1.9390719429665317,7.020248817237132,7.195336397823743
4,5,4,10,5,10,7,6,10,5,9,6,10,8,5,7.6,1.9595917942265424,7.035989001324191,5.7699355616448385
5,10,10,6,8,8,7,4,6,10,6,8,8,4,10,7.1,2.0223748416156684,7.0372495382174405,7.238718143493993
4,8,7,6,6,6,10,4,8,9,10,8,5,8,8,7.6,1.9078784028338915,7.029319650632118,6.034105502589286
7,4,9,7,4,10,9,4,5,5,6,9,7,6,6,6.7,1.9000000000000001,7.022918378381765,5.747440742851292
5,10,6,4,8,6,5,4,10,8,5,8,8,7,10,7.1,1.972308292331602,7.0288596429571415,6.617536946293882
10,8,10,6,7,6,7,6,5,8,7,9,5,5,9,6.7,1.4866068747318506,6.995332817907167,7.910774508837852
9,7,4,7,6,6,8,6,6,5,6,4,9,10,9,6.9,1.8681541692269403,7.017154562636326,7.2772686311928405
4,5,7,7,9,8,9,6,6,7,8,8,9,6,4,7.1,1.5132745950421556,7.033355927435015,6.175867214773439
4,8,7,6,7,7,4,6,8,8,10,4,10,10,5,7.2,2.2715633383201093,7.024453690413909,5.709758068524472
9,5,9,7,8,6,8,9,5,8,9,8,5,4,6,6.8,1.7204650534085253,7.019439675803636,7.713390492422118
10,7,4,7,8,10,5,5,10,8,9,10,5,6,10,7.8,2.181742422927143,7.017913664015888,7.432803356505463
4,6,4,9,5,10,4,9,4,4,6,8,9,9,10,7.3,2.4103941586387903,7.033660444520453,5.685904916376284
9,10,4,6,7,6,9,5,7,10,7,7,4,9,10,7.4,1.9595917942265424,7.014957977298354,7.193460307881877
4,9,4,4,4,6,9,6,9,10,10,4,10,5,7,7.6,2.1540659228538015,7.019099086452075,5.649876808079992
6,8,8,4,6,7,9,4,7,9,10,8,9,6,7,7.6,1.6852299546352716,7.021375777702457,6.609599038239664
6,10,4,9,9,7,8,10,5,9,5,9,8,5,4,7.0,2.0,7.016135655687424,7.87929312291701
5,4,5,9,9,8,10,9,6,10,10,6,6,9,10,8.4,1.6852299546352716,7.046628124232534,6.540814580768986
4,5,5,4,10,7,8,8,5,8,10,8,10,5,8,7.7,1.6155494421403511,7.038865238242744,5.400241589123358
5,10,7,9,8,8,4,9,5,4,7,5,10,9,8,6.9,2.118962010041709,7.0230082369347455,6.936993841101934
10,10,10,6,5,10,8,4,4,7,7,9,8,10,6,7.3,2.051828452868319,6.9959853929489215,8.098175401431986
5,6,5,6,10,10,7,8,10,10,7,10,10,5,4,8.1,2.1656407827707715,7.036791039524782,6.569542422022326
4,7,10,7,9,8,10,7,4,10,10,6,7,8,5,7.5,2.0124611797498106,7.029441618418406,6.626483385087758
10,8,5,8,4,4,4,5,8,9,6,9,10,5,6,6.6,2.1071307505705477,7.005073080821087,7.161415526624083
7,10,4,4,5,8,7,7,9,8,6,9,5,9,8,7.6,1.2806248474865698,7.007885296286875,6.718661148135245
4,10,10,7,10,10,8,7,5,7,6,6,4,8,5,6.6,1.6852299546352716,7.0408554468424,7.224142519625559
8,7,5,7,6,5,7,9,9,7,10,9,5,7,9,7.7,1.676305461424021,7.010841833753894,6.857609212139804
8,6,6,9,10,4,8,4,9,6,5,4,4,7,7,5.8,1.7776388834631178,7.032184650824327,7.0956484590291815
5,4,6,7,4,7,9,10,10,6,4,8,7,6,9,7.6,1.8547236990991407,7.045123961119731,5.526770193891607
7,7,4,4,10,6,7,5,4,7,8,4,6,10,8,6.5,1.8027756377319946,7.034242417137127,6.64299622417224
7,5,10,8,9,4,8,6,7,10,8,7,10,6,10,7.6,1.9078784028338913,7.030275224396419,7.374671406830275
8,5,10,9,10,6,8,8,6,8,8,8,9,8,4,7.3,1.4177446878757827,7.039479159333877,7.244259123872755
4,9,7,8,9,6,6,5,7,5,8,8,10,4,4,6.3,1.8466185312619388,7.0319522422528395,7.192040943120211
7,10,5,9,7,4,4,4,4,4,4,10,9,4,6,5.3,2.1931712199461306,7.0180360674562206,7.524098979852165
10,10,10,5,4,4,7,4,9,10,8,9,9,8,4,7.2,2.227105745132009,6.993157882468142,8.044271097134237
5,5,8,10,7,10,10,4,8,7,5,6,8,4,6,6.8,2.08806130178211,7.02535410267326,6.622981642714545
9,8,10,6,5,4,5,5,8,6,9,10,10,6,9,7.2,2.1354156504062622,7.017180611587973,7.720238874407287
6,10,8,7,8,5,4,10,9,9,8,7,5,9,5,7.1,2.071231517720798,7.030125064148924,7.560240687174921
7,7,10,4,10,8,4,6,5,8,8,8,10,10,10,7.7,2.0024984394500787,7.0312757129307855,6.916112738388062
5,8,7,10,10,6,10,5,9,8,6,10,4,7,5,7.0,2.04939015319192,7.046221434933022,7.476724013348688
8,8,7,9,6,6,7,7,10,6,9,9,6,6,8,7.4,1.42828568570857,7.019407600787178,7.680302801006948
5,5,9,4,9,4,9,8,7,7,7,6,5,8,5,6.6,1.4966629547095764,7.016698649696065,6.020485622395286
4,4,9,5,6,10,4,4,8,7,10,9,4,5,5,6.6,2.3748684174075834,7.029580340809029,5.113786087299975
5,10,5,5,9,9,6,7,6,8,4,9,9,9,6,7.3,1.676305461424021,7.032859841824942,7.035750519374201
9,10,10,9,5,6,8,5,5,10,8,9,5,8,5,6.9,1.8138357147217055,7.009781349816133,8.254586189975917
6,4,8,4,10,10,8,5,9,6,6,10,9,5,9,7.7,1.9,7.009253057960699,6.0984047032309485
10,4,8,5,6,8,6,4,10,5,4,4,10,7,4,6.2,2.3151673805580453,7.006126119814299,6.487590291844129
6,4,8,10,7,4,9,7,7,7,10,8,7,9,8,7.6,1.5620499351813308,7.024187447449594,6.463715025486902
5,4,6,10,9,5,8,5,7,7,5,6,9,8,9,6.9,1.5132745950421556,7.043645825996203,6.540434477361165
9,8,8,4,7,9,4,7,8,9,8,9,7,9,5,7.5,1.6881943016134133,7.021873070226816,7.21643463672439
6,4,7,10,8,7,8,10,6,9,5,7,4,10,10,7.6,2.0591260281974,7.032035922880212,6.725221748482418
9,5,10,9,6,7,10,8,8,4,5,8,5,5,7,6.7,1.7916472867168918,7.02692619057021,7.119310232728448
6,9,10,9,7,5,9,8,8,6,10,5,6,7,6,7.0,1.61245154965971,7.04423610621928,7.217123461891305
4,8,7,5,9,10,5,10,8,7,5,7,4,5,4,6.5,2.1563858652847827,7.037526496793264,6.60166223741599
5,5,7,8,10,6,5,4,9,8,6,5,5,8,8,6.4,1.624807680927192,7.041376858025991,6.777439378997766
6,4,6,8,6,10,4,4,4,10,7,6,5,6,8,6.4,2.2,7.02641833408228,5.7502197470100205
9,9,7,5,8,9,6,6,4,8,6,5,4,10,6,6.4,1.9078784028338913,7.021205094425722,7.629557150938341
8,6,7,6,6,8,9,5,9,8,8,8,9,7,5,7.6,1.42828568570857,7.0219732676800435,6.708213008342057
8,6,5,6,5,8,7,4,7,4,9,10,10,7,9,7.5,2.0615528128088303,7.01971178228527,6.639781920516894
8,7,9,5,7,8,7,7,8,4,8,5,10,10,7,7.4,1.8,7.021762411381813,6.8506462001178425
7,5,8,4,7,5,8,10,9,8,6,5,10,6,5,7.2,1.9390719429665317,7.02947178449612,5.890156135412729
7,8,8,6,8,9,6,6,5,8,4,8,4,5,7,6.2,1.661324772583615,7.019394660685225,7.053313670329004
7,5,4,10,6,8,6,8,5,7,7,8,8,9,8,7.4,1.1135528725660042,7.021859290601459,6.7509921563979285
10,5,4,4,4,5,4,9,4,6,10,5,9,7,9,6.8,2.181742422927143,7.0135135008765515,5.9870334583858265
9,5,6,6,4,6,7,9,7,8,7,9,7,5,8,7.3,1.1874342087037917,7.00950034693209,6.2099733668885815
5,9,4,8,10,8,6,8,4,5,6,4,7,10,4,6.2,1.9390719429665317,7.040985317567103,7.149697323128217
6,10,7,4,8,6,8,5,10,6,4,10,4,6,10,6.9,2.3000000000000003,7.035527294663029,6.755691271650901
6,10,9,5,6,9,9,6,9,6,8,10,6,7,5,7.5,1.6278820596099706,7.019897204831207,7.031061550511868
10,5,10,5,9,5,7,4,4,4,10,4,8,7,5,5.8,1.9899748742132397,7.030851055519089,7.580201176616028
9,4,4,6,9,7,5,4,8,6,6,9,4,4,7,6.0,1.6733200530681511,7.031218007132838,6.978288782513964
8,10,10,10,6,8,8,7,8,10,10,8,10,6,8,8.3,1.268857754044952,7.013169157373481,8.71410948569954
10,7,5,10,5,10,4,6,4,4,10,10,7,9,8,7.2,2.4413111231467406,7.007988715218055,7.9282346928693785
4,10,8,9,9,8,8,8,10,6,5,4,9,9,5,7.2,1.9390719429665317,7.044041443477677,7.10070481898774
4,7,6,6,8,5,5,10,6,5,6,10,7,7,9,7.0,1.8973665961010275,7.028625130489461,6.189276383611148
4,4,7,10,6,7,6,6,4,5,8,8,5,8,8,6.5,1.4317821063276353,7.048261320286343,6.069429224241973
10,4,10,9,8,10,8,9,6,6,6,5,7,9,9,7.5,1.6278820596099706,7.027727847204458,7.605642711651265
6,7,8,5,9,8,4,6,10,9,9,4,8,9,9,7.6,2.0591260281974,7.024259444829285,6.604585293992906
7,8,4,5,7,7,4,10,10,8,8,6,7,8,7,7.5,1.6881943016134133,7.024415883747421,6.897613386161982
4,9,5,6,4,6,10,4,9,9,5,5,5,9,7,6.9,2.071231517720798,7.01837943970516,5.8133179255474206
8,10,7,5,4,5,4,8,7,9,4,10,9,7,7,7.0,2.0,7.011335006707528,7.506564160027277
6,10,7,7,4,7,6,8,5,6,8,9,5,10,6,7.0,1.61245154965971,7.017928566415764,6.9751153536868316
6,9,10,9,5,6,4,10,10,6,7,9,10,6,7,7.5,2.0124611797498106,7.0321543351831535,7.518687763927468
4,10,5,9,10,8,8,10,7,4,4,8,9,6,10,7.4,2.0591260281974,7.028798832085675,7.452557584325882
7,5,6,8,9,10,8,8,7,4,9,7,8,5,6,7.2,1.7204650534085253,7.031822755774509,7.308731469222732
9,6,10,10,10,8,7,5,5,8,9,4,5,10,6,6.7,1.9000000000000001,7.022020716292718,8.3760395228225
5,4,7,8,4,7,7,7,10,8,7,10,7,6,10,7.9,1.445683229480096,7.033139044934937,5.858073166455118
4,6,5,9,9,4,9,8,8,7,6,5,10,7,10,7.4,1.9078784028338913,7.0442581667692705,6.633444991774175
6,5,6,9,4,7,8,8,7,8,6,5,5,10,5,6.9,1.57797338380595,7.024628445134729,6.491265255412701
7,10,5,8,8,10,7,9,7,7,6,5,8,8,4,7.1,1.7,7.016474159868404,7.714481934879727
4,6,6,9,4,4,10,9,10,8,5,10,7,8,9,8.0,2.0,7.040155434334926,6.09660258640306
9,9,8,9,10,9,8,4,5,8,7,7,6,7,8,6.9,1.445683229480096,7.0259445784836725,8.689328208290407
9,8,10,6,5,8,7,4,5,9,8,7,9,7,8,7.2,1.5362291495737217,7.017180611587973,7.2465250441093785
7,9,10,5,8,6,5,8,9,7,6,10,8,5,6,7.0,1.61245154965971,7.030112039894877,7.159140365686724
5,7,5,10,5,9,7,4,10,10,5,6,8,8,6,7.3,1.9519221295943134,7.022484750745056,6.558722021306279
5,5,4,9,8,8,10,10,10,6,5,10,8,5,7,7.9,1.972308292331602,7.04212244323092,6.04591928717547
7,8,4,4,10,7,7,7,8,6,8,9,8,5,6,7.1,1.1357816691600546,7.039936094739152,6.719296984148526
4,9,4,5,8,10,4,4,10,6,4,6,5,5,8,6.2,2.227105745132009,7.035457341176302,5.971298281157647
6,7,4,8,10,4,10,6,5,8,4,4,4,5,5,5.5,1.91049731745428,7.037566941822826,6.335863335246058
4,9,4,4,4,4,5,4,7,5,6,5,4,6,8,5.4,1.2806248474865698,7.023063050408895,5.446207910344551
10,4,7,8,9,6,6,5,9,6,6,10,4,5,4,6.1,1.8681541692269403,7.033610643066877,6.7975000637187275
4,4,4,4,5,5,8,9,6,10,5,6,6,7,4,6.6,1.8,7.018309846798751,4.470494900210818
5,6,4,6,7,9,10,5,8,9,7,4,8,8,6,7.4,1.8,7.029232638837252,5.438265377350305
6,8,5,5,4,4,7,5,5,7,6,6,8,4,8,6.0,1.4142135623730951,7.020099426832315,5.849736037204479
4,7,9,7,8,10,10,5,7,4,7,4,9,5,5,6.6,2.244994432064365,7.0264048295913,6.618131905116407
4,4,7,7,7,9,4,6,4,5,10,7,8,7,5,6.5,1.9621416870348585,7.034746346744447,5.293157677915668
5,6,6,4,5,7,6,6,10,4,7,7,5,4,4,6.0,1.7888543819998317,7.030071937388437,4.806163406489539
7,4,5,8,9,7,8,7,7,7,6,9,4,9,6,7.0,1.4142135623730951,7.029957198980059,6.422244501135348
5,10,4,6,10,8,5,10,8,4,5,9,8,4,10,7.1,2.2561028345356955,7.034491969205225,6.646306477411383
7,9,8,9,9,10,8,5,5,8,6,8,9,8,8,7.5,1.5652475842498528,7.03422550852265,7.998854612433955
5,4,4,9,7,6,7,5,9,4,5,5,7,5,5,5.8,1.4000000000000001,7.0313218323454745,5.592675888878761
4,9,4,7,8,6,6,6,6,6,9,4,7,8,10,6.8,1.661324772583615,7.0318454875263114,6.382402333066984
10,9,6,6,9,9,6,7,8,5,9,5,7,4,4,6.4,1.8,7.013747223197522,8.213859173118506
5,8,5,10,6,7,10,10,4,10,4,5,10,4,4,6.8,2.749545416973504,7.026349426827876,6.589575987394508
7,9,10,4,6,7,4,10,10,9,6,6,7,6,5,7.0,1.9493588689617927,7.028053091125615,7.075566233943777
8,6,8,8,9,9,9,7,10,4,6,5,10,7,10,7.7,2.1,7.030157989298255,7.420737709898632
8,5,10,7,6,7,4,8,6,5,7,10,6,10,5,6.8,1.9390719429665317,7.023780106841397,7.176748366663285
7,10,4,10,6,9,9,5,9,7,6,5,7,6,6,6.9,1.5132745950421556,7.008971767128054,7.599008969344792
7,7,9,9,10,7,6,8,5,5,6,7,4,9,6,6.3,1.4177446878757824,7.02706359470429,7.755347109508419
10,4,8,6,9,4,6,4,6,7,9,10,10,4,8,6.8,2.2715633383201093,7.03023255185131,7.34793922439555
6,4,9,9,8,7,9,6,4,9,5,7,4,7,4,6.2,1.8330302779823362,7.038901256838228,6.054202463351867
6,6,6,8,9,10,5,8,5,6,7,8,7,9,4,6.9,1.8138357147217055,7.032567944220917,6.89266555284895
4,6,7,8,5,6,6,7,10,6,7,4,4,7,5,6.2,1.661324772583615,7.032171249521608,5.893664630823354
4,7,6,5,4,5,4,8,5,7,4,6,6,10,5,6.0,1.7888543819998317,7.019948624126757,5.142937602266744
8,5,9,10,5,8,9,5,8,5,6,8,6,10,7,7.2,1.5999999999999999,7.025566843607848,7.573377681371788
10,7,4,7,7,7,4,6,6,10,4,7,7,8,8,6.7,1.7349351572897471,7.019002045783317,7.5659705507044475
6,8,5,4,9,9,10,7,9,5,6,8,5,8,4,7.1,1.9209372712298547,7.037745449427094,6.373362744405168
8,8,4,8,6,6,9,9,8,7,10,9,4,4,7,7.3,2.0024984394500787,7.011179771342034,6.6279720107565705
8,6,5,5,7,4,10,6,8,4,6,7,8,7,8,6.8,1.7776388834631178,7.01794741809002,6.417670374377338
6,9,5,8,4,10,4,4,8,6,6,6,5,9,9,6.7,2.0518284528683193,7.009439313690959,6.403223089041831
4,10,6,9,7,9,6,4,10,5,6,4,5,4,8,6.1,2.071231517720798,7.0272419568297435,6.263984625947947
8,6,10,4,6,4,5,6,9,5,6,6,10,7,10,6.8,2.039607805437114,7.012388658289565,6.814038578944046
8,9,9,5,8,8,7,9,5,7,9,6,5,7,4,6.7,1.6155494421403513,7.022049127008957,7.907066029471961
10,5,5,5,6,9,9,8,4,5,7,6,7,10,5,7.0,1.8973665961010275,7.012632431122549,6.632263828910314
10,4,9,6,4,5,5,5,10,9,7,4,6,6,8,6.5,1.857417562100671,7.0034090820664,6.797106296258385
9,10,10,8,9,9,5,5,5,9,4,5,8,8,4,6.2,1.9390719429665317,7.011987697733623,8.869335346558435
9,10,9,7,8,9,5,10,7,7,6,4,7,6,8,6.9,1.7,7.02423183867023,8.345677657938884
6,6,4,6,5,6,5,5,8,4,9,5,5,6,6,5.9,1.445683229480096,7.02254840285912,5.511563771079555
9,6,4,4,5,6,7,10,8,4,6,4,10,6,5,6.6,2.0591260281974,7.003819088438371,5.630038048351243
4,10,7,10,9,10,4,7,6,9,8,5,10,10,6,7.5,2.1095023109728985,7.038690467811084,7.67521396300955
9,9,8,6,7,10,4,6,5,8,8,8,9,5,9,7.2,1.9390719429665317,7.0094444409043195,7.887995441865791
6,7,6,5,10,9,10,6,5,5,10,6,7,9,8,7.5,1.857417562100671,7.0412768602773195,6.866070634802844
4,4,10,5,7,4,9,4,6,4,7,5,8,4,4,5.5,1.8027756377319946,7.029634137768737,4.724408801549243
10,8,7,4,8,6,6,10,5,8,10,10,4,5,8,7.2,2.181742422927143,7.016056753535432,8.040881412818937
6,8,7,5,6,5,4,6,6,6,7,5,4,5,6,5.4,0.9165151389911681,7.025738582351954,6.067803366071104
7,6,8,4,7,9,9,5,8,9,9,5,10,7,7,7.8,1.661324772583615,7.024498412341865,6.76130165414904
5,10,8,7,5,6,4,10,8,10,4,4,8,7,10,7.1,2.3853720883753127,7.029627066968487,6.422270775590415
7,8,7,6,8,9,6,5,7,6,9,7,10,8,4,7.1,1.8138357147217055,7.019545976521913,6.881591222098157
7,10,4,7,6,8,9,5,8,9,4,7,6,9,9,7.4,1.7435595774162693,7.010303453062593,7.037307012866489
5,10,5,10,5,10,5,7,9,9,6,4,8,10,7,7.5,1.9621416870348585,7.013789229805168,6.872121998297041
4,6,8,5,10,6,6,8,7,7,10,4,7,10,9,7.4,1.8,7.030161573581542,5.915834827295905
6,7,4,6,6,8,7,4,6,9,7,8,7,10,5,7.1,1.7,7.022834220843405,6.536180531525535
8,6,8,4,4,4,6,5,8,7,4,9,10,10,7,7.0,2.1447610589527217,7.017492007174525,6.208758082485688
7,8,8,5,5,7,7,9,7,4,9,9,5,8,9,7.4,1.6852299546352716,7.017741931946705,7.3088822589273965
7,4,9,5,6,5,4,8,9,6,5,4,4,4,10,5.9,2.1656407827707715,7.031046671123727,6.19215731023615
4,9,6,10,8,8,7,6,8,8,9,10,5,6,4,7.1,1.7578395831246945,7.037456134177669,6.527818161543834
4,10,7,8,8,8,6,5,7,6,10,10,4,10,8,7.4,2.0591260281974,7.0320610633343055,6.973088459868176
6,10,8,5,4,7,5,4,7,9,9,5,4,10,8,6.8,2.0880613017821097,7.025577258414231,6.620326648861751
5,6,9,6,4,5,10,7,4,9,9,6,4,7,7,6.8,1.9899748742132397,7.022222217155682,5.684949746857429
8,10,10,7,6,6,10,7,10,10,4,10,9,5,9,8.0,2.1908902300206643,7.0194650765085695,8.396377491022362
4,7,8,9,6,10,9,4,10,7,6,6,8,6,6,7.2,1.8867962264113207,7.028111450756585,6.7025575339940975
9,4,9,9,4,7,5,5,7,6,4,9,10,9,5,6.7,1.9519221295943134,7.024129922245791,7.497880840183911
4,6,9,7,4,7,4,6,7,5,10,4,4,5,4,5.6,1.8547236990991407,7.041894191943777,5.5347392481785525
8,9,4,7,10,9,10,5,9,7,8,10,6,7,9,8.0,1.61245154965971,7.016003454138404,7.829753655827502
6,9,10,4,4,6,6,9,9,10,5,8,10,9,6,7.8,1.7776388834631178,7.024937018860281,6.644276223857438
8,8,9,10,10,6,7,8,8,6,8,7,5,6,4,6.5,1.284523257866513,7.027058817170082,8.162556109227063
4,9,4,8,7,6,6,5,9,9,4,4,4,9,10,6.6,2.2891046284519194,7.025913333028109,6.529635096393374
5,5,4,10,8,5,8,4,8,7,5,8,9,10,9,7.3,1.9,7.032391516617163,6.851927192848086
6,6,5,7,5,4,10,4,10,8,9,8,7,5,9,7.4,2.2,7.015745307494692,6.346951801143123
4,7,6,10,8,6,9,7,9,7,9,7,10,4,8,7.6,1.6852299546352716,7.039414409129568,6.9271174707827186
8,4,5,4,8,9,5,4,7,5,4,6,9,9,7,6.5,1.91049731745428,7.016486480165324,5.9155865982720135
6,8,7,10,10,4,4,7,6,9,8,6,7,8,4,6.3,1.7349351572897473,7.040170273188717,7.7221771275751445
9,8,8,10,9,10,10,6,10,6,10,9,10,9,8,8.8,1.5362291495737217,7.018424957638613,8.938582927274453
7,5,8,10,4,4,6,8,6,10,9,4,10,4,5,6.6,2.33238075793812,7.030897004127162,6.460239990544566
8,4,7,8,10,8,9,9,9,10,7,6,4,6,6,7.4,1.8,7.02595936265917,7.081688675186971
7,7,5,8,4,7,4,5,9,8,6,7,7,8,8,6.9,1.445683229480096,7.01452086595266,6.48240329750961
4,8,9,5,5,10,4,6,6,8,9,10,5,6,7,7.1,1.972308292331602,7.023012546424257,5.909410826173348
5,4,7,10,9,9,8,6,4,8,7,4,10,8,8,7.2,1.886796226411321,7.037758105174278,6.733347186751773
5,4,4,7,8,6,4,10,8,9,7,4,9,6,5,6.8,2.039607805437114,7.04414260862127,5.511364071639338
8,10,10,5,10,10,8,5,8,9,6,6,6,6,4,6.8,1.7776388834631178,7.035138530182445,8.151404531705289
5,9,10,7,5,4,8,4,8,10,4,4,4,10,7,6.3,2.4515301344262523,7.037737336204321,6.89492912923272
7,4,5,4,6,10,6,10,7,4,4,7,9,8,6,7.1,2.071231517720798,7.036851204985422,5.495861348308593
7,6,5,4,5,10,8,9,6,5,6,10,8,6,5,7.3,1.8466185312619388,7.023439662258366,5.539992255375851
6,5,9,8,6,5,4,10,5,7,8,7,9,7,8,7.0,1.7888543819998317,7.024605674540164,6.4241227179076965
5,4,5,4,8,9,7,7,10,9,7,5,8,8,8,7.8,1.3266499161421599,7.0299395090424,5.53723307739391
5,10,10,8,6,7,5,8,6,8,4,6,8,7,8,6.7,1.3453624047073711,7.036096712404062,7.415148491421684
4,10,9,6,4,5,5,8,10,7,7,7,8,8,4,6.9,1.7,7.011955159387353,6.012862421612025
8,10,7,5,8,5,10,6,6,5,9,4,5,4,9,6.3,2.1,7.0274846582653465,7.64421335586977
4,4,4,4,5,4,7,5,6,8,9,9,8,5,10,7.1,1.9209372712298547,7.017429565110159,4.481447845226819
6,9,7,5,4,8,4,8,4,4,6,8,10,6,10,6.8,2.227105745132009,7.018728398743105,6.552751147530728
5,8,9,4,7,8,10,4,10,8,9,9,6,7,9,8.0,1.7888543819998317,7.024576266225583,6.715513729052827
4,9,7,9,7,10,6,10,7,5,6,9,9,8,7,7.7,1.676305461424021,7.031994728747864,7.090355889234469
6,10,6,5,5,9,8,7,6,6,8,6,8,4,10,7.2,1.661324772583615,7.026285709266938,7.168792684485802
7,4,10,8,8,7,8,7,4,7,8,10,10,6,10,7.7,1.8466185312619388,7.036966458051093,7.2143612650267
4,4,6,8,7,10,7,7,9,9,4,5,10,6,10,7.7,2.1,7.044809154927629,5.58887237866689
9,5,9,6,8,8,4,8,8,7,4,4,9,6,5,6.3,1.8466185312619388,7.02592592172884,6.966093668679558
10,4,10,10,8,8,10,6,10,9,6,8,7,7,8,7.9,1.374772708486752,7.04042903128642,8.049463628195946
7,6,4,9,7,9,9,4,5,10,7,5,6,10,10,7.5,2.247220505424423,7.01693309235232,6.67561363023128
9,5,6,7,7,10,6,8,8,8,10,9,7,5,6,7.7,1.6155494421403513,7.022303918126321,7.117719059913671
9,4,5,9,7,5,7,10,5,10,5,9,8,9,9,7.7,1.9519221295943134,7.0159908133006965,6.724741426025863
6,7,8,6,6,10,5,5,9,5,9,4,9,6,6,6.8,2.08806130178211,7.026653617602092,6.812485478130457
7,4,6,8,9,5,9,9,8,10,8,8,9,9,6,8.1,1.445683229480096,7.02515224907116,6.7543414850316115
4,4,4,6,4,7,5,6,8,6,6,6,8,7,4,6.3,1.1874342087037917,7.0334855296294,5.075592142272366
7,4,8,5,8,5,5,10,6,7,8,4,4,6,6,6.1,1.7578395831246947,7.032104930023669,5.782817676490442
6,4,4,7,9,8,10,8,9,8,6,7,6,10,6,7.8,1.4696938456699067,7.032693978175504,5.803146922776153
4,10,8,6,5,4,8,5,8,9,7,7,8,8,6,7.0,1.4832396974191326,7.0199455965367665,6.796673534973567
4,5,4,6,9,5,10,6,4,4,7,7,5,7,9,6.4,1.9078784028338913,7.038398350063247,5.254692970026625
8,6,5,4,5,4,5,4,8,8,5,6,9,10,9,6.8,2.1354156504062622,7.022789355123805,5.815159782078359
8,10,6,5,5,10,7,10,5,9,10,7,4,10,6,7.8,2.181742422927143,7.022720792718863,7.5530665750712584
8,10,4,10,5,7,8,10,8,4,5,7,10,10,4,7.3,2.238302928559939,7.005502383964712,7.530331850189523
8,4,10,10,10,10,8,10,10,8,8,6,6,8,9,8.3,1.4177446878757827,7.0321428457270425,7.821029453255476
9,4,10,9,6,5,6,7,6,7,6,8,10,7,10,7.2,1.5999999999999999,7.030666659455726,7.2161623544949425
8,10,4,9,9,10,5,6,6,8,7,9,8,10,7,7.6,1.624807680927192,7.02171664216989,8.249270540174487
6,7,8,7,4,6,6,6,6,4,6,6,9,9,7,6.5,1.4317821063276353,7.009994817705854,6.460567033383688
8,6,4,8,8,10,6,6,7,10,6,6,8,4,7,7.0,1.7888543819998317,7.008390018702727,7.138795458167211
7,4,6,6,4,8,9,10,5,5,9,4,10,10,5,7.5,2.3345235059857505,7.033110610962794,5.51020309573988
4,9,5,7,4,4,5,5,10,8,10,5,10,9,4,7.0,2.4899799195977463,7.020825329154677,6.08681091297456
4,5,5,8,10,6,10,10,6,6,4,4,6,9,5,6.6,2.154065922853802,7.034358423081275,5.956901143510225
6,7,8,4,5,6,7,10,4,7,7,4,10,6,9,7.0,2.04939015319192,7.024602198883356,5.91152234445769
9,6,8,9,6,8,7,6,8,10,7,6,7,6,10,7.5,1.4317821063276353,7.013380997439539,7.3451525885177835
10,10,9,5,8,9,10,5,5,10,4,8,10,10,7,7.8,2.2715633383201097,7.022842097870694,8.335770296326624
8,10,6,9,5,7,6,8,7,8,10,8,5,7,7,7.3,1.2688577540449522,7.019394371290993,7.75978282910918
4,8,4,5,10,4,8,6,5,10,4,5,6,4,5,5.7,1.8466185312619388,7.042542143913694,6.159769948502311
8,8,9,4,10,6,9,4,6,4,7,7,5,8,9,6.5,1.746424919657298,7.039292358436408,7.546088866763622
9,7,4,4,7,10,8,10,10,10,6,4,7,8,10,8.3,2.0024984394500787,7.01860081726864,6.674257441868374
5,5,8,6,9,7,10,9,6,9,9,6,4,9,8,7.7,1.7916472867168918,7.0397740742926445,6.203168486416166
6,8,6,4,4,10,6,6,10,7,5,9,8,4,9,7.4,2.0099751242241783,7.011520370680626,6.196825995701732
7,7,8,8,10,10,4,7,9,4,9,6,9,8,9,7.5,2.0615528128088303,7.026980835304515,7.687510902182836
8,4,6,9,10,4,8,4,10,10,5,5,8,10,5,6.9,2.4269322199023193,7.028722460767645,7.3122438092946895
10,10,8,8,4,5,6,4,5,8,6,10,5,9,10,6.8,2.1354156504062622,7.0033190503176455,8.147436008338248
9,4,9,4,6,8,4,10,9,10,5,8,9,8,7,7.8,1.8867962264113207,7.0047034693203445,6.615694703893733
8,5,5,8,10,10,9,8,9,7,4,4,10,6,9,7.6,2.1540659228538015,7.029868223257784,6.638761814789833
8,8,8,10,9,7,8,6,9,6,9,10,10,4,8,7.7,1.846618531261939,7.020763255484626,7.936157705219274
6,5,7,5,5,7,10,4,6,5,10,6,5,9,4,6.6,2.2,7.024928689660622,5.90902839602878
10,4,8,8,8,9,7,8,10,5,10,8,9,4,4,7.4,2.2,7.0246723153240795,7.178269896819162
4,10,6,6,10,9,9,4,7,5,8,6,10,9,9,7.6,1.9078784028338913,7.039075136371011,6.477658438887671
7,6,10,6,8,10,4,8,8,7,5,7,7,8,5,6.9,1.7,7.036028598990083,7.143986461040635
9,10,5,6,6,5,5,10,4,5,8,10,4,6,9,6.6,2.2891046284519194,7.008043473182577,7.377271888154767
4,7,9,4,8,7,5,6,5,7,8,8,7,6,4,6.3,1.2688577540449522,7.018645552314292,5.733767514621487
5,7,4,10,6,9,9,9,4,5,7,7,4,6,9,6.9,1.972308292331602,7.030434776730407,6.06815863943319
6,7,6,10,4,10,7,8,8,10,7,9,9,9,6,8.3,1.268857754044952,7.020779215713722,6.564638683457155
4,6,6,8,5,8,6,4,5,9,4,5,10,8,5,6.4,2.0591260281974,7.034552328477576,5.5971240004784075
7,4,7,8,4,5,7,5,7,5,7,8,8,5,10,6.7,1.6155494421403513,7.017236462238438,6.0897699603013296
8,8,9,6,10,10,6,10,8,4,10,4,7,6,9,7.4,2.2449944320643644,7.020803624743484,8.05974138550975
9,7,10,7,6,7,5,10,8,6,7,7,4,5,7,6.6,1.624807680927192,7.009171593485696,7.525953266881318
10,9,7,9,6,4,6,7,9,9,4,9,5,8,9,7.0,2.0,7.028692574538023,8.171235086587503
10,10,4,8,8,6,7,4,7,8,7,7,4,8,6,6.4,1.3564659966250536,7.0195201668271325,8.070808957144633
9,10,7,9,9,4,10,8,8,7,5,5,6,7,5,6.5,1.746424919657298,7.008727563614414,7.874960840757856
5,10,8,10,6,4,6,7,9,4,5,5,5,5,8,5.8,1.6,7.024744891985762,7.168728990722701
9,5,5,8,8,9,6,6,5,6,9,4,4,10,6,6.5,2.0124611797498106,7.015105382309654,7.1337863957614855
8,6,5,7,6,5,7,9,5,8,7,9,8,6,8,7.2,1.4000000000000001,7.019566176618165,6.732725096640826
4,9,8,5,9,6,8,7,8,5,6,4,8,6,4,6.2,1.4696938456699067,7.0438800940517226,6.652652367801359
10,6,4,10,6,6,10,6,4,4,7,9,10,8,8,7.2,2.08806130178211,7.011288597432068,7.796649849974207
6,7,9,7,6,10,6,10,5,5,9,6,7,4,6,6.8,2.039607805437114,7.0245299115279805,6.307952580086039
4,5,5,10,9,8,5,5,5,7,8,7,4,6,6,6.1,1.3,7.032239147676156,5.939015249910352
8,8,5,6,6,10,5,10,5,4,7,9,9,9,8,7.6,2.1071307505705477,7.017295304959847,7.236524435594248
7,9,7,8,5,4,6,6,7,10,4,8,4,4,7,6.0,1.9493588689617927,7.020230654963849,7.129765180266062
10,6,5,4,5,8,9,6,5,10,9,8,6,9,7,7.7,1.5524174696260025,7.005759675267373,6.690295009778518
4,7,7,8,5,10,8,8,6,6,4,4,8,5,7,6.6,1.8547236990991407,7.027373970089461,6.30704575981747
5,4,7,4,7,6,4,7,10,9,9,8,6,9,10,7.8,1.8867962264113207,7.032719659386847,5.279370342729911
4,7,4,10,7,6,4,9,5,9,6,5,7,9,6,6.6,1.7435595774162693,7.033862952300041,6.071633202607784
9,4,5,8,9,9,9,6,5,4,10,9,8,7,6,7.3,1.9000000000000001,7.018114748345809,6.801614360737483
9,4,8,5,9,9,10,4,6,9,7,8,6,9,5,7.3,1.9,7.026968168319122,6.518969213604496
5,7,10,8,10,4,8,6,9,8,5,6,8,6,6,6.6,1.4966629547095764,7.040232968601937,7.061762274121545
6,7,8,4,10,8,6,5,8,9,10,8,5,5,5,6.9,1.8138357147217055,7.031954017600034,6.641002431926112
4,5,9,10,6,9,9,10,10,6,6,7,10,10,6,8.3,1.7349351572897473,7.029743582533595,6.248730174137627
4,8,10,10,9,5,7,10,5,4,10,9,8,4,9,7.1,2.3,7.04081631754998,7.275248622794276
9,8,9,4,8,9,5,6,8,6,6,10,8,8,4,7.0,1.7888543819998317,7.026715861972903,7.312416288072038
8,5,6,10,5,5,6,5,5,10,7,4,6,9,8,6.5,1.857417562100671,7.0145995697983015,6.813664910695725
6,8,10,9,6,8,5,4,4,6,6,5,5,5,7,5.5,1.2041594578792296,7.032449490509815,7.527525514178313
8,8,5,5,9,4,5,10,4,9,8,8,4,9,8,6.9,2.2561028345356955,7.017700176389103,7.044600284364171
7,4,7,7,10,8,8,6,9,6,4,4,7,6,4,6.2,1.7204650534085253,7.0365090354405355,6.522299748507053
10,9,10,6,9,6,7,4,4,4,4,5,9,9,6,5.8,1.8867962264113207,7.005486535191008,8.735414826356045
9,8,8,8,4,6,6,7,10,5,10,6,6,4,10,7.0,2.0976176963403033,7.0180975867707875,7.419180857052279
6,6,8,7,4,4,10,10,4,6,4,6,10,7,7,6.8,2.3579652245103193,7.015980494574225,6.356093064662913
7,5,6,6,7,8,5,4,9,4,5,10,5,10,8,6.8,2.3151673805580453,7.02085836608547,6.072481558427636
4,6,7,9,9,5,6,4,5,6,5,9,6,7,6,5.9,1.3,7.033884887025979,6.518132357082909
10,4,7,10,9,8,10,6,5,7,7,6,5,7,9,7.0,1.5491933384829668,7.033333324714052,7.498010842991389
4,10,8,4,5,6,6,10,6,7,4,5,8,8,5,6.5,1.6881943016134133,7.02670024303942,6.05821273162353
8,10,7,8,8,4,10,10,10,10,5,6,9,5,5,7.4,2.4576411454889016,7.012715513462969,7.89746792684399
10,7,7,9,5,9,7,8,8,6,9,10,10,6,7,8.0,1.4142135623730951,7.013806701503086,7.669087972010678
7,6,6,5,4,6,9,9,4,7,9,9,7,10,5,7.5,1.91049731745428,7.025361441550986,5.549160570765031
10,4,6,7,5,10,5,4,10,9,7,7,5,10,8,7.5,2.1563858652847827,7.02294263755366,6.9201896993705105
4,4,10,8,6,8,9,5,9,6,7,10,10,9,4,7.7,2.0024984394500787,7.038949664071173,5.847611670247527
7,5,4,10,8,10,8,9,6,7,10,6,9,7,7,7.9,1.445683229480096,7.024957404578399,6.846056612960161
6,6,10,5,4,5,5,4,4,10,6,5,7,5,7,5.8,1.7204650534085253,7.0191818118007445,5.952559032559706
5,10,10,5,9,5,7,6,5,8,8,7,6,7,6,6.5,1.02469507659596,7.0397874769305915,6.809287583865097
8,6,9,7,6,4,5,6,7,10,10,4,10,7,8,7.1,2.2561028345356955,7.013850901184891,6.954633795047812
6,8,7,4,7,8,5,9,5,10,4,10,8,6,8,7.3,2.0518284528683193,7.02526370937486,5.997002941490233
4,7,5,10,7,9,5,7,10,4,9,8,6,9,6,7.3,1.9,7.041323642420236,6.337166927518761
9,9,8,10,10,6,4,6,6,8,4,7,7,6,9,6.3,1.4866068747318506,7.025210963053574,8.946479759006603
4,6,8,9,9,5,4,10,5,4,4,8,6,8,9,6.3,2.147091055358389,7.037958878826757,6.305065272299236
4,9,9,4,9,10,5,5,7,9,10,9,8,8,9,8.0,1.7320508075688772,7.041901400185563,6.378605708408841
6,5,8,6,6,8,7,10,10,8,8,10,9,10,9,8.9,1.0440306508910548,7.0277931638837545,6.311647439443812
5,10,8,6,9,8,8,9,5,6,5,8,4,4,7,6.4,1.7435595774162693,7.034632347768652,7.466651565018459
5,10,8,7,4,5,9,7,7,4,5,6,10,9,5,6.7,1.9519221295943134,7.0171548058433855,6.645965911943758
9,5,4,10,10,7,8,7,5,4,10,5,6,9,9,7.0,1.8973665961010275,7.021282788598713,7.068725596848825
7,6,6,8,5,8,8,7,5,9,4,6,7,5,4,6.3,1.676305461424021,7.013353897305706,6.005439722995081
5,10,8,4,6,5,4,10,5,5,10,9,7,5,5,6.5,2.202271554554524,7.029174140907384,6.3650460502050175
6,10,5,10,5,7,7,8,8,9,7,10,6,9,4,7.5,1.6278820596099706,7.01337265780396,7.5975745841314914
8,7,4,9,7,7,8,5,7,7,8,8,6,9,8,7.3,1.1,7.0132119747426795,7.350916302942516
7,5,5,5,7,8,8,9,5,7,7,8,10,10,9,8.1,1.445683229480096,7.016427780035047,6.467991098298171
10,4,10,5,6,6,8,9,9,6,9,7,6,6,4,7.0,1.61245154965971,6.996915158101652,7.126190458585202
10,4,6,4,5,6,6,5,7,8,4,6,5,5,9,6.1,1.445683229480096,7.014035078929782,6.1962232833908075
10,9,8,5,7,8,8,10,7,10,9,6,5,4,7,7.4,1.9078784028338913,7.0043262361671434,7.254666745385985
9,7,4,7,9,6,9,8,9,6,9,8,6,4,10,7.5,1.8027756377319946,7.022125079339527,7.73217966741753
9,5,6,5,4,7,9,8,4,5,4,4,4,8,5,5.8,1.886796226411321,7.00261223918154,5.761595124701235
7,6,10,8,9,7,4,8,8,7,10,6,5,5,9,6.9,1.8138357147217055,7.030650150445413,7.923492267905098
6,10,6,5,10,4,6,10,5,10,9,4,6,8,4,6.6,2.33238075793812,7.047239812626934,6.884035425110698
8,9,4,4,6,6,7,5,10,4,9,8,9,10,4,7.2,2.227105745132009,7.013539816802175,6.537968002456296
10,6,7,8,9,5,5,6,9,9,8,10,6,8,4,7.0,1.9493588689617927,7.030726252619037,7.670863443422497
6,7,10,8,9,4,9,10,6,10,7,5,10,6,10,7.7,2.238302928559939,7.029364085393169,7.397979962660391
4,7,10,8,7,6,4,5,10,10,10,6,10,4,4,6.9,2.6248809496813377,7.0261834267557814,6.212368811355502
6,5,4,6,6,9,9,6,6,4,9,10,10,6,5,7.4,2.1071307505705477,7.0247625034675325,5.534675902309524
10,10,8,10,7,4,4,6,6,6,10,10,5,4,7,6.2,2.1354156504062622,7.008714126451951,8.907288622315953
4,6,8,4,10,5,5,10,9,4,10,7,4,5,6,6.5,2.247220505424423,7.020987646441091,6.148947459234416
10,7,10,6,9,4,4,6,7,7,4,10,6,9,4,6.1,2.071231517720798,7.01943710904183,7.586104389730114
6,6,10,4,10,6,5,9,6,10,4,8,7,4,6,6.5,1.91049731745428,7.019668500530753,6.6138436356322385
4,4,4,8,5,9,9,6,7,4,9,9,8,5,8,7.4,1.7435595774162693,7.039426514887185,5.143938131312759
10,8,6,8,7,5,9,5,4,9,9,5,6,5,5,6.2,1.8867962264113207,7.022001072069929,7.912288026266312
9,4,10,7,10,7,7,4,4,6,7,8,4,4,7,5.8,1.5362291495737217,7.039018396271144,7.020778390575226
9,7,10,6,4,7,6,7,10,5,9,8,9,5,10,7.6,1.8,7.011196575204105,7.533340869159711
7,6,4,5,6,10,5,9,5,4,10,9,5,4,7,6.8,2.3579652245103193,7.029383013421267,5.9202531440828
8,10,4,7,9,10,8,8,5,8,4,7,5,6,9,7.0,1.8439088914585775,7.013837005930528,7.535422555603178
7,8,10,8,7,10,8,8,5,9,9,8,8,6,9,8.0,1.4142135623730951,7.0273865378052225,7.721334412370711
10,9,4,10,6,4,10,5,5,6,10,6,4,7,5,6.2,2.08806130178211,7.027845027811327,8.338090354747475
10,8,8,8,9,9,10,8,10,4,5,9,4,7,9,7.5,2.247220505424423,7.014908849599668,8.339761868064858
10,10,5,9,4,5,10,8,9,5,4,7,9,4,4,6.5,2.247220505424423,6.980662973783616,8.032917646492896
4,4,4,4,7,6,4,10,9,7,8,6,4,9,10,7.3,2.1470910553583886,7.048759113797432,4.862555542295141
8,9,7,9,5,10,10,5,6,7,5,7,5,8,7,7.0,1.7888543819998317,7.032279905737991,7.6857239750619275
10,6,8,5,7,5,10,7,6,7,9,7,5,7,8,7.1,1.5132745950421556,7.014990626474085,7.594586262494354
6,10,5,10,10,4,6,9,10,5,10,10,7,7,7,7.5,2.0615528128088303,7.010193539341687,8.08051565317873
9,6,9,10,5,6,9,4,8,9,8,10,9,5,4,7.2,2.1354156504062622,7.025019602333319,7.334454388065975
10,7,10,9,6,4,6,9,7,4,9,7,6,10,10,7.2,2.1354156504062622,7.013321941064627,8.311058536845055
5,9,10,7,8,9,9,5,9,5,7,10,7,10,10,8.1,1.8681541692269403,7.030014219751057,7.776141870128084
7,10,7,8,7,4,6,5,10,4,8,4,7,8,4,6.0,2.04939015319192,7.022067590943306,7.440441698635043
8,10,8,9,9,9,6,5,9,8,10,6,10,4,9,7.6,2.0591260281974,7.013646363159469,8.65140112546967
8,5,6,5,8,7,7,6,7,5,10,6,6,7,6,6.7,1.2688577540449522,7.019882412068481,5.751266589638983
6,9,6,8,9,4,8,9,8,10,9,7,5,5,7,7.2,1.8867962264113207,7.027234923582519,7.095488132663934
6,6,5,6,10,10,7,6,5,8,7,10,10,8,9,8.0,1.6733200530681511,7.030193543851489,7.166574332652033
8,4,4,4,8,8,10,5,9,8,6,6,5,6,7,7.0,1.61245154965971,7.032229572812108,6.111803940940531
4,5,8,10,9,9,5,9,10,8,7,5,8,8,8,7.7,1.5524174696260025,7.036154642595453,6.683747519863638
10,8,8,6,6,8,8,5,6,8,10,10,7,5,4,7.1,1.972308292331602,7.011160960734065,8.17709984102691
6,7,5,8,10,6,7,10,8,5,5,8,10,7,5,7.1,1.8138357147217055,7.039192542211677,6.648583778620749
8,6,8,9,8,9,10,10,6,7,10,8,10,7,9,8.6,1.42828568570857,7.0255514673595885,8.037165560339881
10,4,9,9,8,10,7,10,4,8,6,8,4,8,8,7.3,2.0024984394500787,7.013547045487542,7.4811775138864665
7,6,5,5,4,6,4,8,9,10,8,5,8,6,5,6.9,1.8681541692269403,7.018379845460601,5.916172635419285
5,5,6,6,7,9,10,9,9,4,9,7,6,4,5,7.2,2.181742422927143,7.029999996449493,5.36620013861997
10,4,5,7,4,7,4,6,5,6,6,5,9,8,6,6.2,1.4,7.0209467372533165,6.365143594511776
9,5,5,6,8,9,10,5,6,8,10,5,4,4,9,7.0,2.32379000772445,7.01361193611128,7.065404621963736
4,5,4,10,7,4,7,6,6,5,7,6,5,8,6,6.0,1.0954451150103321,7.028811516171894,5.669020330443683
7,8,5,10,6,9,6,8,8,6,8,5,6,6,4,6.6,1.4966629547095764,7.020389527072193,7.339455328536207
5,4,9,7,4,9,6,10,4,8,9,9,8,5,4,7.2,2.1354156504062622,7.022674411799734,5.602675721847645
8,7,6,7,9,6,4,8,8,10,5,9,9,8,4,7.1,2.0712315177207983,7.021102090123409,7.370158727770343
10,5,9,10,9,9,10,10,6,6,4,5,6,4,4,6.4,2.2891046284519194,7.020872633230103,8.182787028556502
5,7,8,5,5,8,9,8,9,5,5,5,4,4,8,6.5,1.9621416870348585,7.030091008515306,5.758876079329265
10,6,7,5,8,6,10,9,9,5,9,7,5,10,9,7.9,1.8681541692269403,7.0167182619091495,7.176080139201921
4,7,6,9,5,8,9,4,8,8,8,7,7,9,5,7.3,1.5524174696260025,7.029724133082949,6.118308286420406
8,7,8,8,10,9,9,9,10,4,8,6,10,5,5,7.5,2.1563858652847827,7.030141454281757,7.6626788656217295
9,6,7,5,6,8,5,8,5,9,4,10,10,5,10,7.4,2.2891046284519194,7.019093195456376,6.340494957660064
5,4,8,4,10,5,6,10,4,10,9,4,10,4,10,7.2,2.6758176320519307,7.004469978282925,5.830165895742223
8,9,6,5,10,5,7,5,8,10,6,4,8,9,8,7.0,1.8439088914585775,7.031961787632646,7.55481140441259
9,5,6,7,10,7,10,4,5,4,6,4,8,8,5,6.1,1.972308292331602,7.034086092424781,6.618919732974917
4,4,5,5,5,5,5,9,10,6,9,9,9,4,7,7.3,2.0518284528683193,7.036872138085762,5.1039922481420925
10,6,7,4,9,10,4,5,6,9,4,10,8,10,9,7.5,2.3769728648009427,6.996959159863636,7.156056119621449
8,10,10,6,4,10,4,8,4,4,9,4,5,10,8,6.6,2.4979991993593593,7.0143013023861345,7.597885311765057
7,6,9,4,6,6,7,10,9,8,5,8,6,9,8,7.6,1.4966629547095764,7.024556027541605,6.4043447664595075
4,4,10,7,10,10,5,9,5,9,7,6,7,10,10,7.8,1.9390719429665317,7.048868767648765,6.3570029345223515
8,7,4,6,9,10,4,10,5,7,5,9,5,4,5,6.4,2.2891046284519194,7.01882352506574,6.825778164492494
7,8,4,9,7,9,9,7,10,6,8,7,4,8,5,7.3,1.7916472867168918,7.0141100661509865,7.375589777357629
10,10,7,7,7,7,8,10,10,7,10,5,9,7,4,7.7,2.0024984394500787,7.012429373578795,8.355972646616717
9,10,6,8,8,8,8,8,7,5,7,7,10,9,8,7.7,1.268857754044952,7.01696428123918,8.480903258877486
4,5,6,10,4,5,6,5,10,7,4,5,8,4,6,6.0,1.7888543819998317,7.0286924854374195,6.018188237419037
4,7,5,10,5,6,4,10,6,4,7,4,7,10,8,6.6,2.1540659228538015,7.025809429208314,6.113083764898323
6,5,4,5,5,8,6,9,9,4,10,7,8,10,8,7.9,1.7578395831246947,7.036073418167537,5.533058683520998
8,10,10,4,9,8,6,8,9,5,6,4,5,6,10,6.7,1.8466185312619388,7.031335821434037,7.904890272681979
5,5,7,10,5,6,7,5,5,9,5,8,9,10,8,7.2,1.7776388834631178,7.042359456023469,5.778061533261882
10,5,8,4,10,9,4,10,9,4,9,4,8,10,10,7.7,2.4919871588754225,7.001280400766606,7.061938795056241
6,4,7,4,5,9,7,9,4,10,6,8,7,6,6,7.2,1.7204650534085253,7.035941524474683,5.218493628416695
7,4,7,6,4,8,9,5,7,9,8,5,8,8,6,7.3,1.4177446878757827,7.026221259320242,6.0634639322924375
10,10,9,5,7,10,9,8,9,5,6,5,5,6,9,7.2,1.8867962264113207,7.0087128643478085,8.22362362183383
9,9,8,7,9,5,4,9,10,10,8,6,10,6,9,7.7,2.1470910553583886,7.018957613391201,8.515622129010717
8,9,5,6,8,4,4,4,4,7,6,5,6,10,6,5.6,1.8,7.016144196961266,7.402843442179611
6,7,5,8,7,6,4,4,7,9,6,8,9,10,7,7.0,1.9493588689617927,7.024777256247442,6.113494685358668
9,10,4,7,6,10,4,10,6,4,9,5,4,4,7,6.3,2.4103941586387903,7.013017745551126,7.053489127729922
5,5,7,9,4,5,9,8,8,8,6,8,6,9,9,7.6,1.3564659966250536,7.042421869498108,6.133960005250235
6,7,7,10,5,4,8,7,9,5,5,9,4,10,5,6.6,2.154065922853802,7.021731547343559,6.4466484371227635
6,4,5,7,5,5,10,4,10,4,4,7,4,4,4,5.6,2.3748684174075834,7.04031921787625,4.930212368549438
5,8,5,9,5,9,8,9,8,7,7,5,10,10,9,8.2,1.4696938456699067,7.023633965093066,6.523209684285611
9,6,5,4,9,8,7,7,9,5,4,6,5,10,10,7.1,2.0223748416156684,7.012706264841,6.243258425775263
9,7,6,5,10,6,5,5,4,7,8,5,4,10,6,6.0,1.7888543819998317,7.014946614224234,6.904389937200056
4,7,6,9,4,9,10,9,7,9,5,6,5,9,8,7.7,1.7349351572897471,7.026289511625381,6.34741763009647
5,10,8,8,6,10,9,8,9,7,6,8,4,7,5,7.3,1.7916472867168916,7.028065735127643,7.085316903571429
10,4,7,4,10,9,6,6,9,4,10,10,8,9,6,7.7,1.9519221295943134,6.995454534855372,7.381608828594151
9,8,6,5,4,4,10,4,10,5,4,7,6,7,10,6.7,2.4103941586387903,7.0040873805468085,6.692645102610736
8,7,6,5,4,4,4,7,5,4,7,7,6,5,8,5.7,1.4177446878757827,7.012186375739435,6.4229998702653734
7,5,9,8,9,7,6,8,6,6,9,5,4,5,8,6.4,1.4966629547095764,7.0307736679960895,6.854344713559522
8,7,9,8,6,9,5,4,5,5,5,7,7,5,4,5.6,1.4966629547095764,7.0252786415402255,7.1624119621450495
7,8,4,8,9,10,4,4,4,9,9,6,5,10,10,7.1,2.5865034312755126,7.0285012241839695,7.039032699068103
6,5,5,8,5,5,6,4,8,8,6,10,8,7,5,6.7,1.7349351572897471,7.020305160199351,6.108309609283185
8,6,5,9,9,8,9,9,10,10,7,5,7,5,5,7.5,1.91049731745428,7.0257023269422,7.5118768950658765
4,8,5,9,10,10,8,9,6,8,10,4,7,10,4,7.6,2.1999999999999997,7.0481940071742075,7.347781827432999
6,6,10,10,4,5,10,8,4,4,9,10,4,9,9,7.2,2.4819347291981715,7.032304292136379,6.911237052459064
6,6,5,8,7,5,9,5,9,9,10,10,5,4,7,7.3,2.238302928559939,7.0187002621491175,6.5709811538401155
6,6,7,6,5,8,8,5,4,10,10,7,6,10,5,7.3,2.1470910553583886,7.021101729444203,5.88200491805471
5,7,9,6,9,6,8,8,10,7,7,6,10,8,7,7.7,1.3453624047073711,7.02811032451402,6.961056985859403
6,8,6,5,4,7,8,10,8,4,9,7,6,10,5,7.4,1.9078784028338913,7.01170547072895,6.221499744525191
10,4,4,4,10,5,8,9,10,10,6,4,7,4,10,7.3,2.3259406699226015,7.0171738977887514,5.963993257187558
9,10,9,10,10,6,4,8,5,8,7,8,6,10,6,6.8,1.661324772583615,7.018711645676824,8.720673356734514
6,9,6,8,6,7,7,5,4,5,8,4,7,6,8,6.1,1.445683229480096,7.019681090196043,6.375279464115828
4,7,7,5,5,5,10,9,9,7,10,4,9,4,6,7.3,2.2825424421026654,7.028225801728345,5.497687406540069
6,10,10,7,4,7,7,8,8,10,4,9,9,5,4,7.1,2.0223748416156684,7.013951113020417,7.341224392751337
9,4,4,6,6,9,8,8,8,4,7,10,5,5,8,7.2,1.8330302779823362,7.016046093070879,6.214463082208968
8,4,10,10,4,6,4,9,9,10,7,8,6,8,6,7.3,1.7349351572897473,7.050242314943067,7.2147831376642735
6,6,8,8,5,5,6,5,5,4,10,6,7,7,6,6.1,1.57797338380595,7.020416663416479,5.800253675870667
7,4,10,4,8,10,4,7,8,7,4,5,5,5,4,5.9,1.9209372712298547,7.028848216330627,6.329973151386456
8,5,7,5,10,5,10,5,4,8,7,4,4,6,5,5.8,1.8867962264113207,7.022498220707949,6.6381806723362775
7,9,4,5,8,9,8,9,6,8,5,9,5,5,7,7.1,1.6401219466856727,7.0251037295815335,6.518000774686286
5,9,5,4,9,8,8,6,4,5,5,9,6,8,7,6.6,1.5620499351813308,7.0368667851436495,6.307506813274543
8,8,6,9,6,8,7,7,8,9,5,7,9,6,6,7.2,1.2489995996796797,7.016029140703083,8.06610796199896
6,4,5,8,8,7,5,7,6,10,6,8,10,5,8,7.2,1.7204650534085253,7.032845316974637,6.511926430664556
5,8,5,9,4,10,9,10,9,9,10,10,4,10,9,9.0,1.7320508075688772,7.010670972505521,7.1333224545576535
4,10,4,5,10,7,8,9,5,10,9,7,10,7,7,7.9,1.5132745950421556,7.023302739406785,6.5572766374812606
5,7,10,8,8,7,7,5,4,6,4,6,8,10,7,6.4,1.7435595774162693,7.0316582870404165,7.15852154262857
7,7,4,7,5,8,8,10,6,5,7,9,10,10,8,8.1,1.6401219466856727,7.023055551653854,6.911703196372103
6,5,10,7,8,4,7,5,7,9,9,8,4,8,5,6.6,1.8547236990991407,7.032709109218035,6.3379271604934395
5,8,5,8,9,6,9,4,9,5,5,9,8,9,8,7.2,1.8867962264113207,7.031753550336634,7.10991299719267
5,10,8,6,10,9,8,6,7,7,8,8,10,10,6,7.9,1.374772708486752,7.0368230983422135,7.684142682919348
4,5,6,4,5,7,6,10,10,5,9,10,7,8,4,7.6,2.0591260281974,7.01887754385829,4.919776600004228
6,6,10,9,6,10,5,9,4,6,9,6,6,8,6,6.9,1.8681541692269403,7.027127314761915,6.966315730253347
9,7,10,8,10,10,4,5,10,8,5,6,7,9,8,7.2,2.039607805437114,7.015958363385986,8.518366233619235
4,8,8,9,8,6,8,7,4,10,4,9,4,10,10,7.2,2.4413111231467406,7.041606788346437,6.845523234526292
6,9,8,9,7,7,5,7,7,6,4,8,10,9,5,6.8,1.7776388834631178,7.028664004472252,7.653402802044599
9,5,6,4,5,10,8,6,6,5,8,5,5,4,8,6.5,1.8027756377319946,7.007275661271403,6.067365451235684
5,5,8,9,9,4,10,4,10,9,4,7,6,6,7,6.7,2.238302928559939,7.04211956043334,6.271452083274912
10,8,6,8,8,10,10,5,8,8,8,4,8,8,10,7.9,1.9209372712298547,7.022209365516359,7.840293807931722
8,6,10,6,7,8,6,7,9,10,5,7,8,5,5,7.0,1.6733200530681511,7.0218459819651375,7.04711089036067
10,7,7,7,9,7,7,7,10,10,9,7,9,4,6,7.6,1.8,7.0265282543099605,8.060903816613482
5,5,7,7,4,9,6,8,4,5,7,8,5,10,6,6.8,1.8330302779823362,7.034242016599572,5.240753091208767
5,4,10,4,8,5,7,7,9,9,10,6,7,4,8,7.2,1.7776388834631178,6.99587627964449,6.272473078215026
9,10,6,5,7,6,6,5,6,10,8,4,5,8,9,6.7,1.8466185312619385,7.015100899780725,7.830368266560313
10,7,6,10,5,6,10,7,9,7,8,4,7,10,8,7.6,1.7435595774162693,7.012289556386963,8.031886984477808
10,7,7,8,4,5,6,4,10,10,4,5,4,8,4,6.0,2.32379000772445,7.009889345083065,7.538251071740908
10,7,9,5,9,4,4,8,9,6,7,9,4,5,10,6.6,2.2,7.018001645732449,7.518979121571414
6,10,8,5,8,5,8,6,4,8,7,6,6,8,9,6.7,1.4866068747318506,7.033885345838288,6.7633997606318585
4,7,5,6,10,10,5,9,6,5,6,10,6,6,7,7.0,1.8439088914585775,7.041094694143274,6.212320219605116
4,4,8,4,5,5,7,5,10,10,7,7,7,10,10,7.8,1.9390719429665317,7.0163954855864885,5.3849040081180775
8,4,10,6,10,8,7,9,9,6,4,7,4,4,6,6.4,1.8547236990991407,7.036806334046649,6.795654624179304
9,5,6,6,8,4,10,4,10,10,9,10,4,5,7,7.3,2.6476404589747453,7.020520995736033,6.627599974401649
7,8,5,5,8,7,4,6,5,6,6,4,8,4,9,5.9,1.6401219466856725,7.022665317000164,6.418627575493476
7,10,8,5,7,8,10,5,8,4,4,6,4,10,9,6.8,2.3579652245103193,7.025852778560233,7.3736810299779
5,7,7,8,8,4,7,7,6,8,8,7,9,5,10,7.1,1.7,7.032220291833385,6.832097121543336
8,7,7,5,6,10,10,9,7,10,9,5,8,7,4,7.9,2.0223748416156684,7.015762270880378,7.3371723038506325
8,9,5,5,4,10,5,5,5,8,9,6,10,4,10,7.2,2.315167380558045,7.014980386654919,6.876576503422035
8,10,5,4,9,7,9,5,10,8,5,9,7,4,5,6.9,1.972308292331602,7.04259634174179,7.0802496978918095
9,10,8,7,4,10,10,8,8,6,8,6,4,7,6,7.3,1.7916472867168918,7.010898496663144,7.781616710535216
7,9,9,6,6,5,9,10,5,10,7,8,9,5,9,7.7,1.9519221295943134,7.014220412892728,7.096311917275144
10,6,6,10,5,6,7,5,8,9,8,9,5,7,4,6.8,1.6613247725836149,7.013286707156217,7.864312509299721
6,5,5,8,5,5,8,4,7,8,7,9,5,7,8,6.8,1.5362291495737217,7.0202464747533755,5.715403743904883
5,6,5,7,10,5,10,8,8,10,10,4,6,7,7,7.5,2.0124611797498106,7.035704220397392,6.234781923212311
6,10,4,6,5,4,9,7,10,4,7,7,8,4,10,7.0,2.23606797749979,7.009003490376744,6.709003876467972
7,10,6,7,10,9,7,9,6,4,4,4,10,10,8,7.1,2.3430749027719964,7.035828483258845,8.098461530793971
4,9,4,9,8,4,8,10,6,5,8,7,4,5,8,6.5,1.91049731745428,7.040793482155857,7.295562355109086
9,8,6,8,7,9,10,9,7,5,6,8,9,9,8,8.0,1.4832396974191326,7.012665486755223,7.491378154228033
8,7,10,10,9,9,6,9,8,4,9,8,4,9,9,7.5,1.9621416870348585,7.027019976518664,8.33764382217944
9,9,8,9,8,8,7,7,5,7,6,5,7,4,10,6.6,1.624807680927192,7.019831726550585,8.253999081024647
8,5,5,8,10,8,7,4,10,5,8,7,5,7,5,6.6,1.7435595774162693,7.030600287678918,6.892027882256245
7,6,4,5,8,7,10,4,6,10,4,8,7,6,10,7.2,2.181742422927143,7.021296291962164,6.151258226299254
4,5,6,7,8,6,8,8,6,8,8,7,4,9,5,6.9,1.5132745950421556,7.046752446662526,5.453006518885743
6,10,5,8,4,6,5,6,6,4,10,10,6,6,4,6.3,2.0024984394500787,7.0150481128477296,7.212327224852194
10,10,9,7,10,8,10,9,5,6,4,6,10,4,5,6.7,2.238302928559939,7.017951950672628,8.173747824949851
5,7,8,9,6,7,10,8,7,4,6,8,10,5,10,7.5,2.0124611797498106,7.031632133890028,6.7390560116129805
7,4,5,4,7,9,8,6,7,4,7,10,8,9,6,7.4,1.6852299546352716,7.02941175888201,6.101552639696096
9,6,6,4,8,4,6,6,9,8,7,6,10,10,6,7.2,1.8867962264113207,7.0128617318245245,6.8430745235644075
8,9,6,4,4,6,4,6,10,6,8,10,6,9,9,7.4,1.9595917942265426,7.016248913555534,6.595259625270891
4,7,9,8,8,10,6,9,8,4,9,10,9,7,8,8.0,1.7888543819998317,7.031105554633913,6.60467676631371
7,5,7,9,4,9,4,7,10,10,6,8,9,6,8,7.7,1.8466185312619388,7.019187945632491,6.833455920091952
7,4,9,10,9,10,7,9,10,4,8,10,10,4,6,7.8,2.3151673805580453,7.024459718050629,7.179022862840351
6,4,8,7,10,10,6,7,7,5,5,7,9,6,4,6.6,1.7435595774162693,7.037986264654473,6.396710881569681
9,4,10,5,6,10,10,7,9,4,5,4,7,6,7,6.9,2.118962010041709,7.014211610981107,6.835313184701348
5,9,5,5,6,10,10,8,9,9,9,8,8,6,9,8.6,1.1135528725660044,7.031824142367573,6.718461767583689
6,6,10,6,5,7,8,7,5,9,8,8,6,7,6,7.1,1.1357816691600546,7.017980451454082,6.3195855098596825
8,8,6,10,7,6,7,5,7,5,6,5,9,5,5,6.0,1.2649110640673518,7.0204225314082205,7.2463642369634975
4,9,10,7,9,8,8,10,6,7,5,9,8,7,9,7.7,1.4177446878757827,7.0387896755567585,6.935336445744492
7,7,8,4,7,5,7,10,9,4,9,9,5,7,5,7.0,2.04939015319192,7.02619047263111,6.8940882641867995
6,9,10,8,9,5,4,10,9,7,10,6,8,10,5,7.4,2.1999999999999997,7.03055555041626,7.768647071502252
6,6,7,6,4,5,5,5,8,6,4,6,8,7,4,5.8,1.4,7.019282267263371,5.538667137732452
6,7,9,6,8,4,7,9,5,8,7,6,6,9,7,6.8,1.5362291495737217,7.03017591022545,6.561357075848141
10,8,8,9,5,8,9,9,9,4,4,5,8,6,6,6.8,1.9390719429665317,7.01579319616445,8.314963759191402
10,8,8,5,9,5,6,9,5,5,7,4,8,8,4,6.1,1.7,7.0229166614412835,7.752850854141888
10,8,7,9,10,9,8,6,6,8,10,10,7,8,5,7.7,1.6155494421403513,7.028196140956045,8.15694642685624
8,8,5,10,7,9,5,4,9,9,6,9,7,8,5,7.1,1.8681541692269403,7.017127067515577,7.346912276837753
9,6,4,7,6,6,10,6,7,7,7,7,10,5,7,7.2,1.5362291495737217,7.0113333290840405,7.141971987565624
7,10,6,10,6,6,6,10,9,8,6,6,10,5,9,7.5,1.8027756377319946,7.02079645499941,7.693943285751962
7,5,7,10,7,6,4,6,8,8,9,9,7,5,8,7.0,1.61245154965971,7.019387751122795,7.49404625650212
6,4,6,8,7,4,4,7,5,5,9,6,4,4,10,5.8,2.0880613017821097,7.027608691832819,6.395841020832972
9,7,5,10,9,4,4,10,8,5,6,8,5,7,4,6.1,1.972308292331602,7.028219390279631,8.09018465658314
6,5,7,6,6,6,5,7,4,7,10,7,8,7,8,6.9,1.57797338380595,7.025888096347299,6.131945680695589
8,8,4,8,10,9,8,10,10,7,5,7,7,5,4,7.2,1.9899748742132397,7.026623891718825,7.790093262444047
9,6,8,4,7,6,9,4,7,4,6,10,4,6,4,6.0,2.04939015319192,7.019962448673366,6.684576563915129
9,8,6,7,10,8,7,6,9,7,8,10,4,7,4,7.0,1.8439088914585775,7.019999995598747,7.801337621890144
6,7,10,10,9,4,7,6,6,7,6,5,4,7,9,6.1,1.445683229480096,7.039267009564338,7.194655855271563
6,8,8,4,7,8,10,7,7,4,8,4,9,10,6,7.3,2.051828452868319,7.026659288148972,6.532592967917417
4,5,8,7,9,7,4,10,9,9,10,5,7,9,10,8.0,2.04939015319192,7.032494603139833,5.882016172636961
4,9,9,9,4,6,4,4,5,6,9,10,5,9,9,6.7,2.1931712199461306,7.032447389775806,6.69852597917209
5,10,10,4,10,7,8,10,9,4,9,5,10,9,10,8.1,2.022374841615669,7.052733673628336,7.013753312263658
6,10,8,4,10,4,4,5,4,6,6,8,10,6,5,5.8,1.8330302779823362,7.053446319713622,6.813887828552339
4,5,6,4,8,9,6,8,10,7,7,5,8,6,8,7.4,1.42828568570857,7.020747990186331,4.75089984778942
10,8,10,4,9,4,8,6,5,4,8,7,6,5,9,6.2,1.661324772583615,7.015012713721359,7.602018203738452
10,9,6,8,9,6,8,10,5,7,4,8,5,4,10,6.7,2.147091055358389,7.005965692016429,8.068014307929909
8,10,10,6,10,5,9,8,5,7,10,5,8,5,4,6.6,1.9595917942265424,7.022050708906226,8.065876748349764
6,9,10,4,7,4,10,9,6,10,9,10,6,7,4,7.5,2.29128784747792,7.020105349411672,7.259100601135948
5,7,7,8,6,6,5,7,8,6,10,9,6,9,10,7.6,1.7435595774162693,7.024495054995919,6.540861499582214
8,9,5,9,4,10,9,4,7,9,4,4,9,7,5,6.8,2.2715633383201093,7.016826150704283,7.539287335838313
5,8,10,10,8,10,6,4,6,7,5,8,10,10,5,7.1,2.1656407827707715,7.043942127446707,7.701088534057556
9,8,8,7,4,7,5,10,8,4,5,9,9,7,10,7.4,2.0591260281974,7.010377354357091,7.810081000827738
10,7,8,6,7,10,5,8,7,5,7,9,8,4,8,7.1,1.8138357147217055,7.010214768459821,7.398327543276001
8,10,8,4,9,4,10,6,9,10,9,9,8,4,6,7.5,2.202271554554524,7.037769777843733,7.371293062123088
5,7,7,7,8,6,6,10,7,8,8,10,9,8,8,8.0,1.3416407864998738,7.035222499145587,6.655556622618309
4,8,8,9,6,7,8,4,10,6,7,7,9,8,6,7.2,1.6,7.033481008206657,6.441088987677019
4,7,5,7,8,10,4,10,6,10,5,6,4,4,4,6.3,2.5317977802344322,7.042033289511278,5.863074680896835
4,10,4,4,6,7,10,7,5,6,8,9,5,10,8,7.5,1.746424919657298,7.014353301239192,5.75101384175098
7,6,10,10,9,10,8,5,6,9,8,7,7,5,9,7.4,1.624807680927192,7.018229160574452,7.424887393674539
5,9,8,6,6,9,10,8,5,9,9,7,5,8,8,7.8,1.5999999999999999,7.02795030692135,6.880248807769604
9,8,4,8,7,7,10,4,4,9,6,7,6,9,10,7.2,2.1354156504062622,7.004376895438069,7.939727024599539
9,8,4,8,6,7,8,10,7,5,6,7,6,10,9,7.5,1.6278820596099706,7.013375389896922,7.381713240767378
5,6,10,5,10,7,4,6,8,8,7,8,10,8,6,7.2,1.5362291495737217,7.031892996880766,6.624097223472643
8,7,8,4,8,10,7,6,7,8,10,7,9,7,5,7.6,1.5620499351813308,7.020819486699438,7.0291844552953275
5,6,7,10,8,7,5,6,5,10,6,7,6,8,9,6.9,1.57797338380595,7.032055306705179,6.749083672094147
8,6,7,9,10,7,10,5,9,4,9,7,10,10,9,8.0,2.04939015319192,7.034893878255373,8.056515069354548
8,8,9,10,5,9,8,6,9,5,10,5,8,9,9,7.8,1.7204650534085253,7.034675136274947,7.866555673056191
5,4,6,7,8,8,7,4,4,6,5,7,5,7,8,6.1,1.445683229480096,7.034376914036602,4.884737229148487
10,8,4,10,10,6,8,5,10,6,9,10,7,7,6,7.4,1.6852299546352716,7.026100617883491,8.157711730899322
8,6,4,6,4,8,6,8,6,8,4,6,8,9,5,6.8,1.5362291495737217,7.018972027952403,6.2208174322149965
8,4,5,10,7,10,10,10,5,6,6,7,8,6,5,7.3,1.9519221295943134,7.025505044591327,6.821946886973424
8,9,7,8,7,5,10,5,8,4,6,10,4,8,10,7.0,2.3664319132398464,7.022535208270365,7.625411325587278
5,7,4,7,8,9,6,7,6,6,6,10,10,6,9,7.5,1.6881943016134133,7.037121208020328,6.164903661502012
9,9,6,10,7,6,8,6,9,8,6,6,8,6,9,7.2,1.2489995996796797,7.020557486396823,8.24007352824398
9,7,10,9,10,10,5,6,7,8,9,6,6,8,4,6.9,1.7578395831246945,7.027409631498585,8.812261493826684
7,8,7,10,8,9,9,5,10,10,5,6,8,7,6,7.5,1.857417562100671,7.030876285035633,7.6520990199402625
8,6,9,4,8,5,6,8,9,9,9,9,10,7,4,7.6,1.9078784028338913,7.022608121217163,7.4365845451184915
