user_id,product_id,action,timestamp
1,22,view,2025-01-06 17:59:00
1,22,view,2025-01-07 19:56:00
1,1,view,2025-01-26 09:49:00
1,13,add_to_cart,2025-02-07 05:02:00
1,16,click,2025-02-11 08:56:00
1,16,add_to_cart,2025-02-20 05:29:00
1,9,view,2025-02-23 00:27:00
1,30,click,2025-03-07 14:23:00
2,14,view,2025-01-08 14:50:00
2,30,click,2025-01-12 11:59:00
2,21,view,2025-01-29 00:08:00
2,2,view,2025-02-06 10:32:00
2,9,add_to_cart,2025-02-16 07:09:00
2,18,view,2025-02-22 21:23:00
2,15,view,2025-03-01 08:44:00
2,4,view,2025-03-02 11:48:00
3,14,view,2025-01-05 05:03:00
3,28,click,2025-01-17 09:58:00
3,18,view,2025-01-18 09:10:00
3,4,click,2025-01-27 19:28:00
3,24,click,2025-02-11 02:54:00
3,10,view,2025-02-19 12:49:00
3,5,view,2025-02-21 09:38:00
3,24,view,2025-02-26 04:09:00
4,20,add_to_cart,2025-01-05 21:36:00
4,7,view,2025-01-07 00:35:00
4,28,view,2025-01-31 03:17:00
4,29,view,2025-02-03 03:34:00
4,19,click,2025-02-11 00:32:00
4,3,view,2025-02-23 14:09:00
4,3,click,2025-03-03 16:38:00
4,11,view,2025-03-03 19:36:00
5,16,view,2025-01-01 07:11:00
5,9,view,2025-01-01 23:26:00
5,23,view,2025-01-03 22:55:00
5,15,view,2025-01-27 01:29:00
5,14,add_to_cart,2025-02-07 18:21:00
5,5,view,2025-02-09 22:31:00
5,20,view,2025-02-23 20:39:00
5,28,view,2025-03-01 13:00:00
6,19,click,2025-01-04 21:15:00
6,22,view,2025-01-05 18:44:00
6,18,click,2025-01-13 09:50:00
6,16,view,2025-01-28 06:28:00
6,8,view,2025-02-11 09:38:00
6,14,add_to_cart,2025-02-14 14:37:00
6,3,add_to_cart,2025-02-19 09:41:00
6,24,view,2025-02-28 17:19:00
7,19,view,2025-01-04 05:59:00
7,20,click,2025-01-06 00:09:00
7,29,view,2025-01-06 10:39:00
7,27,view,2025-01-27 07:16:00
7,27,click,2025-01-28 14:00:00
7,8,view,2025-02-18 08:51:00
7,9,click,2025-02-22 15:19:00
7,16,view,2025-03-05 17:34:00
8,9,view,2025-01-04 03:33:00
8,22,click,2025-01-04 10:47:00
8,11,view,2025-01-14 13:46:00
8,24,view,2025-01-19 16:14:00
8,23,view,2025-01-26 19:54:00
8,26,view,2025-02-17 05:32:00
8,21,view,2025-03-10 09:22:00
8,22,view,2025-03-10 12:37:00
9,25,view,2025-01-25 00:45:00
9,11,click,2025-02-11 10:35:00
9,25,view,2025-02-14 11:24:00
9,13,view,2025-02-17 05:15:00
9,30,view,2025-02-21 09:28:00
9,2,view,2025-02-22 20:19:00
9,11,click,2025-02-25 15:33:00
9,25,view,2025-03-02 00:01:00
10,13,view,2025-01-21 07:16:00
10,23,view,2025-01-22 08:11:00
10,6,view,2025-01-26 20:26:00
10,9,click,2025-02-04 18:15:00
10,15,view,2025-02-07 12:04:00
10,27,add_to_cart,2025-02-12 06:48:00
10,24,click,2025-02-12 08:33:00
10,11,click,2025-03-07 00:33:00
11,28,view,2025-01-14 09:02:00
11,9,view,2025-01-23 03:20:00
11,27,view,2025-02-04 18:18:00
11,20,click,2025-02-07 12:48:00
11,23,view,2025-02-14 22:21:00
11,12,view,2025-02-18 23:47:00
11,4,click,2025-03-04 15:45:00
11,22,click,2025-03-09 22:59:00
12,22,click,2025-01-28 06:04:00
12,8,view,2025-02-05 23:49:00
12,4,view,2025-02-11 01:27:00
12,19,view,2025-02-16 07:38:00
12,5,click,2025-02-17 02:27:00
12,4,view,2025-03-01 18:21:00
12,21,view,2025-03-03 09:22:00
12,25,click,2025-03-09 14:15:00
13,29,view,2025-01-02 03:30:00
13,14,click,2025-01-13 19:31:00
13,19,view,2025-01-14 23:35:00
13,14,add_to_cart,2025-01-15 15:49:00
13,10,view,2025-02-06 02:52:00
13,11,view,2025-02-09 06:12:00
13,25,view,2025-02-21 21:23:00
13,17,view,2025-03-09 22:29:00
14,30,click,2025-01-18 16:37:00
14,24,view,2025-01-25 15:45:00
14,27,click,2025-01-30 16:06:00
14,15,view,2025-01-30 20:30:00
14,23,click,2025-02-09 23:56:00
14,13,view,2025-02-11 17:15:00
14,19,click,2025-02-14 15:48:00
14,11,view,2025-03-07 02:57:00
15,4,click,2025-01-06 10:31:00
15,13,view,2025-01-06 21:32:00
15,1,view,2025-01-10 20:55:00
15,13,view,2025-01-15 06:44:00
15,2,view,2025-01-17 05:02:00
15,5,view,2025-01-25 05:55:00
15,16,view,2025-01-27 04:10:00
15,23,click,2025-03-03 01:02:00
16,12,click,2025-02-05 02:41:00
16,3,view,2025-02-14 22:31:00
16,7,view,2025-02-16 11:47:00
16,29,click,2025-02-20 22:55:00
16,24,click,2025-03-01 21:25:00
16,25,view,2025-03-02 11:48:00
16,19,click,2025-03-03 05:56:00
16,24,view,2025-03-07 12:02:00
17,2,click,2025-01-03 12:13:00
17,3,click,2025-01-06 01:26:00
17,9,click,2025-01-10 01:23:00
17,12,view,2025-01-11 13:18:00
17,17,click,2025-01-15 15:55:00
17,20,add_to_cart,2025-01-18 12:27:00
17,24,view,2025-01-27 22:13:00
17,25,view,2025-03-10 00:58:00
18,5,add_to_cart,2025-01-01 02:21:00
18,22,view,2025-01-08 17:39:00
18,4,click,2025-01-24 13:00:00
18,12,view,2025-01-26 15:41:00
18,7,view,2025-02-04 05:46:00
18,2,view,2025-02-11 01:04:00
18,15,view,2025-02-18 14:39:00
18,10,view,2025-03-09 07:05:00
19,22,view,2025-01-13 10:15:00
19,19,click,2025-01-23 09:15:00
19,16,view,2025-01-23 17:37:00
19,27,click,2025-01-23 18:31:00
19,6,add_to_cart,2025-02-13 02:09:00
19,1,view,2025-02-17 18:20:00
19,7,view,2025-03-04 05:54:00
19,23,add_to_cart,2025-03-07 11:19:00
20,14,click,2025-01-07 01:35:00
20,5,view,2025-01-08 16:48:00
20,7,view,2025-01-14 09:54:00
20,2,view,2025-01-26 19:20:00
20,24,click,2025-01-31 12:34:00
20,27,view,2025-02-13 06:09:00
20,17,view,2025-02-20 03:42:00
20,25,view,2025-02-26 08:23:00
21,16,click,2025-01-09 18:50:00
21,12,view,2025-01-15 13:39:00
21,28,view,2025-02-04 08:04:00
21,9,view,2025-02-06 18:38:00
21,24,view,2025-02-14 19:00:00
21,7,click,2025-02-16 10:31:00
21,29,view,2025-02-26 13:45:00
21,14,view,2025-03-01 00:32:00
22,19,view,2025-01-05 01:29:00
22,29,click,2025-01-15 07:13:00
22,17,view,2025-01-18 03:10:00
22,5,view,2025-01-18 06:09:00
22,18,click,2025-02-07 21:57:00
22,29,click,2025-02-13 01:40:00
22,27,view,2025-02-21 00:22:00
22,15,view,2025-03-01 09:59:00
23,26,click,2025-01-03 02:05:00
23,10,view,2025-01-05 06:12:00
23,8,view,2025-01-18 07:50:00
23,10,view,2025-02-03 15:27:00
23,16,view,2025-02-09 05:26:00
23,20,click,2025-02-11 14:19:00
23,27,click,2025-02-14 22:05:00
23,21,click,2025-03-01 06:02:00
24,22,click,2025-01-03 23:41:00
24,13,add_to_cart,2025-01-05 02:16:00
24,17,view,2025-01-15 08:37:00
24,8,view,2025-01-22 11:27:00
24,6,add_to_cart,2025-01-23 11:31:00
24,22,view,2025-01-25 03:00:00
24,3,view,2025-01-31 02:20:00
24,30,click,2025-02-07 03:08:00
25,20,view,2025-01-07 21:50:00
25,7,view,2025-01-21 22:03:00
25,23,add_to_cart,2025-01-24 23:03:00
25,19,click,2025-01-31 06:40:00
25,28,view,2025-02-15 20:33:00
25,7,view,2025-02-18 20:28:00
25,5,view,2025-02-21 16:21:00
25,6,view,2025-03-02 10:21:00
26,27,view,2025-01-15 02:27:00
26,8,view,2025-01-15 23:44:00
26,27,view,2025-01-23 17:02:00
26,18,view,2025-01-30 09:33:00
26,10,view,2025-01-30 13:41:00
26,1,click,2025-03-03 00:49:00
26,22,view,2025-03-03 06:56:00
26,15,view,2025-03-05 06:22:00
27,13,view,2025-01-10 11:11:00
27,11,click,2025-01-12 20:35:00
27,18,click,2025-01-16 06:51:00
27,24,click,2025-01-24 15:38:00
27,3,click,2025-02-05 06:52:00
27,13,view,2025-02-05 08:21:00
27,4,view,2025-02-09 08:56:00
27,10,view,2025-03-01 15:31:00
28,20,click,2025-01-10 12:44:00
28,25,view,2025-01-14 12:02:00
28,6,click,2025-01-22 00:24:00
28,20,view,2025-01-29 18:08:00
28,11,view,2025-02-12 06:41:00
28,8,click,2025-02-17 15:59:00
28,28,click,2025-02-26 17:46:00
28,26,click,2025-03-02 21:31:00
29,13,view,2025-01-10 02:45:00
29,25,click,2025-01-15 13:26:00
29,18,view,2025-01-16 11:39:00
29,12,view,2025-02-03 18:42:00
29,2,click,2025-02-06 08:51:00
29,25,view,2025-02-07 04:33:00
29,12,view,2025-03-02 01:09:00
29,3,view,2025-03-03 08:17:00
30,12,view,2025-01-05 02:02:00
30,20,view,2025-01-05 11:24:00
30,6,view,2025-01-07 17:37:00
30,27,view,2025-01-24 07:26:00
30,4,click,2025-01-25 03:31:00
30,26,view,2025-02-01 10:19:00
30,23,click,2025-02-19 08:35:00
30,26,click,2025-03-08 10:46:00
31,15,view,2025-01-06 05:21:00
31,8,view,2025-01-11 01:55:00
31,30,view,2025-01-24 00:36:00
31,29,click,2025-01-29 08:35:00
31,15,view,2025-02-03 05:38:00
31,26,click,2025-02-22 21:32:00
31,26,view,2025-02-25 11:37:00
31,4,view,2025-03-10 02:15:00
32,27,view,2025-01-08 06:20:00
32,16,click,2025-01-24 02:10:00
32,19,click,2025-01-25 08:37:00
32,20,click,2025-01-28 16:47:00
32,10,click,2025-02-05 20:59:00
32,28,click,2025-02-06 02:06:00
32,3,click,2025-02-15 08:54:00
32,22,add_to_cart,2025-02-22 02:05:00
33,3,view,2025-01-17 17:08:00
33,24,click,2025-01-20 19:18:00
33,13,click,2025-01-28 19:44:00
33,5,view,2025-01-29 12:27:00
33,12,view,2025-01-31 19:59:00
33,9,view,2025-02-20 07:10:00
33,21,view,2025-02-25 14:44:00
33,23,click,2025-03-02 23:46:00
34,10,view,2025-01-03 04:42:00
34,24,click,2025-01-06 20:11:00
34,12,add_to_cart,2025-01-15 23:41:00
34,30,click,2025-01-22 17:13:00
34,3,click,2025-01-29 06:13:00
34,9,view,2025-02-04 03:06:00
34,8,click,2025-02-16 09:51:00
34,10,click,2025-02-20 12:20:00
35,10,view,2025-01-07 12:15:00
35,3,view,2025-01-17 22:30:00
35,1,click,2025-01-25 18:43:00
35,23,view,2025-01-28 16:04:00
35,19,view,2025-02-19 16:13:00
35,29,view,2025-02-26 23:07:00
35,29,view,2025-03-07 02:12:00
35,12,add_to_cart,2025-03-08 12:44:00
36,18,view,2025-01-04 21:38:00
36,16,click,2025-01-09 00:08:00
36,16,view,2025-01-10 00:02:00
36,20,view,2025-01-24 02:06:00
36,15,add_to_cart,2025-02-04 19:38:00
36,11,add_to_cart,2025-02-09 05:02:00
36,13,view,2025-02-11 21:08:00
36,7,click,2025-02-19 12:13:00
37,3,view,2025-01-01 21:14:00
37,16,view,2025-01-08 13:49:00
37,22,view,2025-01-09 02:08:00
37,14,view,2025-01-12 02:46:00
37,17,view,2025-01-27 10:33:00
37,18,click,2025-02-05 23:07:00
37,8,click,2025-02-14 15:18:00
37,8,view,2025-03-06 09:39:00
38,4,view,2025-01-04 04:33:00
38,1,view,2025-01-14 02:55:00
38,19,view,2025-01-19 16:24:00
38,30,view,2025-01-25 14:28:00
38,29,view,2025-02-04 04:40:00
38,1,view,2025-02-18 21:21:00
38,2,view,2025-02-28 22:12:00
38,22,click,2025-03-10 18:03:00
39,17,click,2025-01-04 18:51:00
39,2,view,2025-01-25 02:38:00
39,12,view,2025-01-27 18:16:00
39,22,add_to_cart,2025-01-31 17:42:00
39,24,click,2025-02-04 19:56:00
39,6,view,2025-02-06 20:20:00
39,13,view,2025-02-16 21:32:00
39,29,view,2025-03-10 02:37:00
40,27,view,2025-01-10 10:50:00
40,12,view,2025-01-10 12:32:00
40,12,add_to_cart,2025-01-16 10:57:00
40,14,click,2025-01-27 00:11:00
40,2,view,2025-02-18 18:09:00
40,1,view,2025-03-03 09:51:00
40,5,view,2025-03-03 15:25:00
40,21,view,2025-03-04 15:42:00
41,10,view,2025-01-13 23:14:00
41,4,view,2025-01-23 21:51:00
41,30,click,2025-02-04 01:17:00
41,25,view,2025-02-17 15:34:00
41,7,view,2025-02-18 17:39:00
41,17,view,2025-02-24 04:18:00
41,22,view,2025-02-24 09:21:00
41,12,view,2025-02-27 18:26:00
42,24,click,2025-01-21 02:18:00
42,24,view,2025-01-24 11:19:00
42,26,view,2025-02-03 19:59:00
42,11,view,2025-02-05 13:05:00
42,7,click,2025-02-22 00:48:00
42,16,add_to_cart,2025-02-27 07:29:00
42,4,add_to_cart,2025-03-01 05:13:00
42,14,view,2025-03-06 19:53:00
43,11,add_to_cart,2025-01-01 05:19:00
43,15,view,2025-01-24 03:28:00
43,25,view,2025-02-05 20:03:00
43,30,click,2025-02-09 03:50:00
43,24,click,2025-02-11 12:04:00
43,23,view,2025-02-17 04:19:00
43,4,click,2025-02-19 16:59:00
43,15,click,2025-02-20 15:16:00
44,16,view,2025-01-06 00:29:00
44,3,view,2025-01-19 02:31:00
44,26,view,2025-01-21 16:48:00
44,14,click,2025-01-28 18:57:00
44,22,click,2025-01-29 05:51:00
44,7,add_to_cart,2025-01-31 10:31:00
44,16,view,2025-02-11 04:06:00
44,14,view,2025-02-17 11:44:00
45,1,view,2025-01-01 03:46:00
45,24,click,2025-01-07 04:23:00
45,10,view,2025-01-15 14:19:00
45,20,click,2025-01-21 04:52:00
45,3,view,2025-01-22 16:52:00
45,29,click,2025-02-26 13:18:00
45,24,view,2025-03-04 04:14:00
45,18,view,2025-03-06 07:10:00
46,15,view,2025-01-01 10:54:00
46,6,view,2025-01-08 14:14:00
46,1,view,2025-01-21 16:57:00
46,28,click,2025-01-30 05:29:00
46,16,view,2025-02-16 10:13:00
46,8,click,2025-02-25 03:59:00
46,29,view,2025-02-28 22:40:00
46,25,view,2025-03-03 05:02:00
47,14,add_to_cart,2025-01-03 01:51:00
47,10,view,2025-01-13 23:10:00
47,26,click,2025-01-17 02:24:00
47,23,view,2025-01-17 18:37:00
47,3,click,2025-01-20 16:10:00
47,19,view,2025-02-04 22:29:00
47,17,view,2025-02-18 00:21:00
47,21,view,2025-03-04 12:10:00
48,12,view,2025-01-04 01:14:00
48,6,add_to_cart,2025-01-20 05:56:00
48,24,view,2025-01-21 01:25:00
48,16,click,2025-01-23 20:31:00
48,27,click,2025-01-29 14:59:00
48,13,view,2025-02-01 11:53:00
48,30,view,2025-02-15 15:19:00
48,27,click,2025-02-23 12:29:00
49,6,click,2025-01-08 05:50:00
49,13,add_to_cart,2025-01-12 06:50:00
49,17,click,2025-01-15 07:44:00
49,23,click,2025-02-04 20:25:00
49,30,view,2025-02-13 16:30:00
49,11,view,2025-02-13 20:44:00
49,2,click,2025-02-23 08:08:00
49,4,view,2025-02-24 04:06:00
50,26,view,2025-01-04 01:36:00
50,16,view,2025-01-06 05:32:00
50,28,view,2025-01-08 13:31:00
50,23,add_to_cart,2025-01-23 17:18:00
50,1,view,2025-01-28 14:32:00
50,1,click,2025-02-15 20:59:00
50,3,view,2025-03-02 02:18:00
50,6,click,2025-03-09 13:06:00
51,11,click,2025-01-09 14:13:00
51,20,view,2025-01-17 10:02:00
51,11,click,2025-01-18 22:16:00
51,30,view,2025-02-01 03:08:00
51,30,click,2025-02-02 16:03:00
51,13,click,2025-02-16 01:48:00
51,4,click,2025-02-23 14:02:00
51,19,view,2025-03-05 07:06:00
52,10,click,2025-01-06 22:06:00
52,7,view,2025-01-08 18:44:00
52,2,view,2025-01-09 00:03:00
52,2,click,2025-02-16 22:20:00
52,6,click,2025-02-18 05:52:00
52,23,view,2025-02-21 21:16:00
52,17,view,2025-03-03 15:14:00
52,20,view,2025-03-06 12:31:00
53,26,click,2025-01-03 22:28:00
53,5,click,2025-01-12 17:24:00
53,2,click,2025-01-22 14:58:00
53,4,add_to_cart,2025-02-19 16:37:00
53,15,view,2025-02-19 22:48:00
53,18,click,2025-02-22 15:11:00
53,3,click,2025-02-27 19:22:00
53,8,view,2025-03-05 00:14:00
54,23,view,2025-01-09 01:07:00
54,25,view,2025-01-13 06:12:00
54,10,view,2025-01-23 08:44:00
54,2,add_to_cart,2025-01-27 01:14:00
54,24,click,2025-01-31 18:49:00
54,14,click,2025-02-08 16:08:00
54,20,view,2025-02-22 07:56:00
54,15,add_to_cart,2025-03-07 23:42:00
55,21,view,2025-01-01 00:21:00
55,20,add_to_cart,2025-01-16 13:56:00
55,1,view,2025-01-19 09:41:00
55,20,click,2025-01-24 04:53:00
55,7,click,2025-02-01 21:05:00
55,21,view,2025-02-17 17:19:00
55,10,view,2025-02-22 03:09:00
55,20,click,2025-02-22 12:33:00
56,28,view,2025-01-06 07:37:00
56,20,click,2025-01-08 08:52:00
56,7,view,2025-01-26 18:50:00
56,25,view,2025-02-02 01:11:00
56,23,view,2025-02-05 06:59:00
56,22,add_to_cart,2025-02-22 21:53:00
56,20,view,2025-02-26 19:23:00
56,19,view,2025-03-07 07:13:00
57,7,view,2025-01-03 04:59:00
57,25,view,2025-01-06 18:18:00
57,13,click,2025-01-07 07:08:00
57,1,view,2025-01-21 00:41:00
57,6,view,2025-01-25 00:18:00
57,9,view,2025-02-07 23:43:00
57,22,view,2025-03-08 21:34:00
57,11,view,2025-03-10 21:39:00
58,8,view,2025-01-02 06:29:00
58,8,add_to_cart,2025-01-13 18:26:00
58,25,click,2025-02-01 09:10:00
58,22,view,2025-02-16 20:07:00
58,3,view,2025-02-17 01:18:00
58,11,view,2025-02-27 20:53:00
58,1,view,2025-03-03 17:19:00
58,24,view,2025-03-11 06:58:00
59,28,click,2025-01-09 04:39:00
59,28,click,2025-01-20 19:32:00
59,21,view,2025-01-26 17:47:00
59,20,view,2025-01-28 03:53:00
59,30,click,2025-02-07 08:43:00
59,17,view,2025-02-25 02:37:00
59,1,view,2025-02-28 14:13:00
59,12,add_to_cart,2025-03-01 01:00:00
60,13,view,2025-01-05 19:46:00
60,4,click,2025-01-07 22:49:00
60,26,click,2025-01-10 10:08:00
60,15,view,2025-01-13 10:59:00
60,11,view,2025-01-18 16:55:00
60,1,view,2025-02-11 19:10:00
60,28,view,2025-02-16 21:34:00
60,3,click,2025-03-08 00:19:00
61,5,view,2025-01-05 11:08:00
61,8,view,2025-01-18 20:49:00
61,22,view,2025-02-08 06:57:00
61,24,click,2025-02-18 23:54:00
61,16,view,2025-02-28 09:17:00
61,30,view,2025-03-03 00:55:00
61,10,add_to_cart,2025-03-04 11:02:00
61,18,view,2025-03-08 00:05:00
62,23,click,2025-01-01 01:10:00
62,8,view,2025-01-08 02:27:00
62,19,view,2025-01-10 22:23:00
62,25,view,2025-01-19 13:00:00
62,20,view,2025-01-23 18:30:00
62,3,click,2025-01-26 02:41:00
62,18,view,2025-02-12 07:43:00
62,28,view,2025-02-19 13:58:00
63,18,view,2025-01-04 08:08:00
63,21,click,2025-01-05 19:48:00
63,25,click,2025-01-06 04:17:00
63,19,view,2025-01-06 07:04:00
63,10,click,2025-01-27 18:54:00
63,21,click,2025-03-03 05:57:00
63,3,add_to_cart,2025-03-06 07:13:00
63,16,view,2025-03-11 03:52:00
64,4,click,2025-01-14 01:39:00
64,3,add_to_cart,2025-01-23 19:20:00
64,19,view,2025-01-29 23:47:00
64,18,click,2025-02-22 17:01:00
64,14,view,2025-02-23 18:20:00
64,13,click,2025-02-26 00:37:00
64,22,click,2025-03-04 19:34:00
64,16,view,2025-03-09 11:23:00
65,13,click,2025-01-02 12:17:00
65,17,add_to_cart,2025-01-08 18:51:00
65,14,view,2025-01-14 00:06:00
65,12,view,2025-01-15 20:54:00
65,17,view,2025-01-18 03:28:00
65,7,view,2025-01-31 00:05:00
65,28,add_to_cart,2025-02-22 18:08:00
65,16,view,2025-03-05 03:44:00
66,15,click,2025-01-11 17:52:00
66,14,view,2025-01-16 03:04:00
66,18,view,2025-01-17 03:21:00
66,14,add_to_cart,2025-01-26 23:24:00
66,20,click,2025-02-22 06:35:00
66,7,view,2025-02-24 09:39:00
66,1,view,2025-02-24 12:18:00
66,9,click,2025-03-07 14:58:00
67,9,view,2025-01-10 14:56:00
67,2,click,2025-01-25 11:45:00
67,23,click,2025-02-10 06:15:00
67,8,click,2025-02-11 11:32:00
67,3,add_to_cart,2025-02-16 21:03:00
67,13,click,2025-02-17 06:06:00
67,7,view,2025-02-26 04:14:00
67,18,click,2025-02-27 15:39:00
68,2,view,2025-01-02 19:50:00
68,30,view,2025-01-04 11:08:00
68,17,add_to_cart,2025-01-17 14:22:00
68,20,click,2025-02-07 04:11:00
68,25,click,2025-02-11 16:57:00
68,8,view,2025-02-19 22:04:00
68,16,view,2025-02-19 22:09:00
68,7,view,2025-03-11 01:05:00
69,13,click,2025-01-08 14:53:00
69,16,view,2025-01-09 12:20:00
69,27,view,2025-01-13 02:57:00
69,7,click,2025-01-15 14:35:00
69,15,click,2025-01-20 09:22:00
69,13,view,2025-01-26 12:11:00
69,6,click,2025-02-01 12:10:00
69,18,click,2025-02-14 21:34:00
70,15,click,2025-01-07 20:42:00
70,10,view,2025-01-14 06:50:00
70,3,view,2025-01-20 06:03:00
70,25,click,2025-01-21 14:50:00
70,18,view,2025-01-27 16:08:00
70,23,view,2025-01-31 21:34:00
70,27,click,2025-02-07 11:51:00
70,13,view,2025-02-26 11:40:00
71,29,click,2025-01-28 07:10:00
71,10,add_to_cart,2025-01-28 18:20:00
71,6,view,2025-02-08 16:03:00
71,4,click,2025-02-13 09:34:00
71,26,view,2025-02-14 08:52:00
71,20,view,2025-02-24 14:15:00
71,26,view,2025-03-02 03:34:00
71,17,view,2025-03-05 14:09:00
72,29,view,2025-01-13 20:11:00
72,16,click,2025-01-17 13:07:00
72,28,view,2025-01-20 17:14:00
72,19,view,2025-02-09 23:56:00
72,11,add_to_cart,2025-02-19 02:30:00
72,14,click,2025-02-27 17:37:00
72,20,view,2025-03-08 05:03:00
72,19,view,2025-03-10 14:13:00
73,12,view,2025-01-05 03:31:00
73,2,click,2025-01-22 11:13:00
73,9,click,2025-02-01 04:29:00
73,16,view,2025-02-04 10:49:00
73,15,view,2025-02-04 12:11:00
73,19,add_to_cart,2025-02-22 20:55:00
73,13,view,2025-03-02 14:34:00
73,6,click,2025-03-04 23:56:00
74,15,view,2025-01-04 17:25:00
74,11,view,2025-01-05 04:06:00
74,6,click,2025-01-20 07:52:00
74,2,view,2025-01-24 19:55:00
74,13,click,2025-01-29 23:58:00
74,15,click,2025-02-03 16:59:00
74,2,view,2025-02-15 00:59:00
74,3,add_to_cart,2025-02-28 21:56:00
75,29,view,2025-01-05 01:17:00
75,5,view,2025-01-07 12:02:00
75,11,view,2025-01-20 00:11:00
75,26,view,2025-02-07 13:47:00
75,8,view,2025-02-12 03:14:00
75,4,view,2025-02-19 16:32:00
75,27,view,2025-02-20 06:14:00
75,2,add_to_cart,2025-02-21 22:40:00
76,25,view,2025-01-05 04:41:00
76,23,add_to_cart,2025-01-06 06:40:00
76,5,view,2025-01-09 09:36:00
76,13,click,2025-01-18 00:13:00
76,17,add_to_cart,2025-01-26 04:39:00
76,6,view,2025-02-13 03:11:00
76,20,view,2025-02-16 05:11:00
76,29,view,2025-02-27 07:45:00
77,11,view,2025-01-19 08:53:00
77,25,view,2025-01-29 09:28:00
77,28,view,2025-02-05 01:52:00
77,23,view,2025-02-07 10:03:00
77,27,view,2025-02-10 09:02:00
77,10,click,2025-02-11 15:05:00
77,28,view,2025-02-22 20:11:00
77,23,view,2025-02-24 21:36:00
78,27,view,2025-01-13 09:24:00
78,6,view,2025-01-26 19:52:00
78,24,click,2025-02-01 16:18:00
78,7,view,2025-02-06 11:10:00
78,2,view,2025-02-07 20:00:00
78,5,add_to_cart,2025-02-13 08:38:00
78,5,view,2025-02-17 08:48:00
78,9,view,2025-03-01 10:09:00
79,14,view,2025-01-05 06:41:00
79,29,click,2025-01-10 07:10:00
79,21,view,2025-01-16 12:33:00
79,17,view,2025-01-20 07:12:00
79,18,view,2025-01-31 21:20:00
79,11,view,2025-02-06 06:23:00
79,25,click,2025-02-28 02:28:00
79,20,view,2025-03-08 22:21:00
80,23,click,2025-01-01 14:45:00
80,15,click,2025-01-04 11:35:00
80,7,click,2025-01-16 09:57:00
80,4,add_to_cart,2025-01-21 07:08:00
80,19,view,2025-02-01 04:26:00
80,13,add_to_cart,2025-02-19 14:58:00
80,29,click,2025-03-01 01:10:00
80,3,view,2025-03-11 05:15:00
81,14,add_to_cart,2025-01-11 01:31:00
81,1,add_to_cart,2025-01-13 19:32:00
81,24,view,2025-01-18 12:37:00
81,2,click,2025-01-20 05:01:00
81,14,view,2025-01-26 02:31:00
81,10,click,2025-02-17 23:07:00
81,2,view,2025-02-18 23:07:00
81,28,view,2025-03-01 06:04:00
82,24,view,2025-01-01 12:14:00
82,4,click,2025-01-03 11:02:00
82,20,view,2025-01-20 05:04:00
82,18,click,2025-01-25 16:27:00
82,21,click,2025-02-03 04:30:00
82,21,view,2025-02-10 01:33:00
82,3,view,2025-02-20 11:51:00
82,21,view,2025-03-03 11:00:00
83,28,view,2025-01-17 05:46:00
83,29,add_to_cart,2025-01-21 17:01:00
83,12,view,2025-01-31 23:25:00
83,20,view,2025-02-13 19:21:00
83,8,view,2025-02-21 06:17:00
83,26,view,2025-02-27 18:41:00
83,4,view,2025-03-06 11:08:00
83,25,view,2025-03-09 16:10:00
84,8,view,2025-01-09 14:49:00
84,25,view,2025-01-16 14:12:00
84,9,click,2025-01-18 02:48:00
84,17,click,2025-01-30 23:49:00
84,20,click,2025-02-02 04:18:00
84,20,view,2025-02-16 02:49:00
84,24,view,2025-02-23 03:21:00
84,23,add_to_cart,2025-03-05 05:49:00
85,7,view,2025-01-05 13:07:00
85,21,click,2025-01-20 08:57:00
85,19,click,2025-01-22 10:30:00
85,30,view,2025-01-25 02:47:00
85,17,view,2025-02-21 09:17:00
85,9,view,2025-03-04 12:05:00
85,30,view,2025-03-04 14:08:00
85,6,click,2025-03-09 16:13:00
86,7,view,2025-01-06 05:30:00
86,5,add_to_cart,2025-01-20 15:44:00
86,5,view,2025-01-26 13:58:00
86,9,view,2025-02-01 16:44:00
86,16,view,2025-02-03 08:58:00
86,12,click,2025-02-10 09:02:00
86,16,view,2025-02-26 18:34:00
86,13,view,2025-03-10 06:49:00
87,2,view,2025-01-02 08:17:00
87,13,add_to_cart,2025-01-03 06:31:00
87,25,click,2025-01-08 12:19:00
87,2,view,2025-01-21 10:20:00
87,5,view,2025-01-24 18:29:00
87,8,view,2025-02-07 09:28:00
87,8,view,2025-02-20 03:09:00
87,19,view,2025-03-05 07:03:00
88,8,view,2025-01-14 23:13:00
88,16,view,2025-01-31 02:33:00
88,12,view,2025-02-05 23:02:00
88,7,add_to_cart,2025-02-11 04:15:00
88,9,add_to_cart,2025-02-21 22:18:00
88,30,click,2025-02-25 15:22:00
88,2,view,2025-02-28 17:21:00
88,2,click,2025-02-28 17:42:00
89,27,click,2025-01-15 04:29:00
89,11,view,2025-01-18 15:51:00
89,20,click,2025-01-26 16:24:00
89,27,add_to_cart,2025-02-25 01:14:00
89,2,view,2025-03-01 00:25:00
89,20,view,2025-03-02 10:34:00
89,19,click,2025-03-06 07:26:00
89,18,view,2025-03-08 00:43:00
90,22,view,2025-01-04 11:45:00
90,23,view,2025-01-12 01:05:00
90,18,view,2025-01-18 22:21:00
90,12,view,2025-01-25 23:04:00
90,25,view,2025-02-01 21:15:00
90,5,view,2025-02-14 17:22:00
90,7,view,2025-02-22 04:52:00
90,26,click,2025-02-27 19:42:00
91,30,view,2025-01-03 23:04:00
91,10,view,2025-01-13 04:51:00
91,28,view,2025-01-13 23:48:00
91,22,view,2025-01-21 09:30:00
91,6,view,2025-01-27 01:42:00
91,10,click,2025-02-13 10:37:00
91,21,add_to_cart,2025-02-25 21:17:00
91,16,click,2025-03-02 13:43:00
92,28,click,2025-01-19 17:24:00
92,25,view,2025-01-21 15:42:00
92,1,view,2025-01-23 11:38:00
92,26,view,2025-01-25 19:22:00
92,18,view,2025-01-26 23:27:00
92,13,view,2025-01-29 10:47:00
92,29,click,2025-02-09 02:18:00
92,9,view,2025-02-09 08:24:00
93,8,view,2025-01-06 12:13:00
93,28,view,2025-01-07 01:20:00
93,27,click,2025-01-19 19:02:00
93,15,click,2025-01-24 05:41:00
93,2,click,2025-01-29 19:17:00
93,29,view,2025-01-31 09:26:00
93,2,view,2025-02-08 16:43:00
93,18,view,2025-03-02 12:29:00
94,27,view,2025-01-08 14:56:00
94,14,view,2025-01-23 23:32:00
94,11,view,2025-01-26 05:51:00
94,8,view,2025-02-07 07:25:00
94,19,view,2025-02-11 09:13:00
94,2,view,2025-02-16 10:32:00
94,3,view,2025-02-23 12:10:00
94,10,add_to_cart,2025-02-27 04:39:00
95,23,view,2025-01-12 05:27:00
95,19,click,2025-01-16 04:06:00
95,16,view,2025-01-23 13:17:00
95,7,view,2025-01-26 16:59:00
95,13,add_to_cart,2025-02-08 10:28:00
95,4,view,2025-02-11 09:15:00
95,29,view,2025-03-02 15:19:00
95,28,view,2025-03-10 09:22:00
96,1,click,2025-01-09 07:57:00
96,21,click,2025-01-11 04:54:00
96,10,view,2025-01-29 21:46:00
96,12,add_to_cart,2025-02-01 12:02:00
96,18,view,2025-02-08 04:52:00
96,14,view,2025-02-10 11:05:00
96,23,view,2025-02-16 11:39:00
96,16,view,2025-02-28 14:02:00
97,4,view,2025-01-13 02:36:00
97,26,view,2025-01-18 02:52:00
97,5,click,2025-01-24 16:22:00
97,5,view,2025-01-31 14:04:00
97,16,view,2025-02-19 06:13:00
97,24,click,2025-02-25 02:50:00
97,18,click,2025-03-01 17:01:00
97,19,view,2025-03-04 16:55:00
98,22,view,2025-01-05 16:24:00
98,16,click,2025-01-10 02:07:00
98,8,click,2025-01-13 06:15:00
98,14,add_to_cart,2025-02-05 15:11:00
98,5,click,2025-02-13 17:58:00
98,17,view,2025-03-03 02:32:00
98,27,view,2025-03-03 17:30:00
98,23,view,2025-03-09 09:25:00
99,9,click,2025-01-07 03:36:00
99,13,click,2025-01-17 21:10:00
99,9,add_to_cart,2025-01-19 05:12:00
99,22,click,2025-02-10 16:34:00
99,17,click,2025-02-15 06:52:00
99,8,click,2025-02-15 10:13:00
99,29,click,2025-02-17 22:41:00
99,16,view,2025-02-24 14:59:00
100,10,view,2025-01-03 15:37:00
100,24,click,2025-01-16 10:04:00
100,7,click,2025-01-18 21:01:00
100,13,click,2025-01-22 02:14:00
100,8,add_to_cart,2025-02-02 12:43:00
100,16,view,2025-02-07 10:05:00
100,7,view,2025-02-13 03:16:00
100,26,click,2025-02-26 19:44:00
101,19,view,2025-01-14 16:45:00
101,1,view,2025-01-18 09:16:00
101,4,add_to_cart,2025-01-22 02:28:00
101,24,view,2025-01-26 05:00:00
101,14,view,2025-01-26 19:28:00
101,11,view,2025-01-30 23:13:00
101,2,click,2025-02-01 06:55:00
101,6,view,2025-02-02 01:45:00
102,10,view,2025-01-26 02:51:00
102,24,click,2025-01-27 02:53:00
102,14,view,2025-02-14 03:47:00
102,22,view,2025-02-16 11:15:00
102,5,view,2025-02-19 20:19:00
102,22,view,2025-03-01 20:43:00
102,22,view,2025-03-04 06:01:00
102,15,view,2025-03-09 04:22:00
103,3,add_to_cart,2025-01-05 03:07:00
103,22,click,2025-01-14 03:05:00
103,11,view,2025-02-15 17:29:00
103,23,click,2025-02-16 07:13:00
103,25,view,2025-02-17 03:42:00
103,1,view,2025-02-19 06:50:00
103,23,click,2025-02-22 21:32:00
103,14,click,2025-02-25 23:53:00
104,13,view,2025-01-03 13:17:00
104,19,view,2025-01-19 01:14:00
104,13,view,2025-01-21 21:32:00
104,20,click,2025-02-03 11:46:00
104,28,view,2025-02-11 07:54:00
104,4,click,2025-02-17 06:56:00
104,3,view,2025-02-17 20:23:00
104,25,click,2025-03-02 09:00:00
105,18,view,2025-01-01 20:27:00
105,2,view,2025-01-09 02:25:00
105,3,add_to_cart,2025-01-24 07:42:00
105,24,add_to_cart,2025-01-30 00:59:00
105,2,view,2025-01-31 17:37:00
105,27,click,2025-02-01 06:05:00
105,15,view,2025-03-04 10:33:00
105,30,view,2025-03-05 23:55:00
106,3,click,2025-01-08 14:18:00
106,18,add_to_cart,2025-01-11 21:00:00
106,12,view,2025-02-04 13:35:00
106,5,click,2025-02-12 04:58:00
106,1,add_to_cart,2025-02-18 23:23:00
106,19,click,2025-02-25 02:51:00
106,27,view,2025-02-26 19:05:00
106,22,view,2025-03-03 02:42:00
107,27,add_to_cart,2025-01-08 15:29:00
107,11,view,2025-01-25 04:55:00
107,5,view,2025-01-25 18:20:00
107,22,click,2025-01-28 12:54:00
107,7,view,2025-02-12 21:02:00
107,15,click,2025-03-08 17:25:00
107,7,view,2025-03-09 13:06:00
107,14,add_to_cart,2025-03-10 17:45:00
108,19,view,2025-01-12 07:55:00
108,20,view,2025-01-15 12:11:00
108,12,click,2025-01-20 22:06:00
108,27,view,2025-01-26 13:40:00
108,25,view,2025-02-02 11:39:00
108,16,view,2025-02-05 17:04:00
108,28,view,2025-02-27 16:43:00
108,12,view,2025-03-08 00:09:00
109,5,view,2025-01-05 10:30:00
109,10,add_to_cart,2025-01-07 04:30:00
109,7,view,2025-01-12 17:59:00
109,5,view,2025-01-14 17:00:00
109,14,view,2025-01-15 09:49:00
109,19,view,2025-01-16 18:22:00
109,8,view,2025-02-08 04:49:00
109,29,view,2025-02-27 17:01:00
110,24,view,2025-01-17 06:51:00
110,23,view,2025-01-17 14:56:00
110,7,click,2025-01-20 20:45:00
110,26,click,2025-01-29 09:03:00
110,7,click,2025-02-14 21:10:00
110,18,view,2025-02-18 08:31:00
110,12,add_to_cart,2025-03-01 10:20:00
110,25,view,2025-03-08 21:31:00
111,1,view,2025-01-04 04:21:00
111,20,view,2025-01-08 07:36:00
111,14,view,2025-01-10 06:46:00
111,2,view,2025-01-20 01:20:00
111,5,view,2025-01-21 03:03:00
111,24,add_to_cart,2025-01-23 02:10:00
111,22,add_to_cart,2025-01-25 01:32:00
111,13,click,2025-03-01 20:28:00
112,20,click,2025-01-16 04:35:00
112,11,click,2025-01-16 18:10:00
112,28,view,2025-01-26 14:37:00
112,7,click,2025-01-29 07:51:00
112,27,click,2025-02-10 03:25:00
112,21,view,2025-03-01 08:13:00
112,8,view,2025-03-06 04:52:00
112,27,view,2025-03-09 12:00:00
113,15,view,2025-01-26 19:12:00
113,14,view,2025-01-28 19:36:00
113,26,add_to_cart,2025-02-10 23:08:00
113,8,add_to_cart,2025-02-16 04:12:00
113,27,view,2025-02-17 14:44:00
113,23,add_to_cart,2025-02-20 08:54:00
113,9,click,2025-03-01 00:43:00
113,17,view,2025-03-01 10:55:00
114,4,view,2025-01-29 22:32:00
114,24,view,2025-01-31 19:18:00
114,1,view,2025-02-05 14:23:00
114,21,view,2025-02-06 04:22:00
114,29,view,2025-02-11 12:45:00
114,10,click,2025-02-20 08:58:00
114,10,view,2025-03-04 16:31:00
114,4,view,2025-03-10 18:24:00
115,12,add_to_cart,2025-01-16 18:46:00
115,2,click,2025-01-23 15:05:00
115,14,click,2025-01-23 22:48:00
115,20,click,2025-02-07 03:50:00
115,25,add_to_cart,2025-02-12 06:23:00
115,9,view,2025-02-12 07:42:00
115,16,click,2025-02-14 19:27:00
115,25,view,2025-03-06 20:23:00
116,30,view,2025-01-06 11:08:00
116,9,add_to_cart,2025-01-15 19:44:00
116,4,view,2025-01-17 22:48:00
116,17,view,2025-01-18 01:34:00
116,10,add_to_cart,2025-01-28 23:38:00
116,16,view,2025-02-20 16:41:00
116,27,view,2025-02-21 20:53:00
116,29,view,2025-03-11 08:02:00
117,3,click,2025-01-02 04:36:00
117,22,view,2025-01-12 21:32:00
117,14,view,2025-01-15 14:26:00
117,15,view,2025-01-16 16:55:00
117,24,click,2025-01-21 04:57:00
117,26,view,2025-02-13 01:35:00
117,24,click,2025-02-15 22:22:00
117,7,click,2025-03-05 13:48:00
118,30,add_to_cart,2025-01-11 02:01:00
118,10,view,2025-01-21 02:14:00
118,4,view,2025-01-27 07:56:00
118,29,click,2025-01-29 22:07:00
118,7,click,2025-02-04 22:00:00
118,10,view,2025-02-09 22:43:00
118,20,click,2025-02-12 20:24:00
118,21,view,2025-02-21 14:24:00
119,12,view,2025-01-02 14:59:00
119,14,view,2025-01-08 01:42:00
119,7,view,2025-01-13 03:13:00
119,16,add_to_cart,2025-01-30 13:05:00
119,27,click,2025-02-04 04:49:00
119,8,view,2025-02-08 18:04:00
119,16,view,2025-02-22 11:04:00
119,25,view,2025-03-06 00:51:00
120,4,view,2025-01-01 04:19:00
120,30,view,2025-01-25 18:38:00
120,16,view,2025-01-29 08:02:00
120,15,view,2025-02-04 21:06:00
120,11,click,2025-02-06 02:33:00
120,26,view,2025-02-24 00:29:00
120,14,view,2025-03-04 00:01:00
120,30,view,2025-03-05 22:23:00
121,11,click,2025-01-16 21:42:00
121,8,add_to_cart,2025-02-06 10:29:00
121,21,view,2025-02-08 09:16:00
121,22,view,2025-02-09 07:58:00
121,7,view,2025-02-10 11:53:00
121,22,click,2025-02-26 20:11:00
121,2,view,2025-03-02 02:19:00
121,12,add_to_cart,2025-03-06 18:38:00
122,11,view,2025-01-23 06:28:00
122,24,click,2025-01-25 06:14:00
122,17,add_to_cart,2025-01-31 03:24:00
122,24,click,2025-02-15 10:15:00
122,5,view,2025-02-20 02:15:00
122,14,view,2025-02-22 17:38:00
122,7,view,2025-03-04 03:08:00
122,5,view,2025-03-06 07:11:00
123,4,view,2025-01-04 04:15:00
123,29,view,2025-01-12 07:48:00
123,2,click,2025-02-16 11:26:00
123,19,add_to_cart,2025-02-17 09:35:00
123,10,view,2025-02-23 09:26:00
123,26,click,2025-03-02 01:20:00
123,26,click,2025-03-02 03:03:00
123,5,click,2025-03-04 00:27:00
124,22,view,2025-01-06 10:38:00
124,28,click,2025-01-17 23:10:00
124,22,view,2025-01-20 16:36:00
124,2,click,2025-01-28 08:03:00
124,7,add_to_cart,2025-01-28 18:19:00
124,21,view,2025-02-05 20:39:00
124,7,view,2025-02-09 07:04:00
124,12,click,2025-03-03 02:15:00
125,9,click,2025-01-17 02:49:00
125,14,view,2025-01-18 12:27:00
125,9,click,2025-01-27 09:56:00
125,9,view,2025-02-08 11:13:00
125,10,click,2025-02-15 22:50:00
125,7,view,2025-02-23 23:06:00
125,21,view,2025-03-04 05:17:00
125,11,click,2025-03-10 04:06:00
126,28,view,2025-01-02 03:54:00
126,11,view,2025-01-21 14:34:00
126,27,view,2025-01-23 23:59:00
126,11,view,2025-02-01 09:18:00
126,26,click,2025-02-09 22:49:00
126,6,click,2025-02-15 15:20:00
126,10,view,2025-03-07 09:01:00
126,5,click,2025-03-09 00:33:00
127,11,view,2025-01-16 14:46:00
127,14,click,2025-01-19 05:36:00
127,27,view,2025-01-19 19:49:00
127,30,add_to_cart,2025-01-21 04:15:00
127,28,add_to_cart,2025-01-21 22:08:00
127,13,view,2025-01-26 16:12:00
127,12,click,2025-01-28 08:28:00
127,1,view,2025-02-04 00:53:00
128,1,view,2025-01-02 17:49:00
128,12,view,2025-01-15 23:14:00
128,9,view,2025-01-19 22:21:00
128,5,view,2025-01-26 00:01:00
128,6,click,2025-01-26 04:19:00
128,17,add_to_cart,2025-02-02 02:27:00
128,27,click,2025-03-07 11:05:00
128,9,click,2025-03-09 16:40:00
129,5,view,2025-01-03 05:58:00
129,4,view,2025-01-05 07:03:00
129,24,view,2025-01-15 22:22:00
129,26,click,2025-01-27 00:53:00
129,27,view,2025-02-07 20:44:00
129,17,click,2025-02-13 21:31:00
129,23,click,2025-03-06 07:40:00
129,9,click,2025-03-09 02:12:00
130,24,view,2025-01-09 22:35:00
130,9,click,2025-01-13 22:08:00
130,29,click,2025-01-19 21:22:00
130,19,add_to_cart,2025-01-31 12:01:00
130,16,view,2025-02-11 07:28:00
130,23,view,2025-02-13 03:50:00
130,27,click,2025-02-17 16:36:00
130,5,click,2025-02-23 05:33:00
131,13,view,2025-01-06 01:27:00
131,27,view,2025-01-10 03:52:00
131,7,view,2025-02-12 11:59:00
131,8,add_to_cart,2025-02-14 10:02:00
131,3,view,2025-02-18 10:16:00
131,12,view,2025-02-24 07:58:00
131,18,view,2025-03-03 21:49:00
131,22,view,2025-03-05 19:21:00
132,28,view,2025-01-06 06:58:00
132,19,view,2025-01-15 07:40:00
132,13,add_to_cart,2025-01-22 02:42:00
132,4,view,2025-02-01 21:23:00
132,21,add_to_cart,2025-02-06 12:49:00
132,7,view,2025-02-09 05:42:00
132,16,view,2025-02-10 09:14:00
132,21,view,2025-03-06 14:10:00
133,9,click,2025-01-06 13:11:00
133,6,click,2025-01-20 05:04:00
133,30,add_to_cart,2025-01-22 06:45:00
133,25,view,2025-01-24 10:42:00
133,27,view,2025-02-28 06:25:00
133,30,view,2025-03-03 23:02:00
133,20,click,2025-03-05 01:19:00
133,3,view,2025-03-06 19:05:00
134,19,view,2025-01-01 18:53:00
134,20,view,2025-01-06 23:57:00
134,5,add_to_cart,2025-01-14 00:20:00
134,16,view,2025-01-15 21:44:00
134,24,click,2025-01-31 13:05:00
134,4,click,2025-02-02 07:00:00
134,1,view,2025-02-02 23:42:00
134,22,view,2025-02-28 02:25:00
135,24,click,2025-01-01 03:31:00
135,11,add_to_cart,2025-01-09 14:26:00
135,18,add_to_cart,2025-01-13 18:50:00
135,24,click,2025-02-01 15:27:00
135,22,click,2025-02-22 16:09:00
135,25,click,2025-02-26 15:58:00
135,5,view,2025-03-02 00:36:00
135,24,click,2025-03-04 00:57:00
136,29,view,2025-01-30 05:28:00
136,27,view,2025-01-30 20:24:00
136,11,view,2025-02-01 04:19:00
136,4,view,2025-02-16 04:06:00
136,16,add_to_cart,2025-02-23 00:51:00
136,29,click,2025-02-27 10:01:00
136,22,click,2025-03-07 23:11:00
136,7,click,2025-03-10 13:41:00
137,19,view,2025-01-09 11:31:00
137,13,view,2025-01-10 12:56:00
137,26,view,2025-01-21 10:53:00
137,11,add_to_cart,2025-02-01 17:09:00
137,9,view,2025-02-13 12:23:00
137,23,click,2025-02-18 19:13:00
137,24,view,2025-02-20 19:58:00
137,11,add_to_cart,2025-03-02 13:28:00
138,14,add_to_cart,2025-01-01 17:51:00
138,9,view,2025-01-07 15:29:00
138,1,view,2025-01-26 23:30:00
138,5,add_to_cart,2025-02-08 02:04:00
138,9,view,2025-02-19 20:28:00
138,28,view,2025-02-25 13:57:00
138,21,view,2025-03-06 16:01:00
138,18,click,2025-03-08 07:23:00
139,4,view,2025-01-06 01:31:00
139,28,add_to_cart,2025-01-17 12:53:00
139,20,view,2025-01-21 18:41:00
139,14,view,2025-02-10 06:18:00
139,27,view,2025-02-17 10:47:00
139,12,view,2025-02-18 09:58:00
139,25,view,2025-02-26 22:31:00
139,26,view,2025-03-06 02:53:00
140,26,view,2025-01-12 08:38:00
140,15,view,2025-01-12 16:52:00
140,17,add_to_cart,2025-01-18 07:41:00
140,6,view,2025-01-26 17:41:00
140,30,view,2025-02-05 12:48:00
140,26,view,2025-02-06 02:52:00
140,27,view,2025-02-09 18:21:00
140,8,add_to_cart,2025-03-02 08:49:00
141,20,view,2025-01-20 07:30:00
141,14,view,2025-01-27 17:56:00
141,22,view,2025-01-29 02:22:00
141,12,add_to_cart,2025-02-03 09:22:00
141,25,click,2025-02-09 09:35:00
141,9,view,2025-02-12 00:32:00
141,18,add_to_cart,2025-02-25 10:43:00
141,13,view,2025-02-27 18:48:00
142,22,view,2025-01-19 05:22:00
142,26,click,2025-01-22 23:22:00
142,16,click,2025-02-10 19:11:00
142,20,click,2025-02-19 14:44:00
142,26,view,2025-02-21 11:03:00
142,22,view,2025-02-21 12:43:00
142,23,view,2025-02-28 08:59:00
142,19,view,2025-03-03 23:08:00
143,12,click,2025-01-11 11:41:00
143,13,view,2025-01-12 03:33:00
143,8,view,2025-01-13 17:11:00
143,8,view,2025-01-15 11:33:00
143,6,add_to_cart,2025-01-21 20:09:00
143,7,view,2025-01-22 18:51:00
143,5,view,2025-02-17 13:26:00
143,21,view,2025-02-19 10:27:00
144,28,view,2025-01-01 15:30:00
144,22,click,2025-01-03 03:22:00
144,23,click,2025-02-11 08:42:00
144,16,view,2025-02-15 16:26:00
144,24,view,2025-02-18 09:35:00
144,11,view,2025-02-25 09:41:00
144,15,view,2025-03-01 08:34:00
144,9,view,2025-03-10 22:59:00
145,29,view,2025-01-14 02:06:00
145,17,view,2025-01-17 12:54:00
145,26,view,2025-01-25 20:46:00
145,22,view,2025-01-29 17:42:00
145,2,view,2025-01-31 22:08:00
145,1,add_to_cart,2025-02-11 09:31:00
145,1,click,2025-03-05 19:07:00
145,20,view,2025-03-10 04:59:00
146,22,click,2025-01-03 14:56:00
146,23,click,2025-01-09 17:22:00
146,25,click,2025-01-10 00:27:00
146,14,click,2025-01-11 09:40:00
146,2,view,2025-01-18 20:42:00
146,6,view,2025-02-09 19:09:00
146,4,add_to_cart,2025-02-26 23:51:00
146,5,view,2025-03-03 05:09:00
147,20,click,2025-01-03 07:52:00
147,30,view,2025-01-05 16:48:00
147,3,click,2025-01-07 20:48:00
147,11,click,2025-01-09 18:07:00
147,9,view,2025-01-09 20:09:00
147,27,click,2025-01-11 14:42:00
147,14,view,2025-02-27 09:27:00
147,19,view,2025-03-09 14:15:00
148,25,click,2025-01-06 13:37:00
148,5,view,2025-01-17 04:52:00
148,19,click,2025-01-31 01:44:00
148,12,view,2025-01-31 14:41:00
148,29,click,2025-02-15 01:19:00
148,13,view,2025-02-15 06:27:00
148,14,view,2025-02-24 06:39:00
148,22,view,2025-03-08 02:35:00
149,14,view,2025-01-08 03:28:00
149,18,view,2025-01-08 18:41:00
149,15,click,2025-01-17 09:41:00
149,12,view,2025-01-19 05:49:00
149,21,add_to_cart,2025-02-09 21:41:00
149,14,click,2025-02-15 07:31:00
149,26,view,2025-03-02 04:23:00
149,20,view,2025-03-02 08:39:00
150,20,click,2025-01-10 08:06:00
150,3,click,2025-01-10 09:14:00
150,3,view,2025-01-14 01:53:00
150,6,click,2025-01-28 15:00:00
150,2,click,2025-02-07 08:50:00
150,2,view,2025-02-07 14:00:00
150,7,view,2025-02-08 07:59:00
150,23,view,2025-02-22 22:36:00
151,24,click,2025-01-14 14:34:00
151,17,view,2025-02-02 18:16:00
151,12,click,2025-02-09 22:30:00
151,11,view,2025-02-10 12:37:00
151,22,view,2025-02-13 03:56:00
151,13,view,2025-02-13 11:08:00
151,16,click,2025-02-15 02:27:00
151,13,click,2025-02-17 23:18:00
152,16,view,2025-01-08 19:53:00
152,18,view,2025-01-11 02:35:00
152,18,add_to_cart,2025-01-31 06:52:00
152,30,add_to_cart,2025-02-13 19:54:00
152,26,click,2025-02-14 17:24:00
152,22,add_to_cart,2025-02-23 23:04:00
152,19,click,2025-02-24 08:10:00
152,13,view,2025-03-04 11:15:00
153,17,add_to_cart,2025-01-02 00:07:00
153,1,click,2025-01-04 16:45:00
153,30,view,2025-01-16 03:00:00
153,13,view,2025-01-28 19:36:00
153,25,view,2025-02-11 21:19:00
153,28,view,2025-02-23 14:08:00
153,1,view,2025-03-03 03:42:00
153,6,click,2025-03-09 20:15:00
154,1,add_to_cart,2025-01-03 13:20:00
154,12,click,2025-01-12 19:13:00
154,20,view,2025-01-16 01:47:00
154,12,click,2025-01-18 07:13:00
154,15,view,2025-01-28 16:17:00
154,7,click,2025-02-14 22:45:00
154,14,view,2025-02-14 23:30:00
154,29,click,2025-02-22 05:35:00
155,22,view,2025-01-04 00:29:00
155,12,view,2025-01-09 21:34:00
155,30,click,2025-01-11 04:03:00
155,9,add_to_cart,2025-01-16 20:03:00
155,3,add_to_cart,2025-02-05 12:27:00
155,29,click,2025-02-22 10:39:00
155,21,view,2025-03-07 06:00:00
155,14,view,2025-03-07 14:38:00
156,29,click,2025-01-11 18:53:00
156,5,click,2025-01-25 04:34:00
156,21,click,2025-02-08 03:50:00
156,16,click,2025-02-09 06:32:00
156,15,view,2025-02-10 04:26:00
156,21,view,2025-02-16 09:05:00
156,24,click,2025-02-21 10:38:00
156,19,click,2025-02-28 19:29:00
157,10,view,2025-01-09 05:30:00
157,23,view,2025-01-16 08:03:00
157,16,view,2025-01-18 00:55:00
157,20,click,2025-01-31 15:24:00
157,13,view,2025-01-31 21:12:00
157,19,add_to_cart,2025-02-08 20:51:00
157,3,click,2025-03-02 01:20:00
157,9,add_to_cart,2025-03-06 07:28:00
158,11,view,2025-01-01 14:35:00
158,27,view,2025-01-10 22:36:00
158,15,view,2025-01-16 08:38:00
158,3,view,2025-01-21 12:58:00
158,21,add_to_cart,2025-02-05 05:10:00
158,30,click,2025-02-20 07:20:00
158,6,view,2025-03-06 03:25:00
158,2,click,2025-03-08 17:11:00
159,8,view,2025-01-06 13:24:00
159,7,click,2025-01-08 19:18:00
159,6,click,2025-01-15 01:56:00
159,18,click,2025-01-15 07:13:00
159,21,view,2025-02-08 10:39:00
159,16,view,2025-02-17 08:43:00
159,20,click,2025-03-04 08:08:00
159,3,click,2025-03-05 03:59:00
160,5,view,2025-01-01 20:36:00
160,2,click,2025-01-02 16:15:00
160,10,view,2025-01-27 03:29:00
160,18,view,2025-02-02 21:41:00
160,9,click,2025-02-14 16:30:00
160,29,view,2025-02-17 07:34:00
160,9,click,2025-02-27 17:25:00
160,9,click,2025-03-01 05:49:00
161,25,click,2025-01-07 19:33:00
161,28,view,2025-01-12 15:45:00
161,13,view,2025-01-17 21:54:00
161,17,view,2025-01-19 03:07:00
161,14,click,2025-01-21 07:35:00
161,18,view,2025-02-23 20:16:00
161,26,view,2025-03-04 04:38:00
161,9,view,2025-03-04 13:26:00
162,12,view,2025-01-01 02:58:00
162,28,view,2025-01-03 18:38:00
162,4,view,2025-01-13 15:24:00
162,3,click,2025-01-14 01:08:00
162,13,click,2025-01-15 23:20:00
162,21,click,2025-01-19 01:25:00
162,23,view,2025-02-02 09:48:00
162,26,click,2025-03-09 05:22:00
163,1,view,2025-01-01 03:38:00
163,20,view,2025-01-01 22:36:00
163,24,view,2025-01-04 20:49:00
163,5,view,2025-01-19 13:57:00
163,24,click,2025-02-01 23:46:00
163,20,view,2025-02-06 14:15:00
163,20,view,2025-02-08 13:51:00
163,26,view,2025-03-03 20:17:00
164,18,click,2025-01-08 11:37:00
164,19,view,2025-01-12 15:01:00
164,11,view,2025-01-20 19:19:00
164,15,view,2025-01-23 08:30:00
164,22,click,2025-02-15 09:08:00
164,4,click,2025-02-17 07:22:00
164,17,click,2025-02-23 09:10:00
164,29,click,2025-03-01 18:25:00
165,1,add_to_cart,2025-01-15 08:47:00
165,25,view,2025-02-01 23:24:00
165,27,view,2025-02-03 17:55:00
165,25,view,2025-02-11 04:36:00
165,15,view,2025-02-15 00:52:00
165,17,view,2025-02-17 08:02:00
165,14,view,2025-02-20 12:01:00
165,15,view,2025-02-26 05:39:00
166,19,view,2025-01-02 15:03:00
166,5,click,2025-01-14 13:46:00
166,20,view,2025-01-18 02:32:00
166,22,view,2025-01-23 17:28:00
166,16,view,2025-02-03 09:07:00
166,5,view,2025-02-15 22:17:00
166,2,view,2025-02-22 15:32:00
166,25,click,2025-02-24 06:31:00
167,24,click,2025-01-09 15:13:00
167,12,view,2025-01-15 00:50:00
167,23,view,2025-01-25 19:25:00
167,27,view,2025-02-05 08:51:00
167,14,view,2025-02-13 07:31:00
167,24,add_to_cart,2025-02-21 17:54:00
167,2,view,2025-02-26 13:49:00
167,1,view,2025-03-08 22:21:00
168,16,view,2025-01-02 05:54:00
168,4,click,2025-01-03 05:00:00
168,30,view,2025-01-05 21:23:00
168,8,view,2025-01-26 16:50:00
168,12,view,2025-02-02 20:52:00
168,19,view,2025-02-11 06:27:00
168,2,view,2025-02-28 14:23:00
168,25,view,2025-03-06 18:27:00
169,25,view,2025-01-13 03:03:00
169,19,add_to_cart,2025-01-15 08:09:00
169,12,view,2025-01-16 12:00:00
169,29,view,2025-01-20 18:15:00
169,27,view,2025-02-13 17:15:00
169,28,view,2025-02-13 18:53:00
169,30,view,2025-02-19 02:08:00
169,28,click,2025-03-10 11:27:00
170,14,view,2025-01-15 15:37:00
170,14,view,2025-02-02 06:08:00
170,26,view,2025-02-09 06:53:00
170,14,view,2025-02-13 03:54:00
170,18,view,2025-02-15 01:30:00
170,28,view,2025-02-22 17:55:00
170,11,click,2025-03-05 22:49:00
170,9,view,2025-03-10 23:52:00
171,27,view,2025-01-02 01:29:00
171,11,view,2025-01-14 16:57:00
171,20,view,2025-01-15 15:20:00
171,18,view,2025-01-21 16:29:00
171,28,view,2025-01-27 05:26:00
171,12,view,2025-02-13 09:19:00
171,29,view,2025-02-21 01:54:00
171,17,view,2025-03-05 12:37:00
172,2,view,2025-01-02 08:19:00
172,1,view,2025-01-07 16:54:00
172,15,click,2025-02-01 08:04:00
172,26,view,2025-02-03 22:41:00
172,11,click,2025-02-11 18:13:00
172,3,view,2025-02-19 21:07:00
172,23,click,2025-02-26 05:08:00
172,18,click,2025-03-05 23:47:00
173,7,view,2025-01-17 08:52:00
173,5,view,2025-01-31 03:33:00
173,28,click,2025-02-09 17:59:00
173,16,click,2025-02-11 02:04:00
173,8,add_to_cart,2025-02-11 03:06:00
173,7,view,2025-02-11 08:25:00
173,29,view,2025-02-14 17:41:00
173,24,add_to_cart,2025-03-08 16:17:00
174,16,view,2025-01-01 23:48:00
174,11,click,2025-01-03 02:22:00
174,11,click,2025-01-09 14:58:00
174,10,view,2025-02-10 15:17:00
174,16,view,2025-02-18 12:44:00
174,21,click,2025-02-20 03:18:00
174,29,view,2025-03-08 07:54:00
174,25,view,2025-03-10 03:23:00
175,1,add_to_cart,2025-02-03 13:59:00
175,20,view,2025-02-07 12:36:00
175,12,click,2025-02-10 00:15:00
175,12,view,2025-02-19 23:42:00
175,9,add_to_cart,2025-02-24 18:37:00
175,3,view,2025-03-03 11:25:00
175,10,add_to_cart,2025-03-05 14:04:00
175,23,click,2025-03-09 05:47:00
176,5,view,2025-01-01 08:08:00
176,2,view,2025-01-04 07:12:00
176,1,view,2025-01-12 09:31:00
176,2,view,2025-01-22 21:08:00
176,10,click,2025-02-13 09:23:00
176,22,add_to_cart,2025-02-15 22:59:00
176,1,click,2025-02-27 16:46:00
176,26,click,2025-03-06 02:53:00
177,11,view,2025-01-01 15:13:00
177,13,view,2025-01-04 22:16:00
177,5,view,2025-01-19 22:50:00
177,2,view,2025-01-20 02:49:00
177,26,view,2025-02-12 02:55:00
177,16,click,2025-02-17 22:16:00
177,8,add_to_cart,2025-02-23 09:05:00
177,4,click,2025-03-10 19:58:00
178,28,click,2025-01-04 15:36:00
178,25,view,2025-01-06 20:04:00
178,5,view,2025-01-20 05:10:00
178,27,click,2025-01-31 04:26:00
178,12,click,2025-02-01 22:25:00
178,1,click,2025-03-04 22:04:00
178,14,click,2025-03-05 01:41:00
178,10,add_to_cart,2025-03-07 01:41:00
179,14,view,2025-01-11 10:35:00
179,28,click,2025-01-24 09:51:00
179,20,view,2025-02-07 01:36:00
179,25,view,2025-02-07 10:33:00
179,25,view,2025-02-19 11:29:00
179,13,click,2025-02-20 00:50:00
179,25,view,2025-02-25 06:54:00
179,12,view,2025-03-10 00:16:00
180,16,view,2025-01-09 17:57:00
180,19,add_to_cart,2025-01-13 03:02:00
180,17,view,2025-01-14 11:11:00
180,30,add_to_cart,2025-01-16 04:30:00
180,7,view,2025-01-19 19:00:00
180,29,view,2025-01-30 23:02:00
180,13,click,2025-02-06 00:29:00
180,30,click,2025-02-07 18:31:00
181,16,view,2025-01-05 18:20:00
181,14,view,2025-01-09 21:53:00
181,12,click,2025-01-18 19:18:00
181,26,view,2025-02-03 18:28:00
181,4,view,2025-02-15 11:38:00
181,17,click,2025-02-23 08:29:00
181,2,click,2025-02-24 13:03:00
181,12,view,2025-03-10 09:51:00
182,25,view,2025-01-04 09:30:00
182,3,click,2025-01-23 10:04:00
182,23,view,2025-01-28 15:23:00
182,25,view,2025-02-07 18:09:00
182,11,view,2025-02-12 15:37:00
182,8,click,2025-02-22 23:33:00
182,20,view,2025-02-27 00:12:00
182,14,view,2025-03-11 08:51:00
183,2,click,2025-01-11 19:48:00
183,18,view,2025-01-16 04:33:00
183,16,view,2025-01-16 13:04:00
183,29,view,2025-02-14 03:44:00
183,28,view,2025-02-18 13:56:00
183,8,click,2025-02-21 08:44:00
183,22,view,2025-02-21 08:44:00
183,9,view,2025-03-01 11:02:00
184,18,click,2025-01-09 22:56:00
184,30,view,2025-01-26 11:28:00
184,10,add_to_cart,2025-02-07 20:44:00
184,25,view,2025-02-14 16:11:00
184,20,view,2025-02-19 22:51:00
184,23,click,2025-02-26 05:05:00
184,15,view,2025-03-05 19:44:00
184,27,view,2025-03-09 01:52:00
185,29,view,2025-01-08 23:40:00
185,14,add_to_cart,2025-01-13 14:47:00
185,30,click,2025-01-26 19:10:00
185,8,view,2025-01-27 15:23:00
185,8,view,2025-01-29 19:29:00
185,12,view,2025-02-10 21:22:00
185,24,view,2025-02-24 14:47:00
185,24,click,2025-03-04 03:06:00
186,7,click,2025-01-11 11:57:00
186,10,click,2025-01-16 00:23:00
186,20,click,2025-01-21 18:46:00
186,23,view,2025-02-07 18:45:00
186,18,click,2025-02-25 11:28:00
186,4,view,2025-03-02 03:30:00
186,8,click,2025-03-03 09:54:00
186,29,add_to_cart,2025-03-04 11:00:00
187,5,click,2025-01-12 21:34:00
187,27,add_to_cart,2025-01-22 07:39:00
187,10,view,2025-01-23 04:19:00
187,8,view,2025-01-25 14:28:00
187,7,click,2025-01-31 18:58:00
187,12,add_to_cart,2025-02-07 05:29:00
187,8,add_to_cart,2025-02-07 09:09:00
187,11,view,2025-02-22 03:56:00
188,18,click,2025-01-09 02:53:00
188,16,add_to_cart,2025-01-22 20:29:00
188,21,view,2025-01-27 21:26:00
188,1,view,2025-02-04 15:23:00
188,22,click,2025-02-19 08:22:00
188,26,click,2025-02-28 17:33:00
188,17,view,2025-03-04 15:44:00
188,28,click,2025-03-07 22:27:00
189,9,view,2025-01-15 04:20:00
189,10,view,2025-01-15 15:54:00
189,19,view,2025-01-22 05:10:00
189,23,view,2025-01-31 19:08:00
189,18,click,2025-02-08 05:48:00
189,9,add_to_cart,2025-02-12 04:34:00
189,26,view,2025-02-13 18:23:00
189,19,click,2025-02-14 00:07:00
190,6,view,2025-01-03 01:45:00
190,4,click,2025-01-08 01:08:00
190,25,view,2025-01-11 16:06:00
190,18,view,2025-01-25 14:34:00
190,20,view,2025-02-07 02:49:00
190,17,view,2025-02-09 08:22:00
190,8,click,2025-02-15 05:36:00
190,26,click,2025-03-02 10:41:00
191,28,click,2025-01-13 00:25:00
191,17,click,2025-01-16 21:58:00
191,17,view,2025-01-26 03:32:00
191,3,view,2025-01-28 11:59:00
191,6,add_to_cart,2025-01-28 23:27:00
191,9,view,2025-02-01 22:59:00
191,25,view,2025-02-18 01:19:00
191,19,view,2025-03-05 00:42:00
192,10,view,2025-01-07 00:06:00
192,29,view,2025-01-07 12:00:00
192,29,view,2025-01-08 19:24:00
192,7,view,2025-01-25 00:32:00
192,10,view,2025-01-31 02:05:00
192,23,view,2025-01-31 13:14:00
192,25,view,2025-02-08 05:41:00
192,19,view,2025-03-03 04:57:00
193,7,view,2025-01-29 01:20:00
193,2,view,2025-02-06 23:10:00
193,30,view,2025-02-11 06:58:00
193,26,view,2025-02-11 18:55:00
193,25,click,2025-02-15 19:18:00
193,26,click,2025-02-17 15:36:00
193,28,click,2025-02-28 15:09:00
193,13,click,2025-03-03 12:16:00
194,3,click,2025-01-04 02:12:00
194,3,click,2025-01-05 16:30:00
194,30,add_to_cart,2025-01-09 02:22:00
194,2,view,2025-01-09 23:33:00
194,17,click,2025-01-15 13:43:00
194,18,view,2025-02-19 18:43:00
194,30,click,2025-02-21 15:36:00
194,2,view,2025-02-27 18:31:00
195,11,view,2025-01-07 22:13:00
195,18,click,2025-01-09 17:04:00
195,9,add_to_cart,2025-01-13 12:05:00
195,13,click,2025-01-29 10:58:00
195,3,click,2025-02-06 10:57:00
195,1,add_to_cart,2025-02-09 06:59:00
195,13,view,2025-02-21 12:45:00
195,23,view,2025-03-04 08:07:00
196,24,view,2025-01-12 21:11:00
196,1,click,2025-01-13 16:37:00
196,8,click,2025-01-14 20:09:00
196,13,view,2025-01-22 12:21:00
196,13,view,2025-01-27 12:55:00
196,5,view,2025-01-27 14:54:00
196,14,view,2025-03-03 02:29:00
196,17,click,2025-03-06 21:42:00
197,10,view,2025-01-24 17:41:00
197,30,view,2025-01-26 20:26:00
197,2,view,2025-02-01 21:36:00
197,14,view,2025-02-03 17:18:00
197,17,click,2025-02-17 07:43:00
197,15,view,2025-02-18 03:56:00
197,4,click,2025-03-01 14:30:00
197,10,click,2025-03-02 21:05:00
198,2,view,2025-01-05 13:20:00
198,26,view,2025-01-10 09:42:00
198,28,add_to_cart,2025-01-30 15:23:00
198,29,view,2025-02-08 03:28:00
198,17,view,2025-02-27 11:23:00
198,4,view,2025-03-01 07:49:00
198,16,view,2025-03-07 09:18:00
198,16,click,2025-03-09 14:18:00
199,15,click,2025-01-02 03:22:00
199,10,view,2025-01-11 11:47:00
199,25,add_to_cart,2025-01-28 12:58:00
199,19,view,2025-02-02 17:04:00
199,10,view,2025-03-04 12:21:00
199,16,add_to_cart,2025-03-05 00:38:00
199,29,view,2025-03-07 18:26:00
199,8,click,2025-03-10 08:08:00
200,20,view,2025-01-03 15:58:00
200,30,click,2025-01-04 23:03:00
200,15,view,2025-01-05 16:35:00
200,1,view,2025-01-18 13:59:00
200,16,add_to_cart,2025-02-14 01:48:00
200,19,add_to_cart,2025-02-24 11:02:00
200,14,view,2025-03-02 10:20:00
200,27,view,2025-03-10 20:35:00
201,14,click,2025-01-02 05:15:00
201,2,view,2025-01-07 02:53:00
201,8,view,2025-01-20 12:52:00
201,22,view,2025-02-01 21:19:00
201,17,click,2025-02-05 05:26:00
201,24,view,2025-02-11 18:27:00
201,4,view,2025-02-23 12:20:00
201,15,click,2025-03-11 08:15:00
202,27,click,2025-01-10 11:40:00
202,6,view,2025-01-17 14:54:00
202,4,click,2025-01-19 07:27:00
202,14,click,2025-01-24 02:14:00
202,15,add_to_cart,2025-02-04 10:54:00
202,17,view,2025-02-16 21:14:00
202,10,view,2025-02-17 19:29:00
202,27,click,2025-02-24 03:40:00
203,18,click,2025-01-20 22:54:00
203,6,view,2025-01-24 06:32:00
203,24,view,2025-01-31 15:18:00
203,29,click,2025-02-05 11:12:00
203,17,view,2025-02-10 03:26:00
203,23,view,2025-02-11 23:04:00
203,3,click,2025-02-15 21:25:00
203,11,add_to_cart,2025-02-20 06:57:00
204,7,view,2025-01-03 15:08:00
204,4,click,2025-01-12 09:39:00
204,21,view,2025-01-18 21:37:00
204,21,click,2025-01-23 03:53:00
204,11,click,2025-02-01 20:24:00
204,14,view,2025-02-05 07:22:00
204,24,click,2025-02-16 05:48:00
204,27,add_to_cart,2025-03-04 10:18:00
205,24,view,2025-01-01 00:45:00
205,11,click,2025-01-13 19:15:00
205,22,view,2025-01-14 22:20:00
205,17,view,2025-01-23 09:53:00
205,13,view,2025-01-23 20:14:00
205,22,click,2025-02-09 01:26:00
205,26,view,2025-02-12 20:00:00
205,4,click,2025-02-17 16:26:00
206,9,view,2025-01-17 01:03:00
206,1,view,2025-01-19 21:32:00
206,13,view,2025-01-24 00:21:00
206,15,view,2025-02-06 18:21:00
206,6,view,2025-02-17 16:47:00
206,19,view,2025-02-22 01:37:00
206,27,view,2025-03-02 00:24:00
206,26,view,2025-03-10 20:25:00
207,26,view,2025-01-11 12:35:00
207,7,view,2025-01-11 19:42:00
207,28,view,2025-01-14 09:03:00
207,29,view,2025-01-15 07:50:00
207,30,add_to_cart,2025-01-24 17:29:00
207,25,view,2025-02-02 21:58:00
207,1,view,2025-02-06 01:26:00
207,8,view,2025-02-18 08:25:00
208,14,view,2025-01-16 07:31:00
208,10,click,2025-01-23 16:56:00
208,11,view,2025-01-27 07:04:00
208,3,click,2025-01-29 06:00:00
208,21,click,2025-02-05 10:04:00
208,12,click,2025-02-21 08:16:00
208,20,view,2025-02-26 10:09:00
208,14,view,2025-03-03 15:17:00
209,25,click,2025-01-17 15:02:00
209,21,add_to_cart,2025-01-18 23:24:00
209,12,view,2025-01-22 01:20:00
209,2,click,2025-01-22 08:59:00
209,18,view,2025-01-25 16:52:00
209,8,view,2025-02-18 03:26:00
209,2,view,2025-02-18 08:02:00
209,6,click,2025-03-03 20:15:00
210,10,view,2025-01-12 09:14:00
210,24,view,2025-01-22 15:48:00
210,28,view,2025-01-24 08:01:00
210,3,view,2025-01-27 02:05:00
210,26,view,2025-01-30 15:42:00
210,11,view,2025-01-31 07:20:00
210,28,view,2025-02-07 18:39:00
210,5,view,2025-02-24 06:17:00
211,10,view,2025-01-03 00:08:00
211,5,add_to_cart,2025-01-04 16:02:00
211,9,view,2025-01-06 17:06:00
211,23,view,2025-01-08 08:57:00
211,22,add_to_cart,2025-02-02 07:16:00
211,5,view,2025-02-04 17:54:00
211,5,click,2025-02-20 11:38:00
211,13,click,2025-03-07 09:04:00
212,29,add_to_cart,2025-01-05 20:05:00
212,20,view,2025-01-07 13:40:00
212,15,add_to_cart,2025-01-10 07:47:00
212,17,view,2025-01-14 02:27:00
212,28,click,2025-01-14 16:23:00
212,22,click,2025-01-22 22:16:00
212,14,click,2025-03-01 12:28:00
212,26,view,2025-03-10 07:26:00
213,18,view,2025-01-04 18:08:00
213,3,view,2025-01-07 04:33:00
213,25,add_to_cart,2025-01-22 22:10:00
213,25,view,2025-01-29 18:55:00
213,24,view,2025-02-07 15:58:00
213,30,click,2025-02-17 18:30:00
213,5,view,2025-02-20 13:15:00
213,16,click,2025-03-02 05:17:00
214,20,view,2025-01-11 00:15:00
214,26,view,2025-01-18 03:07:00
214,12,view,2025-02-07 06:43:00
214,22,view,2025-02-15 16:14:00
214,10,view,2025-02-18 10:28:00
214,8,view,2025-02-22 11:30:00
214,5,view,2025-02-25 22:37:00
214,8,view,2025-03-09 19:42:00
215,1,view,2025-01-01 23:48:00
215,10,add_to_cart,2025-01-06 14:35:00
215,13,view,2025-01-06 22:04:00
215,1,view,2025-01-23 02:33:00
215,11,click,2025-01-25 11:06:00
215,25,click,2025-01-26 05:49:00
215,5,add_to_cart,2025-02-19 04:17:00
215,4,add_to_cart,2025-03-09 03:19:00
216,9,click,2025-01-11 14:02:00
216,29,view,2025-01-18 17:02:00
216,15,click,2025-01-29 04:35:00
216,4,view,2025-02-06 02:02:00
216,2,view,2025-02-15 20:01:00
216,30,view,2025-02-18 00:45:00
216,10,view,2025-02-26 04:46:00
216,23,click,2025-03-04 05:35:00
217,17,view,2025-01-07 16:26:00
217,27,click,2025-01-17 03:30:00
217,28,view,2025-01-21 09:55:00
217,14,view,2025-01-23 18:29:00
217,18,add_to_cart,2025-01-31 11:28:00
217,16,view,2025-02-10 00:24:00
217,25,click,2025-02-13 04:14:00
217,2,add_to_cart,2025-02-27 14:00:00
218,29,click,2025-01-06 23:53:00
218,15,view,2025-01-08 15:33:00
218,17,view,2025-01-17 22:15:00
218,14,view,2025-02-02 10:35:00
218,25,click,2025-02-05 04:09:00
218,1,click,2025-02-06 18:45:00
218,19,view,2025-02-14 16:13:00
218,14,view,2025-03-05 02:14:00
219,12,view,2025-01-04 09:59:00
219,4,view,2025-01-09 04:40:00
219,20,add_to_cart,2025-01-15 03:30:00
219,20,view,2025-01-16 16:05:00
219,2,view,2025-02-06 05:15:00
219,10,view,2025-02-26 15:10:00
219,5,view,2025-02-27 05:01:00
219,25,view,2025-03-09 14:14:00
220,25,click,2025-01-04 08:22:00
220,12,click,2025-01-05 10:41:00
220,17,click,2025-01-14 04:18:00
220,21,view,2025-02-08 17:23:00
220,24,click,2025-02-20 06:48:00
220,15,view,2025-03-01 23:45:00
220,27,add_to_cart,2025-03-08 18:52:00
220,9,view,2025-03-08 19:18:00
221,29,click,2025-01-05 17:26:00
221,24,click,2025-01-10 20:29:00
221,27,view,2025-01-26 17:40:00
221,17,view,2025-02-08 10:58:00
221,16,view,2025-02-27 12:15:00
221,24,view,2025-03-05 03:50:00
221,19,view,2025-03-10 08:46:00
221,8,view,2025-03-10 18:14:00
222,1,view,2025-01-07 20:36:00
222,21,click,2025-01-14 13:21:00
222,16,view,2025-01-16 22:34:00
222,1,click,2025-01-16 23:41:00
222,21,view,2025-01-27 08:44:00
222,22,click,2025-02-18 20:46:00
222,18,click,2025-02-22 23:41:00
222,19,click,2025-03-02 09:11:00
223,12,view,2025-01-02 05:05:00
223,17,view,2025-01-06 17:21:00
223,15,click,2025-01-10 21:56:00
223,4,click,2025-02-16 16:32:00
223,6,view,2025-02-21 09:00:00
223,4,view,2025-03-01 01:38:00
223,30,view,2025-03-05 04:12:00
223,18,view,2025-03-09 19:30:00
224,17,view,2025-01-01 21:05:00
224,8,view,2025-01-24 03:43:00
224,28,add_to_cart,2025-02-03 13:20:00
224,22,view,2025-02-13 11:47:00
224,17,click,2025-02-15 10:06:00
224,10,view,2025-02-15 17:14:00
224,6,view,2025-02-16 00:58:00
224,9,add_to_cart,2025-02-21 06:52:00
225,29,view,2025-01-09 02:45:00
225,6,view,2025-01-10 03:35:00
225,28,add_to_cart,2025-01-10 18:02:00
225,12,view,2025-01-16 10:33:00
225,27,add_to_cart,2025-01-20 00:08:00
225,14,view,2025-02-10 20:14:00
225,18,view,2025-02-26 20:55:00
225,19,view,2025-03-08 20:41:00
226,9,view,2025-01-01 09:17:00
226,28,view,2025-01-26 07:55:00
226,20,view,2025-01-30 16:42:00
226,13,view,2025-02-14 16:28:00
226,16,view,2025-02-20 16:31:00
226,4,view,2025-02-21 09:19:00
226,16,view,2025-02-23 05:14:00
226,21,view,2025-03-06 02:59:00
227,21,click,2025-01-03 01:30:00
227,22,view,2025-01-04 15:25:00
227,2,view,2025-01-16 11:39:00
227,23,click,2025-01-23 11:16:00
227,12,view,2025-01-28 03:41:00
227,28,view,2025-01-31 09:37:00
227,15,click,2025-02-04 16:15:00
227,2,add_to_cart,2025-02-13 17:52:00
228,6,view,2025-01-01 19:42:00
228,6,view,2025-01-08 09:37:00
228,17,view,2025-01-15 02:13:00
228,22,add_to_cart,2025-01-28 18:05:00
228,8,view,2025-02-05 22:39:00
228,2,add_to_cart,2025-02-09 04:07:00
228,8,view,2025-02-10 23:31:00
228,5,click,2025-02-17 19:28:00
229,24,click,2025-01-23 04:46:00
229,25,view,2025-01-23 17:47:00
229,24,add_to_cart,2025-01-31 17:02:00
229,10,click,2025-02-04 04:19:00
229,8,click,2025-02-14 07:07:00
229,14,click,2025-02-22 16:36:00
229,7,add_to_cart,2025-02-22 23:51:00
229,15,click,2025-03-01 09:37:00
230,13,add_to_cart,2025-01-07 11:21:00
230,24,view,2025-01-19 14:14:00
230,25,view,2025-01-22 13:49:00
230,23,view,2025-02-16 14:38:00
230,6,click,2025-02-20 10:39:00
230,27,view,2025-02-27 17:06:00
230,11,view,2025-03-03 05:37:00
230,4,view,2025-03-04 06:14:00
231,12,view,2025-01-06 10:13:00
231,28,view,2025-01-27 08:12:00
231,14,click,2025-01-27 09:57:00
231,10,view,2025-01-30 06:20:00
231,5,view,2025-01-30 19:23:00
231,16,view,2025-02-13 10:21:00
231,18,view,2025-02-27 09:43:00
231,7,view,2025-03-08 13:43:00
232,2,click,2025-01-05 14:35:00
232,1,click,2025-01-09 00:40:00
232,21,click,2025-01-16 22:43:00
232,10,view,2025-01-20 15:37:00
232,13,view,2025-01-26 06:33:00
232,19,view,2025-02-05 07:48:00
232,25,view,2025-03-03 09:28:00
232,18,view,2025-03-04 17:39:00
233,6,view,2025-01-21 16:06:00
233,5,view,2025-01-21 17:30:00
233,5,view,2025-01-30 05:42:00
233,21,view,2025-01-30 08:27:00
233,30,click,2025-02-27 19:01:00
233,24,click,2025-03-01 03:52:00
233,14,click,2025-03-04 12:23:00
233,29,view,2025-03-09 05:44:00
234,18,click,2025-01-01 16:38:00
234,1,view,2025-01-05 12:47:00
234,8,view,2025-01-21 11:12:00
234,19,click,2025-01-24 08:12:00
234,3,click,2025-02-11 17:21:00
234,7,view,2025-02-17 03:20:00
234,22,view,2025-03-02 23:43:00
234,10,click,2025-03-07 00:50:00
235,2,add_to_cart,2025-01-25 10:19:00
235,2,click,2025-01-26 23:32:00
235,11,click,2025-02-01 19:20:00
235,23,view,2025-02-10 08:06:00
235,11,add_to_cart,2025-02-11 15:31:00
235,25,view,2025-02-19 20:05:00
235,21,click,2025-02-19 21:08:00
235,25,click,2025-03-07 21:02:00
236,2,view,2025-01-16 18:18:00
236,19,view,2025-01-27 20:12:00
236,6,view,2025-01-31 19:50:00
236,24,view,2025-02-07 11:14:00
236,4,view,2025-02-25 00:42:00
236,3,click,2025-03-03 09:23:00
236,13,view,2025-03-05 19:34:00
236,12,view,2025-03-11 06:26:00
237,26,click,2025-01-01 08:19:00
237,3,click,2025-01-02 04:38:00
237,20,click,2025-01-10 03:59:00
237,20,click,2025-01-21 07:22:00
237,10,view,2025-01-27 07:53:00
237,16,view,2025-02-02 06:54:00
237,6,view,2025-02-11 07:17:00
237,14,add_to_cart,2025-02-25 10:21:00
238,16,click,2025-01-27 10:49:00
238,5,add_to_cart,2025-01-29 18:46:00
238,3,click,2025-02-02 18:52:00
238,1,add_to_cart,2025-02-14 12:50:00
238,5,click,2025-02-15 17:36:00
238,6,click,2025-02-21 06:58:00
238,5,view,2025-02-23 20:37:00
238,11,view,2025-03-06 05:08:00
239,21,click,2025-01-15 15:12:00
239,29,view,2025-01-21 14:15:00
239,24,view,2025-01-22 14:12:00
239,6,view,2025-02-15 15:33:00
239,24,click,2025-02-16 11:28:00
239,17,add_to_cart,2025-02-16 13:42:00
239,15,view,2025-02-19 14:00:00
239,9,view,2025-03-08 17:33:00
240,8,click,2025-01-16 00:45:00
240,9,add_to_cart,2025-01-21 00:18:00
240,27,view,2025-02-02 16:10:00
240,24,click,2025-02-17 12:35:00
240,28,view,2025-02-22 12:15:00
240,7,add_to_cart,2025-02-23 03:50:00
240,16,view,2025-02-23 05:57:00
240,30,view,2025-03-04 23:27:00
241,30,view,2025-01-05 18:54:00
241,9,view,2025-01-11 10:45:00
241,12,click,2025-01-17 01:33:00
241,6,view,2025-02-16 21:35:00
241,24,view,2025-02-18 02:15:00
241,29,view,2025-03-07 07:54:00
241,3,view,2025-03-07 16:52:00
241,7,view,2025-03-08 04:40:00
242,19,view,2025-01-02 05:05:00
242,4,view,2025-01-03 16:02:00
242,5,view,2025-01-04 05:16:00
242,29,view,2025-01-07 12:53:00
242,12,view,2025-01-12 06:03:00
242,10,view,2025-01-16 13:26:00
242,2,add_to_cart,2025-02-26 02:33:00
242,7,click,2025-03-04 18:02:00
243,12,view,2025-01-07 13:37:00
243,9,view,2025-01-21 17:59:00
243,11,click,2025-02-05 03:41:00
243,8,view,2025-03-01 10:39:00
243,12,add_to_cart,2025-03-04 08:49:00
243,21,click,2025-03-04 18:21:00
243,19,view,2025-03-06 05:02:00
243,21,click,2025-03-09 04:50:00
244,4,add_to_cart,2025-01-16 00:18:00
244,3,view,2025-01-20 04:00:00
244,18,click,2025-01-28 10:41:00
244,10,view,2025-01-31 09:57:00
244,29,view,2025-02-03 07:33:00
244,25,view,2025-02-04 08:28:00
244,13,view,2025-03-03 08:39:00
244,23,view,2025-03-05 16:29:00
245,27,click,2025-01-21 16:22:00
245,15,add_to_cart,2025-02-03 12:03:00
245,14,click,2025-02-09 19:21:00
245,19,click,2025-02-15 11:25:00
245,25,click,2025-02-21 01:34:00
245,25,view,2025-02-26 00:51:00
245,6,view,2025-02-27 15:44:00
245,19,view,2025-03-02 22:13:00
246,5,view,2025-01-04 23:49:00
246,9,view,2025-02-06 03:45:00
246,12,view,2025-02-07 15:45:00
246,22,click,2025-02-12 02:45:00
246,3,view,2025-03-03 22:27:00
246,11,click,2025-03-04 15:35:00
246,23,view,2025-03-05 20:38:00
246,24,view,2025-03-10 11:10:00
247,15,click,2025-01-01 06:26:00
247,8,view,2025-01-12 11:41:00
247,10,view,2025-01-18 00:58:00
247,12,view,2025-01-23 19:07:00
247,16,view,2025-02-01 08:35:00
247,9,view,2025-02-11 20:34:00
247,24,click,2025-03-03 22:58:00
247,5,view,2025-03-10 16:34:00
248,17,view,2025-01-27 04:41:00
248,8,click,2025-01-29 05:50:00
248,4,click,2025-02-05 12:13:00
248,9,view,2025-02-21 10:38:00
248,25,click,2025-03-03 02:23:00
248,14,click,2025-03-03 11:40:00
248,16,add_to_cart,2025-03-08 12:18:00
248,26,view,2025-03-09 23:04:00
249,5,view,2025-01-09 07:53:00
249,19,click,2025-01-14 03:20:00
249,28,view,2025-01-14 07:24:00
249,7,add_to_cart,2025-02-18 11:08:00
249,10,view,2025-02-18 15:21:00
249,24,view,2025-02-22 11:32:00
249,27,view,2025-02-23 17:47:00
249,25,click,2025-03-03 06:35:00
250,23,view,2025-01-07 13:12:00
250,19,view,2025-01-14 05:10:00
250,3,click,2025-01-20 04:26:00
250,22,view,2025-01-29 23:42:00
250,14,click,2025-02-07 08:55:00
250,7,click,2025-02-09 07:54:00
250,21,view,2025-03-01 17:42:00
250,27,click,2025-03-07 18:11:00
251,15,view,2025-01-02 10:35:00
251,11,view,2025-01-15 00:49:00
251,16,view,2025-01-19 04:52:00
251,30,view,2025-01-25 16:16:00
251,9,view,2025-02-03 09:15:00
251,24,click,2025-02-12 13:38:00
251,14,view,2025-02-22 04:51:00
251,5,view,2025-03-11 07:56:00
252,14,view,2025-01-03 03:12:00
252,16,view,2025-01-10 00:04:00
252,27,view,2025-01-16 02:27:00
252,19,click,2025-01-30 20:34:00
252,29,add_to_cart,2025-01-30 21:38:00
252,29,view,2025-02-05 11:52:00
252,16,view,2025-02-06 03:57:00
252,10,view,2025-02-12 13:39:00
253,7,view,2025-01-12 00:29:00
253,22,view,2025-01-26 19:56:00
253,24,view,2025-01-28 16:44:00
253,3,view,2025-02-04 09:08:00
253,27,click,2025-02-08 08:26:00
253,5,view,2025-02-17 11:27:00
253,12,add_to_cart,2025-02-22 12:02:00
253,13,view,2025-03-02 13:36:00
254,24,view,2025-01-15 17:02:00
254,13,click,2025-01-27 03:53:00
254,4,click,2025-01-31 16:43:00
254,11,add_to_cart,2025-02-02 12:49:00
254,7,click,2025-02-03 16:57:00
254,26,view,2025-02-08 05:46:00
254,7,view,2025-02-18 13:01:00
254,14,click,2025-02-27 23:44:00
255,29,click,2025-01-02 11:29:00
255,20,view,2025-01-05 04:25:00
255,17,view,2025-01-14 19:53:00
255,2,click,2025-01-19 00:54:00
255,14,add_to_cart,2025-01-21 10:34:00
255,16,view,2025-01-24 05:56:00
255,22,view,2025-02-25 13:47:00
255,14,view,2025-03-07 21:23:00
256,22,view,2025-01-16 19:53:00
256,14,view,2025-01-29 14:49:00
256,30,view,2025-01-30 18:06:00
256,23,add_to_cart,2025-02-09 10:04:00
256,10,click,2025-02-13 06:39:00
256,6,view,2025-02-15 05:50:00
256,13,click,2025-03-07 16:28:00
256,17,view,2025-03-09 12:05:00
257,13,view,2025-01-03 04:28:00
257,30,view,2025-01-06 19:44:00
257,17,view,2025-01-14 07:01:00
257,20,click,2025-02-03 04:09:00
257,24,view,2025-02-03 10:27:00
257,7,click,2025-02-16 11:20:00
257,19,view,2025-02-24 00:14:00
257,27,click,2025-03-04 09:08:00
258,5,view,2025-01-08 23:04:00
258,12,click,2025-01-12 21:55:00
258,11,click,2025-01-25 03:48:00
258,25,click,2025-02-11 17:28:00
258,19,click,2025-02-16 18:52:00
258,23,add_to_cart,2025-02-20 06:50:00
258,23,click,2025-02-24 06:36:00
258,23,view,2025-03-03 06:59:00
259,18,view,2025-01-11 07:32:00
259,13,view,2025-01-18 06:14:00
259,9,add_to_cart,2025-01-18 11:31:00
259,9,view,2025-01-24 07:07:00
259,13,click,2025-03-01 22:46:00
259,27,view,2025-03-03 09:45:00
259,22,view,2025-03-04 17:18:00
259,26,view,2025-03-05 08:23:00
260,24,add_to_cart,2025-01-12 14:24:00
260,26,click,2025-01-15 05:44:00
260,19,view,2025-01-20 00:35:00
260,5,view,2025-01-23 16:02:00
260,9,add_to_cart,2025-02-13 21:40:00
260,14,click,2025-02-21 03:44:00
260,12,view,2025-03-03 10:51:00
260,13,click,2025-03-06 21:34:00
261,10,view,2025-01-01 00:09:00
261,21,view,2025-01-12 13:05:00
261,6,click,2025-01-26 11:50:00
261,16,view,2025-02-01 19:13:00
261,15,view,2025-02-04 22:29:00
261,16,view,2025-02-20 18:17:00
261,6,add_to_cart,2025-03-01 13:56:00
261,21,click,2025-03-03 15:25:00
262,9,view,2025-01-09 00:32:00
262,22,view,2025-01-15 19:38:00
262,8,add_to_cart,2025-01-16 13:33:00
262,23,view,2025-01-19 16:16:00
262,27,add_to_cart,2025-01-25 09:04:00
262,14,add_to_cart,2025-01-25 09:39:00
262,14,view,2025-02-01 01:10:00
262,6,view,2025-02-26 23:42:00
263,4,view,2025-01-07 04:35:00
263,25,click,2025-01-08 20:03:00
263,12,click,2025-01-20 02:15:00
263,25,view,2025-01-22 15:24:00
263,26,click,2025-02-02 10:11:00
263,28,click,2025-02-20 07:08:00
263,12,view,2025-03-02 17:44:00
263,17,view,2025-03-11 06:20:00
264,1,click,2025-01-07 11:45:00
264,8,view,2025-01-12 11:21:00
264,25,click,2025-01-13 05:21:00
264,23,click,2025-02-04 20:41:00
264,24,view,2025-02-04 21:31:00
264,19,add_to_cart,2025-03-06 10:10:00
264,14,click,2025-03-09 09:20:00
264,23,view,2025-03-10 00:22:00
265,23,click,2025-01-10 00:56:00
265,4,view,2025-01-16 11:41:00
265,8,view,2025-01-20 09:31:00
265,7,add_to_cart,2025-02-05 14:32:00
265,26,view,2025-02-20 09:02:00
265,8,add_to_cart,2025-02-21 00:01:00
265,30,add_to_cart,2025-02-23 02:38:00
265,19,view,2025-03-04 01:28:00
266,20,click,2025-01-01 08:16:00
266,8,view,2025-02-05 10:16:00
266,2,click,2025-02-08 22:00:00
266,27,view,2025-02-27 16:11:00
266,6,add_to_cart,2025-03-05 10:18:00
266,26,click,2025-03-06 04:53:00
266,12,click,2025-03-07 14:47:00
266,9,view,2025-03-08 06:08:00
267,23,click,2025-01-06 07:27:00
267,3,view,2025-01-11 01:27:00
267,15,view,2025-01-13 15:50:00
267,19,add_to_cart,2025-01-16 11:22:00
267,9,view,2025-01-20 18:33:00
267,17,click,2025-01-21 17:52:00
267,16,view,2025-02-04 02:15:00
267,8,view,2025-02-15 21:46:00
268,17,view,2025-01-08 02:47:00
268,14,click,2025-01-10 20:46:00
268,9,click,2025-01-11 00:11:00
268,16,view,2025-01-13 06:37:00
268,26,view,2025-01-13 13:06:00
268,7,view,2025-02-02 09:22:00
268,29,click,2025-02-21 21:39:00
268,23,view,2025-02-27 08:36:00
269,1,add_to_cart,2025-01-05 12:12:00
269,2,click,2025-01-05 19:38:00
269,29,view,2025-01-05 21:00:00
269,12,click,2025-02-04 03:33:00
269,26,view,2025-02-12 13:43:00
269,11,click,2025-02-21 14:04:00
269,8,view,2025-02-26 22:27:00
269,25,click,2025-03-07 23:38:00
270,24,view,2025-01-04 15:14:00
270,2,add_to_cart,2025-01-20 17:00:00
270,15,view,2025-02-07 12:23:00
270,30,view,2025-02-10 23:54:00
270,12,add_to_cart,2025-02-13 00:41:00
270,22,click,2025-02-13 17:50:00
270,7,view,2025-03-06 06:06:00
270,5,add_to_cart,2025-03-08 09:44:00
271,22,click,2025-01-23 04:08:00
271,16,view,2025-02-10 14:38:00
271,3,view,2025-02-10 19:23:00
271,3,view,2025-02-14 00:36:00
271,4,view,2025-02-14 01:18:00
271,14,click,2025-02-15 09:50:00
271,5,view,2025-02-21 13:25:00
271,28,click,2025-02-23 05:09:00
272,9,click,2025-01-05 17:49:00
272,17,view,2025-01-12 17:36:00
272,15,view,2025-01-20 11:34:00
272,10,view,2025-01-31 20:40:00
272,16,view,2025-02-10 21:24:00
272,26,view,2025-02-13 15:21:00
272,15,view,2025-03-07 22:25:00
272,8,view,2025-03-09 16:59:00
273,28,click,2025-01-01 18:56:00
273,11,add_to_cart,2025-01-20 03:19:00
273,22,view,2025-02-02 14:33:00
273,17,view,2025-02-22 02:19:00
273,19,view,2025-02-24 11:49:00
273,20,view,2025-02-27 22:25:00
273,28,view,2025-03-08 03:01:00
273,19,view,2025-03-08 09:49:00
274,14,view,2025-01-16 01:53:00
274,2,view,2025-01-20 20:11:00
274,13,click,2025-01-26 08:32:00
274,19,add_to_cart,2025-01-31 18:32:00
274,16,click,2025-02-04 20:35:00
274,22,add_to_cart,2025-02-15 10:16:00
274,19,view,2025-02-20 15:57:00
274,27,click,2025-03-04 12:57:00
275,21,click,2025-01-14 14:37:00
275,10,view,2025-01-14 19:14:00
275,26,view,2025-01-17 13:28:00
275,18,view,2025-01-18 08:55:00
275,21,click,2025-01-20 23:56:00
275,9,view,2025-02-11 19:40:00
275,10,view,2025-02-28 02:40:00
275,4,view,2025-03-06 12:46:00
276,24,add_to_cart,2025-01-01 07:49:00
276,7,click,2025-01-08 02:27:00
276,17,view,2025-01-20 20:51:00
276,17,view,2025-02-02 23:36:00
276,17,view,2025-02-06 10:50:00
276,18,add_to_cart,2025-02-19 17:28:00
276,29,view,2025-02-23 23:04:00
276,14,view,2025-03-09 14:57:00
277,18,view,2025-01-17 01:27:00
277,30,click,2025-01-22 12:25:00
277,2,click,2025-01-26 02:41:00
277,21,add_to_cart,2025-02-04 19:16:00
277,21,click,2025-02-17 11:53:00
277,9,view,2025-02-21 02:42:00
277,8,click,2025-02-25 12:29:00
277,13,view,2025-02-27 07:09:00
278,22,click,2025-01-01 16:59:00
278,9,click,2025-01-04 02:10:00
278,16,view,2025-01-07 07:25:00
278,29,view,2025-01-18 16:34:00
278,3,click,2025-02-06 02:24:00
278,22,click,2025-02-07 02:04:00
278,24,view,2025-02-16 14:49:00
278,12,add_to_cart,2025-02-18 21:29:00
279,1,view,2025-01-01 10:21:00
279,5,view,2025-01-01 12:47:00
279,27,view,2025-01-04 11:01:00
279,30,view,2025-01-28 23:00:00
279,30,view,2025-02-10 08:05:00
279,1,click,2025-02-19 11:10:00
279,6,click,2025-03-07 07:10:00
279,29,view,2025-03-08 06:45:00
280,14,view,2025-01-07 13:30:00
280,29,click,2025-01-23 05:59:00
280,16,click,2025-01-28 14:54:00
280,20,view,2025-02-04 16:11:00
280,5,add_to_cart,2025-02-08 12:36:00
280,9,view,2025-02-08 17:16:00
280,4,click,2025-02-15 05:22:00
280,2,view,2025-02-27 10:26:00
281,26,view,2025-01-05 14:58:00
281,18,view,2025-01-21 05:44:00
281,24,click,2025-01-22 04:03:00
281,28,click,2025-01-24 02:12:00
281,20,click,2025-01-29 04:47:00
281,24,view,2025-02-04 17:54:00
281,3,view,2025-02-07 07:14:00
281,6,view,2025-02-26 00:40:00
282,16,click,2025-01-05 01:49:00
282,27,click,2025-01-15 03:32:00
282,9,click,2025-01-22 18:11:00
282,21,click,2025-01-28 19:43:00
282,30,click,2025-02-01 01:04:00
282,21,view,2025-02-07 12:16:00
282,27,view,2025-02-17 17:31:00
282,29,view,2025-03-04 21:28:00
283,4,view,2025-01-17 07:03:00
283,19,view,2025-01-25 15:09:00
283,25,view,2025-02-13 00:03:00
283,6,view,2025-02-13 02:51:00
283,14,view,2025-02-20 13:06:00
283,9,click,2025-02-22 07:31:00
283,14,view,2025-03-01 14:33:00
283,21,view,2025-03-02 09:42:00
284,8,view,2025-01-13 07:25:00
284,13,view,2025-01-17 04:15:00
284,24,view,2025-02-06 13:46:00
284,13,view,2025-02-12 11:51:00
284,22,view,2025-02-13 09:34:00
284,23,view,2025-02-21 18:11:00
284,7,view,2025-02-22 01:53:00
284,6,view,2025-02-22 05:48:00
285,2,view,2025-01-02 03:16:00
285,26,view,2025-01-13 00:20:00
285,22,view,2025-01-16 14:58:00
285,19,add_to_cart,2025-02-04 17:21:00
285,21,view,2025-02-22 03:11:00
285,17,click,2025-03-01 09:02:00
285,10,click,2025-03-01 11:01:00
285,30,view,2025-03-04 10:55:00
286,14,view,2025-01-14 18:19:00
286,27,view,2025-01-17 21:53:00
286,21,click,2025-01-27 07:02:00
286,2,add_to_cart,2025-01-28 20:29:00
286,11,view,2025-02-02 23:39:00
286,4,view,2025-02-15 06:24:00
286,30,click,2025-02-25 09:09:00
286,24,click,2025-03-08 21:20:00
287,12,add_to_cart,2025-01-01 18:16:00
287,24,view,2025-01-05 15:27:00
287,27,click,2025-01-07 13:14:00
287,11,click,2025-01-21 11:45:00
287,10,view,2025-02-11 17:18:00
287,30,view,2025-02-17 18:11:00
287,28,view,2025-02-28 20:54:00
287,4,view,2025-03-06 15:21:00
288,19,add_to_cart,2025-01-04 18:31:00
288,20,view,2025-01-20 06:28:00
288,28,click,2025-01-24 17:15:00
288,3,click,2025-01-28 21:01:00
288,14,view,2025-01-31 09:58:00
288,6,view,2025-02-19 20:14:00
288,4,click,2025-02-25 05:40:00
288,5,view,2025-03-08 07:05:00
289,27,view,2025-01-04 17:27:00
289,23,view,2025-01-13 22:09:00
289,14,click,2025-01-19 09:24:00
289,5,view,2025-02-16 15:47:00
289,26,view,2025-02-20 01:32:00
289,16,view,2025-02-20 01:41:00
289,16,click,2025-02-21 10:21:00
289,15,click,2025-02-26 07:51:00
290,23,view,2025-01-08 23:10:00
290,4,view,2025-01-24 21:25:00
290,8,view,2025-01-30 13:59:00
290,7,view,2025-02-04 17:01:00
290,29,view,2025-02-08 09:56:00
290,6,click,2025-02-09 09:30:00
290,21,view,2025-02-13 18:55:00
290,19,view,2025-02-17 19:06:00
291,25,view,2025-01-02 10:39:00
291,6,click,2025-01-19 18:09:00
291,17,view,2025-02-01 15:12:00
291,6,view,2025-02-15 14:18:00
291,23,view,2025-02-23 09:08:00
291,29,click,2025-02-24 21:09:00
291,22,click,2025-02-27 12:41:00
291,20,click,2025-03-08 20:03:00
292,30,add_to_cart,2025-01-06 03:32:00
292,1,view,2025-01-07 14:34:00
292,24,view,2025-01-12 02:42:00
292,4,view,2025-01-15 20:29:00
292,3,view,2025-01-21 23:33:00
292,11,view,2025-02-13 03:59:00
292,30,click,2025-03-07 15:58:00
292,6,click,2025-03-08 01:45:00
293,15,add_to_cart,2025-01-01 13:42:00
293,13,add_to_cart,2025-01-22 20:42:00
293,4,click,2025-02-08 12:47:00
293,19,view,2025-02-08 19:12:00
293,29,click,2025-02-17 07:49:00
293,28,click,2025-03-05 03:05:00
293,26,view,2025-03-09 20:47:00
293,15,click,2025-03-09 22:08:00
294,8,click,2025-01-07 16:08:00
294,11,view,2025-01-16 01:38:00
294,17,add_to_cart,2025-01-19 04:26:00
294,6,click,2025-02-01 12:37:00
294,18,click,2025-02-10 22:40:00
294,10,view,2025-02-13 12:15:00
294,27,view,2025-03-07 02:07:00
294,17,click,2025-03-08 13:38:00
295,17,view,2025-01-06 11:39:00
295,9,click,2025-01-26 01:28:00
295,23,add_to_cart,2025-01-28 09:53:00
295,4,view,2025-02-02 02:56:00
295,19,view,2025-02-16 11:35:00
295,5,view,2025-02-20 23:41:00
295,4,view,2025-02-24 16:39:00
295,20,view,2025-03-10 07:57:00
296,1,view,2025-01-01 21:47:00
296,18,click,2025-01-05 08:06:00
296,1,click,2025-01-05 10:27:00
296,8,view,2025-01-11 01:08:00
296,14,view,2025-01-11 01:59:00
296,9,click,2025-01-23 10:33:00
296,10,click,2025-01-25 01:34:00
296,27,click,2025-03-04 22:23:00
297,16,add_to_cart,2025-01-02 19:37:00
297,29,click,2025-01-07 22:21:00
297,9,click,2025-01-12 19:10:00
297,16,view,2025-02-02 23:37:00
297,9,view,2025-02-09 06:04:00
297,4,click,2025-02-25 20:23:00
297,26,add_to_cart,2025-02-26 11:30:00
297,17,click,2025-03-04 01:57:00
298,21,view,2025-01-16 19:14:00
298,10,view,2025-02-01 18:10:00
298,25,view,2025-02-07 07:48:00
298,12,view,2025-02-11 09:12:00
298,1,view,2025-02-23 20:33:00
298,6,view,2025-03-06 02:30:00
298,27,view,2025-03-06 07:36:00
298,23,view,2025-03-07 19:39:00
299,8,view,2025-01-07 16:36:00
299,14,click,2025-01-19 23:54:00
299,1,view,2025-01-25 00:17:00
299,2,view,2025-01-26 20:25:00
299,24,view,2025-02-14 03:00:00
299,1,view,2025-02-14 12:39:00
299,5,view,2025-02-22 09:07:00
299,10,view,2025-03-09 15:55:00
300,15,view,2025-01-09 20:42:00
300,12,view,2025-01-12 20:50:00
300,24,view,2025-01-19 04:36:00
300,26,view,2025-01-26 00:45:00
300,28,click,2025-02-06 16:14:00
300,6,view,2025-02-13 04:21:00
300,28,view,2025-02-25 10:48:00
300,17,add_to_cart,2025-03-04 10:14:00
301,2,view,2025-01-07 19:38:00
301,19,view,2025-01-14 12:21:00
301,27,click,2025-01-20 18:10:00
301,30,click,2025-01-23 08:00:00
301,18,view,2025-02-05 17:03:00
301,5,view,2025-02-13 19:10:00
301,24,view,2025-02-15 19:22:00
301,26,view,2025-03-04 20:52:00
302,10,click,2025-02-14 12:36:00
302,9,view,2025-02-15 07:13:00
302,3,click,2025-02-18 02:46:00
302,5,click,2025-02-19 01:07:00
302,13,click,2025-02-25 06:31:00
302,23,view,2025-03-04 19:17:00
302,22,view,2025-03-10 06:52:00
302,23,view,2025-03-10 15:37:00
303,21,click,2025-01-13 23:21:00
303,11,click,2025-01-15 01:22:00
303,1,view,2025-01-15 15:56:00
303,23,click,2025-01-22 05:37:00
303,23,view,2025-02-04 14:14:00
303,13,view,2025-02-21 23:01:00
303,30,add_to_cart,2025-03-02 03:06:00
303,29,view,2025-03-09 01:40:00
304,4,view,2025-01-01 10:33:00
304,6,view,2025-01-04 17:06:00
304,18,view,2025-01-09 23:54:00
304,2,view,2025-01-14 15:04:00
304,22,view,2025-01-21 03:15:00
304,11,view,2025-02-28 18:42:00
304,7,view,2025-03-03 00:04:00
304,10,click,2025-03-09 16:57:00
305,3,click,2025-01-10 14:37:00
305,9,click,2025-01-11 03:34:00
305,19,click,2025-01-21 00:38:00
305,6,view,2025-01-26 11:51:00
305,2,click,2025-02-05 11:01:00
305,27,view,2025-02-07 16:26:00
305,29,add_to_cart,2025-02-08 18:30:00
305,25,click,2025-02-15 14:17:00
306,20,click,2025-01-05 01:42:00
306,11,view,2025-01-15 20:49:00
306,27,add_to_cart,2025-01-16 16:24:00
306,11,click,2025-01-29 00:55:00
306,13,view,2025-01-31 13:12:00
306,26,view,2025-02-03 16:44:00
306,19,view,2025-02-08 19:21:00
306,14,click,2025-03-08 00:15:00
307,23,view,2025-01-07 11:00:00
307,3,view,2025-01-10 11:19:00
307,8,click,2025-01-10 17:18:00
307,20,view,2025-02-02 03:06:00
307,7,view,2025-02-10 16:12:00
307,13,view,2025-02-12 12:08:00
307,20,add_to_cart,2025-02-14 15:01:00
307,27,view,2025-02-18 01:43:00
308,12,click,2025-01-06 12:31:00
308,2,click,2025-01-26 19:01:00
308,28,view,2025-02-04 11:01:00
308,6,view,2025-02-09 04:31:00
308,25,view,2025-02-15 13:44:00
308,27,click,2025-02-22 13:39:00
308,17,view,2025-02-26 06:41:00
308,1,view,2025-02-27 22:26:00
309,24,click,2025-01-01 22:19:00
309,5,add_to_cart,2025-01-09 00:55:00
309,4,click,2025-01-27 10:43:00
309,6,view,2025-01-28 00:29:00
309,25,view,2025-01-31 10:53:00
309,26,view,2025-02-06 06:42:00
309,12,view,2025-02-24 18:22:00
309,1,view,2025-03-11 07:01:00
310,30,click,2025-01-06 23:18:00
310,19,click,2025-01-07 04:53:00
310,27,view,2025-01-12 06:17:00
310,25,view,2025-02-04 01:55:00
310,28,view,2025-02-11 21:21:00
310,22,click,2025-02-13 01:28:00
310,8,view,2025-02-23 20:53:00
310,24,view,2025-03-04 02:54:00
311,4,view,2025-01-05 07:48:00
311,6,view,2025-01-07 11:34:00
311,18,view,2025-01-07 23:15:00
311,15,view,2025-01-15 23:11:00
311,2,view,2025-01-23 02:35:00
311,13,view,2025-02-09 21:49:00
311,3,view,2025-02-10 07:36:00
311,16,view,2025-03-02 02:41:00
312,2,click,2025-01-03 01:29:00
312,20,add_to_cart,2025-01-10 20:49:00
312,24,click,2025-01-19 23:51:00
312,4,view,2025-01-22 21:15:00
312,13,view,2025-01-27 17:33:00
312,6,click,2025-01-31 19:29:00
312,27,view,2025-02-03 13:21:00
312,28,view,2025-02-21 20:11:00
313,13,view,2025-01-21 13:07:00
313,5,view,2025-01-25 23:28:00
313,26,view,2025-02-13 12:04:00
313,14,view,2025-02-14 15:03:00
313,11,click,2025-02-21 06:05:00
313,29,click,2025-02-22 03:13:00
313,8,view,2025-02-27 12:04:00
313,16,click,2025-03-02 08:25:00
314,24,view,2025-01-16 13:57:00
314,27,click,2025-02-04 16:58:00
314,8,click,2025-02-09 15:37:00
314,27,click,2025-02-11 00:48:00
314,12,view,2025-02-12 19:37:00
314,20,click,2025-02-14 06:58:00
314,1,view,2025-02-28 15:46:00
314,2,click,2025-03-02 10:28:00
315,16,click,2025-01-05 19:56:00
315,27,click,2025-01-12 05:11:00
315,7,view,2025-01-12 10:39:00
315,2,click,2025-01-15 05:54:00
315,5,view,2025-02-08 22:10:00
315,8,view,2025-02-13 18:40:00
315,11,view,2025-02-28 20:21:00
315,28,click,2025-03-03 19:12:00
316,16,add_to_cart,2025-01-17 09:01:00
316,16,click,2025-01-19 00:33:00
316,29,view,2025-02-15 03:50:00
316,30,view,2025-02-17 00:28:00
316,20,click,2025-02-18 17:39:00
316,19,view,2025-02-19 06:40:00
316,22,view,2025-02-24 23:19:00
316,10,click,2025-02-28 23:08:00
317,22,click,2025-01-15 05:30:00
317,10,view,2025-01-17 07:04:00
317,27,view,2025-01-26 16:32:00
317,20,view,2025-02-02 07:17:00
317,6,view,2025-02-02 15:27:00
317,13,view,2025-02-05 09:24:00
317,30,click,2025-02-22 06:02:00
317,8,click,2025-03-01 04:05:00
318,9,add_to_cart,2025-01-06 11:12:00
318,24,click,2025-01-28 09:59:00
318,14,view,2025-02-07 19:07:00
318,19,view,2025-02-08 00:04:00
318,17,view,2025-02-15 05:16:00
318,16,view,2025-02-25 17:56:00
318,7,view,2025-02-26 23:09:00
318,27,click,2025-03-09 05:54:00
319,14,view,2025-01-10 23:05:00
319,14,click,2025-01-15 19:17:00
319,30,add_to_cart,2025-01-28 18:58:00
319,24,click,2025-02-01 00:36:00
319,21,view,2025-02-19 01:41:00
319,6,view,2025-02-22 17:55:00
319,4,click,2025-03-02 19:07:00
319,19,view,2025-03-09 09:47:00
320,27,view,2025-01-13 10:55:00
320,30,click,2025-01-15 03:04:00
320,1,view,2025-01-19 10:45:00
320,1,view,2025-01-25 17:45:00
320,26,view,2025-01-25 23:31:00
320,14,view,2025-01-30 23:28:00
320,6,view,2025-02-26 00:47:00
320,28,view,2025-02-26 09:02:00
321,8,view,2025-01-01 13:41:00
321,10,click,2025-02-01 18:39:00
321,17,view,2025-02-02 04:06:00
321,11,view,2025-02-06 22:57:00
321,8,click,2025-02-23 09:31:00
321,7,click,2025-03-03 22:33:00
321,25,view,2025-03-05 23:44:00
321,10,view,2025-03-06 12:37:00
322,16,click,2025-01-02 09:19:00
322,14,click,2025-01-08 03:09:00
322,11,click,2025-02-02 14:53:00
322,1,click,2025-02-04 02:40:00
322,9,click,2025-02-07 05:16:00
322,10,view,2025-02-14 19:29:00
322,1,click,2025-02-27 12:21:00
322,20,view,2025-02-28 23:10:00
323,30,add_to_cart,2025-01-01 00:14:00
323,25,view,2025-01-20 00:43:00
323,3,view,2025-01-26 19:00:00
323,18,view,2025-02-09 14:51:00
323,28,click,2025-02-18 21:50:00
323,19,view,2025-02-24 04:29:00
323,14,view,2025-02-27 07:42:00
323,6,view,2025-02-28 10:06:00
324,12,add_to_cart,2025-01-06 18:32:00
324,5,view,2025-01-17 21:19:00
324,24,add_to_cart,2025-01-21 21:28:00
324,12,view,2025-01-24 21:34:00
324,3,click,2025-01-25 15:42:00
324,13,click,2025-02-14 13:54:00
324,24,view,2025-02-14 22:57:00
324,20,view,2025-02-21 19:19:00
325,29,view,2025-01-13 10:08:00
325,15,view,2025-01-28 19:23:00
325,14,add_to_cart,2025-02-04 23:03:00
325,20,click,2025-02-07 11:07:00
325,29,add_to_cart,2025-02-13 10:04:00
325,4,view,2025-02-13 16:07:00
325,16,view,2025-02-17 23:54:00
325,25,click,2025-02-19 22:34:00
326,28,view,2025-01-14 06:50:00
326,9,click,2025-01-27 10:17:00
326,6,click,2025-01-29 20:06:00
326,2,view,2025-02-14 02:19:00
326,5,view,2025-02-24 22:31:00
326,11,click,2025-02-28 06:38:00
326,9,click,2025-03-05 09:43:00
326,3,view,2025-03-05 14:53:00
327,23,click,2025-01-07 07:11:00
327,13,view,2025-01-07 19:12:00
327,4,view,2025-01-13 01:28:00
327,24,view,2025-01-26 13:52:00
327,27,view,2025-02-06 03:17:00
327,17,view,2025-02-14 04:00:00
327,8,view,2025-03-01 05:50:00
327,11,view,2025-03-03 10:29:00
328,16,view,2025-01-03 18:34:00
328,23,click,2025-01-11 17:28:00
328,21,view,2025-01-23 18:58:00
328,16,click,2025-01-31 18:56:00
328,26,click,2025-02-15 18:51:00
328,6,add_to_cart,2025-02-25 03:59:00
328,25,view,2025-02-25 17:01:00
328,9,click,2025-03-01 22:37:00
329,30,view,2025-01-02 04:12:00
329,23,add_to_cart,2025-01-05 20:23:00
329,14,click,2025-01-08 16:15:00
329,1,view,2025-01-20 19:57:00
329,12,view,2025-01-25 02:58:00
329,21,view,2025-02-10 11:57:00
329,30,view,2025-02-12 22:29:00
329,22,view,2025-03-04 01:54:00
330,3,view,2025-01-04 07:44:00
330,24,click,2025-01-13 22:47:00
330,9,add_to_cart,2025-01-17 11:39:00
330,19,view,2025-02-09 03:41:00
330,1,add_to_cart,2025-02-15 13:58:00
330,27,view,2025-02-15 17:33:00
330,20,add_to_cart,2025-02-19 20:50:00
330,23,add_to_cart,2025-02-25 18:09:00
331,3,add_to_cart,2025-01-01 12:33:00
331,28,add_to_cart,2025-01-04 06:39:00
331,16,add_to_cart,2025-01-14 04:45:00
331,20,view,2025-01-26 13:06:00
331,4,view,2025-01-27 12:39:00
331,17,view,2025-02-15 18:14:00
331,24,view,2025-02-23 16:00:00
331,4,click,2025-03-07 22:51:00
332,24,click,2025-01-02 08:29:00
332,18,add_to_cart,2025-01-26 11:21:00
332,2,click,2025-02-12 01:09:00
332,11,add_to_cart,2025-02-16 14:28:00
332,7,view,2025-02-18 03:04:00
332,23,view,2025-02-21 21:28:00
332,29,click,2025-02-22 22:55:00
332,23,click,2025-02-28 11:21:00
333,20,view,2025-01-04 17:38:00
333,11,view,2025-01-16 15:19:00
333,26,view,2025-01-19 12:15:00
333,4,view,2025-01-24 21:10:00
333,14,click,2025-01-26 02:58:00
333,9,view,2025-02-04 05:36:00
333,24,view,2025-02-04 07:26:00
333,10,view,2025-02-19 02:04:00
334,6,click,2025-01-02 16:00:00
334,10,view,2025-01-02 22:09:00
334,9,add_to_cart,2025-01-07 02:34:00
334,2,view,2025-01-07 10:46:00
334,5,click,2025-01-09 00:46:00
334,26,click,2025-01-16 00:40:00
334,15,view,2025-02-26 13:12:00
334,8,add_to_cart,2025-03-04 03:29:00
335,29,view,2025-01-03 21:17:00
335,17,click,2025-01-25 02:08:00
335,25,view,2025-02-03 04:02:00
335,4,view,2025-02-12 18:08:00
335,1,click,2025-02-24 18:15:00
335,3,view,2025-02-25 19:10:00
335,30,click,2025-02-28 05:59:00
335,6,view,2025-03-04 11:32:00
336,22,view,2025-01-01 00:46:00
336,14,click,2025-01-10 02:47:00
336,18,view,2025-01-19 21:04:00
336,2,view,2025-01-21 00:02:00
336,18,view,2025-01-28 21:13:00
336,12,click,2025-02-03 19:05:00
336,16,view,2025-02-19 06:37:00
336,13,view,2025-02-22 13:01:00
337,27,click,2025-01-07 14:38:00
337,20,click,2025-01-15 22:12:00
337,4,click,2025-02-05 01:25:00
337,27,view,2025-02-09 08:48:00
337,11,view,2025-02-19 20:55:00
337,23,view,2025-02-21 04:37:00
337,1,click,2025-03-04 11:25:00
337,29,view,2025-03-04 19:59:00
338,16,click,2025-01-04 04:34:00
338,24,click,2025-02-05 04:33:00
338,23,click,2025-02-09 10:00:00
338,15,view,2025-02-13 17:35:00
338,8,view,2025-02-26 17:00:00
338,1,view,2025-03-01 22:34:00
338,9,add_to_cart,2025-03-07 21:15:00
338,13,add_to_cart,2025-03-08 05:28:00
339,26,view,2025-01-02 04:51:00
339,29,view,2025-01-06 19:14:00
339,8,click,2025-01-17 20:42:00
339,24,add_to_cart,2025-01-19 23:16:00
339,24,add_to_cart,2025-02-01 09:52:00
339,29,add_to_cart,2025-02-05 03:47:00
339,4,add_to_cart,2025-03-02 20:44:00
339,13,view,2025-03-10 01:36:00
340,27,view,2025-01-07 00:23:00
340,30,view,2025-01-14 14:41:00
340,19,click,2025-01-15 22:19:00
340,13,view,2025-01-30 10:45:00
340,25,view,2025-02-09 20:06:00
340,23,view,2025-02-17 15:15:00
340,18,click,2025-02-26 11:25:00
340,2,click,2025-03-09 21:42:00
341,25,view,2025-01-05 22:36:00
341,25,view,2025-01-07 17:37:00
341,24,click,2025-01-15 11:43:00
341,28,view,2025-02-11 18:52:00
341,11,add_to_cart,2025-02-22 02:27:00
341,12,click,2025-02-23 07:11:00
341,3,view,2025-02-25 13:50:00
341,8,click,2025-03-10 03:57:00
342,8,view,2025-01-03 17:40:00
342,16,click,2025-01-11 11:19:00
342,18,click,2025-01-22 22:18:00
342,19,view,2025-02-09 03:03:00
342,1,click,2025-02-09 14:48:00
342,14,view,2025-02-19 03:13:00
342,10,view,2025-03-03 15:51:00
342,7,view,2025-03-04 17:01:00
343,17,view,2025-01-01 02:28:00
343,25,click,2025-01-22 08:47:00
343,15,add_to_cart,2025-01-24 06:54:00
343,30,click,2025-02-02 20:41:00
343,8,view,2025-02-02 23:27:00
343,8,click,2025-02-10 03:41:00
343,15,view,2025-03-01 10:35:00
343,10,add_to_cart,2025-03-08 15:32:00
344,2,click,2025-01-12 02:57:00
344,27,view,2025-01-14 02:33:00
344,29,click,2025-01-25 10:12:00
344,1,view,2025-02-04 02:37:00
344,25,view,2025-02-04 09:04:00
344,23,view,2025-02-26 17:01:00
344,12,view,2025-03-07 20:41:00
344,24,add_to_cart,2025-03-10 21:13:00
345,25,click,2025-01-07 09:13:00
345,3,click,2025-01-09 01:55:00
345,4,view,2025-01-10 10:06:00
345,11,view,2025-01-13 17:51:00
345,19,click,2025-01-24 01:12:00
345,3,view,2025-02-06 11:28:00
345,2,view,2025-02-09 08:19:00
345,9,view,2025-02-11 11:55:00
346,15,view,2025-01-14 23:08:00
346,10,view,2025-01-16 10:34:00
346,12,view,2025-01-29 23:21:00
346,28,click,2025-02-02 14:31:00
346,10,view,2025-02-05 06:50:00
346,28,click,2025-02-08 08:55:00
346,28,view,2025-02-10 18:49:00
346,29,click,2025-03-08 15:49:00
347,10,add_to_cart,2025-01-01 19:37:00
347,13,click,2025-01-07 19:03:00
347,10,click,2025-01-10 16:10:00
347,10,view,2025-01-21 20:47:00
347,7,view,2025-01-25 05:21:00
347,30,view,2025-01-30 04:26:00
347,28,view,2025-02-14 23:03:00
347,14,view,2025-02-28 03:29:00
348,7,view,2025-01-06 17:04:00
348,3,click,2025-01-24 01:40:00
348,9,view,2025-01-30 15:01:00
348,6,view,2025-02-15 23:55:00
348,27,view,2025-02-22 17:43:00
348,19,add_to_cart,2025-03-03 10:57:00
348,2,view,2025-03-03 17:30:00
348,17,view,2025-03-10 13:38:00
349,11,click,2025-01-14 04:37:00
349,28,click,2025-01-15 10:44:00
349,24,view,2025-01-23 00:47:00
349,21,view,2025-01-28 10:59:00
349,15,add_to_cart,2025-01-30 16:40:00
349,20,click,2025-02-03 12:47:00
349,14,view,2025-02-20 12:05:00
349,17,view,2025-02-27 19:43:00
350,16,click,2025-01-01 05:31:00
350,20,view,2025-01-01 08:43:00
350,2,view,2025-01-03 05:15:00
350,27,view,2025-01-07 01:59:00
350,23,click,2025-01-26 02:01:00
350,20,view,2025-01-31 20:32:00
350,15,add_to_cart,2025-03-05 13:15:00
350,10,view,2025-03-05 23:38:00
351,27,add_to_cart,2025-01-03 16:00:00
351,18,view,2025-01-11 23:59:00
351,19,view,2025-02-06 11:39:00
351,10,view,2025-02-09 09:02:00
351,2,click,2025-02-12 03:17:00
351,15,click,2025-02-17 00:27:00
351,2,view,2025-02-17 21:58:00
351,16,view,2025-03-04 12:24:00
352,26,view,2025-01-01 19:09:00
352,10,view,2025-02-03 08:05:00
352,19,add_to_cart,2025-02-06 18:11:00
352,4,view,2025-02-08 12:55:00
352,2,view,2025-02-15 04:14:00
352,21,view,2025-02-18 19:07:00
352,23,view,2025-02-20 06:12:00
352,9,view,2025-03-03 04:52:00
353,4,view,2025-01-22 20:32:00
353,23,view,2025-02-05 06:30:00
353,21,click,2025-02-11 16:02:00
353,14,view,2025-02-15 10:16:00
353,3,view,2025-02-16 14:59:00
353,4,view,2025-02-22 17:17:00
353,26,view,2025-03-04 11:17:00
353,12,view,2025-03-05 12:46:00
354,6,view,2025-01-22 12:01:00
354,14,view,2025-02-05 11:52:00
354,13,click,2025-02-09 09:22:00
354,22,add_to_cart,2025-02-16 15:33:00
354,21,view,2025-02-21 23:57:00
354,16,click,2025-02-25 17:44:00
354,15,view,2025-03-02 01:24:00
354,9,view,2025-03-05 00:04:00
355,13,view,2025-01-06 05:50:00
355,6,click,2025-01-21 04:58:00
355,23,view,2025-01-22 23:29:00
355,14,view,2025-02-17 05:13:00
355,25,view,2025-02-17 16:58:00
355,16,view,2025-02-19 07:55:00
355,2,click,2025-02-20 04:53:00
355,14,view,2025-03-10 11:40:00
356,17,view,2025-01-04 12:57:00
356,30,view,2025-01-09 05:38:00
356,22,view,2025-01-10 16:23:00
356,25,view,2025-01-17 02:26:00
356,14,click,2025-01-24 02:59:00
356,18,click,2025-02-02 03:38:00
356,26,click,2025-02-20 13:56:00
356,20,view,2025-02-24 06:43:00
357,30,click,2025-01-03 08:43:00
357,6,click,2025-01-03 08:59:00
357,29,view,2025-01-08 18:18:00
357,30,view,2025-01-12 03:56:00
357,28,click,2025-01-12 08:50:00
357,2,click,2025-02-02 09:16:00
357,16,view,2025-02-15 17:58:00
357,28,click,2025-02-26 15:52:00
358,23,view,2025-01-05 11:27:00
358,10,click,2025-01-10 01:43:00
358,24,view,2025-01-15 06:38:00
358,2,view,2025-01-16 12:11:00
358,15,click,2025-01-19 17:53:00
358,15,view,2025-01-31 00:27:00
358,25,click,2025-02-17 03:34:00
358,26,click,2025-03-06 11:15:00
359,3,view,2025-01-02 07:21:00
359,29,view,2025-01-07 14:18:00
359,7,click,2025-01-10 00:45:00
359,26,click,2025-01-13 18:35:00
359,22,view,2025-01-13 18:55:00
359,23,view,2025-01-18 15:35:00
359,6,view,2025-01-19 15:52:00
359,12,view,2025-02-17 00:26:00
360,22,view,2025-01-04 22:16:00
360,17,view,2025-01-06 09:05:00
360,9,click,2025-01-23 00:09:00
360,29,click,2025-01-25 18:27:00
360,10,view,2025-02-10 07:03:00
360,8,click,2025-02-13 22:24:00
360,27,click,2025-02-15 06:30:00
360,1,add_to_cart,2025-02-21 10:54:00
361,10,click,2025-01-22 16:32:00
361,26,view,2025-01-26 13:52:00
361,16,view,2025-02-03 05:26:00
361,26,add_to_cart,2025-02-07 06:03:00
361,11,view,2025-02-09 15:17:00
361,9,view,2025-02-20 13:05:00
361,15,click,2025-02-24 16:58:00
361,28,view,2025-02-25 11:23:00
362,6,view,2025-01-05 23:43:00
362,5,view,2025-01-06 08:08:00
362,5,click,2025-01-12 19:19:00
362,19,view,2025-01-22 09:30:00
362,20,view,2025-01-29 01:18:00
362,23,view,2025-02-02 17:03:00
362,22,view,2025-02-14 07:58:00
362,24,add_to_cart,2025-02-18 01:24:00
363,27,add_to_cart,2025-01-19 18:18:00
363,20,view,2025-01-20 14:13:00
363,14,click,2025-01-24 19:34:00
363,5,click,2025-01-25 07:39:00
363,29,click,2025-01-28 00:05:00
363,24,view,2025-02-03 04:28:00
363,19,view,2025-02-14 20:08:00
363,7,view,2025-02-19 00:04:00
364,16,click,2025-01-20 18:32:00
364,27,view,2025-01-31 07:36:00
364,7,view,2025-02-08 00:35:00
364,8,view,2025-02-11 00:25:00
364,27,view,2025-02-19 18:36:00
364,2,view,2025-02-25 13:46:00
364,24,view,2025-03-07 07:17:00
364,25,view,2025-03-08 11:25:00
365,19,view,2025-01-02 02:27:00
365,23,add_to_cart,2025-01-14 19:54:00
365,21,add_to_cart,2025-01-21 19:23:00
365,15,click,2025-01-27 03:55:00
365,3,view,2025-02-01 06:23:00
365,28,add_to_cart,2025-02-12 13:10:00
365,12,view,2025-02-21 15:28:00
365,28,view,2025-03-01 11:25:00
366,13,click,2025-01-04 21:20:00
366,12,view,2025-01-24 09:42:00
366,12,view,2025-02-02 04:46:00
366,14,view,2025-02-10 10:10:00
366,25,click,2025-02-12 09:04:00
366,10,add_to_cart,2025-02-16 20:02:00
366,25,view,2025-02-24 14:15:00
366,21,click,2025-02-28 09:56:00
367,5,view,2025-01-01 19:53:00
367,18,view,2025-01-16 02:19:00
367,29,view,2025-01-31 09:23:00
367,23,click,2025-02-08 19:03:00
367,5,click,2025-02-09 00:03:00
367,6,click,2025-02-21 13:47:00
367,2,view,2025-02-26 10:12:00
367,9,view,2025-03-01 05:58:00
368,21,view,2025-01-21 12:14:00
368,9,view,2025-02-05 05:05:00
368,24,view,2025-02-11 18:22:00
368,27,click,2025-02-23 16:34:00
368,3,view,2025-03-03 06:57:00
368,20,view,2025-03-04 17:21:00
368,9,click,2025-03-08 07:27:00
368,22,add_to_cart,2025-03-10 02:44:00
369,9,view,2025-01-08 09:34:00
369,28,click,2025-01-11 05:34:00
369,15,click,2025-01-28 18:43:00
369,19,view,2025-02-05 04:09:00
369,15,view,2025-02-09 12:37:00
369,2,add_to_cart,2025-02-16 05:54:00
369,8,click,2025-02-18 02:42:00
369,29,view,2025-03-03 11:33:00
370,21,click,2025-01-01 08:46:00
370,29,view,2025-01-14 07:49:00
370,1,view,2025-01-15 16:57:00
370,10,view,2025-01-16 18:44:00
370,1,view,2025-01-22 08:10:00
370,22,view,2025-01-29 05:54:00
370,9,add_to_cart,2025-02-28 02:05:00
370,26,view,2025-03-08 00:48:00
371,28,view,2025-01-04 17:17:00
371,9,click,2025-01-07 15:52:00
371,7,click,2025-01-23 07:05:00
371,15,view,2025-01-31 16:44:00
371,14,click,2025-02-15 23:01:00
371,5,view,2025-02-18 06:51:00
371,1,view,2025-02-22 11:37:00
371,13,view,2025-03-11 00:56:00
372,9,click,2025-01-11 17:26:00
372,7,click,2025-01-13 04:35:00
372,5,click,2025-01-14 09:08:00
372,18,add_to_cart,2025-01-17 21:19:00
372,14,add_to_cart,2025-01-23 19:55:00
372,19,view,2025-01-29 00:29:00
372,4,view,2025-02-24 10:38:00
372,23,view,2025-03-03 07:01:00
373,11,view,2025-01-06 21:10:00
373,10,view,2025-01-21 20:32:00
373,20,click,2025-02-10 18:03:00
373,7,click,2025-02-14 03:43:00
373,26,click,2025-03-01 11:10:00
373,30,add_to_cart,2025-03-01 17:44:00
373,8,view,2025-03-08 15:00:00
373,20,view,2025-03-10 21:34:00
374,3,view,2025-01-17 15:42:00
374,26,view,2025-02-05 10:40:00
374,19,view,2025-02-05 19:49:00
374,12,add_to_cart,2025-02-13 04:36:00
374,1,click,2025-02-14 08:27:00
374,20,view,2025-02-26 13:10:00
374,13,view,2025-03-05 23:55:00
374,14,click,2025-03-09 12:02:00
375,30,add_to_cart,2025-01-05 09:57:00
375,19,view,2025-01-16 15:08:00
375,6,view,2025-01-23 04:11:00
375,12,view,2025-01-29 12:03:00
375,1,view,2025-02-05 22:39:00
375,30,view,2025-02-16 06:05:00
375,25,click,2025-03-02 18:26:00
375,15,view,2025-03-06 16:31:00
376,29,click,2025-01-04 17:15:00
376,28,view,2025-01-12 11:46:00
376,28,view,2025-01-15 00:47:00
376,19,view,2025-01-24 13:07:00
376,5,view,2025-02-09 20:43:00
376,11,view,2025-02-15 18:41:00
376,21,click,2025-03-05 05:56:00
376,4,add_to_cart,2025-03-07 15:37:00
377,27,view,2025-01-11 12:47:00
377,7,view,2025-01-25 22:46:00
377,27,click,2025-01-29 14:35:00
377,15,click,2025-02-04 09:03:00
377,16,view,2025-02-05 19:39:00
377,16,view,2025-02-08 12:17:00
377,30,view,2025-02-11 09:52:00
377,11,view,2025-02-14 02:19:00
378,6,view,2025-01-05 07:01:00
378,11,view,2025-01-07 21:03:00
378,24,view,2025-01-28 06:36:00
378,15,add_to_cart,2025-02-20 14:43:00
378,23,add_to_cart,2025-02-26 19:08:00
378,12,view,2025-03-04 18:42:00
378,16,click,2025-03-05 17:11:00
378,17,view,2025-03-06 02:18:00
379,25,view,2025-01-05 16:04:00
379,6,click,2025-01-18 22:19:00
379,18,click,2025-01-26 02:26:00
379,6,view,2025-02-07 20:54:00
379,14,view,2025-02-09 08:21:00
379,25,view,2025-02-10 02:17:00
379,12,view,2025-02-21 01:26:00
379,25,click,2025-02-22 06:31:00
380,20,view,2025-01-02 14:03:00
380,23,view,2025-01-07 23:02:00
380,22,click,2025-01-12 03:30:00
380,6,add_to_cart,2025-01-13 22:49:00
380,13,view,2025-02-18 13:48:00
380,11,add_to_cart,2025-02-28 01:22:00
380,4,click,2025-03-01 12:00:00
380,25,view,2025-03-09 21:13:00
381,18,click,2025-01-02 20:16:00
381,24,view,2025-01-12 22:14:00
381,8,view,2025-01-15 07:24:00
381,18,click,2025-01-18 11:54:00
381,30,view,2025-01-23 17:05:00
381,18,add_to_cart,2025-02-02 11:55:00
381,9,click,2025-02-19 08:59:00
381,26,click,2025-03-06 11:39:00
382,23,view,2025-02-02 18:48:00
382,19,view,2025-02-06 09:12:00
382,13,view,2025-02-15 12:51:00
382,10,view,2025-02-15 19:31:00
382,11,view,2025-02-17 09:19:00
382,14,click,2025-02-23 09:10:00
382,1,click,2025-03-01 02:39:00
382,4,add_to_cart,2025-03-07 07:32:00
383,18,view,2025-01-10 16:57:00
383,21,click,2025-01-11 21:46:00
383,22,view,2025-01-17 20:45:00
383,25,view,2025-01-19 02:35:00
383,28,click,2025-01-25 13:51:00
383,16,add_to_cart,2025-01-26 01:13:00
383,6,click,2025-03-06 08:37:00
383,14,view,2025-03-08 19:15:00
384,9,click,2025-01-03 05:10:00
384,5,view,2025-01-06 11:33:00
384,12,click,2025-01-20 00:11:00
384,3,click,2025-01-23 21:37:00
384,24,view,2025-02-10 10:39:00
384,14,view,2025-02-14 01:06:00
384,26,view,2025-02-20 08:38:00
384,11,view,2025-02-25 20:58:00
385,18,add_to_cart,2025-01-12 03:26:00
385,24,click,2025-01-18 03:04:00
385,29,view,2025-01-30 01:54:00
385,19,view,2025-02-03 15:00:00
385,10,view,2025-02-25 05:31:00
385,6,view,2025-02-26 02:44:00
385,5,view,2025-03-03 11:55:00
385,25,view,2025-03-09 09:02:00
386,9,view,2025-01-17 08:34:00
386,28,click,2025-02-07 13:28:00
386,10,add_to_cart,2025-02-08 15:57:00
386,22,view,2025-02-09 10:33:00
386,17,view,2025-02-15 20:46:00
386,27,view,2025-02-21 09:30:00
386,27,click,2025-03-07 04:19:00
386,6,view,2025-03-09 05:42:00
387,30,click,2025-01-04 06:54:00
387,2,view,2025-01-19 07:16:00
387,20,view,2025-01-20 21:25:00
387,2,view,2025-01-21 14:57:00
387,23,click,2025-02-15 12:35:00
387,3,view,2025-02-23 10:33:00
387,30,view,2025-02-26 17:18:00
387,13,view,2025-03-04 07:04:00
388,17,view,2025-01-15 21:41:00
388,12,click,2025-01-28 01:28:00
388,6,view,2025-01-28 10:39:00
388,4,view,2025-01-30 14:34:00
388,2,view,2025-03-02 00:31:00
388,4,view,2025-03-04 23:01:00
388,14,click,2025-03-05 14:08:00
388,2,view,2025-03-10 14:03:00
389,30,click,2025-01-04 08:36:00
389,28,click,2025-01-06 03:37:00
389,12,view,2025-01-15 15:10:00
389,24,view,2025-01-15 18:02:00
389,7,view,2025-01-19 17:27:00
389,4,view,2025-02-05 12:27:00
389,27,view,2025-03-01 08:19:00
389,10,click,2025-03-07 23:59:00
390,29,view,2025-01-09 16:41:00
390,5,add_to_cart,2025-01-12 11:42:00
390,29,add_to_cart,2025-01-22 05:53:00
390,21,click,2025-01-22 07:15:00
390,10,view,2025-01-22 08:16:00
390,2,click,2025-01-23 20:34:00
390,27,add_to_cart,2025-02-06 15:35:00
390,17,view,2025-02-23 18:21:00
391,10,view,2025-01-08 07:00:00
391,28,add_to_cart,2025-01-16 06:26:00
391,6,view,2025-01-27 23:54:00
391,20,view,2025-01-28 11:07:00
391,21,view,2025-02-01 00:44:00
391,28,view,2025-02-21 08:24:00
391,13,view,2025-02-24 16:57:00
391,22,view,2025-03-01 12:52:00
392,12,view,2025-01-18 15:05:00
392,19,click,2025-02-04 06:42:00
392,4,view,2025-02-04 22:17:00
392,11,view,2025-02-07 19:20:00
392,22,view,2025-02-08 20:43:00
392,22,click,2025-02-09 02:00:00
392,1,click,2025-02-19 11:28:00
392,2,view,2025-02-21 02:27:00
393,13,view,2025-01-06 12:27:00
393,28,view,2025-01-08 10:45:00
393,15,click,2025-01-20 21:30:00
393,24,view,2025-01-25 05:22:00
393,26,view,2025-01-31 02:22:00
393,6,click,2025-01-31 05:13:00
393,17,view,2025-02-22 04:51:00
393,26,click,2025-03-01 12:41:00
394,11,click,2025-01-07 15:57:00
394,23,view,2025-01-12 02:40:00
394,21,click,2025-01-16 12:18:00
394,10,click,2025-01-31 19:25:00
394,29,click,2025-02-12 12:59:00
394,30,add_to_cart,2025-02-15 23:07:00
394,18,click,2025-02-20 10:02:00
394,29,add_to_cart,2025-02-25 18:00:00
395,25,view,2025-01-01 01:45:00
395,21,click,2025-01-25 09:25:00
395,9,click,2025-01-27 05:27:00
395,18,view,2025-01-27 12:07:00
395,25,view,2025-01-28 10:33:00
395,15,click,2025-01-29 19:36:00
395,23,view,2025-02-02 03:07:00
395,3,view,2025-02-16 01:11:00
396,29,view,2025-01-06 15:57:00
396,14,click,2025-01-08 03:26:00
396,3,view,2025-01-18 23:31:00
396,2,view,2025-01-22 14:57:00
396,5,click,2025-01-30 17:44:00
396,23,view,2025-02-19 02:40:00
396,8,view,2025-03-01 05:30:00
396,19,view,2025-03-10 18:08:00
397,4,view,2025-01-09 11:58:00
397,28,view,2025-01-11 09:34:00
397,10,view,2025-01-26 21:53:00
397,3,click,2025-01-27 11:31:00
397,27,click,2025-01-28 20:18:00
397,10,view,2025-02-01 01:56:00
397,18,view,2025-02-19 17:30:00
397,26,add_to_cart,2025-03-01 02:54:00
398,10,view,2025-01-01 14:33:00
398,28,click,2025-01-04 08:36:00
398,4,view,2025-01-16 19:27:00
398,18,view,2025-01-28 12:11:00
398,9,click,2025-02-05 07:53:00
398,20,view,2025-02-07 16:27:00
398,10,view,2025-02-17 15:09:00
398,29,click,2025-03-07 01:00:00
399,19,view,2025-01-04 20:15:00
399,5,view,2025-01-07 11:40:00
399,29,view,2025-01-25 17:52:00
399,23,add_to_cart,2025-02-03 12:45:00
399,13,view,2025-02-11 18:44:00
399,10,click,2025-02-13 04:44:00
399,7,view,2025-02-13 10:31:00
399,7,view,2025-02-27 17:31:00
400,12,view,2025-01-09 12:22:00
400,23,view,2025-01-10 11:47:00
400,12,view,2025-01-25 09:40:00
400,13,view,2025-02-02 05:20:00
400,19,view,2025-02-05 22:42:00
400,2,view,2025-03-07 15:04:00
400,6,click,2025-03-08 23:56:00
400,25,view,2025-03-11 03:31:00
401,10,view,2025-01-03 22:14:00
401,23,view,2025-01-10 07:27:00
401,28,view,2025-01-18 16:05:00
401,22,click,2025-01-21 10:24:00
401,26,add_to_cart,2025-02-04 15:50:00
401,3,click,2025-02-23 19:52:00
401,23,view,2025-02-27 03:42:00
401,19,view,2025-03-05 03:35:00
402,7,view,2025-01-05 21:40:00
402,19,view,2025-01-08 10:16:00
402,14,add_to_cart,2025-01-15 12:41:00
402,16,click,2025-01-19 00:22:00
402,18,view,2025-01-26 04:42:00
402,18,view,2025-02-05 00:23:00
402,29,view,2025-03-03 18:38:00
402,29,click,2025-03-10 15:09:00
403,10,click,2025-01-01 10:48:00
403,9,click,2025-01-10 08:30:00
403,10,click,2025-01-29 19:48:00
403,20,view,2025-02-04 10:31:00
403,20,click,2025-02-14 01:40:00
403,19,add_to_cart,2025-03-03 18:56:00
403,9,view,2025-03-05 17:08:00
403,24,view,2025-03-08 09:51:00
404,29,view,2025-01-14 12:49:00
404,15,view,2025-01-22 15:06:00
404,16,view,2025-01-25 04:17:00
404,28,view,2025-01-28 18:03:00
404,29,view,2025-02-03 09:22:00
404,1,view,2025-02-10 15:56:00
404,17,click,2025-02-15 20:52:00
404,7,click,2025-03-01 11:24:00
405,21,view,2025-01-02 11:54:00
405,13,view,2025-01-12 21:54:00
405,26,add_to_cart,2025-01-28 01:12:00
405,20,view,2025-02-08 15:07:00
405,9,view,2025-02-12 22:19:00
405,15,view,2025-02-14 23:15:00
405,4,view,2025-02-15 22:56:00
405,28,view,2025-02-27 14:16:00
406,25,click,2025-01-06 16:34:00
406,2,click,2025-01-12 11:22:00
406,17,click,2025-01-14 21:12:00
406,9,view,2025-01-29 20:13:00
406,4,view,2025-02-24 17:43:00
406,26,view,2025-02-25 06:49:00
406,18,view,2025-03-02 04:08:00
406,11,view,2025-03-04 00:05:00
407,27,view,2025-01-03 00:45:00
407,28,click,2025-01-06 01:22:00
407,13,view,2025-01-11 11:38:00
407,28,click,2025-01-13 03:10:00
407,5,view,2025-02-04 03:47:00
407,10,click,2025-02-12 21:54:00
407,3,view,2025-02-28 16:47:00
407,14,click,2025-03-05 02:03:00
408,21,add_to_cart,2025-01-04 05:20:00
408,5,add_to_cart,2025-01-05 09:37:00
408,28,click,2025-01-08 23:45:00
408,21,view,2025-01-10 08:35:00
408,26,view,2025-01-22 20:58:00
408,15,view,2025-02-23 14:22:00
408,10,view,2025-02-26 15:35:00
408,6,view,2025-03-05 04:50:00
409,15,view,2025-01-17 15:18:00
409,23,click,2025-01-21 21:01:00
409,9,click,2025-01-25 14:43:00
409,14,click,2025-01-26 02:05:00
409,19,view,2025-02-06 13:35:00
409,16,view,2025-02-10 18:36:00
409,5,view,2025-02-11 08:52:00
409,11,view,2025-03-08 07:32:00
410,25,click,2025-01-03 15:04:00
410,22,view,2025-01-07 22:55:00
410,30,view,2025-01-18 05:30:00
410,10,view,2025-01-20 21:40:00
410,4,view,2025-01-29 01:28:00
410,26,view,2025-02-05 02:10:00
410,1,view,2025-02-12 21:40:00
410,28,view,2025-02-17 01:19:00
411,21,view,2025-01-20 09:47:00
411,14,view,2025-01-26 20:46:00
411,17,click,2025-01-27 06:14:00
411,11,add_to_cart,2025-01-29 11:16:00
411,3,view,2025-02-22 19:34:00
411,13,view,2025-02-23 15:34:00
411,19,view,2025-03-01 06:30:00
411,6,view,2025-03-03 17:23:00
412,19,view,2025-01-03 20:55:00
412,5,add_to_cart,2025-01-11 02:04:00
412,8,view,2025-01-13 04:19:00
412,16,click,2025-01-30 18:38:00
412,13,view,2025-02-07 17:53:00
412,21,add_to_cart,2025-02-18 06:52:00
412,4,add_to_cart,2025-02-26 20:47:00
412,17,view,2025-03-03 10:10:00
413,19,view,2025-01-09 15:11:00
413,20,click,2025-01-17 10:14:00
413,13,view,2025-01-27 14:42:00
413,13,view,2025-02-03 13:22:00
413,23,view,2025-02-03 16:22:00
413,3,click,2025-03-05 20:14:00
413,2,view,2025-03-09 22:50:00
413,27,view,2025-03-11 06:34:00
414,20,click,2025-02-11 22:19:00
414,19,view,2025-02-25 16:23:00
414,19,click,2025-02-27 02:50:00
414,7,view,2025-03-03 12:13:00
414,1,view,2025-03-06 00:41:00
414,28,view,2025-03-08 04:42:00
414,15,view,2025-03-09 04:32:00
414,8,view,2025-03-09 10:40:00
415,28,view,2025-01-12 02:05:00
415,16,view,2025-01-13 04:04:00
415,24,view,2025-01-20 01:52:00
415,9,view,2025-02-03 00:59:00
415,19,click,2025-02-14 06:33:00
415,22,view,2025-02-17 04:55:00
415,23,view,2025-03-02 11:35:00
415,30,view,2025-03-07 02:46:00
416,12,add_to_cart,2025-01-05 21:27:00
416,17,click,2025-01-11 17:23:00
416,11,view,2025-01-13 04:04:00
416,3,view,2025-01-23 22:25:00
416,23,view,2025-02-05 04:45:00
416,9,view,2025-02-15 21:40:00
416,7,add_to_cart,2025-02-22 18:52:00
416,1,view,2025-03-05 03:04:00
417,26,add_to_cart,2025-01-17 15:22:00
417,26,click,2025-01-21 23:11:00
417,28,view,2025-01-26 12:37:00
417,4,view,2025-01-27 17:12:00
417,21,view,2025-02-04 14:47:00
417,17,view,2025-02-07 04:12:00
417,4,view,2025-02-07 23:35:00
417,10,click,2025-03-02 08:38:00
418,5,view,2025-01-08 18:52:00
418,14,view,2025-01-13 02:06:00
418,24,view,2025-01-16 02:22:00
418,8,view,2025-01-18 18:06:00
418,29,click,2025-02-20 15:06:00
418,24,view,2025-02-21 12:11:00
418,23,click,2025-03-06 15:53:00
418,3,click,2025-03-09 23:03:00
419,21,view,2025-01-02 18:27:00
419,21,view,2025-01-08 09:43:00
419,4,view,2025-01-24 01:22:00
419,15,view,2025-02-06 02:28:00
419,21,view,2025-02-09 21:39:00
419,3,view,2025-02-27 00:58:00
419,15,view,2025-03-04 06:01:00
419,7,view,2025-03-09 21:22:00
420,2,view,2025-01-15 06:36:00
420,13,add_to_cart,2025-01-17 18:22:00
420,21,add_to_cart,2025-01-20 19:15:00
420,9,view,2025-01-21 21:22:00
420,18,view,2025-02-07 17:14:00
420,4,view,2025-02-10 03:51:00
420,1,click,2025-02-24 14:24:00
420,26,click,2025-03-03 20:03:00
421,4,click,2025-01-10 00:44:00
421,4,view,2025-01-15 11:40:00
421,26,view,2025-01-19 05:20:00
421,29,view,2025-02-01 09:47:00
421,4,view,2025-02-14 11:44:00
421,5,click,2025-02-22 13:36:00
421,29,view,2025-02-23 10:34:00
421,4,click,2025-02-23 18:04:00
422,8,view,2025-01-10 21:26:00
422,8,click,2025-01-15 20:44:00
422,1,click,2025-02-01 21:09:00
422,29,view,2025-02-05 00:32:00
422,19,view,2025-02-05 21:36:00
422,14,add_to_cart,2025-02-08 00:41:00
422,16,add_to_cart,2025-02-20 10:02:00
422,13,click,2025-02-23 18:10:00
423,25,click,2025-01-04 21:25:00
423,23,click,2025-01-05 16:03:00
423,19,click,2025-01-06 12:06:00
423,6,click,2025-01-08 00:48:00
423,23,click,2025-02-09 03:31:00
423,3,click,2025-02-12 20:58:00
423,19,click,2025-02-25 19:38:00
423,28,view,2025-03-04 05:26:00
424,11,view,2025-01-02 01:37:00
424,19,click,2025-01-04 20:17:00
424,30,view,2025-01-26 11:06:00
424,14,view,2025-02-04 02:59:00
424,22,view,2025-02-13 06:00:00
424,10,view,2025-02-23 14:01:00
424,16,view,2025-02-26 19:43:00
424,22,add_to_cart,2025-02-27 10:23:00
425,18,view,2025-01-02 05:53:00
425,13,view,2025-01-05 11:48:00
425,30,view,2025-01-08 03:31:00
425,27,view,2025-01-14 00:37:00
425,23,add_to_cart,2025-02-01 16:40:00
425,12,click,2025-02-16 16:26:00
425,12,view,2025-02-17 03:29:00
425,26,add_to_cart,2025-02-23 15:53:00
426,22,view,2025-01-01 21:35:00
426,2,click,2025-01-11 00:24:00
426,28,click,2025-01-22 02:37:00
426,16,click,2025-01-23 13:40:00
426,1,view,2025-02-03 22:30:00
426,4,view,2025-02-05 15:34:00
426,23,view,2025-02-10 22:29:00
426,23,view,2025-02-28 01:26:00
427,8,add_to_cart,2025-01-11 21:39:00
427,15,click,2025-01-13 22:36:00
427,8,click,2025-01-31 03:36:00
427,12,click,2025-02-08 13:03:00
427,10,view,2025-02-10 10:20:00
427,22,view,2025-02-15 09:45:00
427,26,click,2025-02-28 16:40:00
427,25,view,2025-03-08 20:22:00
428,26,view,2025-01-04 13:52:00
428,5,view,2025-01-08 02:22:00
428,3,view,2025-01-21 02:25:00
428,18,add_to_cart,2025-01-21 09:10:00
428,19,click,2025-01-25 06:01:00
428,25,view,2025-02-13 00:52:00
428,7,view,2025-03-02 16:13:00
428,2,add_to_cart,2025-03-09 17:37:00
429,2,view,2025-01-06 22:26:00
429,30,view,2025-01-09 17:35:00
429,21,view,2025-01-10 12:06:00
429,11,view,2025-01-15 11:31:00
429,29,view,2025-01-24 16:23:00
429,18,view,2025-01-25 11:03:00
429,12,click,2025-01-31 11:38:00
429,14,view,2025-03-11 09:12:00
430,17,view,2025-01-08 00:13:00
430,11,view,2025-01-24 08:10:00
430,25,view,2025-01-29 16:36:00
430,19,view,2025-02-02 09:32:00
430,12,view,2025-02-11 07:56:00
430,27,view,2025-02-11 08:39:00
430,30,click,2025-03-01 21:56:00
430,28,view,2025-03-05 15:15:00
431,14,view,2025-01-11 07:22:00
431,28,view,2025-01-18 21:32:00
431,4,click,2025-01-19 17:07:00
431,22,view,2025-01-21 00:18:00
431,16,view,2025-01-26 13:23:00
431,3,view,2025-02-16 20:49:00
431,1,view,2025-02-17 19:41:00
431,26,view,2025-02-24 17:59:00
432,13,click,2025-01-02 03:10:00
432,15,view,2025-01-08 00:43:00
432,9,add_to_cart,2025-01-08 16:21:00
432,1,view,2025-01-17 21:42:00
432,2,view,2025-01-26 23:51:00
432,27,view,2025-02-27 23:28:00
432,7,click,2025-03-04 02:02:00
432,23,view,2025-03-09 04:40:00
433,20,view,2025-01-01 11:00:00
433,10,add_to_cart,2025-01-04 20:55:00
433,19,view,2025-01-09 13:59:00
433,3,click,2025-01-16 08:02:00
433,30,view,2025-01-18 11:39:00
433,4,view,2025-01-25 09:52:00
433,2,click,2025-02-05 22:48:00
433,13,click,2025-02-25 03:52:00
434,26,view,2025-01-07 10:17:00
434,28,click,2025-01-20 19:05:00
434,19,view,2025-01-22 21:19:00
434,12,view,2025-01-23 14:13:00
434,9,view,2025-02-01 12:36:00
434,17,click,2025-02-07 07:12:00
434,28,add_to_cart,2025-02-15 17:05:00
434,15,view,2025-03-03 21:02:00
435,23,view,2025-01-08 06:20:00
435,2,click,2025-01-16 14:25:00
435,15,view,2025-01-26 18:22:00
435,21,view,2025-01-27 11:49:00
435,25,view,2025-02-03 22:42:00
435,8,click,2025-02-17 12:48:00
435,30,view,2025-02-25 22:08:00
435,20,view,2025-03-01 11:10:00
436,16,view,2025-01-03 14:56:00
436,25,click,2025-01-11 03:01:00
436,7,add_to_cart,2025-01-14 17:35:00
436,19,view,2025-01-15 20:25:00
436,8,click,2025-01-29 01:49:00
436,8,view,2025-01-31 23:10:00
436,30,view,2025-02-02 01:32:00
436,11,view,2025-02-04 20:33:00
437,12,click,2025-01-05 14:24:00
437,23,view,2025-01-06 01:14:00
437,9,view,2025-01-07 01:00:00
437,30,add_to_cart,2025-01-10 10:46:00
437,3,click,2025-01-23 15:03:00
437,23,add_to_cart,2025-02-07 04:07:00
437,13,view,2025-02-23 20:11:00
437,28,view,2025-03-03 16:16:00
438,5,view,2025-01-01 04:10:00
438,30,click,2025-01-03 04:35:00
438,12,view,2025-01-04 10:30:00
438,2,view,2025-01-09 14:10:00
438,30,click,2025-01-15 16:30:00
438,7,view,2025-01-25 01:35:00
438,26,view,2025-01-26 05:58:00
438,1,view,2025-02-23 19:03:00
439,4,click,2025-01-19 14:59:00
439,18,view,2025-01-19 21:10:00
439,5,click,2025-01-20 08:13:00
439,8,view,2025-02-11 23:48:00
439,16,view,2025-02-24 21:57:00
439,10,view,2025-03-01 18:12:00
439,23,view,2025-03-02 11:02:00
439,7,view,2025-03-08 01:47:00
440,5,click,2025-01-14 19:47:00
440,12,click,2025-01-23 22:12:00
440,3,view,2025-02-02 02:17:00
440,27,view,2025-02-14 14:08:00
440,17,add_to_cart,2025-02-20 22:24:00
440,20,view,2025-03-02 11:32:00
440,9,view,2025-03-04 00:46:00
440,15,view,2025-03-08 12:19:00
441,25,view,2025-01-05 01:51:00
441,13,view,2025-01-14 02:05:00
441,19,view,2025-02-06 04:09:00
441,30,view,2025-02-14 03:23:00
441,15,click,2025-02-17 03:33:00
441,21,view,2025-02-18 19:03:00
441,8,view,2025-02-21 19:40:00
441,30,view,2025-02-25 18:26:00
442,6,click,2025-01-03 23:19:00
442,14,view,2025-01-05 06:39:00
442,19,view,2025-01-26 15:52:00
442,9,view,2025-01-31 07:11:00
442,5,click,2025-02-13 12:31:00
442,15,add_to_cart,2025-02-18 11:22:00
442,14,view,2025-02-20 21:00:00
442,8,click,2025-02-28 15:37:00
443,20,view,2025-01-05 02:14:00
443,23,view,2025-01-16 05:49:00
443,15,view,2025-01-31 01:30:00
443,11,view,2025-02-09 02:09:00
443,17,view,2025-02-11 08:19:00
443,1,add_to_cart,2025-02-18 18:25:00
443,19,add_to_cart,2025-02-27 01:16:00
443,18,click,2025-02-27 17:53:00
444,8,click,2025-01-28 22:34:00
444,26,click,2025-02-13 13:06:00
444,17,view,2025-02-21 18:05:00
444,29,click,2025-02-24 18:12:00
444,14,view,2025-02-25 19:07:00
444,14,view,2025-03-04 03:27:00
444,16,add_to_cart,2025-03-08 12:23:00
444,13,add_to_cart,2025-03-08 16:20:00
445,25,view,2025-01-13 03:59:00
445,1,view,2025-01-13 04:36:00
445,15,view,2025-01-23 23:04:00
445,29,view,2025-01-25 21:34:00
445,2,add_to_cart,2025-01-28 11:17:00
445,1,view,2025-02-09 14:16:00
445,12,view,2025-02-13 12:01:00
445,11,view,2025-03-08 12:33:00
446,18,click,2025-01-14 16:39:00
446,4,view,2025-01-19 13:14:00
446,15,view,2025-01-21 11:29:00
446,27,view,2025-01-23 12:15:00
446,25,view,2025-02-21 08:56:00
446,4,click,2025-03-05 01:29:00
446,13,view,2025-03-06 06:59:00
446,13,click,2025-03-09 00:23:00
447,1,click,2025-01-04 05:47:00
447,13,view,2025-01-14 09:43:00
447,28,view,2025-01-23 13:57:00
447,8,view,2025-02-07 01:37:00
447,13,click,2025-02-08 01:12:00
447,7,view,2025-02-08 18:26:00
447,4,view,2025-02-08 21:02:00
447,14,view,2025-02-26 14:06:00
448,9,view,2025-01-12 02:20:00
448,30,view,2025-01-28 23:31:00
448,25,click,2025-02-01 10:34:00
448,17,view,2025-02-12 16:40:00
448,11,click,2025-02-17 11:49:00
448,5,view,2025-02-22 13:00:00
448,25,view,2025-02-26 09:37:00
448,4,view,2025-03-05 21:14:00
449,7,view,2025-01-07 06:56:00
449,16,view,2025-01-13 08:20:00
449,9,view,2025-01-20 04:30:00
449,21,view,2025-01-30 14:54:00
449,3,view,2025-02-25 19:47:00
449,29,view,2025-02-25 20:43:00
449,9,click,2025-02-26 19:01:00
449,8,view,2025-03-09 04:21:00
450,25,view,2025-01-07 07:53:00
450,27,click,2025-01-08 18:38:00
450,25,click,2025-01-22 08:47:00
450,1,view,2025-02-02 04:08:00
450,21,view,2025-02-06 18:05:00
450,29,click,2025-02-08 08:53:00
450,2,click,2025-02-15 04:40:00
450,24,view,2025-03-03 22:43:00
451,1,click,2025-01-19 06:29:00
451,22,view,2025-01-27 16:35:00
451,16,view,2025-01-28 18:19:00
451,18,view,2025-02-06 07:42:00
451,9,view,2025-02-11 00:38:00
451,13,view,2025-02-17 23:32:00
451,12,view,2025-02-26 15:09:00
451,6,click,2025-03-09 23:47:00
452,27,view,2025-01-02 18:59:00
452,8,click,2025-01-09 11:59:00
452,24,view,2025-01-16 00:23:00
452,26,view,2025-02-13 20:04:00
452,22,view,2025-02-14 09:35:00
452,21,view,2025-02-14 15:02:00
452,29,view,2025-02-16 19:03:00
452,12,view,2025-02-25 12:49:00
453,6,view,2025-01-11 16:54:00
453,6,click,2025-01-13 12:17:00
453,20,click,2025-01-23 14:12:00
453,26,click,2025-01-30 02:57:00
453,14,click,2025-02-01 12:05:00
453,5,view,2025-02-14 06:24:00
453,5,view,2025-02-18 01:51:00
453,6,view,2025-02-24 09:06:00
454,6,view,2025-01-01 12:48:00
454,30,view,2025-01-08 16:45:00
454,26,click,2025-01-18 18:08:00
454,28,view,2025-01-19 14:11:00
454,12,click,2025-01-22 06:20:00
454,21,click,2025-02-16 03:57:00
454,29,view,2025-02-20 08:24:00
454,28,view,2025-02-25 04:24:00
455,7,view,2025-01-04 07:29:00
455,5,view,2025-01-10 12:28:00
455,6,view,2025-01-24 21:53:00
455,3,view,2025-02-01 00:49:00
455,25,click,2025-02-12 23:11:00
455,3,view,2025-02-27 21:58:00
455,3,view,2025-03-04 21:29:00
455,21,click,2025-03-09 09:36:00
456,5,view,2025-01-04 22:22:00
456,23,click,2025-01-16 18:18:00
456,29,view,2025-01-19 19:15:00
456,6,click,2025-01-20 09:58:00
456,20,click,2025-02-05 01:51:00
456,19,view,2025-02-13 02:30:00
456,23,click,2025-03-07 01:25:00
456,3,view,2025-03-08 14:14:00
457,22,view,2025-01-04 12:55:00
457,5,view,2025-01-09 21:13:00
457,10,view,2025-01-13 05:52:00
457,16,view,2025-01-28 06:46:00
457,8,view,2025-02-01 05:48:00
457,23,view,2025-02-11 14:25:00
457,12,view,2025-03-07 22:16:00
457,2,view,2025-03-10 14:05:00
458,27,view,2025-01-07 00:56:00
458,14,view,2025-01-11 16:30:00
458,27,click,2025-01-13 09:30:00
458,12,click,2025-01-28 11:46:00
458,24,view,2025-01-30 14:06:00
458,8,add_to_cart,2025-02-14 07:39:00
458,9,add_to_cart,2025-02-15 00:35:00
458,11,click,2025-02-26 03:12:00
459,3,add_to_cart,2025-01-03 17:13:00
459,17,view,2025-01-12 08:25:00
459,5,view,2025-01-23 18:54:00
459,3,view,2025-01-31 01:40:00
459,24,click,2025-02-15 06:51:00
459,17,click,2025-02-16 12:16:00
459,5,view,2025-02-28 04:01:00
459,3,click,2025-03-04 12:21:00
460,4,view,2025-01-08 12:19:00
460,6,add_to_cart,2025-01-13 01:26:00
460,10,view,2025-01-14 10:33:00
460,2,view,2025-01-14 19:46:00
460,1,view,2025-01-17 22:50:00
460,6,click,2025-01-20 06:20:00
460,15,click,2025-01-23 15:05:00
460,23,click,2025-02-15 19:48:00
461,30,view,2025-01-06 22:01:00
461,10,view,2025-01-07 21:09:00
461,10,click,2025-02-03 16:08:00
461,17,view,2025-02-09 15:48:00
461,25,view,2025-02-15 15:49:00
461,2,view,2025-02-19 22:56:00
461,28,view,2025-02-25 11:06:00
461,12,view,2025-03-11 06:16:00
462,28,add_to_cart,2025-01-10 04:48:00
462,22,click,2025-01-18 04:42:00
462,8,view,2025-01-21 19:36:00
462,2,add_to_cart,2025-02-01 06:50:00
462,10,click,2025-02-04 21:10:00
462,28,add_to_cart,2025-02-18 17:54:00
462,27,view,2025-02-25 17:54:00
462,27,view,2025-03-10 19:34:00
463,29,view,2025-01-14 22:41:00
463,20,click,2025-01-18 11:02:00
463,24,view,2025-01-22 07:44:00
463,8,add_to_cart,2025-02-04 03:30:00
463,2,add_to_cart,2025-02-22 21:42:00
463,1,add_to_cart,2025-02-22 22:41:00
463,5,view,2025-02-25 09:57:00
463,26,add_to_cart,2025-02-26 09:50:00
464,24,view,2025-01-10 06:40:00
464,25,view,2025-01-13 07:52:00
464,2,view,2025-01-17 18:50:00
464,14,click,2025-01-29 14:59:00
464,15,add_to_cart,2025-02-02 12:55:00
464,4,click,2025-02-17 02:05:00
464,16,view,2025-03-04 05:49:00
464,1,view,2025-03-06 23:46:00
465,20,view,2025-01-03 12:31:00
465,6,view,2025-01-06 02:37:00
465,8,view,2025-01-14 03:31:00
465,5,add_to_cart,2025-01-14 21:41:00
465,11,view,2025-01-19 16:40:00
465,9,view,2025-02-10 18:53:00
465,10,view,2025-02-22 14:45:00
465,26,view,2025-03-03 06:07:00
466,9,view,2025-01-03 12:33:00
466,24,click,2025-01-17 05:01:00
466,4,view,2025-01-20 08:49:00
466,5,click,2025-01-25 05:30:00
466,10,view,2025-01-29 10:23:00
466,12,click,2025-02-05 16:09:00
466,9,click,2025-02-19 16:26:00
466,16,view,2025-03-05 06:04:00
467,14,view,2025-01-05 12:01:00
467,9,view,2025-02-03 08:33:00
467,1,view,2025-02-11 08:57:00
467,22,view,2025-02-22 04:43:00
467,9,view,2025-02-23 01:53:00
467,20,add_to_cart,2025-02-27 05:04:00
467,3,view,2025-02-28 10:59:00
467,29,click,2025-03-09 05:50:00
468,12,add_to_cart,2025-01-05 16:13:00
468,28,view,2025-01-10 11:10:00
468,3,view,2025-01-10 23:20:00
468,22,click,2025-01-13 00:19:00
468,10,view,2025-01-13 17:41:00
468,1,view,2025-02-04 15:35:00
468,24,click,2025-02-13 20:08:00
468,4,view,2025-02-18 06:11:00
469,19,view,2025-01-16 02:24:00
469,6,view,2025-01-17 21:46:00
469,3,view,2025-01-20 22:33:00
469,25,view,2025-01-26 09:54:00
469,3,view,2025-02-01 00:57:00
469,26,view,2025-02-12 20:13:00
469,7,view,2025-02-14 01:31:00
469,3,click,2025-03-07 01:45:00
470,13,click,2025-01-13 10:29:00
470,9,click,2025-01-29 11:58:00
470,18,view,2025-01-29 21:26:00
470,21,click,2025-02-13 17:44:00
470,5,view,2025-02-16 10:25:00
470,11,view,2025-02-19 21:56:00
470,7,click,2025-02-20 23:48:00
470,19,click,2025-03-01 18:58:00
471,8,add_to_cart,2025-01-19 04:50:00
471,25,view,2025-01-21 10:13:00
471,7,add_to_cart,2025-01-26 10:38:00
471,1,click,2025-01-27 04:10:00
471,10,view,2025-01-27 13:52:00
471,25,view,2025-03-02 17:26:00
471,10,view,2025-03-02 18:40:00
471,29,view,2025-03-09 12:38:00
472,23,add_to_cart,2025-01-02 05:10:00
472,7,view,2025-01-15 03:41:00
472,24,view,2025-02-04 05:01:00
472,25,view,2025-02-14 05:51:00
472,21,click,2025-02-15 20:56:00
472,1,view,2025-02-20 06:17:00
472,9,click,2025-02-22 18:54:00
472,14,view,2025-02-28 07:39:00
473,2,view,2025-01-02 09:59:00
473,9,view,2025-02-03 16:40:00
473,19,click,2025-02-04 01:11:00
473,16,view,2025-02-05 09:22:00
473,2,view,2025-02-06 16:50:00
473,17,view,2025-02-08 19:13:00
473,24,click,2025-02-23 17:56:00
473,21,view,2025-02-25 21:21:00
474,8,add_to_cart,2025-01-03 23:34:00
474,6,click,2025-01-10 04:55:00
474,22,view,2025-01-21 00:33:00
474,23,view,2025-02-06 21:09:00
474,4,view,2025-02-10 06:35:00
474,26,add_to_cart,2025-02-11 19:05:00
474,23,click,2025-02-13 14:46:00
474,16,click,2025-03-02 23:36:00
475,23,add_to_cart,2025-01-09 08:31:00
475,9,view,2025-01-10 20:42:00
475,20,view,2025-01-24 17:56:00
475,14,view,2025-01-26 01:09:00
475,3,click,2025-02-11 14:43:00
475,29,view,2025-02-16 15:48:00
475,21,view,2025-02-24 10:40:00
475,2,view,2025-02-25 16:18:00
476,28,view,2025-01-02 00:01:00
476,8,click,2025-01-14 09:08:00
476,17,click,2025-01-16 14:18:00
476,11,click,2025-01-26 20:06:00
476,26,view,2025-01-28 01:52:00
476,21,view,2025-02-08 04:39:00
476,29,view,2025-02-28 09:10:00
476,19,click,2025-03-04 19:08:00
477,14,view,2025-01-17 11:25:00
477,24,view,2025-01-27 22:24:00
477,7,add_to_cart,2025-02-03 09:02:00
477,11,view,2025-02-03 16:16:00
477,23,view,2025-02-14 06:18:00
477,20,view,2025-02-23 10:36:00
477,9,click,2025-02-23 21:10:00
477,21,view,2025-03-07 15:34:00
478,4,view,2025-01-02 06:14:00
478,20,view,2025-01-07 02:39:00
478,2,add_to_cart,2025-01-08 19:15:00
478,28,click,2025-01-14 19:00:00
478,1,click,2025-01-15 06:25:00
478,8,view,2025-02-19 22:58:00
478,4,view,2025-02-24 14:31:00
478,6,click,2025-02-28 11:26:00
479,16,click,2025-01-01 08:53:00
479,13,view,2025-01-04 20:03:00
479,15,view,2025-01-06 06:25:00
479,3,view,2025-01-09 13:21:00
479,3,view,2025-01-27 05:14:00
479,16,click,2025-01-31 16:41:00
479,18,view,2025-02-15 01:13:00
479,7,view,2025-02-23 10:33:00
480,22,view,2025-01-04 08:40:00
480,27,click,2025-01-06 18:28:00
480,17,add_to_cart,2025-01-11 04:45:00
480,20,view,2025-01-18 14:38:00
480,13,view,2025-01-23 19:52:00
480,14,click,2025-01-27 06:49:00
480,19,view,2025-02-03 12:55:00
480,9,add_to_cart,2025-03-01 01:13:00
481,15,view,2025-01-03 17:42:00
481,25,click,2025-01-08 10:57:00
481,11,view,2025-01-13 20:40:00
481,11,view,2025-01-17 19:58:00
481,22,view,2025-01-18 19:08:00
481,12,add_to_cart,2025-02-21 18:19:00
481,8,view,2025-03-05 06:43:00
481,1,view,2025-03-11 00:35:00
482,26,view,2025-02-15 12:06:00
482,3,view,2025-02-17 14:33:00
482,22,view,2025-02-18 23:29:00
482,29,click,2025-02-21 19:27:00
482,9,view,2025-02-25 06:47:00
482,1,click,2025-03-06 13:06:00
482,14,view,2025-03-08 10:29:00
482,12,view,2025-03-09 13:25:00
483,18,click,2025-01-08 11:31:00
483,22,view,2025-01-09 18:47:00
483,26,click,2025-01-30 10:04:00
483,3,view,2025-01-31 21:18:00
483,18,view,2025-02-21 20:09:00
483,26,click,2025-02-22 22:10:00
483,24,view,2025-02-26 06:04:00
483,22,view,2025-02-27 05:03:00
484,29,click,2025-01-01 22:39:00
484,29,add_to_cart,2025-01-04 10:06:00
484,30,click,2025-01-18 16:57:00
484,7,view,2025-01-22 22:39:00
484,13,view,2025-02-22 03:21:00
484,27,click,2025-03-02 16:00:00
484,21,view,2025-03-06 17:43:00
484,1,view,2025-03-09 21:38:00
485,26,click,2025-01-11 00:50:00
485,2,view,2025-02-01 14:23:00
485,17,click,2025-02-06 11:45:00
485,4,view,2025-02-07 07:43:00
485,16,click,2025-02-10 04:58:00
485,13,view,2025-02-14 18:26:00
485,10,view,2025-03-05 19:09:00
485,21,view,2025-03-06 07:30:00
486,23,view,2025-01-05 18:15:00
486,15,view,2025-01-09 09:39:00
486,11,view,2025-01-09 10:01:00
486,29,view,2025-01-12 09:54:00
486,6,view,2025-01-13 06:15:00
486,6,view,2025-01-18 02:50:00
486,14,view,2025-01-25 22:12:00
486,29,click,2025-03-08 19:28:00
487,26,view,2025-01-15 21:50:00
487,27,view,2025-01-26 22:22:00
487,24,click,2025-01-28 16:20:00
487,19,view,2025-02-03 04:30:00
487,11,click,2025-02-03 10:16:00
487,24,add_to_cart,2025-02-16 17:02:00
487,21,click,2025-03-02 19:01:00
487,17,view,2025-03-04 07:29:00
488,17,view,2025-01-03 09:25:00
488,24,view,2025-01-20 11:37:00
488,21,view,2025-01-20 14:57:00
488,23,view,2025-02-01 15:29:00
488,23,view,2025-02-03 13:29:00
488,5,view,2025-02-14 16:18:00
488,22,view,2025-02-17 16:44:00
488,12,view,2025-03-06 18:21:00
489,14,click,2025-01-06 06:07:00
489,10,view,2025-01-09 03:29:00
489,27,click,2025-01-11 04:43:00
489,6,view,2025-01-20 12:15:00
489,11,click,2025-01-23 00:42:00
489,20,view,2025-02-14 14:32:00
489,3,view,2025-02-19 05:07:00
489,20,view,2025-03-06 10:03:00
490,5,view,2025-01-13 17:37:00
490,23,click,2025-01-17 01:21:00
490,6,add_to_cart,2025-01-20 11:18:00
490,14,click,2025-01-26 04:48:00
490,8,view,2025-01-26 10:23:00
490,29,add_to_cart,2025-02-01 21:35:00
490,23,add_to_cart,2025-02-03 21:05:00
490,8,view,2025-02-19 22:46:00
491,19,view,2025-01-05 20:24:00
491,20,view,2025-01-12 00:38:00
491,23,view,2025-01-16 05:11:00
491,4,view,2025-01-29 19:58:00
491,27,add_to_cart,2025-01-30 15:20:00
491,9,click,2025-02-19 07:38:00
491,13,click,2025-02-20 19:35:00
491,15,view,2025-02-26 19:54:00
492,7,view,2025-01-01 00:05:00
492,25,view,2025-01-16 01:10:00
492,5,click,2025-01-20 07:30:00
492,25,view,2025-01-21 17:21:00
492,30,click,2025-01-25 02:50:00
492,28,click,2025-02-06 15:38:00
492,10,view,2025-02-15 01:14:00
492,13,view,2025-02-18 22:35:00
493,13,view,2025-01-02 07:07:00
493,30,add_to_cart,2025-01-09 07:35:00
493,3,view,2025-01-14 20:01:00
493,29,view,2025-01-17 00:31:00
493,10,click,2025-01-25 12:00:00
493,30,click,2025-02-03 01:25:00
493,10,add_to_cart,2025-02-05 12:18:00
493,25,view,2025-02-15 09:20:00
494,3,view,2025-01-05 16:49:00
494,25,view,2025-01-06 00:59:00
494,21,view,2025-01-19 11:30:00
494,22,add_to_cart,2025-01-27 22:33:00
494,8,view,2025-01-29 14:58:00
494,9,view,2025-02-10 13:24:00
494,14,view,2025-02-11 04:49:00
494,19,view,2025-03-08 12:04:00
495,26,view,2025-01-13 14:14:00
495,2,view,2025-01-20 19:07:00
495,25,view,2025-02-06 16:53:00
495,23,view,2025-02-08 22:57:00
495,15,click,2025-02-15 19:28:00
495,3,view,2025-02-21 16:15:00
495,1,click,2025-03-06 15:31:00
495,14,view,2025-03-09 15:24:00
496,24,view,2025-01-01 06:19:00
496,11,view,2025-01-05 03:27:00
496,18,click,2025-01-09 21:21:00
496,7,view,2025-01-21 04:30:00
496,7,view,2025-02-02 08:21:00
496,13,view,2025-02-14 03:02:00
496,23,click,2025-02-16 17:14:00
496,5,view,2025-03-08 13:58:00
497,20,view,2025-01-10 21:19:00
497,16,view,2025-02-13 10:05:00
497,4,click,2025-02-18 05:04:00
497,13,add_to_cart,2025-02-24 10:35:00
497,3,click,2025-03-03 02:31:00
497,8,click,2025-03-09 13:53:00
497,20,view,2025-03-09 14:31:00
497,25,view,2025-03-10 14:17:00
498,26,view,2025-01-03 20:14:00
498,23,view,2025-01-07 21:05:00
498,23,view,2025-01-11 08:08:00
498,2,add_to_cart,2025-01-16 10:27:00
498,7,add_to_cart,2025-02-14 11:49:00
498,27,click,2025-02-17 19:27:00
498,28,view,2025-02-22 02:24:00
498,7,click,2025-02-27 01:57:00
499,24,click,2025-01-20 17:00:00
499,2,view,2025-01-23 13:16:00
499,5,view,2025-01-23 15:31:00
499,12,add_to_cart,2025-01-31 11:36:00
499,11,add_to_cart,2025-02-18 03:45:00
499,3,click,2025-02-19 11:12:00
499,29,view,2025-02-21 21:33:00
499,20,view,2025-02-28 14:02:00
500,2,view,2025-01-03 14:39:00
500,7,view,2025-01-04 06:06:00
500,11,click,2025-01-07 23:49:00
500,13,view,2025-01-22 14:30:00
500,24,view,2025-01-22 15:41:00
500,23,view,2025-02-18 19:20:00
500,26,add_to_cart,2025-02-21 03:47:00
500,15,click,2025-03-01 22:07:00
